place,category,city,lat,lon
ANDREWZ Ganj extension Community Centre,tourism:viewpoint,Delhi,28.5604456,77.2295936
Mayur Pahari,tourism:viewpoint,Delhi,28.5335951,77.1805164
بيت,tourism:viewpoint,Delhi,28.4509419,77.0654705
Dandi March Statue (11 Murthi),historic:monument,Delhi,28.6100877,77.1916453
Munda Gumbad,historic:monument,Delhi,28.5566158,77.1917047
Tombs,historic:monument,Delhi,28.5210119,77.1832837
Tomb,historic:monument,Delhi,28.5205192,77.1825491
Gateway Guest House (Metcalfe's Retreat),historic:monument,Delhi,28.5230419,77.1863121
Gumti,historic:monument,Delhi,28.5187218,77.1879422
Jamali Kamali Tomb,historic:monument,Delhi,28.5198643,77.1871761
Iron Pillar,historic:monument,Delhi,28.5247493,77.1849651
Tomb of Abdul Rahim Khan-i-Khanan,historic:monument,Delhi,28.5880612,77.2480222
Commonwealth Games Sundial,historic:monument,Delhi,28.5829372,77.2657489
Misra Yantra,historic:monument,Delhi,28.6247721,77.2163925
Chhota Qutub Minar,historic:monument,Delhi,28.6338063,77.0572483
Ajitgarh,historic:monument,Delhi,28.6713618,77.2107618
Ashoka Pillar,historic:monument,Delhi,28.6738428,77.2118819
Shah Wajid Mosque,historic:monument,Delhi,28.6757026,77.1976427
Begumpuri Masjid,historic:monument,Delhi,28.5391445,77.206399
Bijay Mandal,historic:monument,Delhi,28.5409021,77.2060942
Jahaz Mahal,historic:monument,Delhi,28.5143722,77.1785585
Barakhamba's Tomb,historic:monument,Delhi,28.5924658,77.242523
Param Yodha Sthal,historic:monument,Delhi,28.6150158,77.2312216
Chaumukha Darwaza,historic:monument,Delhi,28.5234721,77.1874417
Badli Ki Sarai,historic:monument,Delhi,28.7190262,77.1676508
Sikandar Lodhi's grave,historic:monument,Delhi,28.5962198,77.2215535
Muhammad Shah Sayyid's grave,historic:monument,Delhi,28.5909401,77.2183041
Diwan-i-Aam,historic:monument,Delhi,28.6557225,77.2423201
Mumtaz Mahal,historic:monument,Delhi,28.6545239,77.2434226
Diwan-e-Khaas,historic:monument,Delhi,28.6564715,77.2435765
Khas Mahal,historic:monument,Delhi,28.6561321,77.2435964
Naubat Khana,historic:monument,Delhi,28.6557891,77.2409923
Rang Mahal,historic:monument,Delhi,28.6556799,77.2435276
Barah Khamba,historic:monument,Delhi,28.5528003,77.2021718
Chhoti Gumti,historic:monument,Delhi,28.5532276,77.2018506
Sakri Gumti,historic:monument,Delhi,28.5533691,77.2013064
Feroz Shah Tughlaq's Tomb,historic:monument,Delhi,28.5530195,77.1934453
Jamali Kamali Mosque,historic:monument,Delhi,28.5194517,77.187199
Tomb Of Balban,historic:monument,Delhi,28.519675,77.1887862
Jamali Kamali Tomb Precinct,historic:monument,Delhi,28.5198048,77.1872786
Wall Mosque,historic:monument,Delhi,28.5400559,77.2135066
Lal Gumbad Entry Gate,historic:monument,Delhi,28.5400954,77.2140707
Adham Khan's Tomb,historic:monument,Delhi,28.5230657,77.1819597
Tughlakabad Baoli,historic:monument,Delhi,28.5125918,77.2599402
Ghiyas-ud-Din Tughlaq's Tomb,historic:monument,Delhi,28.5093473,77.2613042
Begumpur Mosque,historic:monument,Delhi,28.5392113,77.2064821
Nizamuddin Dargah,historic:monument,Delhi,28.5913671,77.2419807
Chausath Khamba,historic:monument,Delhi,28.5911964,77.2430416
Sultan Garhi Tomb,historic:monument,Delhi,28.5334024,77.1370539
Sabz Burj,historic:monument,Delhi,28.5931657,77.2436352
Shish Gumbad,historic:monument,Delhi,28.5937613,77.2201933
Humayun's Tomb,historic:monument,Delhi,28.5932862,77.2506455
Bara Gumbad,historic:monument,Delhi,28.5930299,77.2203334
Samrat Yantra,historic:monument,Delhi,28.6270301,77.2166036
Hammam,historic:monument,Delhi,28.656807,77.2435124
Sher Mandal,historic:monument,Delhi,28.6086583,77.2450597
Dariya Khan Lohani's Tomb,historic:monument,Delhi,28.572249,77.2167008
Zafar Mahal,historic:monument,Delhi,28.657782,77.2426382
Jaipur Column,historic:monument,Delhi,28.6142483,77.201801
India Gate,historic:monument,Delhi,28.6129323,77.2294919
Qutb Minar,historic:monument,Delhi,28.5244171,77.1854503
Rashtriya Dalit Prerna Sthal and Green Garden,historic:monument,Delhi,28.5680892,77.3117075
Ala'i Darwaza,historic:monument,Delhi,28.5242243,77.1856849
Ram Yantra,historic:monument,Delhi,28.6265541,77.2165507
Tomb Premesis,historic:monument,Delhi,28.673666,77.2002752
Azim Khan's Tomb,historic:monument,Delhi,28.5217775,77.1905415
Shahi Burj,historic:monument,Delhi,28.6584959,77.2437233
Netaji Subhash Chandra Bose's canopy,historic:monument,Delhi,28.6128408,77.2311367
Cenotaph,historic:monument,Delhi,28.6032514,77.1936683
Jai Prakash Yantra,historic:monument,Delhi,28.6267717,77.2165261
Protected Monument,historic:monument,Delhi,28.5612045,77.1788404
Gandhak Ki Baoli,historic:monument,Delhi,28.5208506,77.1816515
Nizamuddin Dargah complex,historic:monument,Delhi,28.5913827,77.2418791
Raj Ghat,historic:monument,Delhi,28.6405986,77.2495043
Kisan Ghat,historic:monument,Delhi,28.6395931,77.2528344
Veer Bhumi,historic:monument,Delhi,28.6428101,77.2503377
Shakti Sthal,historic:monument,Delhi,28.644072,77.2489572
Shantivan,historic:monument,Delhi,28.648842,77.248036
Chhachhi Building,shop:clothes,Delhi,28.6609627,77.278842
Levi's,shop:clothes,Delhi,28.4536765,77.0509521
Shoppers Stop,shop:clothes,Delhi,28.4129054,77.0421678
Tyagi Selection,shop:clothes,Delhi,28.6128108,76.9864563
Part 1 Customized Designer Men's Wear,shop:clothes,Delhi,28.5685478,77.2472168
The Cotton Lawn Shop,shop:clothes,Delhi,28.5671547,77.2450583
"Reebok,Nike",shop:clothes,Delhi,28.5432177,77.3018901
Tantra T-shirts,shop:clothes,Delhi,28.627656,77.2191809
Shellka,shop:clothes,Delhi,28.6347746,77.2195352
Nike,shop:clothes,Delhi,28.5573461,77.163798
Delhi Haat,shop:clothes,Delhi,28.5552296,77.2644216
Guapa,shop:clothes,Delhi,28.5551267,77.1945451
Fabindia,shop:clothes,Delhi,28.5338407,77.1527489
People Tree,shop:clothes,Delhi,28.6301669,77.2174792
A2 ( attractive & affordable ),shop:clothes,Delhi,28.5438531,77.1253145
Uniqlo,shop:clothes,Delhi,28.6323144,77.2180249
Wrangler,shop:clothes,Delhi,28.6333286,77.2183439
Baluja's,shop:clothes,Delhi,28.6342961,77.2193544
H&M,shop:clothes,Delhi,28.6341138,77.2187136
Westside,shop:clothes,Delhi,28.6507071,77.1206055
Deepa Clothes,shop:clothes,Delhi,28.5693492,77.2405251
Satkar,shop:clothes,Delhi,28.5463441,77.1964263
Old Faridabad Market,shop:clothes,Delhi,28.4168782,77.3219915
Diwan Saheb,shop:clothes,Delhi,28.5704193,77.2371359
novel exp,shop:clothes,Delhi,28.6392425,77.2095887
embroidery bazar,shop:clothes,Delhi,28.6546047,77.2333261
Singla Garments,shop:clothes,Delhi,28.7386291,77.1248986
Tripati's collection,shop:clothes,Delhi,28.669014,77.329199
Fancy dress,shop:clothes,Delhi,28.669084,77.330607
Brand Hut,shop:clothes,Delhi,28.67151,77.330509
Waha Uniforms,shop:clothes,Delhi,28.658211,77.318188
FlyInc,shop:clothes,Delhi,28.660186,77.32983
Van Heusen,shop:clothes,Delhi,28.6327775,77.2178939
Cantabil,shop:clothes,Delhi,28.6314687,77.2206618
Louis Philippe,shop:clothes,Delhi,28.6332362,77.2180099
Zodiac,shop:clothes,Delhi,28.6339551,77.2185558
Vikas Makhija,shop:clothes,Delhi,28.5391389,77.2122885
Blackberrys,shop:clothes,Delhi,28.6330221,77.2179096
Shasha,shop:clothes,Delhi,28.6328187,77.2178944
Suit Lining Centre,shop:clothes,Delhi,28.5699773,77.2427464
Dhruv Sehgal,shop:clothes,Delhi,28.5489398,77.235641
Naaz By Noor,shop:clothes,Delhi,28.5489515,77.2356078
Panchi Helmet,shop:clothes,Delhi,28.5280665,77.2318081
Army Equippers,shop:clothes,Delhi,28.6331522,77.2167008
Quiet Clothes bazar,shop:clothes,Delhi,28.6564644,77.2306821
Dashmesh Pagrian,shop:clothes,Delhi,28.6268616,77.2114437
Peter England,shop:clothes,Delhi,28.5366953,77.2123391
Hallmark Apparels,shop:clothes,Delhi,28.5367247,77.2123635
Clothing store,shop:clothes,Delhi,28.5309132,77.2162661
Tremendous,shop:clothes,Delhi,28.53361,77.2170859
Stylobe,shop:clothes,Delhi,28.5702289,77.2375129
Puran Chand Gyan Prakash,shop:clothes,Delhi,28.6546264,77.2332554
Manyavar,shop:clothes,Delhi,28.5682057,77.2224052
Jockey,shop:clothes,Delhi,28.6338464,77.2184247
And,shop:clothes,Delhi,28.6347172,77.2195343
W,shop:clothes,Delhi,28.6346923,77.2195337
Planet Fashion,shop:clothes,Delhi,28.6343042,77.2194176
Aurelia,shop:clothes,Delhi,28.6344204,77.2195558
Mohanlal Sons,shop:clothes,Delhi,28.6341849,77.2188513
Monte Carlo,shop:clothes,Delhi,28.6343423,77.2195457
U.S. Polo Assn.,shop:clothes,Delhi,28.633874,77.2184508
Chumbak,shop:clothes,Delhi,28.5705859,77.240456
Diamond Silk Coop. Society Ltd.,shop:clothes,Delhi,28.5669605,77.1883405
Tanturupa Bengal Handloom,shop:clothes,Delhi,28.5669342,77.1886327
Dési Belle,shop:clothes,Delhi,28.6086535,77.2926328
Cobb,shop:clothes,Delhi,28.6088827,77.2924563
K-Lounge,shop:clothes,Delhi,28.608687,77.2926802
Kottail,shop:clothes,Delhi,28.6086158,77.2927546
Vaishno Mega Mart,shop:clothes,Delhi,28.608862,77.2924934
Go Colors!,shop:clothes,Delhi,28.6084841,77.292913
United Colors of Benetton,shop:clothes,Delhi,28.6088407,77.2924543
Mayori Conscious Clothing Store,shop:clothes,Delhi,28.5495916,77.2122663
girls clothing house,shop:clothes,Delhi,28.7021079,77.2090961
Little Almirah,shop:clothes,Delhi,28.5492003,77.2124692
Delhi Bazaar Craft House,shop:clothes,Delhi,28.555524,77.0851248
Craft House Delhi,shop:clothes,Delhi,28.6314312,77.207782
Indha Shop,shop:clothes,Delhi,28.4202995,77.0970906
Kamala – The Craft Shop,shop:clothes,Delhi,28.6301933,77.2125232
Baragaon Weaves,shop:clothes,Delhi,28.5551936,77.2049049
tatsat- a socially conscious store,shop:clothes,Delhi,28.5516419,77.2069727
Sasha,shop:clothes,Delhi,28.5083364,77.1782516
Max Fashion,shop:clothes,Delhi,28.595552,77.0362455
Max,shop:clothes,Delhi,28.6002754,77.0298286
Max fashion,shop:clothes,Delhi,28.5907855,76.9976164
fabindia,shop:clothes,Delhi,28.7000929,77.1355929
Alaindair TQS,shop:clothes,Delhi,28.6088681,77.2927351
Colors,shop:clothes,Delhi,28.68817,77.1841782
Bindals,shop:clothes,Delhi,28.6829678,77.2067584
Perfect Fit,shop:clothes,Delhi,28.6271195,77.2796831
Lacoste,shop:clothes,Delhi,28.6305064,77.2198259
numero,shop:clothes,Delhi,28.630287,77.219811
Vintage Retail,shop:clothes,Delhi,28.6321461,77.2212681
Van Huesen,shop:clothes,Delhi,28.6126,76.9945621
Biba,shop:clothes,Delhi,28.6127723,76.9928467
Raymond,shop:clothes,Delhi,28.6122113,76.9898223
Duke,shop:clothes,Delhi,28.6125173,76.9933807
plusS,shop:clothes,Delhi,28.6345759,77.2200756
Rainbow,shop:clothes,Delhi,28.6295635,77.2193426
Sat Pal & Company,shop:clothes,Delhi,28.6275553,77.2191895
White House,shop:clothes,Delhi,28.6275185,77.2191893
Mallika Craft,shop:clothes,Delhi,28.6274361,77.219185
Neel Kamal,shop:clothes,Delhi,28.6269913,77.2192083
Behl's Hi Fashion,shop:clothes,Delhi,28.6270264,77.2192152
Pinch by Sonal Flagship Store,shop:clothes,Delhi,28.642847,77.2960729
Prabha Sarees,shop:clothes,Delhi,28.5486997,77.2352916
Naari Collections,shop:clothes,Delhi,28.6352725,77.3040657
devanshu dresses,shop:clothes,Delhi,28.689464,77.2713233
Zara,shop:clothes,Delhi,28.5054879,77.0958909
The Chankya Mall,shop:clothes,Delhi,28.5844178,77.1907596
नाइक फैक्ट्रियां आउटलेट छतरपुर,shop:clothes,Delhi,28.5070421,77.1749413
Many Selection,shop:clothes,Delhi,28.7278625,77.1701929
Kamal Deep,shop:clothes,Delhi,28.5692455,77.242961
Chunmun men,shop:clothes,Delhi,28.5691795,77.2430969
KUNTI,shop:clothes,Delhi,28.6158571,77.0882135
Anokhi,shop:clothes,Delhi,28.5896599,77.2525288
Sports Station,shop:clothes,Delhi,28.6318442,77.2169899
Saree Centre,shop:clothes,Delhi,28.6000821,77.2271277
Republic by Tausif,shop:clothes,Delhi,28.5178947,77.199222
Ancestry,shop:clothes,Delhi,28.5283659,77.21687
Suneja Sons,shop:clothes,Delhi,28.6463197,77.1892489
Wedding Planet,shop:clothes,Delhi,28.6463515,77.1892697
Groom Studio,shop:clothes,Delhi,28.6462834,77.1892248
Groom Palace,shop:clothes,Delhi,28.6464618,77.1896522
Mehra Silk Palace,shop:clothes,Delhi,28.6469052,77.1898396
Pratap Clothiers,shop:clothes,Delhi,28.6465885,77.1896789
Ahujasons,shop:clothes,Delhi,28.6471446,77.1900373
Manocha,shop:clothes,Delhi,28.6472431,77.1898843
Ethnic India,shop:clothes,Delhi,28.6472221,77.1898694
Raymond Rai Saheb,shop:clothes,Delhi,28.6471993,77.190076
Cantabil Men,shop:clothes,Delhi,28.6474356,77.1902853
Sanjay Textiles,shop:clothes,Delhi,28.64767,77.1904674
Pantaloons,shop:clothes,Delhi,28.6474432,77.1899906
Kamakshi,shop:clothes,Delhi,28.6473466,77.1899642
Groom Makers,shop:clothes,Delhi,28.6475966,77.1903492
Sri Ram & Son,shop:clothes,Delhi,28.6478921,77.1903074
Raunaq,shop:clothes,Delhi,28.6475384,77.190057
Red Roses,shop:clothes,Delhi,28.6475627,77.1903153
Neelan,shop:clothes,Delhi,28.6472582,77.190119
Ibadat,shop:clothes,Delhi,28.6470101,77.1896939
Jainsons Westend,shop:clothes,Delhi,28.6468109,77.1895648
Zest,shop:clothes,Delhi,28.6008461,77.2270915
Kaartgar,shop:clothes,Delhi,28.6009,77.2271762
Manan,shop:clothes,Delhi,28.6006758,77.2274716
Mobeen Tailors,shop:clothes,Delhi,28.6007221,77.2272651
Ruwaa,shop:clothes,Delhi,28.6008728,77.2272119
Cord,shop:clothes,Delhi,28.6007025,77.2274346
Ridhiie Suuri,shop:clothes,Delhi,28.6006145,77.2274071
Ranna Gill,shop:clothes,Delhi,28.6006049,77.2272316
Ritika Malhotra,shop:clothes,Delhi,28.6005178,77.2275361
Veda Creations,shop:clothes,Delhi,28.6003032,77.227298
Ethnïche,shop:clothes,Delhi,28.6003289,77.2273422
Ogaan,shop:clothes,Delhi,28.6004358,77.2275383
Devasya,shop:clothes,Delhi,28.6002974,77.227615
Aadyam,shop:clothes,Delhi,28.6002675,77.2275448
Groom Hub,shop:clothes,Delhi,28.6456305,77.1894762
Fashion Hub,shop:clothes,Delhi,28.6456012,77.1895397
Studio Anant,shop:clothes,Delhi,28.6456676,77.1894246
Zawaj Studio,shop:clothes,Delhi,28.6449928,77.1882931
Dawar Sarees,shop:clothes,Delhi,28.6562821,77.228951
Kala Nooor,shop:clothes,Delhi,28.6565543,77.2284219
Jay Sons,shop:clothes,Delhi,28.6562802,77.2289774
Sparky,shop:clothes,Delhi,28.6561362,77.2315105
Luthra's,shop:clothes,Delhi,28.6291911,77.2193374
Alagkriti,shop:clothes,Delhi,28.629454,77.2193411
Free Spirit,shop:clothes,Delhi,28.6294759,77.2193414
Fashion Paradise,shop:clothes,Delhi,28.6293883,77.2193402
Fashion Point,shop:clothes,Delhi,28.6293006,77.2193389
Ravi Garments,shop:clothes,Delhi,28.7301369,77.1639534
Fashion Club,shop:clothes,Delhi,28.7218487,77.1693673
Jain Selection,shop:clothes,Delhi,28.7233832,77.1658233
Selection Garments,shop:clothes,Delhi,28.7303399,77.1659698
Common Wealth Store,shop:clothes,Delhi,28.5498642,77.2354223
FNT,shop:clothes,Delhi,28.5507231,77.2340564
Jack & Jones,shop:clothes,Delhi,28.5508617,77.2341965
Vero Moda,shop:clothes,Delhi,28.5508545,77.2341837
Goyal Stores,shop:clothes,Delhi,28.5505405,77.2343366
Madame,shop:clothes,Delhi,28.5506032,77.2342159
Surplus House,shop:clothes,Delhi,28.6284063,77.2783542
ORBITE SOCKS,shop:clothes,Delhi,28.7417255,77.1330596
Sadgi Boutique,shop:clothes,Delhi,28.7416944,77.1334358
Ladybug,shop:clothes,Delhi,28.3862636,77.3544417
Global Desi,shop:clothes,Delhi,28.6350136,77.2195872
Afshana Boutique,shop:clothes,Delhi,28.7542203,77.1618185
Fashion Flare,shop:clothes,Delhi,28.5502796,77.2347263
Print Centre,shop:clothes,Delhi,28.5503148,77.2346681
Goldy's Nestt,shop:clothes,Delhi,28.5501398,77.2349305
Yell,shop:clothes,Delhi,28.5502063,77.234842
Global Republic,shop:clothes,Delhi,28.5502704,77.2347394
Weatside,shop:clothes,Delhi,28.3836212,77.0523879
Jockey Exclusive Store,shop:clothes,Delhi,28.3830151,77.0521838
Spykar,shop:clothes,Delhi,28.3834215,77.0521238
Reebok,shop:clothes,Delhi,28.3837029,77.0524684
BIBA,shop:clothes,Delhi,28.3832315,77.0524575
Harmeet Selection,shop:clothes,Delhi,28.656579,77.2264515
Wadhwa Textiles,shop:clothes,Delhi,28.6565952,77.2265539
Harcharan Das Sharma Bajaj - Uttarakhand Wale,shop:clothes,Delhi,28.6567572,77.2257972
Sri Ram and Son,shop:clothes,Delhi,28.6562753,77.2278227
Asian Bridal Store,shop:clothes,Delhi,28.6562429,77.2291825
Khadi ka Clothes -116 Garage,shop:clothes,Delhi,28.6212562,77.1989326
Lifestyle,shop:clothes,Delhi,28.7169998,77.114111
Reet Collection,shop:clothes,Delhi,28.750204,77.1745446
Vibe,shop:clothes,Delhi,28.5503303,77.2353146
Abhimaa,shop:clothes,Delhi,28.5504368,77.2351485
Meena Bazaar,shop:clothes,Delhi,28.5504587,77.2351149
A-One Stores,shop:clothes,Delhi,28.5500231,77.235139
The Wardrobe,shop:clothes,Delhi,28.5500278,77.2351243
Kunchal's,shop:clothes,Delhi,28.5500559,77.2350096
Bhadauriya cloth store,shop:clothes,Delhi,28.4925874,77.3261344
Kidsberry,shop:clothes,Delhi,28.6377995,77.2867841
Intimissimi,shop:clothes,Delhi,28.6376164,77.2868578
Clovis,shop:clothes,Delhi,28.6376187,77.2866423
Reliance Trends,shop:clothes,Delhi,28.6428913,77.2974598
Babyhug,shop:clothes,Delhi,28.7005536,77.2085253
Rajouri Garden Market,shop:clothes,Delhi,28.6456979,77.1199867
Shree,shop:clothes,Delhi,28.5419874,77.2536743
Malik Sons,shop:clothes,Delhi,28.5419591,77.2536818
Porshe design,shop:clothes,Delhi,28.5552208,77.0833295
Coach,shop:clothes,Delhi,28.5550482,77.0829472
Hugo Boss,shop:clothes,Delhi,28.554973,77.0829994
La Mode,shop:clothes,Delhi,28.570222,77.2412291
Narang Garments,shop:clothes,Delhi,28.570624,77.2402805
Chunmun Women,shop:clothes,Delhi,28.568523,77.2422926
Sharif Garments,shop:clothes,Delhi,28.5702054,77.2412682
Allen Solly Women,shop:clothes,Delhi,28.5702439,77.2412346
Octave,shop:clothes,Delhi,28.5702862,77.2411524
StockFit,shop:clothes,Delhi,28.5686743,77.2414256
Marks & Spencer,shop:clothes,Delhi,28.6351449,77.2196126
Kings,shop:clothes,Delhi,28.7131784,77.2157108
Greenways,shop:clothes,Delhi,28.6320541,77.2213531
Khanna Fabrics,shop:clothes,Delhi,28.6338972,77.2208753
Snow White,shop:clothes,Delhi,28.6338324,77.2209483
Uphaar Centre,shop:clothes,Delhi,28.633951,77.2208129
Smash To Fashion,shop:clothes,Delhi,28.7354937,77.1098793
Saloni Creations,shop:clothes,Delhi,28.735263,77.1102211
Nalli,shop:clothes,Delhi,28.6319792,77.2162925
The Darning House,shop:clothes,Delhi,28.6317946,77.2163312
New Krishna Boutique,shop:clothes,Delhi,28.6466398,77.4444036
Bazar India,shop:clothes,Delhi,28.6490736,77.4426931
Mukut Mahal Saree Center,shop:clothes,Delhi,28.6477029,77.4447725
Mangal Kalash Cloth,shop:clothes,Delhi,28.6476833,77.4448025
Nitin Exports,shop:clothes,Delhi,28.6374104,77.3041073
Manyawar,shop:clothes,Delhi,28.6342911,77.2200792
Pepe Jeans,shop:clothes,Delhi,28.6342189,77.2203427
Park Avenue,shop:clothes,Delhi,28.6342741,77.220195
One Friday,shop:clothes,Delhi,28.5506697,77.2347931
Super Mart Fashion Hub,shop:clothes,Delhi,28.515355,77.104796
Kamal Sari Palace,shop:clothes,Delhi,28.6525376,77.4521204
Goyal Readymade,shop:clothes,Delhi,28.6524613,77.4520944
JAIN SAREE CENTER,shop:clothes,Delhi,28.6892837,77.2994067
VAN HEUSEN FACTORY OUTLET,shop:clothes,Delhi,28.6891726,77.295432
KABIR DESIGNER BOUTIQUE,shop:clothes,Delhi,28.6900287,77.2990759
Allen Solly,shop:clothes,Delhi,28.4701023,77.307273
Trends,shop:clothes,Delhi,28.4698382,77.307206
Puma Outlet,shop:clothes,Delhi,28.3903692,77.3031
Mnte Carlo,shop:clothes,Delhi,28.3906988,77.301927
GOYAL CLOTH HOUSE,shop:clothes,Delhi,28.6890085,77.2898917
COBB,shop:clothes,Delhi,28.6591937,77.3663684
Roop Garments,shop:clothes,Delhi,28.6325286,77.2800976
Modluk,shop:clothes,Delhi,28.5501001,77.2357713
Chique,shop:clothes,Delhi,28.5501558,77.2356683
Cooke & Kelvey,shop:clothes,Delhi,28.6293968,77.2197666
Flying Machine,shop:clothes,Delhi,28.6805517,77.2080576
Venus Collection,shop:clothes,Delhi,28.6821854,77.2067297
Puma,shop:clothes,Delhi,28.6822096,77.20671
Mini Sou,shop:clothes,Delhi,28.6811828,77.2075503
Archies,shop:clothes,Delhi,28.6821049,77.2067955
Olish,shop:clothes,Delhi,28.6820669,77.206825
Inc. 5,shop:clothes,Delhi,28.681534,77.2072445
Vidyarthi,shop:clothes,Delhi,28.6822586,77.2066433
Wildcraft,shop:clothes,Delhi,28.6824147,77.2065141
The Fashion Point,shop:clothes,Delhi,28.5871291,77.1689841
Microbe,shop:clothes,Delhi,28.5872511,77.1692453
Men Den,shop:clothes,Delhi,28.5878274,77.1690537
Deepak Cloth House,shop:clothes,Delhi,28.5965582,77.1230673
Niyaz Fashion,shop:clothes,Delhi,28.6229963,77.2907494
Triveni Prints,shop:clothes,Delhi,28.5961583,77.1227909
Cliff Climbers,shop:clothes,Delhi,28.5956169,77.1225445
Young Man,shop:clothes,Delhi,28.5951499,77.1223293
Avi Creations Army Store,shop:clothes,Delhi,28.595083,77.1222523
Export House,shop:clothes,Delhi,28.5950744,77.1222868
Poonam Export Cloth House,shop:clothes,Delhi,28.5698671,77.2394869
Show Off,shop:clothes,Delhi,28.5697344,77.2394124
Style Dot In,shop:clothes,Delhi,28.5699851,77.2395602
Surkhaab,shop:clothes,Delhi,28.5697602,77.2394442
Arora Textiles,shop:clothes,Delhi,28.5701124,77.2396195
Vikram Associates,shop:clothes,Delhi,28.5687626,77.2412302
The Style Hub,shop:clothes,Delhi,28.5498726,77.2354058
Miss 16,shop:clothes,Delhi,28.5499609,77.2352319
Hunkemöller,shop:clothes,Delhi,28.5673097,77.321349
Readymade Garments And Army Store,shop:clothes,Delhi,28.5949192,77.1226851
Modern Store,shop:clothes,Delhi,28.5953046,77.1228665
Zivame,shop:clothes,Delhi,28.566736,77.3213415
Amante,shop:clothes,Delhi,28.5666637,77.3208795
Young Club,shop:clothes,Delhi,28.5956457,77.1230538
Calcutta Army Store,shop:clothes,Delhi,28.5954942,77.1229655
Sumona Outfit,shop:clothes,Delhi,28.5955695,77.1230075
Popular Army Store,shop:clothes,Delhi,28.5941036,77.1218236
Novelty Army Store,shop:clothes,Delhi,28.5942105,77.1218785
Parvesh General Store,shop:clothes,Delhi,28.5945574,77.1220656
Vimal Uniforms,shop:clothes,Delhi,28.594147,77.1218417
Mukesh Garments,shop:clothes,Delhi,28.5945937,77.122081
Dashmesh Emporium,shop:clothes,Delhi,28.5943222,77.1219398
Salona Fashion,shop:clothes,Delhi,28.5942419,77.1218964
S.S. Army Store,shop:clothes,Delhi,28.5944048,77.1219901
Palam Army Store,shop:clothes,Delhi,28.5940238,77.1217593
Satyam Army Store,shop:clothes,Delhi,28.5941816,77.1218563
New Cheap Army Store,shop:clothes,Delhi,28.5942231,77.1223237
Great Army Store,shop:clothes,Delhi,28.5941254,77.1222795
Standard Enterprises Army Store,shop:clothes,Delhi,28.5939624,77.122198
Khushboo Cloth House,shop:clothes,Delhi,28.5937938,77.1221114
Sood Army Store,shop:clothes,Delhi,28.5941602,77.1222926
Sardar Ji Kids Wear,shop:clothes,Delhi,28.594304,77.122362
Deep Garment,shop:clothes,Delhi,28.5943258,77.1223726
Bharat Army Store,shop:clothes,Delhi,28.5932581,77.1218534
Army General Store,shop:clothes,Delhi,28.593621,77.1220254
Bhartiya Exclusive,shop:clothes,Delhi,28.5935634,77.1219944
Indian Army Store,shop:clothes,Delhi,28.5931677,77.1219187
Rohilla Army Store,shop:clothes,Delhi,28.5932877,77.1218686
Find Style,shop:clothes,Delhi,28.5934204,77.1219277
Singh Army Store,shop:clothes,Delhi,28.5931901,77.1218553
Shrutika Army Store,shop:clothes,Delhi,28.5935345,77.1219799
Mangal Sons,shop:clothes,Delhi,28.5937602,77.1220963
Kartike,shop:clothes,Delhi,28.59345,77.1219409
Sainik Matador Showroom,shop:clothes,Delhi,28.5932278,77.121837
Shri Jain Army Store,shop:clothes,Delhi,28.5963979,77.1344892
Bakshi Uniforms,shop:clothes,Delhi,28.5964048,77.1341737
Verma Army Store,shop:clothes,Delhi,28.5964038,77.1341407
Rastogi Garments,shop:clothes,Delhi,28.5964103,77.1333603
Dashmesh Army Store,shop:clothes,Delhi,28.5964079,77.1340976
Rastogi Army Store,shop:clothes,Delhi,28.5964121,77.1333918
Royal Army Store,shop:clothes,Delhi,28.5964162,77.1335586
Jain Cloth House,shop:clothes,Delhi,28.5964111,77.1332867
J.B. Enterprises Army Store,shop:clothes,Delhi,28.5964102,77.1332504
Sahni Store,shop:clothes,Delhi,28.5964067,77.1332379
Jain Garments,shop:clothes,Delhi,28.5964109,77.1333346
Dholiya Garments,shop:clothes,Delhi,28.5933043,77.1209358
Shyam Uniforms And Garment Centre,shop:clothes,Delhi,28.5971035,77.1226796
Shree Ji,shop:clothes,Delhi,28.7309683,77.0879986
Zudio,shop:clothes,Delhi,28.6492029,77.3063943
Goyal Sons,shop:clothes,Delhi,28.5838529,77.071148
Cantabil Italy,shop:clothes,Delhi,28.584651,77.0710555
Super Budget Bazar,shop:clothes,Delhi,28.5940429,77.1213677
Ganesh Collection,shop:clothes,Delhi,28.6139517,77.0325597
School Uniforms Egloo Wear,shop:clothes,Delhi,28.5852311,77.0680771
Factory Outlet,shop:clothes,Delhi,28.6442838,77.2016844
Varun Saree Centre,shop:clothes,Delhi,28.5934111,77.1214554
Rahul Garments,shop:clothes,Delhi,28.6689483,77.3080831
La Square,shop:clothes,Delhi,28.612988,77.1093453
L. N. Square,shop:clothes,Delhi,28.6130173,77.1092999
Sport Sun,shop:clothes,Delhi,28.6612765,77.2866336
Ritu Kumar,shop:clothes,Delhi,28.5679338,77.224095
Kalki,shop:clothes,Delhi,28.5681797,77.2209954
Motiwala,shop:clothes,Delhi,28.5682509,77.2209954
Twamev,shop:clothes,Delhi,28.5683466,77.2210739
Ashoka Kurta,shop:clothes,Delhi,28.5776885,77.1947802
Vaishnavi,shop:clothes,Delhi,28.5776875,77.1948663
Viraj,shop:clothes,Delhi,28.5682334,77.2215351
Bharat Reshma,shop:clothes,Delhi,28.5682345,77.2215022
Mark And Spencer,shop:clothes,Delhi,28.5681863,77.2227503
Brahaan,shop:clothes,Delhi,28.5682327,77.2214312
Parvi Collections,shop:clothes,Delhi,28.5766869,77.1960324
Redtape,shop:clothes,Delhi,28.5778276,77.1958836
Shingar Garments,shop:clothes,Delhi,28.5769792,77.1960334
Hasho,shop:clothes,Delhi,28.5775579,77.1955195
Paradise,shop:clothes,Delhi,28.5775624,77.1958047
Cobb Italy,shop:clothes,Delhi,28.5762742,77.1957386
Kamal Ji Garments,shop:clothes,Delhi,28.5771932,77.1960331
Messrs Clive Fashion,shop:clothes,Delhi,28.577258,77.1960318
Raj Emporium,shop:clothes,Delhi,28.5767525,77.1960366
TNS Traders,shop:clothes,Delhi,28.5767878,77.1960374
Sand Castle,shop:clothes,Delhi,28.5771605,77.1960352
K4 Classic Trends,shop:clothes,Delhi,28.5768282,77.1960404
Sai Mahima,shop:clothes,Delhi,28.57609,77.1954189
Manoj Store,shop:clothes,Delhi,28.5761749,77.1954138
Kala Mahal,shop:clothes,Delhi,28.5770854,77.1960358
Gopal Sons,shop:clothes,Delhi,28.5762583,77.1954119
Messrs Libra Exclusive,shop:clothes,Delhi,28.5772713,77.1960318
Choice,shop:clothes,Delhi,28.5775657,77.1958858
H. Nagpal Traders,shop:clothes,Delhi,28.5768633,77.1960361
Modern,shop:clothes,Delhi,28.5774783,77.1960236
Metro Fashion,shop:clothes,Delhi,28.5762771,77.1956982
Golden Heritage,shop:clothes,Delhi,28.5773368,77.1960276
Paul Collections,shop:clothes,Delhi,28.5765676,77.1960393
G. V. Enterprises,shop:clothes,Delhi,28.5767157,77.1960371
Shiraj Creations,shop:clothes,Delhi,28.5775602,77.1959698
Prem Enterprises,shop:clothes,Delhi,28.5762763,77.1959081
Sonu Garments,shop:clothes,Delhi,28.5766701,77.1960333
Krishna Sarees,shop:clothes,Delhi,28.5775607,77.1957627
Punjab Silk Stores Private Limited,shop:clothes,Delhi,28.5775556,77.1956807
Khushi Sarees,shop:clothes,Delhi,28.577554,77.1955605
Chic Care,shop:clothes,Delhi,28.5762195,77.1954131
Richie Garments,shop:clothes,Delhi,28.5766032,77.1960373
Meera Saree,shop:clothes,Delhi,28.5775637,77.1958447
John Hill,shop:clothes,Delhi,28.5762753,77.1955689
Ethnix,shop:clothes,Delhi,28.6469749,77.1896671
Harnam Singh Bishan Singh,shop:clothes,Delhi,28.6469323,77.1896348
India Emporium,shop:clothes,Delhi,28.6378452,77.2113764
Rukshan Fashion,shop:clothes,Delhi,28.5952415,77.1213464
Meena Bazaar.,shop:clothes,Delhi,28.6374077,77.2865842
Canstol,shop:clothes,Delhi,28.6375158,77.2862071
Flosse,shop:clothes,Delhi,28.6374915,77.2862228
Stanmax,shop:clothes,Delhi,28.6373935,77.2871419
Horizon,shop:clothes,Delhi,28.6376443,77.2866811
Elleven,shop:clothes,Delhi,28.6373023,77.2865328
Indo Leebaaz,shop:clothes,Delhi,28.6375197,77.2864107
Libas,shop:clothes,Delhi,28.6373306,77.2865839
Lakshita,shop:clothes,Delhi,28.6374749,77.2864318
Fox Lifestyle,shop:clothes,Delhi,28.6375328,77.2864148
Ladiify,shop:clothes,Delhi,28.6375682,77.2864872
Adidas Originals,shop:clothes,Delhi,28.6374288,77.2865106
LaMODE,shop:clothes,Delhi,28.6373177,77.2861537
Muskan Boutique,shop:clothes,Delhi,28.6377888,77.2869469
Klobe Fashion,shop:clothes,Delhi,28.5551069,77.194252
Dazzle,shop:clothes,Delhi,28.5536263,77.194255
Expressionist,shop:clothes,Delhi,28.5539506,77.1943928
Huckleberry Hangers,shop:clothes,Delhi,28.5535107,77.1941712
Aikeyah,shop:clothes,Delhi,28.5546952,77.1951023
Mohitt Sacchdev,shop:clothes,Delhi,28.555127,77.1946865
Lady Nayra,shop:clothes,Delhi,28.555071,77.1942386
Tare Millenials,shop:clothes,Delhi,28.5550275,77.1942238
Maiden & Muse,shop:clothes,Delhi,28.5549842,77.1942106
Shein-Sxy,shop:clothes,Delhi,28.5548133,77.1941392
Street Style Store,shop:clothes,Delhi,28.5547962,77.1941309
Sarandha,shop:clothes,Delhi,28.5550729,77.1944903
First Resort,shop:clothes,Delhi,28.5550415,77.1944734
Vishwas Arora,shop:clothes,Delhi,28.5549861,77.1944466
Attire,shop:clothes,Delhi,28.5549557,77.194436
Kvell,shop:clothes,Delhi,28.5549308,77.1944809
Ish Om,shop:clothes,Delhi,28.5548478,77.1944594
Nasty Small Room,shop:clothes,Delhi,28.5547569,77.194388
Nishibo,shop:clothes,Delhi,28.5547693,77.1943269
Farha Khan,shop:clothes,Delhi,28.5547506,77.1944826
Lacquer Embassy,shop:clothes,Delhi,28.5547096,77.1945021
Kawai Fuku,shop:clothes,Delhi,28.5546717,77.1944402
Jujuture by The Marwari's,shop:clothes,Delhi,28.5546384,77.1944341
Thrift Shop,shop:clothes,Delhi,28.5545073,77.1943949
Shop With Love,shop:clothes,Delhi,28.5543526,77.1943474
Shein,shop:clothes,Delhi,28.5541452,77.1944545
The Sassy Clothes,shop:clothes,Delhi,28.5541648,77.1944646
Wild Eagle,shop:clothes,Delhi,28.5541246,77.1944502
Street Style Fahsion,shop:clothes,Delhi,28.5541066,77.1944438
Phew Zone,shop:clothes,Delhi,28.5540821,77.1944365
Top Shop,shop:clothes,Delhi,28.5540672,77.1944269
Royce Robe,shop:clothes,Delhi,28.6377995,77.2864783
numero uno,shop:clothes,Delhi,28.6378253,77.2865246
Shoppee,shop:clothes,Delhi,28.5546848,77.1950579
Eday Finds,shop:clothes,Delhi,28.5545005,77.194708
Glitch,shop:clothes,Delhi,28.5542612,77.1944051
Cotton Candy,shop:clothes,Delhi,28.5542073,77.1943845
UniqU,shop:clothes,Delhi,28.5541901,77.1943781
Bonkerz,shop:clothes,Delhi,28.5541547,77.1943654
Opus,shop:clothes,Delhi,28.5541148,77.1943591
The Urban Shoppe,shop:clothes,Delhi,28.5966246,77.0361914
Vandana,shop:clothes,Delhi,28.5397935,77.2515527
Monteil & Munero,shop:clothes,Delhi,28.6376494,77.2861653
Mini Klub,shop:clothes,Delhi,28.6377286,77.2863256
Richlook,shop:clothes,Delhi,28.6376647,77.2861913
Dcot By Donear,shop:clothes,Delhi,28.6377131,77.286296
Numero Uno,shop:clothes,Delhi,28.6377504,77.2863842
Pranisha,shop:clothes,Delhi,28.6465222,77.1893901
Swayamvar,shop:clothes,Delhi,28.6457515,77.1888381
Shagun,shop:clothes,Delhi,28.6459236,77.1887151
NYC Glamgirl,shop:clothes,Delhi,28.6465681,77.1894296
Urban Colors,shop:clothes,Delhi,28.6464407,77.1879161
Ethnic Relation,shop:clothes,Delhi,28.6466265,77.1892434
Dollar,shop:clothes,Delhi,28.6466072,77.187781
Roopak Tailors N Cutters,shop:clothes,Delhi,28.6465926,77.1877707
Laxmi Collection,shop:clothes,Delhi,28.6466614,77.1879436
SK Hoisery,shop:clothes,Delhi,28.6479493,77.1886792
Trueman,shop:clothes,Delhi,28.6467302,77.1894883
Shipra Sarees,shop:clothes,Delhi,28.6456876,77.1889919
Vijay Emporium,shop:clothes,Delhi,28.6468727,77.1892137
Big Bird,shop:clothes,Delhi,28.6455485,77.1888962
Montell,shop:clothes,Delhi,28.6457535,77.189037
Madras Stores,shop:clothes,Delhi,28.6468593,77.1892382
Sakshi Emporium,shop:clothes,Delhi,28.6457142,77.1890102
Fashion Place,shop:clothes,Delhi,28.6455601,77.1889027
Darwesh,shop:clothes,Delhi,28.6468485,77.1892602
Sri Ram And Sons,shop:clothes,Delhi,28.6455119,77.1888695
Cutecumber,shop:clothes,Delhi,28.6459519,77.1891978
Pinkstrings,shop:clothes,Delhi,28.7168475,77.1138609
Teal Man,shop:clothes,Delhi,28.568418,77.2475166
Spinn Weave Fabric Studios,shop:clothes,Delhi,28.568512,77.2475798
Lal Ji Overseas Private Limited,shop:clothes,Delhi,28.5686084,77.2472524
Part 1,shop:clothes,Delhi,28.5685606,77.2472311
Vineet Saree,shop:clothes,Delhi,28.5681189,77.2470052
Shami & Sanju,shop:clothes,Delhi,28.5682859,77.24594
Custom Shop,shop:clothes,Delhi,28.5672231,77.2448152
Planet Garments Shop,shop:clothes,Delhi,28.5672231,77.2448152
Bhavana Singh,shop:clothes,Delhi,28.5680509,77.2466202
Studio Amansh,shop:clothes,Delhi,28.5683541,77.2458313
TOSSIDO,shop:clothes,Delhi,28.5683861,77.245103
Custom Shope,shop:clothes,Delhi,28.5672435,77.2448227
Style studio,shop:clothes,Delhi,28.5684298,77.2450685
IBAAS,shop:clothes,Delhi,28.5672744,77.2447168
Re Clothing CO.,shop:clothes,Delhi,28.3921819,77.0594116
Samprada,shop:clothes,Delhi,28.3923911,77.0589682
The KiKi Tribe,shop:clothes,Delhi,28.3922655,77.0589622
Campana Kids,shop:clothes,Delhi,28.3923539,77.0591381
Merrigo Kidz,shop:clothes,Delhi,28.3922994,77.0590566
Qurbat,shop:clothes,Delhi,28.3922548,77.0592334
SILKFAB,shop:clothes,Delhi,28.392006,77.0590308
Faux Shop,shop:clothes,Delhi,28.5852627,77.0710986
Jai Mala Collection,shop:clothes,Delhi,28.6181631,77.0294034
Sai Garments,shop:clothes,Delhi,28.6182218,77.0294652
Kids Garments,shop:clothes,Delhi,28.5837885,77.0715394
V Mart,shop:clothes,Delhi,28.5839227,77.0715683
Meena Bazar,shop:clothes,Delhi,28.5854027,77.0711601
Kumardeep,shop:clothes,Delhi,28.584214,77.0715242
Angad Handloom Emporium,shop:clothes,Delhi,28.5842315,77.0715265
Fashion Lover,shop:clothes,Delhi,28.5841093,77.0715234
Woodland,shop:clothes,Delhi,28.7238775,77.1129027
Season's Wave Boutique,shop:clothes,Delhi,28.5853831,77.0711321
Dwarkadheesh Emporium,shop:clothes,Delhi,28.5853389,77.0711348
Pehnava,shop:clothes,Delhi,28.5853831,77.0711321
श्री Shree,shop:clothes,Delhi,28.5858658,77.0715212
Goyal Creation,shop:clothes,Delhi,28.6167959,77.0331662
Radhey Fashion Readymade Garments,shop:clothes,Delhi,28.6173496,77.0331804
New Life Tailors,shop:clothes,Delhi,28.6980375,77.2050505
Monex Garments,shop:clothes,Delhi,28.6983059,77.2044274
Gaurav Garments,shop:clothes,Delhi,28.6982517,77.2044116
Kishan Vastra Bhandar,shop:clothes,Delhi,28.6982082,77.2044033
Variety centre,shop:clothes,Delhi,28.6974804,77.2042885
Cantabil Italy Factory Outlet,shop:clothes,Delhi,28.6973371,77.2045777
DCot by Donear,shop:clothes,Delhi,28.6972045,77.2045597
Cantabil Italy International Clothing,shop:clothes,Delhi,28.6970411,77.2045299
Lucky Garments,shop:clothes,Delhi,28.6982793,77.2044234
Gift centre,shop:clothes,Delhi,28.6974572,77.2042833
Heeees Hub,shop:clothes,Delhi,28.6974395,77.2045891
Go Colors,shop:clothes,Delhi,28.6946689,77.1539111
New Trendz,shop:clothes,Delhi,28.586692,77.0712339
kueen Collection,shop:clothes,Delhi,28.588853,77.0714555
Step Up,shop:clothes,Delhi,28.5888703,77.0714549
Me N Moms,shop:clothes,Delhi,28.5897075,77.071469
Kids Station,shop:clothes,Delhi,28.5896547,77.0714709
V Sagar,shop:clothes,Delhi,28.6565001,77.2293819
The Raymond Shop,shop:clothes,Delhi,28.6312912,77.2200864
Ivory Palace,shop:clothes,Delhi,28.6312952,77.2201703
haven store,shop:clothes,Delhi,28.6897652,77.4910902
vivaan clothing,shop:clothes,Delhi,28.6885395,77.4877075
rajdeep garments,shop:clothes,Delhi,28.6880989,77.4877969
shiv shakti collection,shop:clothes,Delhi,28.6878972,77.4872118
krishna unifrom store,shop:clothes,Delhi,28.6879088,77.4873741
TRENDS,shop:clothes,Delhi,28.6609035,77.2975023
Om Hosiery,shop:clothes,Delhi,28.5853016,77.0702705
Mini KLUB,shop:clothes,Delhi,28.5897041,77.0718004
A K Fashion,shop:clothes,Delhi,28.6157495,77.0331872
J.M.D. Garments,shop:clothes,Delhi,28.6230951,77.2915603
Mrignayani The Ethnic Store,shop:clothes,Delhi,28.5952027,77.0411704
Diva Creations Designer Boutique,shop:clothes,Delhi,28.592344,77.0452247
Leheriya.com,shop:clothes,Delhi,28.5963913,77.0400649
Trend Zone,shop:clothes,Delhi,28.6232721,77.2905361
Sara Emporium,shop:clothes,Delhi,28.6239141,77.2906483
Urvi Creations,shop:clothes,Delhi,28.5883616,77.0716815
Balaji Creations,shop:clothes,Delhi,28.6564553,77.2299772
B. Rai Sons,shop:clothes,Delhi,28.6006163,77.2272054
Khara Kapas,shop:clothes,Delhi,28.6007543,77.2270257
Matsya,shop:clothes,Delhi,28.6007396,77.2270433
Yam,shop:clothes,Delhi,28.5997857,77.2264719
Vine & Pencil,shop:clothes,Delhi,28.5997902,77.2264833
National Clothing House,shop:clothes,Delhi,28.6000655,77.2267253
Mehka,shop:clothes,Delhi,28.6006631,77.2271475
Purple United Kids,shop:clothes,Delhi,28.5891064,77.0714696
Aditya Textiles,shop:clothes,Delhi,28.6567798,77.2257013
Prithaa,shop:clothes,Delhi,28.6567438,77.2254593
Packard Creations,shop:clothes,Delhi,28.6564331,77.2254262
Heena,shop:clothes,Delhi,28.6567727,77.225843
Lucky Ram Chote Laal,shop:clothes,Delhi,28.6567704,77.2258726
W Fashion,shop:clothes,Delhi,28.6567574,77.2262982
Shri Krishna Textile,shop:clothes,Delhi,28.656742,77.2255507
Chawla Textiles,shop:clothes,Delhi,28.6567701,77.225907
Laut Fabrics,shop:clothes,Delhi,28.6567724,77.2258606
Suraj Prakash Trading Co.,shop:clothes,Delhi,28.6567685,77.2260759
Shree Durga Saree Emporium,shop:clothes,Delhi,28.6567657,77.2259201
Mohan Lal Mehra,shop:clothes,Delhi,28.6567661,77.2261307
Vivek Enterprises,shop:clothes,Delhi,28.6567672,77.2259329
Rishi Khadi Bhandar,shop:clothes,Delhi,28.6567622,77.2260391
Saint Lal Kishan Lal,shop:clothes,Delhi,28.6567657,77.2259621
Guru Ji Collection,shop:clothes,Delhi,28.6567618,77.2260196
Pooja Creation,shop:clothes,Delhi,28.6567655,77.2259465
Gauri Selections,shop:clothes,Delhi,28.6567623,77.2259988
Seth Exclusive,shop:clothes,Delhi,28.6568218,77.2253744
Krishna Cloth House,shop:clothes,Delhi,28.6568221,77.225315
Raghunath Sahai Jai Chand Rai,shop:clothes,Delhi,28.6568285,77.2252497
Shri Krishna Wholesale Cloth Market Rishabh Bazar,shop:clothes,Delhi,28.6567609,77.2263615
Shri Krishna Wholesale Cloth Market,shop:clothes,Delhi,28.6567657,77.2263048
Banaras Saree Emporium,shop:clothes,Delhi,28.6566966,77.2264909
Meenakshi Creations,shop:clothes,Delhi,28.6567622,77.2263278
Aviraj Creations,shop:clothes,Delhi,28.656763,77.2262179
Ashok Textiles,shop:clothes,Delhi,28.6582726,77.2259118
Haiqa Looms,shop:clothes,Delhi,28.6583441,77.225896
Collection House,shop:clothes,Delhi,28.6564251,77.2252918
Pooja Malhotra,shop:clothes,Delhi,28.5532732,77.2406922
Adisports Adidas,shop:clothes,Delhi,28.7076968,77.123805
Crimsoune Club,shop:clothes,Delhi,28.7075748,77.1237043
Mufti,shop:clothes,Delhi,28.7068102,77.1234231
Grace,shop:clothes,Delhi,28.7069235,77.1235356
A.were fashion,shop:clothes,Delhi,28.7070783,77.1263328
Bharti,shop:clothes,Delhi,28.7071191,77.12628
spyker,shop:clothes,Delhi,28.7076688,77.1241945
Aggarwal Garments,shop:clothes,Delhi,28.7073522,77.1234628
Poonam Fancy Textiles,shop:clothes,Delhi,28.6566816,77.2265949
Siyarams,shop:clothes,Delhi,28.7080361,77.124503
Shrimann,shop:clothes,Delhi,28.7081352,77.124198
Bodycare,shop:clothes,Delhi,28.7081512,77.1242004
Brand Nation,shop:clothes,Delhi,28.7075446,77.1236821
Asli Raymond,shop:clothes,Delhi,28.7065931,77.1228326
Bodybasic clothes,shop:clothes,Delhi,28.7065321,77.1227778
Shagun Raymond,shop:clothes,Delhi,28.7066195,77.122859
Cantabil Clothing,shop:clothes,Delhi,28.7067375,77.1229755
Buy Brand,shop:clothes,Delhi,28.7060105,77.1226913
Onax by Yuva,shop:clothes,Delhi,28.7069679,77.1231718
Elini,shop:clothes,Delhi,28.7071388,77.1233169
She Fashion,shop:clothes,Delhi,28.7070981,77.1232786
Ekta Suit and Dupatta,shop:clothes,Delhi,28.7062492,77.1225372
Bindra Undergarment,shop:clothes,Delhi,28.706335,77.1226039
Style Menz,shop:clothes,Delhi,28.569809,77.2391965
Bengal Silk Trading Company,shop:clothes,Delhi,28.6335364,77.2064271
Kiddoz,shop:clothes,Delhi,28.6317787,77.2211047
Kalpana,shop:clothes,Delhi,28.6317728,77.2210319
Saheli Footwear,shop:clothes,Delhi,28.6448717,77.3387663
Brand Collection,shop:clothes,Delhi,28.6446986,77.338506
Pendleton,shop:clothes,Delhi,28.6130201,77.131338
Monteil,shop:clothes,Delhi,28.5692146,77.3239401
Indraprastha,shop:clothes,Delhi,28.5700901,77.3242031
Peanuts,shop:clothes,Delhi,28.5702523,77.3242138
Taneira,shop:clothes,Delhi,28.5699597,77.324004
Petals,shop:clothes,Delhi,28.5703886,77.3240374
Rich Look,shop:clothes,Delhi,28.5700778,77.3240097
WDESIGN,shop:clothes,Delhi,28.5686335,77.323871
Ethnix by Raymond,shop:clothes,Delhi,28.5686469,77.3241239
Clovia,shop:clothes,Delhi,28.569343,77.3239497
Kent Royal,shop:clothes,Delhi,28.5708878,77.3240701
Myshka Fashion,shop:clothes,Delhi,28.5708785,77.3240695
Date The Ramp,shop:clothes,Delhi,28.5685707,77.3247578
The closet,shop:clothes,Delhi,28.5687122,77.3245739
Tasva,shop:clothes,Delhi,28.5688134,77.3244867
G Silk,shop:clothes,Delhi,28.5686545,77.3239636
Vivah e Rassm,shop:clothes,Delhi,28.5710052,77.3242924
Louis Philippe Factory Outlet,shop:clothes,Delhi,28.5684646,77.3244572
Shagun Punjabi Suits,shop:clothes,Delhi,28.6191795,77.4234972
Apsara Sarees,shop:clothes,Delhi,28.6830856,77.2010008
Ram Chandra Krishan Chandra Saree Store,shop:clothes,Delhi,28.6827697,77.2004701
Rati Ram Ram Vinod Saree Store,shop:clothes,Delhi,28.6825696,77.2001553
Anil Collection,shop:clothes,Delhi,28.6802682,77.2031249
Incense,shop:clothes,Delhi,28.6820651,77.205577
Manhar,shop:clothes,Delhi,28.6790757,77.2009643
Soni and Soni,shop:clothes,Delhi,28.6790438,77.2009178
Classic Selection,shop:clothes,Delhi,28.682226,77.2057624
Bonjour,shop:clothes,Delhi,28.6821668,77.205693
Meghna,shop:clothes,Delhi,28.6825518,77.2063251
Trending Company,shop:clothes,Delhi,28.6825258,77.2062901
Haryana Saree Centre,shop:clothes,Delhi,28.6790017,77.200832
Cloth Ironing,shop:clothes,Delhi,28.4553378,77.0534003
Dharam Pal Ji,shop:clothes,Delhi,28.568637,77.2423956
Kasa hunes,shop:clothes,Delhi,28.5491145,77.2159769
Rental Box - Rental Clothing,shop:clothes,Delhi,28.5489016,77.2157812
Trisara,shop:clothes,Delhi,28.5474113,77.2158197
Pappu,shop:clothes,Delhi,28.5475698,77.2160972
Xiva,shop:clothes,Delhi,28.5489385,77.2159844
Turn Black,shop:clothes,Delhi,28.5474592,77.2158592
Kanishk Mehta,shop:clothes,Delhi,28.4741603,77.0943718
Studio Bespoke: Gentlemen’s Attire,shop:clothes,Delhi,28.4740354,77.0943963
Karan & Moin Menswear,shop:clothes,Delhi,28.4741594,77.0944271
Mayank Chawla Menswear,shop:clothes,Delhi,28.4759799,77.0943256
Studio One,shop:clothes,Delhi,28.4741133,77.0933609
Ruchika Hurria,shop:clothes,Delhi,28.4759009,77.0943273
Terragi,shop:clothes,Delhi,28.4748495,77.0932897
Young Fashion,shop:clothes,Delhi,28.44821,77.0990247
Brand Mart,shop:clothes,Delhi,28.8544247,77.1246109
Zillinie,shop:clothes,Delhi,28.5725492,77.2368668
A.K. Vision Opticals,shop:clothes,Delhi,28.5941972,77.0474159
Better Bottoms Mix & Match,shop:clothes,Delhi,28.5950019,77.0480894
Garg Selection,shop:clothes,Delhi,28.596076,77.0490419
House of Desires,shop:clothes,Delhi,28.5958565,77.0488879
Lanskar,shop:clothes,Delhi,28.5958059,77.0488424
Sanskriti,shop:clothes,Delhi,28.5961099,77.0490689
Thread Plus,shop:clothes,Delhi,28.5960452,77.0490134
Rasm,shop:clothes,Delhi,28.5959322,77.0489441
Chhabra Selection,shop:clothes,Delhi,28.596542,77.0493209
Surabhi Arya,shop:clothes,Delhi,28.4773338,77.0942622
House of Urvashi,shop:clothes,Delhi,28.4767217,77.0942596
Bombay Shirt Company,shop:clothes,Delhi,28.4647498,77.095429
Paisley,shop:clothes,Delhi,28.4641003,77.0956457
Odelia,shop:clothes,Delhi,28.4641061,77.0957013
Export Hub,shop:clothes,Delhi,28.6280444,77.278743
Saundh,shop:clothes,Delhi,28.5030432,77.0970713
Sweet Dreams,shop:clothes,Delhi,28.5027366,77.0970495
Suvasa,shop:clothes,Delhi,28.5031637,77.0970986
Globaldesi,shop:clothes,Delhi,28.5027994,77.0970461
Van Heusen Woman,shop:clothes,Delhi,28.5030812,77.0970786
Jaypor,shop:clothes,Delhi,28.5029817,77.0970587
Mi Arcus,shop:clothes,Delhi,28.5034556,77.097153
Mustard,shop:clothes,Delhi,28.5033179,77.0975413
Anita Dongre,shop:clothes,Delhi,28.5026786,77.097053
Iconic Kids,shop:clothes,Delhi,28.5034563,77.0975285
Kate & Oscar,shop:clothes,Delhi,28.5034907,77.0971474
Sabhyata,shop:clothes,Delhi,28.5024459,77.0972438
Soch,shop:clothes,Delhi,28.5033806,77.0975357
Panna,shop:clothes,Delhi,28.5027091,77.0976407
Mohi Fashion Point,shop:clothes,Delhi,28.6009427,77.3161325
Linen Club,shop:clothes,Delhi,28.6336248,77.2233697
Tandon's,shop:clothes,Delhi,28.6336733,77.2231622
Cotton Plus,shop:clothes,Delhi,28.6336134,77.2233046
Best Emporium,shop:clothes,Delhi,28.6336028,77.223173
Satguru Collections,shop:clothes,Delhi,28.6338042,77.2235875
Taneja Store,shop:clothes,Delhi,28.6338189,77.2235804
Mrinalini,shop:clothes,Delhi,28.6339448,77.2235478
Churni Emporium,shop:clothes,Delhi,28.6340063,77.2235391
Chawla Fancy Store,shop:clothes,Delhi,28.6340446,77.2235362
Wadhwa Cloth House,shop:clothes,Delhi,28.6337083,77.2241398
Lal Ji Collection,shop:clothes,Delhi,28.6335378,77.2246446
Jain Saree Centre,shop:clothes,Delhi,28.6336431,77.2244797
Kotton Concepts,shop:clothes,Delhi,28.6336801,77.2245632
Kanika's,shop:clothes,Delhi,28.6337152,77.2245111
Shukla Fab,shop:clothes,Delhi,28.6337033,77.2243333
Pindi Cloth House,shop:clothes,Delhi,28.6337064,77.2242412
Amar Garments,shop:clothes,Delhi,28.6337999,77.2241569
Khanna Hosiery,shop:clothes,Delhi,28.6339986,77.224077
Mahajan Garments,shop:clothes,Delhi,28.6337622,77.2240841
Bimal Fab,shop:clothes,Delhi,28.6337221,77.2240741
Bimal Prints,shop:clothes,Delhi,28.6337748,77.2238285
Swadesilk,shop:clothes,Delhi,28.6337259,77.2239641
Modern Shop Branded Woolen Knitwear & Shawls,shop:clothes,Delhi,28.6337246,77.2237828
Shri Radhey Fabric Store,shop:clothes,Delhi,28.6338162,77.2238099
Super Collection,shop:clothes,Delhi,28.6338732,77.2239213
Shobha Emporium,shop:clothes,Delhi,28.6339221,77.223897
Modern Stores,shop:clothes,Delhi,28.6338577,77.2234123
Joyce International Handlooms,shop:clothes,Delhi,28.6337989,77.2236822
Jagjit Cloth House,shop:clothes,Delhi,28.6337684,77.2235965
Arvind Kumar Cloth Merchant,shop:clothes,Delhi,28.6337869,77.2235915
Co-Optex,shop:clothes,Delhi,28.6000579,77.2273069
Carls Hanger,shop:clothes,Delhi,28.561334,77.1937503
Vijay Store,shop:clothes,Delhi,28.705229,77.1902886
Geetika jain,shop:clothes,Delhi,28.7053128,77.1903242
Kavita Couture,shop:clothes,Delhi,28.7048507,77.190144
Femina Collection,shop:clothes,Delhi,28.7056028,77.1904574
#basanti,shop:clothes,Delhi,28.7051988,77.1902753
Tesoro By Sania,shop:clothes,Delhi,28.7055173,77.1899244
Rivahz Timeless Elegance,shop:clothes,Delhi,28.7058521,77.1900407
Minimoon,shop:clothes,Delhi,28.7052178,77.1898713
Private Lives,shop:clothes,Delhi,28.7059334,77.1907229
Bodycare Kids,shop:clothes,Delhi,28.7049831,77.1897306
Vrinda,shop:clothes,Delhi,28.7058549,77.1908406
Malhotra Saree Emporium,shop:clothes,Delhi,28.7051722,77.1898471
Novelty Dress Emporium,shop:clothes,Delhi,28.70581,77.190611
Karpray by Saoliaz,shop:clothes,Delhi,28.7056786,77.1910056
Vstyle,shop:clothes,Delhi,28.705947,77.1906589
ibadat,shop:clothes,Delhi,28.7059201,77.1907678
Ethnic Town,shop:clothes,Delhi,28.7055386,77.1906419
Sagan Sarees,shop:clothes,Delhi,28.682813,77.2009814
Touch,shop:clothes,Delhi,28.682745,77.2010331
Bharat Reshma H-2,shop:clothes,Delhi,28.683197,77.2018324
Senor Store,shop:clothes,Delhi,28.6825013,77.2023912
Suits Him,shop:clothes,Delhi,28.6825378,77.2023639
Fancy Garments,shop:clothes,Delhi,28.5738576,77.2098823
Trendzilla,shop:clothes,Delhi,28.5744481,77.2086382
KLICK SELECTIONS Ground Floor,shop:clothes,Delhi,28.6456736,77.1886305
GARG SAREES,shop:clothes,Delhi,28.6894463,77.2736982
Miss World,shop:clothes,Delhi,28.6612922,77.3241101
Yash Sports Wear,shop:clothes,Delhi,28.6607657,77.323476
kottail,shop:clothes,Delhi,28.6860694,77.3424536
COBB Italy,shop:clothes,Delhi,28.6589873,77.4351731
Louis Phillipe,shop:clothes,Delhi,28.6595194,77.4358432
Pehnawa,shop:clothes,Delhi,28.6381234,77.1130325
Alcis,shop:clothes,Delhi,28.6128655,76.9936741
Canoe,shop:clothes,Delhi,28.6128539,76.9934351
Jainson,shop:clothes,Delhi,28.632809,77.2215294
vastra lok,shop:clothes,Delhi,28.6859918,77.3439286
khadi,shop:clothes,Delhi,28.6857547,77.3429385
Gazebo by the Lake,leisure:garden,Delhi,28.6727655,77.1981377
Narian manzil Mini garden,leisure:garden,Delhi,28.6297414,77.2241193
D Block Park,leisure:garden,Delhi,28.6671049,77.33216
Ajay Vatika,leisure:garden,Delhi,28.5466823,77.1361142
triangle park,leisure:garden,Delhi,28.6670706,77.3192714
Park in J Block Lajpat Nagar 3 with children's swings,leisure:garden,Delhi,28.5658233,77.2412348
Public Park in I Block Lajpat Nagar 3,leisure:garden,Delhi,28.5667817,77.2420176
Department Lawn,leisure:garden,Delhi,28.5614044,77.2814828
Gulistan-i- galib,leisure:garden,Delhi,28.5603578,77.2827633
Mughal garden,leisure:garden,Delhi,28.5624668,77.2843195
Garden,leisure:garden,Delhi,28.6138454,77.3368984
DDA Green Area,leisure:garden,Delhi,28.8417728,77.1281193
Margosa Lawn,leisure:garden,Delhi,28.5902172,77.224098
Silk Cotton Lawn,leisure:garden,Delhi,28.5902776,77.2245221
Apana Park,leisure:garden,Delhi,28.3911192,77.290168
3D Park,leisure:garden,Delhi,28.3921219,77.2902775
Green Circle,leisure:garden,Delhi,28.6763216,77.1125171
Amrit Udyan,leisure:garden,Delhi,28.6144441,77.1979008
Rose Garden,leisure:garden,Delhi,28.5945663,77.2218564
Herbal Garden,leisure:garden,Delhi,28.5386024,77.1937391
Pratibha School Vatika,leisure:garden,Delhi,28.7319805,77.1130775
Hayat Bakhsh,leisure:garden,Delhi,28.6577546,77.2429398
Herb Garden,leisure:garden,Delhi,28.6161797,77.196821
Nehru Stadium Ground,leisure:garden,Delhi,28.6593314,77.4395381
NetEdge Garden,leisure:garden,Delhi,28.614471,77.3679748
Arya Model Garden,leisure:garden,Delhi,28.712553,77.2200687
Buddha Circle,leisure:garden,Delhi,28.4157717,77.0603136
Shri Guru Tegh Bahadur Park,leisure:garden,Delhi,28.5020406,77.1832098
Gulistan-e-Ghalib,leisure:garden,Delhi,28.5614269,77.2809205
M Block Park,leisure:garden,Delhi,28.4904357,77.0854908
Mata Shanti Sevani Park,leisure:garden,Delhi,28.5366614,77.2116969
Jamia Hamdard Herbal Garden,leisure:garden,Delhi,28.5132734,77.2476086
Tulip Garden,leisure:garden,Delhi,28.5882657,77.1860134
Yamuna - Common garden,leisure:garden,Delhi,28.5238286,77.1496146
Director's Flower Garden,leisure:garden,Delhi,28.6264101,77.2372832
Shaheed Vatika,leisure:garden,Delhi,28.6086136,77.0358656
Gyandeep lawn,leisure:garden,Delhi,28.6107169,77.2871721
Herbal Vatika,leisure:garden,Delhi,28.597861,77.1416702
India - ASEAN Friendship Park,leisure:garden,Delhi,28.5945089,77.2115505
Plant Nursery,leisure:garden,Delhi,28.6607342,77.4477181
Mughal Garden,leisure:garden,Delhi,28.5260509,77.1865016
Silver Oak Lawn,leisure:garden,Delhi,28.5884918,77.2257523
Jawahar Gulab Vatika,leisure:garden,Delhi,28.6897426,77.2136649
Chowdhury Ramji Lal Chawri Vatika,leisure:garden,Delhi,28.662535,77.2052444
Kusuma School of Biological Sciences Garden,leisure:garden,Delhi,28.5457531,77.1940681
Kailash Lawns,leisure:garden,Delhi,28.5447897,77.1962885
Centennial Arboretum,leisure:garden,Delhi,28.6903319,77.2135416
Cafe Coffee Day,amenity:cafe,New Delhi,28.533492,77.1518947
Bon Temps Cafe,amenity:cafe,New Delhi,28.6428339,77.186576
Internet,amenity:cafe,New Delhi,28.6410051,77.2125387
Nescafe,amenity:cafe,New Delhi,28.7496454,77.1167453
CCD,amenity:cafe,New Delhi,28.4675603,77.0814521
Café Coffee Day,amenity:cafe,New Delhi,28.4600672,77.0518464
Madan Café,amenity:cafe,New Delhi,28.6407272,77.2111472
Cheela Cafe,amenity:cafe,New Delhi,28.5391092,77.1322417
Starbucks,amenity:cafe,New Delhi,28.6321974,77.2177075
Cafe Turtle,amenity:cafe,New Delhi,28.6002007,77.2273465
Cafe Diva,amenity:cafe,New Delhi,28.5566315,77.233279
Madras Coffee House,amenity:cafe,New Delhi,28.6318506,77.2163093
Wagh Bakri Tea Lounge,amenity:cafe,New Delhi,28.5336384,77.2442419
Costa,amenity:cafe,New Delhi,28.5335834,77.2433039
Stri Shakti Canteen,amenity:cafe,New Delhi,28.6626448,77.2339599
"Shiru Cafe, IIT Delhi",amenity:cafe,New Delhi,28.5447888,77.1911891
Hunger House,amenity:cafe,New Delhi,28.6406068,77.1048726
Amour Bistro,amenity:cafe,New Delhi,28.6016349,77.1859966
Roots,amenity:cafe,New Delhi,28.4694883,77.0683104
Nescafé,amenity:cafe,New Delhi,28.6934864,77.2108906
"subway, lavazza",amenity:cafe,New Delhi,28.5006053,77.1857471
The Brown Box,amenity:cafe,New Delhi,28.5412792,77.2156818
Festa Cafe ,amenity:cafe,New Delhi,28.6409134,77.2104527
Kitchen Cafe Roof Top,amenity:cafe,New Delhi,28.6409875,77.2128901
Café office office,amenity:cafe,New Delhi,28.6269741,77.2202933
Keventers,amenity:cafe,New Delhi,28.6289565,77.0767263
PAR Tech. Cyber Cafe,amenity:cafe,New Delhi,28.6811819,77.2610507
Barista,amenity:cafe,New Delhi,28.5466157,77.1967183
Smoothie factory,amenity:cafe,New Delhi,28.5464523,77.1965666
Shake square,amenity:cafe,New Delhi,28.7009228,77.1359545
Out Of The Box (OTB),amenity:cafe,New Delhi,28.5997702,77.2261911
caféccino,amenity:cafe,New Delhi,28.5545719,77.0858145
Devan's at Lodhi,amenity:cafe,New Delhi,28.5798966,77.2220134
Everest Bakery Cafe,amenity:cafe,New Delhi,28.6417215,77.2147806
Cafe Dosti,amenity:cafe,New Delhi,28.5172818,77.2000632
HCL cafeteria,amenity:cafe,New Delhi,28.5362862,77.3432062
Chaayos,amenity:cafe,New Delhi,28.6314625,77.2206262
Big Fat Sandwich,amenity:cafe,New Delhi,28.5529784,77.2077666
Brownie Cafe,amenity:cafe,New Delhi,28.6455932,77.2163926
Toffe bar,amenity:cafe,New Delhi,28.5526526,77.2556362
How You Brewing?,amenity:cafe,New Delhi,28.559779,77.2433169
Cafe City Lights,amenity:cafe,New Delhi,28.5595408,77.2423721
Concrete Cafe & Lounge,amenity:cafe,New Delhi,28.5596341,77.2427757
Cafe Coffe Day,amenity:cafe,New Delhi,28.5576249,77.2453629
Modern Bazaar,amenity:cafe,New Delhi,28.5960692,77.0411256
angels in my kitchen,amenity:cafe,New Delhi,28.5329797,77.2434993
Kunzum,amenity:cafe,New Delhi,28.553552,77.1943526
Playing Cup Cafe,amenity:cafe,New Delhi,28.6068044,77.2908063
Satguru’s tea stall,amenity:cafe,New Delhi,28.6504719,77.2303091
Honey n dough,amenity:cafe,New Delhi,28.5464901,77.1970726
Crackpot Cafe,amenity:cafe,New Delhi,28.5557969,77.2417664
SOS Cafe,amenity:cafe,New Delhi,28.5559586,77.175334
Onkar Cafe,amenity:cafe,New Delhi,28.7390615,77.1353427
AMA Cafe,amenity:cafe,New Delhi,28.7026406,77.2284294
the gol chakar,amenity:cafe,New Delhi,28.542141,77.252922
Happy cafe,amenity:cafe,New Delhi,28.668658,77.329741
Nitu Juice Center,amenity:cafe,New Delhi,28.669607,77.331338
Cafe Einstein,amenity:cafe,New Delhi,28.5479351,77.2507706
Café Hameen Asto,amenity:cafe,New Delhi,28.5177997,77.1985596
Bella Vie,amenity:cafe,New Delhi,28.5173258,77.200236
Cafe Lota,amenity:cafe,New Delhi,28.6131498,77.2426321
Happy Dough,amenity:cafe,New Delhi,28.5110406,77.2025519
The Walled City,amenity:cafe,New Delhi,28.6491519,77.232748
Hwealth Cafe,amenity:cafe,New Delhi,28.5744593,77.2291993
The Chai Kafe,amenity:cafe,New Delhi,28.6343655,77.2179596
Annapurna Cafe,amenity:cafe,New Delhi,28.6304901,77.3712595
Turquoise Cottage,amenity:cafe,New Delhi,28.5557387,77.2059
Chai Point,amenity:cafe,New Delhi,28.6340726,77.2179671
Ssongchee - Korea Bings Cafe,amenity:cafe,New Delhi,28.5174361,77.1984494
Henry Cafe,amenity:cafe,New Delhi,28.5153468,77.2056028
the food factory,amenity:cafe,New Delhi,28.5341421,77.2169982
wake up cafe,amenity:cafe,New Delhi,28.5355862,77.2166825
Coffee Cafe 9,amenity:cafe,New Delhi,28.5316504,77.2186674
chaudhry tea  stall,amenity:cafe,New Delhi,28.5346351,77.220773
pandji tea stall ,amenity:cafe,New Delhi,28.5332807,77.2218792
Jain coffee house,amenity:cafe,New Delhi,28.650606,77.2295833
The Junkyard Cafe,amenity:cafe,New Delhi,28.6303838,77.2207212
Blue Tokai Cafe,amenity:cafe,New Delhi,28.5529283,77.2078816
Qd's,amenity:cafe,New Delhi,28.6361281,77.2855466
Laidback Café,amenity:cafe,New Delhi,28.5274255,77.2171745
Café Underpass Courtyard,amenity:cafe,New Delhi,28.5784821,77.2383126
Sardar-Ji-Baksh Coffee and Company,amenity:cafe,New Delhi,28.5407564,77.2121254
Woodhouse Café,amenity:cafe,New Delhi,28.5362156,77.2095278
Foresta Bistro & Cafe,amenity:cafe,New Delhi,28.5179998,77.1992482
The Panchshila Rendezvous,amenity:cafe,New Delhi,28.5394874,77.2133656
Down Town Café & Kitchen,amenity:cafe,New Delhi,28.5088733,77.2007595
Mittal Teas,amenity:cafe,New Delhi,28.6299698,77.2229648
Yamuna Café,amenity:cafe,New Delhi,28.701979,77.2288343
Koko Café and Restaurant,amenity:cafe,New Delhi,28.7005268,77.2276866
United Coffee House,amenity:cafe,New Delhi,28.5514607,77.251537
Blue Tokai Coffee Roasters,amenity:cafe,New Delhi,28.6309899,77.2218384
Green Dot Theory,amenity:cafe,New Delhi,28.4445699,77.188257
Chonas,amenity:cafe,New Delhi,28.5277694,77.1895212
Sardarji Bakhsh Coffee and Company,amenity:cafe,New Delhi,28.6931287,77.2047996
Taste of Nation,amenity:cafe,New Delhi,28.5178715,77.1992205
Café Amsterdam,amenity:cafe,New Delhi,28.5399961,77.2581592
NYC Queens,amenity:cafe,New Delhi,28.5400859,77.2580101
Leaf Beat Bistro,amenity:cafe,New Delhi,28.5072646,77.200087
OTB Café,amenity:cafe,New Delhi,28.6343601,77.2182711
Open Hand Cafe (top top ;),amenity:cafe,New Delhi,28.6405754,77.2117485
Mapel Tree Cafe,amenity:cafe,New Delhi,28.5100632,77.2019615
The Construction Company,amenity:cafe,New Delhi,28.587778,77.1675315
The Chocolate Room,amenity:cafe,New Delhi,28.5336105,77.2062709
Cultured,amenity:cafe,New Delhi,28.5614184,77.1939656
DePaul's,amenity:cafe,New Delhi,28.6288925,77.2186728
Vaw Cafe,amenity:cafe,New Delhi,28.5199328,77.2018409
Nowhere Brewpub and cafe,amenity:cafe,New Delhi,28.4682859,77.0836684
Di Ghent,amenity:cafe,New Delhi,28.4682936,77.0830397
Chai Thela,amenity:cafe,New Delhi,28.5070388,77.1751014
WHSmith,amenity:cafe,New Delhi,28.506973,77.1752152
Kaffa Cerrado The Roastery,amenity:cafe,New Delhi,28.5390026,77.2702145
Quick Brown Fox Coffee Roasters,amenity:cafe,New Delhi,28.5033421,77.1853988
Carnatic Cafe,amenity:cafe,New Delhi,28.5336703,77.2423029
Roasters Coffee Company Book Cafe,amenity:cafe,New Delhi,28.5270603,77.2167659
Greenr Cafe,amenity:cafe,New Delhi,28.5037101,77.1854284
Hashery,amenity:cafe,New Delhi,28.6342664,77.2180918
L'Opéra,amenity:cafe,New Delhi,28.6090339,77.2296678
Madison and Pike,amenity:cafe,New Delhi,28.4144192,77.0654842
Coffee Spot,amenity:cafe,New Delhi,28.5671729,77.213153
Khopcha Cafe,amenity:cafe,New Delhi,28.5196007,77.2059641
Mustos Cafe,amenity:cafe,New Delhi,28.5611083,77.3653145
cafe,amenity:cafe,New Delhi,28.7136765,77.2164902
Tea Point,amenity:cafe,New Delhi,28.4851387,77.1938132
Nor sure,amenity:cafe,New Delhi,28.5734854,77.1539497
Pizza Grill,amenity:cafe,New Delhi,28.6774894,77.5008817
Travel Yoga Cafe,amenity:cafe,New Delhi,28.6357531,77.2205669
Manish Cafe,amenity:cafe,New Delhi,28.6296999,77.1797945
Fit Food 27,amenity:cafe,New Delhi,28.5743011,77.3282234
Cravity café,amenity:cafe,New Delhi,28.5531797,77.2081125
Aggarwal Sweets,amenity:cafe,New Delhi,28.5460399,77.3065386
Chai Cafe,amenity:cafe,New Delhi,28.5566241,77.2929293
cafe house,amenity:cafe,New Delhi,28.5519931,77.2988937
Guftagu Cafe,amenity:cafe,New Delhi,28.4852731,77.0948027
Café Turtle,amenity:cafe,New Delhi,28.5903723,77.2524954
Cafe Masti,amenity:cafe,New Delhi,28.7187719,77.0655675
Bloom Café & Cakery,amenity:cafe,New Delhi,28.5998699,77.2263436
Bean Sahab Cafe,amenity:cafe,New Delhi,28.5177362,77.1999325
Cafe-Tesu,amenity:cafe,New Delhi,28.5283041,77.2165116
Cafe Delhi Heights,amenity:cafe,New Delhi,28.6002371,77.2274371
Oval Bean Café,amenity:cafe,New Delhi,28.5543007,77.1945825
Suchali's,amenity:cafe,New Delhi,28.5572099,77.1640827
Cafe High Octane,amenity:cafe,New Delhi,28.4973861,77.3942487
Alma cafe & bakery,amenity:cafe,New Delhi,28.5007264,77.4093833
BAR OF BURGER,amenity:cafe,New Delhi,28.6048453,77.0541367
Love Green Dot Café,amenity:cafe,New Delhi,28.5364419,77.2110697
The Coffee Bean & Tea Leaf,amenity:cafe,New Delhi,28.5549147,77.0827495
Cafe t Area,amenity:cafe,New Delhi,28.3862489,77.3539225
HOT BLACK CAFE,amenity:cafe,New Delhi,28.3864805,77.3526367
Momo Magic Cafe,amenity:cafe,New Delhi,28.3862678,77.3537401
Dark Brown World Street,amenity:cafe,New Delhi,28.3866117,77.3531769
laidback cafe,amenity:cafe,New Delhi,28.5231651,77.2132041
Cafe Sixty 9,amenity:cafe,New Delhi,28.3944744,77.0318037
D’Cafe,amenity:cafe,New Delhi,28.3947196,77.0316524
Barista Dinner,amenity:cafe,New Delhi,28.3826187,77.052527
Nature's Peace,amenity:cafe,New Delhi,28.5518205,77.3186856
The Big Chill,amenity:cafe,New Delhi,28.5997717,77.2261395
The Highbrooks Cafe,amenity:cafe,New Delhi,28.5509244,77.2342399
Chai Chulha,amenity:cafe,New Delhi,28.6310806,77.2781194
Zahra Restaurant,amenity:cafe,New Delhi,28.5623329,77.288547
Tibetan Food Stop,amenity:cafe,New Delhi,28.5485659,77.1672174
Godavari Cafe,amenity:cafe,New Delhi,28.5450618,77.1665492
Sabarmati Dhaba,amenity:cafe,New Delhi,28.5451565,77.1638562
24×7 Cafe,amenity:cafe,New Delhi,28.5451985,77.1634213
mugal darbar,amenity:cafe,New Delhi,28.5428694,77.1600819
paratha wala,amenity:cafe,New Delhi,28.5335432,77.1692029
Café Crew Brew,amenity:cafe,New Delhi,28.6995996,77.20803
Blue Tokai,amenity:cafe,New Delhi,28.5614291,77.2688987
Third Wave,amenity:cafe,New Delhi,28.542225,77.253804
Nothing Before Coffee,amenity:cafe,New Delhi,28.5422268,77.2537368
Breigh,amenity:cafe,New Delhi,28.5613924,77.1933012
Jugmug,amenity:cafe,New Delhi,28.6534474,77.2399354
Dr's Cafe,amenity:cafe,New Delhi,28.7368357,77.111193
Pizza Workshop,amenity:cafe,New Delhi,28.6796719,77.3181678
Shree Shyam Confectionery,amenity:cafe,New Delhi,28.7363285,77.1119272
Cafe Museo,amenity:cafe,New Delhi,28.6109435,77.2194122
Kaffee Stories,amenity:cafe,New Delhi,28.4311426,77.0620379
Café Brownie (coffee),amenity:cafe,New Delhi,28.645817,77.2154412
Chai 24/7,amenity:cafe,New Delhi,28.6347571,77.2184665
Café Bamboo Oasis,amenity:cafe,New Delhi,28.5941514,77.2609769
Super Chai,amenity:cafe,New Delhi,28.549955,77.2338047
DUNKIN,amenity:cafe,New Delhi,28.6879166,77.2921832
Cheap food places,amenity:cafe,New Delhi,28.5650318,77.122799
NEW CAFE KING,amenity:cafe,New Delhi,28.689147,77.3010766
Crew Brew,amenity:cafe,New Delhi,28.39838,77.299076
nescafe,amenity:cafe,New Delhi,28.5016903,77.2862171
caffine chronicles,amenity:cafe,New Delhi,28.4999846,77.2916442
Coffee Break,amenity:cafe,New Delhi,28.5908601,77.2563801
Machandra Snacks,amenity:cafe,New Delhi,28.6867195,77.2085322
Xero Degrees,amenity:cafe,New Delhi,28.6328859,77.2227714
benta cafe,amenity:cafe,New Delhi,28.6787588,77.2079536
Love Bite Cafe,amenity:cafe,New Delhi,28.588688,77.1691745
Igniter Cafe,amenity:cafe,New Delhi,28.588414,77.1686436
Café 69,amenity:cafe,New Delhi,28.5886031,77.1689683
Ricos,amenity:cafe,New Delhi,28.5885827,77.1690539
Awarapan Cafe,amenity:cafe,New Delhi,28.5884966,77.1688106
Pandit Ji Partha Hut,amenity:cafe,New Delhi,28.5881876,77.1682611
Immortal Gaming Cafe,amenity:cafe,New Delhi,28.5879768,77.1688142
Cafe Mitro,amenity:cafe,New Delhi,28.5878444,77.1675983
Bottle House,amenity:cafe,New Delhi,28.5878311,77.1675464
The Bowton House Café,amenity:cafe,New Delhi,28.5877303,77.1672874
The Big House Café,amenity:cafe,New Delhi,28.588064,77.1679012
Rustic Cafe,amenity:cafe,New Delhi,28.5880537,77.1679015
Pandit Ji Tea Stall,amenity:cafe,New Delhi,28.5876277,77.1686816
Mum Café and Bakery,amenity:cafe,New Delhi,28.5877898,77.1684033
Nerds Of Comedy,amenity:cafe,New Delhi,28.5880515,77.1682334
Sista’s,amenity:cafe,New Delhi,28.5880081,77.1677761
Pipeline pizzeria,amenity:cafe,New Delhi,28.5879971,77.1677583
The Chai Latte,amenity:cafe,New Delhi,28.5882442,77.168369
Goyal Tea Junction,amenity:cafe,New Delhi,28.5875478,77.1686825
Cafe Unbound,amenity:cafe,New Delhi,28.5875721,77.1685498
Tirupati Bhawan,amenity:cafe,New Delhi,28.6333646,77.2226483
Alfa,amenity:cafe,New Delhi,28.5875537,77.1686987
Free of Gluten,amenity:cafe,New Delhi,28.5870102,77.1704721
Gitesh Dedha House,amenity:cafe,New Delhi,28.739708,77.2187078
Sabharwal Tea Stall,amenity:cafe,New Delhi,28.5931893,77.1645815
Parichai,amenity:cafe,New Delhi,28.6308108,77.2774683
Third Wave Coffee,amenity:cafe,New Delhi,28.4509594,77.0815414
AMUL PARLOUR,amenity:cafe,New Delhi,28.5951816,77.0181447
Del Bite,amenity:cafe,New Delhi,28.6440611,77.2014836
Astro Bakers,amenity:cafe,New Delhi,28.5372482,77.2487079
Cosmoc Cafe,amenity:cafe,New Delhi,28.6434883,77.2982775
Snocker Cafe,amenity:cafe,New Delhi,28.6435024,77.2982982
Dada & Bodi Tandoori Tea Stall,amenity:cafe,New Delhi,28.5397499,77.2487881
Roslyn Coffee,amenity:cafe,New Delhi,28.7147527,77.1162173
Yakuza Cafe,amenity:cafe,New Delhi,28.5536162,77.1943009
The Tea Room Cakery,amenity:cafe,New Delhi,28.5549056,77.1951137
Cafe Pink,amenity:cafe,New Delhi,28.5548412,77.1941455
Sukhchai,amenity:cafe,New Delhi,28.5592,77.1969003
Shellbeacon Cafe,amenity:cafe,New Delhi,28.554533,77.1947655
The Atrium,amenity:cafe,New Delhi,28.596264,77.0362265
Flavours - All Time Snacks,amenity:cafe,New Delhi,28.460619,77.0791424
Ninis Snacks,amenity:cafe,New Delhi,28.460578,77.0791392
Chaiorama,amenity:cafe,New Delhi,28.6329547,77.2821179
cvsv,amenity:cafe,New Delhi,28.6610786,77.2273116
Tea Crow Metry Cafe,amenity:cafe,New Delhi,28.6929255,77.2089366
The Garden Restaurant,amenity:cafe,New Delhi,28.6188178,77.178503
Cafe Buddy's Espresso,amenity:cafe,New Delhi,28.3921369,77.0593102
QuQu,amenity:cafe,New Delhi,28.392218,77.0591745
The waffle CO.,amenity:cafe,New Delhi,28.3923074,77.0589606
JP Tea Stall,amenity:cafe,New Delhi,28.6851224,77.2089432
Suto Cafe,amenity:cafe,New Delhi,28.583869,77.0715607
Naresh Tea and Coffee Sta,amenity:cafe,New Delhi,28.6014019,77.322742
KaफेMiत्रों,amenity:cafe,New Delhi,28.5857049,77.0715027
Teaवानि,amenity:cafe,New Delhi,28.6179673,77.0319903
The Daily Dose Cafe,amenity:cafe,New Delhi,28.6169987,77.033025
Yumiverse,amenity:cafe,New Delhi,28.617491,77.0331947
Flying Club Cafe And Bar,amenity:cafe,New Delhi,28.5862248,77.071568
Amul,amenity:cafe,New Delhi,28.7209425,77.140908
Dohful Cookies & Coffee,amenity:cafe,New Delhi,28.5433724,77.2039732
Hudson Cafe,amenity:cafe,New Delhi,28.6977965,77.2066565
BBR Coffee by Before British Raj,amenity:cafe,New Delhi,28.411246,77.1080579
panchayat cafe,amenity:cafe,New Delhi,28.6913717,77.490822
by the way,amenity:cafe,New Delhi,28.6855613,77.4823261
south indian cafe,amenity:cafe,New Delhi,28.6883331,77.4841857
Capital Coffee,amenity:cafe,New Delhi,28.5852714,77.0672265
Sharma Milk Point,amenity:cafe,New Delhi,28.6554802,77.229172
Aroma Cafe,amenity:cafe,New Delhi,28.5949565,77.0415522
After Hours,amenity:cafe,New Delhi,28.5921725,77.0416734
Cafe Coffee Bar,amenity:cafe,New Delhi,28.5923639,77.0414092
Cafe After Hours,amenity:cafe,New Delhi,28.5922121,77.04169
Bistro,amenity:cafe,New Delhi,28.5580333,77.2073015
Cafe Nifraam,amenity:cafe,New Delhi,28.4971108,77.4263968
Chillax And Relax,amenity:cafe,New Delhi,28.6567596,77.2256427
Gulbano,amenity:cafe,New Delhi,28.553674,77.240784
The Snook House,amenity:cafe,New Delhi,28.5536387,77.240787
Cafe Madox,amenity:cafe,New Delhi,28.7068184,77.1234337
Sheesh Mahal tea corner,amenity:cafe,New Delhi,28.7071673,77.1233286
Snowberry,amenity:cafe,New Delhi,28.7095182,77.122773
Kubana Cafe,amenity:cafe,New Delhi,28.706821,77.1234786
Kenangan Coffee,amenity:cafe,New Delhi,28.5462946,77.1967626
Retrolivious Cafe,amenity:cafe,New Delhi,28.5685917,77.324753
Reader's Coffee House,amenity:cafe,New Delhi,28.5688474,77.3244351
Longewala Lounge,amenity:cafe,New Delhi,28.5741516,77.1172733
Patel Tea Stall,amenity:cafe,New Delhi,28.5397101,77.2788477
Books and Beans Cafe,amenity:cafe,New Delhi,28.6069031,77.2909556
Third Wave Coffee Roasters,amenity:cafe,New Delhi,28.4803789,77.0926822
Shack Coffee Co.,amenity:cafe,New Delhi,28.5477617,77.2165258
Empire Cafe House,amenity:cafe,New Delhi,28.6918315,77.2078104
school cafe,amenity:cafe,New Delhi,28.6489779,77.3676482
Uzair Tea Stall,amenity:cafe,New Delhi,28.622619,77.2903626
Lazy Monk Cafe,amenity:cafe,New Delhi,28.5498687,77.2154821
Charcoal eats,amenity:cafe,New Delhi,28.5471917,77.2143841
USCO Cafe,amenity:cafe,New Delhi,28.5475273,77.2164131
Sibang Bakery,amenity:cafe,New Delhi,28.4759105,77.0932948
Bread Talk,amenity:cafe,New Delhi,28.4482254,77.0992136
For Earth's Sake,amenity:cafe,New Delhi,28.4482557,77.0991767
Another Fine Day,amenity:cafe,New Delhi,28.4478519,77.0992521
Chaupalpur,amenity:cafe,New Delhi,28.5044318,77.3204684
LAPIZZANO,amenity:cafe,New Delhi,28.5045209,77.3208606
Grass Cafe,amenity:cafe,New Delhi,28.5370548,77.2359421
Nest by 1Oak,amenity:cafe,New Delhi,28.5370781,77.2359984
Sweet Obsession,amenity:cafe,New Delhi,28.4482716,77.0992474
Cheesecake and Co.,amenity:cafe,New Delhi,28.5942937,77.0474989
Koby's,amenity:cafe,New Delhi,28.5949937,77.0481238
Honey & Dough,amenity:cafe,New Delhi,28.5927046,77.0461485
UNION Artisan Coffee,amenity:cafe,New Delhi,28.5961991,77.0491527
Dōugh & Cream,amenity:cafe,New Delhi,28.5953562,77.0484467
Chaayos Experience,amenity:cafe,New Delhi,28.4803226,77.0927675
Dohful,amenity:cafe,New Delhi,28.4803521,77.0928384
Cafe Amour,amenity:cafe,New Delhi,28.4647133,77.0954963
Another Fine Day Cafe and Reading Room,amenity:cafe,New Delhi,28.4547627,77.0971629
Diggin,amenity:cafe,New Delhi,28.5950905,77.1979808
Cafe De Flora,amenity:cafe,New Delhi,28.5948908,77.1984828
Pehle Chai,amenity:cafe,New Delhi,28.4603842,77.0798764
Bizibean,amenity:cafe,New Delhi,28.4458975,77.1001592
Tim Hortons,amenity:cafe,New Delhi,28.4947426,77.0879293
Cafe,amenity:cafe,New Delhi,28.5187976,77.3654646
Dhawan Corner,amenity:cafe,New Delhi,28.6918841,77.153897
Cafe Coffee Brew,amenity:cafe,New Delhi,28.693423,77.1510447
Coffee Island,amenity:cafe,New Delhi,28.6935584,77.1509444
Mocha,amenity:cafe,New Delhi,28.6318635,77.222533
Darshini Cafe,amenity:cafe,New Delhi,28.6326908,77.2225729
Honey and Dough,amenity:cafe,New Delhi,28.7050388,77.1902323
Bhatia,amenity:cafe,New Delhi,28.64567,77.2166863
Sit and Chill,amenity:cafe,New Delhi,28.6012573,77.3224096
"Roastery Coffee House, Noida Extension",amenity:cafe,New Delhi,28.6095054,77.4649968
Caffyn,amenity:cafe,New Delhi,28.6464867,77.3663559
Masson's,amenity:cafe,New Delhi,28.7053741,77.1903825
Meltora,amenity:cafe,New Delhi,28.7066575,77.1904409
Red Bricks Cafe,amenity:cafe,New Delhi,28.517651,77.20022
Orange Chopsticks,amenity:cafe,New Delhi,28.5183824,77.1991938
Brown Sugar,amenity:cafe,New Delhi,28.5175233,77.1984362
Costa Coffee,amenity:cafe,New Delhi,28.6003202,77.2276228
Green Neko,amenity:cafe,New Delhi,28.5612469,77.1938065
Gelato and Cafe,amenity:cafe,New Delhi,28.7058847,77.1901041
Chote Lal Tea Store,amenity:cafe,New Delhi,28.7056147,77.1907518
Waffle Some,amenity:cafe,New Delhi,28.7056748,77.1908944
The King Royal Cafe,amenity:cafe,New Delhi,28.6937217,77.2176548
KofiKafi,amenity:cafe,New Delhi,28.6949473,77.2141313
Chain Chulha,amenity:cafe,New Delhi,28.694961,77.2141067
Dhaba,amenity:cafe,New Delhi,28.4044762,77.1739671
Canteen,amenity:cafe,New Delhi,28.59487,77.0183238
FX YOUTH,amenity:cafe,New Delhi,28.5590421,77.2835112
Ganga Dhaba,amenity:cafe,New Delhi,28.5496314,77.1679008
Ram Singh's Dhaba,amenity:cafe,New Delhi,28.5497474,77.1680952
Lavonne Cafe,amenity:cafe,New Delhi,28.5752062,77.2381252
golden bowl,amenity:cafe,New Delhi,28.6837039,77.3540517
Bethak Snooker And Cafe,amenity:cafe,New Delhi,28.5199792,77.2013995
Students' Centre,amenity:cafe,New Delhi,28.6116515,77.0369261
Coffee House Bindapur,amenity:cafe,New Delhi,28.6078718,77.0664178
FLAVOURZ FACTOREE,amenity:cafe,New Delhi,28.6199439,77.0444855
Fun & Shakes,amenity:cafe,New Delhi,28.6955427,76.9332235
द: NUKKAD,amenity:cafe,New Delhi,28.4902882,77.0829105
Dorrance cafe club,amenity:cafe,New Delhi,28.3886678,77.3487476
Cafe Tesu,amenity:cafe,New Delhi,28.5440388,77.2013609
Amul Shop,amenity:cafe,New Delhi,28.5911958,77.0682453
cafe chai,amenity:cafe,New Delhi,28.5079505,77.1963995
Sandwish Smugglers,amenity:cafe,New Delhi,28.5345538,77.2280928
Altogether Experimental,amenity:cafe,New Delhi,28.5180894,77.1978516
JugMug Thela,amenity:cafe,New Delhi,28.5172641,77.1999662
Namah 25° north Xpress,amenity:cafe,New Delhi,28.6948311,77.2141585
Kotak Mahindra Bank;india,leisure:park,New Delhi,28.4808629,77.0848883
Express Garden,leisure:park,New Delhi,28.6388139,77.3675614
Picnic Hut,leisure:park,New Delhi,28.688928,77.1763849
Vivekanand Park (Sindi Park),leisure:park,New Delhi,28.6397522,77.1866567
"Bada Gol Chakkar (Bawana Industrial Area, Delhi)",leisure:park,New Delhi,28.789992,77.0534583
DDA Park,leisure:park,New Delhi,28.6361305,77.3013028
Channa Ram Bansal Memorial Park,leisure:park,New Delhi,28.6722025,77.1312597
Traffic Training Park;East Punjabi Bagh,leisure:park,New Delhi,28.6721319,77.1385714
JaiDev Park,leisure:park,New Delhi,28.6709928,77.1505555
DTC Park,leisure:park,New Delhi,28.6510864,77.1574434
G Block Park,leisure:park,New Delhi,28.6519808,77.1608069
Rock Garden,leisure:park,New Delhi,28.6500978,77.1684565
Jogger's Park,leisure:park,New Delhi,28.6457808,77.1727642
Central Park,leisure:park,New Delhi,28.6453995,77.173542
R Block Park,leisure:park,New Delhi,28.6362518,77.1789011
Haathi Park,leisure:park,New Delhi,28.6371416,77.1798452
Sita Park,leisure:park,New Delhi,28.6338082,77.1794321
Shahid Dhruv Lal Yadav Park,leisure:park,New Delhi,28.6787876,77.3813686
"D Block, Sector 36 Park",leisure:park,New Delhi,28.5712453,77.3474442
Gautam Budh park,leisure:park,New Delhi,28.579952,77.3033014
"Mansarovar Park,Sector 15,Noida",leisure:park,New Delhi,28.5811076,77.3031364
Railway Park,leisure:park,New Delhi,28.6381513,77.2999565
C Park,leisure:park,New Delhi,28.5853698,77.3076086
Sector 52 Park,leisure:park,New Delhi,28.435141,77.0886406
Children Park,leisure:park,New Delhi,28.5723493,77.3888434
Park @ Ajnara,leisure:park,New Delhi,28.5729563,77.3922164
Children Playing Area,leisure:park,New Delhi,28.567891,77.3921787
Municipla Park,leisure:park,New Delhi,28.5676859,77.393198
Infocity Park,leisure:park,New Delhi,28.4302895,77.0153305
Vivekananda Park,leisure:park,New Delhi,28.6846995,77.3629861
Shiv Park,leisure:park,New Delhi,28.6843987,77.3643606
JANKI DEVI PARK,leisure:park,New Delhi,28.7654772,77.2652316
Chaupal Park,leisure:park,New Delhi,28.5314856,77.2053232
Subhash Park,leisure:park,New Delhi,28.6803476,77.3659004
Gole Park,leisure:park,New Delhi,28.6844393,77.3662757
Green Park,leisure:park,New Delhi,28.6855655,77.3674995
Shani Chowk Park,leisure:park,New Delhi,28.6830921,77.3711889
Triangular Park,leisure:park,New Delhi,28.6840229,77.370678
Karan Park,leisure:park,New Delhi,28.6844957,77.3723988
Vydehi Park,leisure:park,New Delhi,28.6827807,77.3604028
Vivekanand Park,leisure:park,New Delhi,28.6841208,77.3596118
Prerna Park,leisure:park,New Delhi,28.6840491,77.3609575
Sahyog Park,leisure:park,New Delhi,28.6866176,77.3597663
Shaheed Swapnil vatika,leisure:park,New Delhi,28.6455082,77.3437612
Tikona Park,leisure:park,New Delhi,28.4537674,77.0172825
Children park,leisure:park,New Delhi,28.4532911,77.017516
Atal Vatika Park,leisure:park,New Delhi,28.4533282,77.0195396
park,leisure:park,New Delhi,28.5232369,77.2347078
Rail Vihar Society Park,leisure:park,New Delhi,28.6641711,77.3801845
Children's Park,leisure:park,New Delhi,28.6900315,77.3450011
Charkhi Wala Park,leisure:park,New Delhi,28.6754993,77.18564
"gurjjar samrat mihir bhoj park ,2",leisure:park,New Delhi,28.4987858,77.3100276
local park,leisure:park,New Delhi,28.4988369,77.3186906
gurjjar samrat mihir bhoj park,leisure:park,New Delhi,28.498953,77.3093449
Bali Nagar Senior Citizen Park,leisure:park,New Delhi,28.6526327,77.1283952
"Rajesh Verma Ji Park , Chhota Cp",leisure:park,New Delhi,28.6537042,77.1272731
Bali Nagar Children's Park,leisure:park,New Delhi,28.6523977,77.127686
Ramesh Park,leisure:park,New Delhi,28.6352913,77.270571
Chota Vishwa Karma Park,leisure:park,New Delhi,28.6384387,77.2702894
Mandir Park,leisure:park,New Delhi,28.6233804,77.4465042
Junior High School Ground Chipiyana Buzurg,leisure:park,New Delhi,28.6215579,77.4467639
Primary School Chipiyana Buzurg,leisure:park,New Delhi,28.6278057,77.4524387
Chaudhary Hirdhay Ram Smriti Park,leisure:park,New Delhi,28.7420648,77.1323767
SL Park,leisure:park,New Delhi,28.4056708,77.363589
MK Park,leisure:park,New Delhi,28.4049527,77.3634991
Palms park,leisure:park,New Delhi,28.415172,77.3550818
Canine Elite,leisure:park,New Delhi,28.4385262,77.1893889
Sai Park,leisure:park,New Delhi,28.6539806,77.4119105
Garhwali Park,leisure:park,New Delhi,28.6535803,77.4129409
G block Park,leisure:park,New Delhi,28.6571254,77.411309
Bhim Ambedkar Park,leisure:park,New Delhi,28.6463899,77.4212359
Army Base Public Playground,leisure:park,New Delhi,28.6544444,77.4208702
Sheesam Ka Maidan,leisure:park,New Delhi,28.6534376,77.4213966
Ambedkar Park,leisure:park,New Delhi,28.4947063,77.3252605
Jagat ram park,leisure:park,New Delhi,28.634958,77.2774691
Deer park,leisure:park,New Delhi,28.5606297,77.2004942
BADMINTON COURT,leisure:park,New Delhi,28.5708202,77.1650802
Gokalpuri park,leisure:park,New Delhi,28.6953512,77.2913475
Table tennis hall,leisure:park,New Delhi,28.6371253,77.361007
Entrance,leisure:park,New Delhi,28.6367798,77.3629406
M block park,leisure:park,New Delhi,28.5828236,77.3420453
L Block Park,leisure:park,New Delhi,28.5848615,77.3401195
Aashram park,leisure:park,New Delhi,28.6600004,77.3811105
Durga Pooja Ground,leisure:park,New Delhi,28.5825396,77.3405637
J-Block Park,leisure:park,New Delhi,28.5840951,77.3385863
Sector 21 park,leisure:park,New Delhi,28.5871533,77.3354945
sector 26 park,leisure:park,New Delhi,28.5818988,77.336081
Tikona park,leisure:park,New Delhi,28.6611374,77.3824183
Public park,leisure:park,New Delhi,28.600239,77.0562837
Driving Park,leisure:park,New Delhi,28.6057094,77.0526107
Sector 4 park,leisure:park,New Delhi,28.6035043,77.0491504
Jogger's park,leisure:park,New Delhi,28.603058,77.0536207
Ambedkar park chungi,leisure:park,New Delhi,28.496171,77.2850613
DDA Orchard Park,leisure:park,New Delhi,28.72911,77.1396576
Ground,leisure:park,New Delhi,28.4127572,77.3536899
ME   ♡𓆝,leisure:park,New Delhi,28.5214172,77.3542078
e block park,leisure:park,New Delhi,28.5365204,77.254589
D-8 Park,leisure:park,New Delhi,28.5292523,77.1440096
Shiv Nagar Park,leisure:park,New Delhi,28.6534508,77.1892179
Trikona Park,leisure:park,New Delhi,28.6477817,77.1823209
Sanjay Van gate (near IIFT),leisure:park,New Delhi,28.5369689,77.1818893
Sports Ground,leisure:park,New Delhi,28.6141047,77.3358697
choudhary charan singh park,leisure:park,New Delhi,28.6855162,77.4909832
pac park,leisure:park,New Delhi,28.6905588,77.4886869
"C block big, local Park",leisure:park,New Delhi,28.6734598,77.4649982
Local park,leisure:park,New Delhi,28.5399116,77.2363476
cb  block park,leisure:park,New Delhi,28.620019,77.1350824
B-block central park,leisure:park,New Delhi,28.6933546,77.3301253
sheesh mahal,leisure:park,New Delhi,28.7149047,77.1510025
JIIT-128 Campus Ground,leisure:park,New Delhi,28.5193178,77.3659633
Main Ground,leisure:park,New Delhi,28.5196876,77.3662535
"Chota Gol Chakkar (Bawana Industrial Area, Delhi",leisure:park,New Delhi,28.7932579,77.0483565
Mirabai Park,leisure:park,New Delhi,28.6906137,77.1991648
Leisure Valley Park,leisure:park,New Delhi,28.4691967,77.0660875
HUDA Garden,leisure:park,New Delhi,28.4747832,77.0532713
Sector 45 Community park,leisure:park,New Delhi,28.442319,77.067409
Tau Devi Lal Park,leisure:park,New Delhi,28.5021059,77.0568284
Vasant Vatika,leisure:park,New Delhi,28.5343544,77.146301
Talab Park,leisure:park,New Delhi,28.4197572,77.3157882
B Block Community Park,leisure:park,New Delhi,28.5537926,77.1757655
BC-BD Block Community Park,leisure:park,New Delhi,28.5531789,77.1751813
BA-BB Block Community Park,leisure:park,New Delhi,28.5542851,77.1764908
Jamun Wala Park,leisure:park,New Delhi,28.5301909,77.2171216
National Police Memorial Complex,leisure:park,New Delhi,28.6033556,77.193907
Sector 46 Central Park,leisure:park,New Delhi,28.4343974,77.0607294
India Gate Park,leisure:park,New Delhi,28.6117622,77.2291886
Tau Devi Lal Bio-Diversity and Botonical Garden,leisure:park,New Delhi,28.4327439,77.0931117
Shaheed Smarak Smriti Park,leisure:park,New Delhi,28.5673342,77.3375446
J block Park,leisure:park,New Delhi,28.583995,77.338571
Shani Bazar Park,leisure:park,New Delhi,28.5793936,77.3254091
indo gulf park,leisure:park,New Delhi,28.5772576,77.326948
Priyadarshani Park,leisure:park,New Delhi,28.5965551,77.3388661
L-block small park,leisure:park,New Delhi,28.5978898,77.3360984
L-Block Park,leisure:park,New Delhi,28.5969779,77.3348155
C Block Park,leisure:park,New Delhi,28.6089032,77.3605637
E-Block Park Sector 52,leisure:park,New Delhi,28.5904949,77.3712494
"B-Block Park, Sector-52",leisure:park,New Delhi,28.5879741,77.3691076
A-Block Park Sector 52,leisure:park,New Delhi,28.5881772,77.371701
Triphala Park,leisure:park,New Delhi,28.5947656,77.3685013
Pt Ram Keval Mishra Park,leisure:park,New Delhi,28.5971774,77.370713
Biodiversity Park,leisure:park,New Delhi,28.5141234,77.3955466
Vaibhav Park,leisure:park,New Delhi,28.6366511,77.3631935
Swarna Jayanti Park,leisure:park,New Delhi,28.6437671,77.3683511
Joggers Park,leisure:park,New Delhi,28.6368887,77.3716193
Dev Ahilya Bai Park,leisure:park,New Delhi,28.6437444,77.3635587
Krishna Vatika Park,leisure:park,New Delhi,28.6478621,77.336114
Aadarsh Park,leisure:park,New Delhi,28.6661098,77.3747723
Netaji Subhas Chandra Bose Park,leisure:park,New Delhi,28.6683673,77.3792157
Indira Gandhi Mahila Park,leisure:park,New Delhi,28.6118491,77.3092789
Amir Khusro Park,leisure:park,New Delhi,28.5948623,77.2417855
CH Lekharam Park,leisure:park,New Delhi,28.6911918,77.1711748
Janak Vatika,leisure:park,New Delhi,28.6795501,77.1769762
Ashoka Garden,leisure:park,New Delhi,28.6843208,77.1789364
Shakti Apartments Park,leisure:park,New Delhi,28.6841134,77.187585
Radhe Lal Park,leisure:park,New Delhi,28.6887744,77.184529
Shalimar Bagh,leisure:park,New Delhi,28.7181934,77.1502684
Swarn Jayanti Park,leisure:park,New Delhi,28.7230529,77.1188552
Colonel Prem Sahgal Park,leisure:park,New Delhi,28.7238379,77.1101875
Shaheed Bhagat Singh Park,leisure:park,New Delhi,28.7338416,77.1098813
F Block Pocket 2 Park,leisure:park,New Delhi,28.7326131,77.1079457
District Park,leisure:park,New Delhi,28.7379658,77.1272933
Katyani Maa Park,leisure:park,New Delhi,28.7159557,77.1333443
Rani Laxmi Bai Park,leisure:park,New Delhi,28.7318691,77.1286235
Municipal Park,leisure:park,New Delhi,28.7147139,77.1736298
Aadikavi Maharshi Valmiki Udyan,leisure:park,New Delhi,28.7279948,77.1778963
Baba Ramdev Park,leisure:park,New Delhi,28.7322837,77.1724397
Mahendra Park,leisure:park,New Delhi,28.7216779,77.1668981
Maharaja Agersen Park,leisure:park,New Delhi,28.7274548,77.0871758
Hindi Park,leisure:park,New Delhi,28.6429795,77.2418818
Atal Bihari Vajpayee Sadbhavna Park,leisure:park,New Delhi,28.6429184,77.2461028
Raj Ghat,leisure:park,New Delhi,28.6447381,77.2497678
Indraprastha Park,leisure:park,New Delhi,28.6009938,77.2538927
Lodhi Gardens,leisure:park,New Delhi,28.5934806,77.2195624
Asaf Ali Park,leisure:park,New Delhi,28.5504272,77.2463037
Hansraj Sethi Park,leisure:park,New Delhi,28.5469057,77.2612653
N Block Park,leisure:park,New Delhi,28.5589717,77.2344389
D.D.A. Park Panchsheel,leisure:park,New Delhi,28.5488012,77.2234462
Buddha Jayanti Park,leisure:park,New Delhi,28.6156685,77.1774073
Ajmal Khan Park,leisure:park,New Delhi,28.6534573,77.1970309
Kaccha Bagh,leisure:park,New Delhi,28.6574801,77.2296964
Company Bagh,leisure:park,New Delhi,28.658797,77.2276341
Safdarjung's Tomb,leisure:park,New Delhi,28.5895758,77.2108004
India Africa Friendship Rose Garden,leisure:park,New Delhi,28.5879341,77.1849542
Singapore Park,leisure:park,New Delhi,28.5883989,77.1803228
Mehrauli Archaeological Park,leisure:park,New Delhi,28.5212034,77.1858796
S Block Park,leisure:park,New Delhi,28.5315597,77.2419792
Mela ground,leisure:park,New Delhi,28.5374766,77.252111
Durga Puja Ground,leisure:park,New Delhi,28.5401024,77.2449742
E block Basket Ball park,leisure:park,New Delhi,28.5506936,77.2415025
Ramlila Maidan,leisure:park,New Delhi,28.6667534,77.286454
Char Bagh Najaf Khan Tomb,leisure:park,New Delhi,28.5808655,77.213536
royal tower park,leisure:park,New Delhi,28.6388241,77.3779386
Rose Garden,leisure:park,New Delhi,28.3885615,77.2972434
B-Block Park,leisure:park,New Delhi,28.3813281,77.3046576
3C park,leisure:park,New Delhi,28.3935872,77.291652
3F Park,leisure:park,New Delhi,28.3946007,77.2887355
NIT 5 Park,leisure:park,New Delhi,28.3995866,77.2980303
Sector 4 Public Park,leisure:park,New Delhi,28.6034463,77.0490865
Public Park,leisure:park,New Delhi,28.6017747,77.0459808
Maharishi Dayanand Saraswati Park,leisure:park,New Delhi,28.630949,77.0779724
Vikaspuri M Blocck District Park,leisure:park,New Delhi,28.6349729,77.074313
GULMOHAR PARK,leisure:park,New Delhi,28.5548841,77.2107248
Shalimar Garden,leisure:park,New Delhi,28.7078423,77.1896258
D-Park,leisure:park,New Delhi,28.7091752,77.1846897
Shri Sanatan Dharm Mandir Park,leisure:park,New Delhi,28.7083395,77.1909709
Om Shanti Park,leisure:park,New Delhi,28.6738426,77.4352136
Sindhi Park,leisure:park,New Delhi,28.6400598,77.1869751
Nehru Park,leisure:park,New Delhi,28.6660132,77.3235208
Rajiv Chowk Central Park,leisure:park,New Delhi,28.6328099,77.2197083
Neighborhood Park,leisure:park,New Delhi,28.6782093,77.085373
Peera garhi Shiv Mandir Park,leisure:park,New Delhi,28.6765648,77.0881023
Sector 108 Noida Central Park,leisure:park,New Delhi,28.5282895,77.3775221
Meghdootam Park,leisure:park,New Delhi,28.5754977,77.3726221
Jheel Park,leisure:park,New Delhi,28.6962771,77.1086562
Chotu Ram Park,leisure:park,New Delhi,28.7128801,77.1096285
Sector 93A Park,leisure:park,New Delhi,28.5206862,77.379496
Park,leisure:park,New Delhi,28.4444995,77.313199
Sector 16 HUDA Park,leisure:park,New Delhi,28.4086152,77.3191867
Bahubali Park,leisure:park,New Delhi,28.6559812,77.3053568
Noida Botanical Garden,leisure:park,New Delhi,28.5623476,77.3291234
Apna park,leisure:park,New Delhi,28.4500662,77.3162712
NTPC Eco Park,leisure:park,New Delhi,28.5199109,77.3194012
Ticona Park,leisure:park,New Delhi,28.5063432,77.0496458
Kargil Colony Park,leisure:park,New Delhi,28.5899483,77.0411333
Bharat Vandana park,leisure:park,New Delhi,28.5711836,77.0590767
"Park no 3, Sector 9 Dwarka",leisure:park,New Delhi,28.5797798,77.0689728
Block-C Park,leisure:park,New Delhi,28.6739246,77.3781863
Block-B Park,leisure:park,New Delhi,28.6758155,77.3783299
Block-A Park,leisure:park,New Delhi,28.6766834,77.3797315
Entrance Fountain Park,leisure:park,New Delhi,28.6753515,77.3794222
Appatment Park,leisure:park,New Delhi,28.6045263,77.0493255
S.D.M.C. Park,leisure:park,New Delhi,28.563782,77.0525938
Sector - 23 Narrow Park,leisure:park,New Delhi,28.561724,77.0557524
"D.D.A. Park - 4, Sector - 23",leisure:park,New Delhi,28.5618574,77.0543641
Herbal Park,leisure:park,New Delhi,28.5951716,77.0634764
Shaheed Major Sanjay Lohchub Park,leisure:park,New Delhi,28.5906931,77.0609939
A-Block Park,leisure:park,New Delhi,28.5704302,77.3607456
D-Block Park,leisure:park,New Delhi,28.5675186,77.3595816
C-Block Part,leisure:park,New Delhi,28.5689249,77.3614484
F-Block Park,leisure:park,New Delhi,28.5663267,77.3611064
E-Block Park,leisure:park,New Delhi,28.566574,77.3639456
District Public Park,leisure:park,New Delhi,28.615518,77.0264284
Janakpur B Block District Park,leisure:park,New Delhi,28.6230519,77.0902741
Rose Park,leisure:park,New Delhi,28.6199089,77.0874615
Udham Singh Park,leisure:park,New Delhi,28.6297631,77.1146056
SPG COMPLEX,leisure:park,New Delhi,28.5664438,77.0698599
Chawla Park,leisure:park,New Delhi,28.6477569,77.1753308
Prasad Nagar Park,leisure:park,New Delhi,28.6470848,77.1786409
Central park,leisure:park,New Delhi,28.5611936,77.0618927
District Park Sarita Vihar,leisure:park,New Delhi,28.527623,77.2920807
K block park,leisure:park,New Delhi,28.5224355,77.211365
Thakur Vatika,leisure:park,New Delhi,28.5217296,77.2136243
Fountain Park,leisure:park,New Delhi,28.6702654,77.1505498
NIL Block Park,leisure:park,New Delhi,28.5335421,77.2104442
"RamLeela Ground, Sanjay Nagar",leisure:park,New Delhi,28.6938736,77.4500285
Nagar Van Park,leisure:park,New Delhi,28.600099,77.1008893
Guru Nanak Dev Park,leisure:park,New Delhi,28.6458028,77.1914636
D Park,leisure:park,New Delhi,28.6168379,77.36475
Sanjay Park,leisure:park,New Delhi,28.6309653,77.2811707
Priyadarshani Indira Gandhi Park,leisure:park,New Delhi,28.5281693,77.2554617
Paschim Vihar District Park,leisure:park,New Delhi,28.6719307,77.0956143
Shankar Garden,leisure:park,New Delhi,28.6312519,77.069752
Guitar Park,leisure:park,New Delhi,28.673305,77.0839308
Janmashtami Park,leisure:park,New Delhi,28.6625013,77.0928983
Maharaja Ranjit Singh Park,leisure:park,New Delhi,28.5613825,77.2141474
Nihal Vihar Park,leisure:park,New Delhi,28.659265,77.0727613
Malabar Garden,leisure:park,New Delhi,28.6370739,77.1271916
Dilli Chalo Park,leisure:park,New Delhi,28.6545104,77.2426514
Central Park CA and CD Block,leisure:park,New Delhi,28.6262379,77.1052775
Bhagwan Shri Parshuram Park,leisure:park,New Delhi,28.6240128,77.1098863
Doctor Sushila Nayyar Park,leisure:park,New Delhi,28.6270424,77.1206397
Salvage Park,leisure:park,New Delhi,28.6150364,77.1099755
Shivaji Marg Park Part 1,leisure:park,New Delhi,28.6638048,77.1519997
Shivaji Marg Park Part 2,leisure:park,New Delhi,28.6673306,77.1554489
Baccha Park,leisure:park,New Delhi,28.6870873,77.3490957
Dr. APJ Abdul Kalam Park,leisure:park,New Delhi,28.6869258,77.3487872
Ekta Park,leisure:park,New Delhi,28.6882822,77.345968
shanti park,leisure:park,New Delhi,28.6887453,77.3481377
mahila jagriti park,leisure:park,New Delhi,28.6897048,77.3498107
ram vatika,leisure:park,New Delhi,28.6912888,77.3465978
Jasola District Park,leisure:park,New Delhi,28.5404579,77.2859442
Netaji Subhash Sports Complex,leisure:park,New Delhi,28.5390398,77.2907216
Purdah Bagh,leisure:park,New Delhi,28.6492305,77.240711
Shri Maa Anandmayee Ashram Park,leisure:park,New Delhi,28.5433084,77.2728464
Vaishnavi DDA Park & Nursery,leisure:park,New Delhi,28.6987165,77.1757689
Dr. Ram Manohar Lohia Park,leisure:park,New Delhi,28.6829351,77.3491321
vijay park,leisure:park,New Delhi,28.6904337,77.3379335
गुलमोहर पार्क,leisure:park,New Delhi,28.6914805,77.3429855
रोज़ पार्क,leisure:park,New Delhi,28.6918493,77.3405589
दयानंद पार्क,leisure:park,New Delhi,28.69148,77.3416844
Keshav Vatika,leisure:park,New Delhi,28.6619262,77.3230477
B Block Park Ramprastha Colony,leisure:park,New Delhi,28.6585157,77.3236527
Dhruv park,leisure:park,New Delhi,28.6684701,77.3272691
Rampuri A-Block park,leisure:park,New Delhi,28.6702751,77.3293234
Rampuri B-Block Park,leisure:park,New Delhi,28.6723009,77.328247
Ram Park,leisure:park,New Delhi,28.6651107,77.3309742
Mahavir Park,leisure:park,New Delhi,28.6680893,77.3187075
Ramprastha A Block Park,leisure:park,New Delhi,28.6583065,77.3208973
Dayanand Park,leisure:park,New Delhi,28.6614913,77.3214043
Sanny Pooja Park,leisure:park,New Delhi,28.669359,77.3332537
Mahashrishi Dayanand Park,leisure:park,New Delhi,28.6856076,77.1612772
Hathoda Park,leisure:park,New Delhi,28.6866997,77.1570219
Park Sector 7,leisure:park,New Delhi,28.5906981,77.0740138
Chaudhary Ramkaran Solanki(Pradhan Palam 360) Memorial Park,leisure:park,New Delhi,28.5921633,77.0728659
Plaza-Park,leisure:park,New Delhi,28.5977735,77.0684312
playfield,leisure:park,New Delhi,28.5333825,77.2900279
Model Park,leisure:park,New Delhi,28.5334184,77.2922081
Durga Park,leisure:park,New Delhi,28.5318174,77.2910014
Pocket C Sarita Vihar Park,leisure:park,New Delhi,28.5305057,77.2905624
Smriti Van,leisure:park,New Delhi,28.606723,77.3385207
Sangam Vihar DDA Park,leisure:park,New Delhi,28.5106353,77.2444656
RBI Park,leisure:park,New Delhi,28.5774878,77.192292
C8 Fountain Park,leisure:park,New Delhi,28.6906076,77.1585581
Deen Dayal Upadhyay Park,leisure:park,New Delhi,28.6336722,77.2314053
Roshanara Bagh,leisure:park,New Delhi,28.6736359,77.199289
Coronation Park,leisure:park,New Delhi,28.7224741,77.1971138
Nirankari Santokh Sarovar,leisure:park,New Delhi,28.725589,77.1996721
Bandar Wala Park,leisure:park,New Delhi,28.6770665,77.1852523
District park,leisure:park,New Delhi,28.6400757,77.1108518
Andolan Park,leisure:park,New Delhi,28.5409214,77.2217841
Triveni DDA Park,leisure:park,New Delhi,28.5390627,77.2241781
Moola Mal Bhatia Park,leisure:park,New Delhi,28.6390403,77.1886425
"DDA ""Plus"" Park",leisure:park,New Delhi,28.5960277,77.2970985
Ramlila Ground,leisure:park,New Delhi,28.6717339,77.296354
Indira Park,leisure:park,New Delhi,28.6702799,77.2982844
Science Park,leisure:park,New Delhi,28.5388356,77.1933474
MCD Park,leisure:park,New Delhi,28.5660301,77.1886912
Ashoka Park,leisure:park,New Delhi,28.5691188,77.2767437
Triangle Park,leisure:park,New Delhi,28.4443401,77.0635857
Triangle Children Park,leisure:park,New Delhi,28.4443271,77.0641678
"Central Park, Sector B, Pocket 7, Vasant Kunj",leisure:park,New Delhi,28.5265462,77.1566699
"Children's Park, Sector B, Pocket 7",leisure:park,New Delhi,28.5264559,77.15756
Balaji Mandir Park,leisure:park,New Delhi,28.7307618,77.1075418
"Sector - 11, Green Belt",leisure:park,New Delhi,28.7291815,77.1111678
"Sector-11, Green Belt",leisure:park,New Delhi,28.7360679,77.1080745
Bhonga Park,leisure:park,New Delhi,28.6244313,77.2771135
Ramleela Ground,leisure:park,New Delhi,28.6253913,77.2762901
Madhuban Park,leisure:park,New Delhi,28.6315113,77.2866798
D Park MCD Park,leisure:park,New Delhi,28.6184781,77.2842657
Lalita Park,leisure:park,New Delhi,28.6321608,77.2714811
Parashuram Park/Swaroop Park,leisure:park,New Delhi,28.6796492,77.3702909
Char Wala Park,leisure:park,New Delhi,28.6470489,77.1590916
Sushila Mohan Park,leisure:park,New Delhi,28.6592166,77.2254607
Netaji Subhash Park,leisure:park,New Delhi,28.5357489,77.2534278
Jhoola Ground,leisure:park,New Delhi,28.6054433,77.2379212
D 6 Park,leisure:park,New Delhi,28.5260861,77.1467924
L Shape Park,leisure:park,New Delhi,28.5257239,77.2508854
L-Shaped Park,leisure:park,New Delhi,28.6259254,77.0712272
Pocket A2 colony small park 2,leisure:park,New Delhi,28.6108931,77.3359281
Pocket A2 small park 2,leisure:park,New Delhi,28.6105213,77.3367541
IGDTUW Playground,leisure:park,New Delhi,28.6645856,77.2327663
Chiranjeev Vihar Central Park,leisure:park,New Delhi,28.6694303,77.4727624
Sita Mata Park,leisure:park,New Delhi,28.633897,77.1795719
Bio-Tech Lawns,leisure:park,New Delhi,28.5451663,77.1935852
Sardar patel park,leisure:park,New Delhi,28.4588428,77.2954954
Pathar Wala Park,leisure:park,New Delhi,28.6410848,77.1022844
Qutab Park,leisure:park,New Delhi,28.5260191,77.1875369
Tara Vala Park,leisure:park,New Delhi,28.5257572,77.1890671
Prime Chowk,leisure:park,New Delhi,28.6090648,77.208658
Pandara Road Colony Park,leisure:park,New Delhi,28.6047904,77.2288894
District Park IP Extension Park,leisure:park,New Delhi,28.6270257,77.3109017
Saket Park,leisure:park,New Delhi,28.5238441,77.2059186
Build Tech Park,leisure:park,New Delhi,28.6330094,77.3593328
Sector 62 B Block Rain Water Warvesting Park,leisure:park,New Delhi,28.6206854,77.3722327
Candor Badminton Court And Park,leisure:park,New Delhi,28.5106112,77.0721605
The Garden of Five Senses,leisure:park,New Delhi,28.5137865,77.1988021
Park 3,leisure:park,New Delhi,28.5940737,77.0676218
Walking Track and Park,leisure:park,New Delhi,28.5170356,77.1622451
Apna Park,leisure:park,New Delhi,28.7142773,77.2154454
N Block Central Park,leisure:park,New Delhi,28.4263361,77.0619209
Silver Jubilee Park,leisure:park,New Delhi,28.4575953,77.0483509
Panchshila Park,leisure:park,New Delhi,28.5420793,77.2149158
Gaushala - PedalYatri,leisure:park,New Delhi,28.3986244,77.109884
Vishnu Garden,leisure:park,New Delhi,28.6364458,77.1755332
Mahavir Vatika,leisure:park,New Delhi,28.6636912,77.0886855
D1 Janakpuri Park,leisure:park,New Delhi,28.6117316,77.1052248
Jhandewalan Extension Park,leisure:park,New Delhi,28.6455563,77.2022008
Main park,leisure:park,New Delhi,28.6008031,77.032708
Kangroo Park,leisure:park,New Delhi,28.5537067,77.2680459
Begumpur Park,leisure:park,New Delhi,28.5385773,77.2094389
Shipra Krishna Vista Park,leisure:park,New Delhi,28.640425,77.3742553
Tughlakabad District Park,leisure:park,New Delhi,28.5093134,77.2680371
Dronagiri Playground,leisure:park,New Delhi,28.6571516,77.3660134
Club 26 Park,leisure:park,New Delhi,28.5787879,77.3341128
Hauz Khas Apartments park,leisure:park,New Delhi,28.5539746,77.2069977
Hauz Khas Market park,leisure:park,New Delhi,28.5515244,77.207646
Fulwari Park,leisure:park,New Delhi,28.7054435,77.1707117
Sector 11 Park,leisure:park,New Delhi,28.5928008,77.0500727
Park And Open Gym,leisure:park,New Delhi,28.5927925,77.0479538
Nanak Park,leisure:park,New Delhi,28.7066794,77.171016
Chatri Wala Park,leisure:park,New Delhi,28.7066675,77.1717551
Jhule Wala Park,leisure:park,New Delhi,28.7067201,77.1725087
Train Park,leisure:park,New Delhi,28.7071929,77.1729003
Shamshi park,leisure:park,New Delhi,28.5139319,77.1779562
Picnic hut Ground,leisure:park,New Delhi,28.5118753,77.1818041
Malibu Town Tower 3-4 Park,leisure:park,New Delhi,28.4230835,77.0399306
Imperia Towers Park,leisure:park,New Delhi,28.4229993,77.0414895
Malibu Town Parks,leisure:park,New Delhi,28.4209658,77.0425652
GGSIPU Grounds,leisure:park,New Delhi,28.5940674,77.0179985
Banjar Park,leisure:park,New Delhi,28.6305899,77.2878034
Madhuban Park 2,leisure:park,New Delhi,28.6323418,77.2885521
Jhoole wala park,leisure:park,New Delhi,28.6311811,77.288154
"C-Block Park, Preet Vihar",leisure:park,New Delhi,28.6360793,77.2911916
Sanatam Dharam Mandir park,leisure:park,New Delhi,28.63302,77.2864757
Madhuban Park 3,leisure:park,New Delhi,28.6316288,77.2895711
Mahavir Swami Park,leisure:park,New Delhi,28.6400713,77.2968847
Mother Teresa School Park,leisure:park,New Delhi,28.6372195,77.2914014
Nirman Vihar Park,leisure:park,New Delhi,28.6346089,77.2874783
Sukun Park,leisure:park,New Delhi,28.5698328,77.2308446
Bhagat Singh Park,leisure:park,New Delhi,28.6514088,77.3562036
green valley park,leisure:park,New Delhi,28.6364669,77.3422185
Shivaji Park,leisure:park,New Delhi,28.6367421,77.3499055
Ratan Wala Park,leisure:park,New Delhi,28.6993725,77.1938091
3rd of February Park,leisure:park,New Delhi,28.6853524,77.1868836
Ericsson Park,leisure:park,New Delhi,28.6306953,77.3649305
Preet Vihar A block Park 1,leisure:park,New Delhi,28.6322739,77.2903918
Preet Vihar Park 2,leisure:park,New Delhi,28.633204,77.2904563
Preet Vihar A block Park 3,leisure:park,New Delhi,28.6330168,77.2913918
Preet Vihar B block Park,leisure:park,New Delhi,28.6356132,77.2931031
Park in D Block preet vihar,leisure:park,New Delhi,28.6371866,77.2951246
Park 2 D block,leisure:park,New Delhi,28.6380703,77.2958585
Park 3 D block,leisure:park,New Delhi,28.63751,77.2955265
Swasthya Vihar Park,leisure:park,New Delhi,28.6396118,77.2903626
Swasth Vihar Park 2,leisure:park,New Delhi,28.6415633,77.2887316
Aastha Kunj,leisure:park,New Delhi,28.5547369,77.2557076
Naveen Shahdara Park,leisure:park,New Delhi,28.6812564,77.2784594
RK Convent Park,leisure:park,New Delhi,28.4912581,77.0947872
Palika Park,leisure:park,New Delhi,28.6307053,77.2188393
Lake Park,leisure:park,New Delhi,28.5798933,77.207648
Commonwealth Games Park,leisure:park,New Delhi,28.5802761,77.1907627
C-Block Park,leisure:park,New Delhi,28.5700902,77.3407764
RWA Park,leisure:park,New Delhi,28.5736985,77.3404517
Entrance Park,leisure:park,New Delhi,28.7264668,77.3371409
Side Park,leisure:park,New Delhi,28.726216,77.3378666
A Block Park,leisure:park,New Delhi,28.7120796,77.2206868
B Block Park,leisure:park,New Delhi,28.7112544,77.21987
"Small Park, B Block",leisure:park,New Delhi,28.7107515,77.220559
Herbal Garden,leisure:park,New Delhi,28.5089738,77.088791
Huda Park,leisure:park,New Delhi,28.4288235,77.0957191
Dussehra Ground,leisure:park,New Delhi,28.4653455,77.0149421
Jitender Bahl Municipal Park,leisure:park,New Delhi,28.4656266,77.0171431
Goldcroft Society Park,leisure:park,New Delhi,28.5944347,77.049364
HCL open park,leisure:park,New Delhi,28.5367387,77.3441193
Park in Ajnara Grand Heritage,leisure:park,New Delhi,28.5729524,77.3921884
Bank Enclave Playground,leisure:park,New Delhi,28.6418649,77.2716508
Bank Enclave Park,leisure:park,New Delhi,28.6406378,77.2725567
Ramlila Park,leisure:park,New Delhi,28.6176033,77.2859211
Govt Park,leisure:park,New Delhi,28.6184489,77.2818556
Sanjay Lake Park,leisure:park,New Delhi,28.6168339,77.2995894
Kavita Park,leisure:park,New Delhi,28.6549256,77.4472421
Kailash Colony Park,leisure:park,New Delhi,28.5533705,77.2416262
central park,leisure:park,New Delhi,28.5875465,77.3045723
gaur green avenue park,leisure:park,New Delhi,28.63458,77.3419161
Enviroment Park,leisure:park,New Delhi,28.5763426,77.0921445
Ajay Ahuja Park,leisure:park,New Delhi,28.5857046,77.2308595
GDA Park,leisure:park,New Delhi,28.6330765,77.3434855
R-block park,leisure:park,New Delhi,28.5469415,77.2423071
Radha Krishna Park,leisure:park,New Delhi,28.4556157,77.0487534
Master Block Park,leisure:park,New Delhi,28.6320459,77.2851056
Family Park,leisure:park,New Delhi,28.5614777,77.2414514
RPS Sheikh Sarai Park,leisure:park,New Delhi,28.5377124,77.2203408
SFS Category 1 Flats Park,leisure:park,New Delhi,28.5385016,77.2176223
Central Park Playground,leisure:park,New Delhi,28.5875785,77.3042596
Royal Presidency Park,leisure:park,New Delhi,28.4420411,77.0638215
"Sports Complex, Sector 45",leisure:park,New Delhi,28.4413046,77.0656417
Park behind St. Angel's school,leisure:park,New Delhi,28.4411732,77.0694313
C-6 Vasant Kunj Park,leisure:park,New Delhi,28.5370482,77.1467197
Central Park C-6,leisure:park,New Delhi,28.5367425,77.1454071
Back Park C-6,leisure:park,New Delhi,28.5362315,77.146288
Talkatora Gardens,leisure:park,New Delhi,28.6238942,77.1942736
Rohini East Community Park,leisure:park,New Delhi,28.7067546,77.1254219
School Park,leisure:park,New Delhi,28.4179015,77.3556964
Veer Savarkar Park,leisure:park,New Delhi,28.5841219,77.2232772
D Block Park,leisure:park,New Delhi,28.6704694,77.3368046
Karanvir Towers Park,leisure:park,New Delhi,28.4352519,77.08955
Golden Crest park and green area,leisure:park,New Delhi,28.4357155,77.0894684
Butterfly Park Gurgaon,leisure:park,New Delhi,28.4364522,77.0919942
Mata Shanti Sevani Park,leisure:park,New Delhi,28.5366231,77.2116578
Mayurdhwaj Centre Park,leisure:park,New Delhi,28.6325089,77.302601
Palm Drive Gardens,leisure:park,New Delhi,28.4016387,77.0525854
Supertech Central Park,leisure:park,New Delhi,28.5198713,77.3830146
D10 PARK,leisure:park,New Delhi,28.7092802,77.1215118
Rajendra Park,leisure:park,New Delhi,28.6407307,77.177227
Secctor 23 Maarket Park,leisure:park,New Delhi,28.5108379,77.0507141
Community Park S2302,leisure:park,New Delhi,28.5122073,77.0565774
Badminton park,leisure:park,New Delhi,28.5616383,77.1894365
Ram park,leisure:park,New Delhi,28.5617637,77.1903641
RK Khanna Tennis Park,leisure:park,New Delhi,28.5584491,77.1878948
Common Park,leisure:park,New Delhi,28.4426206,77.0654235
Azad Park,leisure:park,New Delhi,28.7004987,77.2061769
Vice Chancellor's Lawn,leisure:park,New Delhi,28.6896343,77.2122658
Nile's Central Park,leisure:park,New Delhi,28.4101823,77.0502963
Satpula Lake Park DSA,leisure:park,New Delhi,28.5334826,77.2225335
Central Park Peera Garhi,leisure:park,New Delhi,28.6765906,77.0896132
Qila Rai Pithora,leisure:park,New Delhi,28.5194345,77.1947238
Rai Pithora Cultural Complex,leisure:park,New Delhi,28.5276656,77.2024981
Jagriti Park,leisure:park,New Delhi,28.6268649,77.3068077
Parwana Park,leisure:park,New Delhi,28.679121,77.3669993
Dr. Shyam Nirmam Park,leisure:park,New Delhi,28.683146,77.3685323
Panchsheel Park,leisure:park,New Delhi,28.6788705,77.3612714
Benjamin Park,leisure:park,New Delhi,28.6797561,77.3715834
Jericho Park,leisure:park,New Delhi,28.6790967,77.3712001
azad park,leisure:park,New Delhi,28.6676715,77.1928809
green space,leisure:park,New Delhi,28.666656,77.1919129
shri ram park,leisure:park,New Delhi,28.6732919,77.1911955
shri krishna park,leisure:park,New Delhi,28.6725661,77.1930445
Community Park,leisure:park,New Delhi,28.626411,77.0611063
Jhulewala Park,leisure:park,New Delhi,28.5901154,77.2489426
D10 Park,leisure:park,New Delhi,28.7096645,77.1218544
White Wood Central Park,leisure:park,New Delhi,28.4264667,77.0494069
District Park Nanakpura,leisure:park,New Delhi,28.5838316,77.1708038
Lala Lajpat Rai Memorial Park,leisure:park,New Delhi,28.5699203,77.2484707
Shri Shrinivas Gupta Park,leisure:park,New Delhi,28.5690605,77.2474614
Park behind V3S Mall,leisure:park,New Delhi,28.6382871,77.2862925
panchvati park,leisure:park,New Delhi,28.6890693,77.2705513
green field,leisure:park,New Delhi,28.6897366,77.2782054
arjun park,leisure:park,New Delhi,28.6912076,77.2727819
radha krishna park,leisure:park,New Delhi,28.6925739,77.2718592
ram park,leisure:park,New Delhi,28.6903699,77.2703634
chowki wala park,leisure:park,New Delhi,28.6974647,77.2730116
shaheed bhagat singh park,leisure:park,New Delhi,28.6987489,77.2731457
dda park,leisure:park,New Delhi,28.6978334,77.2689448
shyam park,leisure:park,New Delhi,28.6988145,77.2684663
jungle jalebi park,leisure:park,New Delhi,28.6975455,77.2760617
hanuman vatika,leisure:park,New Delhi,28.6982466,77.278919
mahila park,leisure:park,New Delhi,28.69941,77.2785447
maharana pratap park,leisure:park,New Delhi,28.7015202,77.2778522
agarsen park,leisure:park,New Delhi,28.701002,77.2689387
B-4 park,leisure:park,New Delhi,28.6999977,77.2665602
quarter park,leisure:park,New Delhi,28.7005487,77.2642778
DDA park,leisure:park,New Delhi,28.6994839,77.2652213
durga park,leisure:park,New Delhi,28.7009023,77.2654598
public park,leisure:park,New Delhi,28.6991149,77.2775141
dda pak,leisure:park,New Delhi,28.6824383,77.2739069
Mahaveer Park,leisure:park,New Delhi,28.6826577,77.2792494
public garden,leisure:park,New Delhi,28.6896881,77.2713795
green belt,leisure:park,New Delhi,28.7020995,77.2779076
sahab singh park,leisure:park,New Delhi,28.6970472,77.2747361
Nadiya Park,leisure:park,New Delhi,28.6806901,77.2606947
Parsuram Park,leisure:park,New Delhi,28.6782566,77.2820172
Chirag Delhi Park,leisure:park,New Delhi,28.5383341,77.2311723
tikona park,leisure:park,New Delhi,28.6990593,77.2672754
rajesh pilot park,leisure:park,New Delhi,28.6987612,77.2827195
Chitragupt Park,leisure:park,New Delhi,28.7006316,77.283299
BRICS Friendship Rose Garden,leisure:park,New Delhi,28.5873076,77.1864048
Senior Citizen's Park,leisure:park,New Delhi,28.6014077,77.0851636
Shahid Bhagat Singh Park,leisure:park,New Delhi,28.5955992,77.0904999
Shyama Prasad Mukherji Park,leisure:park,New Delhi,28.6471535,77.4581945
Pusa Harit Kranti Park,leisure:park,New Delhi,28.6412228,77.1743108
C-Block Main Park,leisure:park,New Delhi,28.6694445,77.3163095
d-shape park,leisure:park,New Delhi,28.6693039,77.315113
Ashutosh park,leisure:park,New Delhi,28.6699,77.3173453
jhilmil deer park,leisure:park,New Delhi,28.6687652,77.3134209
Major Som Nath Sharma Memorial Park,leisure:park,New Delhi,28.572259,77.1743455
Savarkar Park,leisure:park,New Delhi,28.6700132,77.3166942
vertical park,leisure:park,New Delhi,28.6685235,77.3157289
2 trianglepark;hanuman vatika,leisure:park,New Delhi,28.6672047,77.3198883
laxman park,leisure:park,New Delhi,28.6661487,77.3199354
shiv vatika,leisure:park,New Delhi,28.6658644,77.3174283
bharat park,leisure:park,New Delhi,28.6695409,77.3212119
hind park,leisure:park,New Delhi,28.6709166,77.3201246
shree ram park,leisure:park,New Delhi,28.6704606,77.3212639
sarswati park,leisure:park,New Delhi,28.6652196,77.3196209
ashok vatika,leisure:park,New Delhi,28.6722283,77.3178525
Green Strip Sarvapriya Vihar,leisure:park,New Delhi,28.5424399,77.2085305
Sector 34 Park,leisure:park,New Delhi,28.5837739,77.3567721
Milkha Singh Park,leisure:park,New Delhi,28.4649299,77.2998922
Vijay Mandal Park,leisure:park,New Delhi,28.5333701,77.2056669
West Jyoti Colony Park,leisure:park,New Delhi,28.6914687,77.2901572
Prem Chopra Park,leisure:park,New Delhi,28.6838827,77.2881376
Palm Trees Park in L Block Lajoat Nagar 3,leisure:park,New Delhi,28.5661609,77.2433842
Lt Puneet Nath Datt Park,leisure:park,New Delhi,28.5747198,77.2371016
Loni  Gol Chakar Park,leisure:park,New Delhi,28.7020122,77.2907617
Ram Sarovar,leisure:park,New Delhi,28.7996438,77.1361042
Kamla Nehru Park,leisure:park,New Delhi,28.679393,77.2873949
Extension Park,leisure:park,New Delhi,28.6663442,77.1199966
Haji Abbas Park,leisure:park,New Delhi,28.5283091,77.2090796
shri ram vatika,leisure:park,New Delhi,28.7002291,77.2685276
madhav park,leisure:park,New Delhi,28.6998034,77.2685789
MCD PARK,leisure:park,New Delhi,28.6835526,77.2785791
Sri Ram Park,leisure:park,New Delhi,28.6797934,77.2947272
Mansarovar Park,leisure:park,New Delhi,28.6777168,77.2984869
Publi Park in J Block Lajpat Nagar 3,leisure:park,New Delhi,28.5660554,77.2422969
Park No 2,leisure:park,New Delhi,28.6457375,77.1661334
Park No 1,leisure:park,New Delhi,28.6463672,77.1650764
Park No 3,leisure:park,New Delhi,28.6451446,77.1671774
Park No 4,leisure:park,New Delhi,28.6466876,77.1645114
park No 6,leisure:park,New Delhi,28.645547,77.1650243
Chaudhary Harbansh Singh Park,leisure:park,New Delhi,28.6489404,77.1582962
People Park,leisure:park,New Delhi,28.6494028,77.159313
Khajoor Wala Park,leisure:park,New Delhi,28.6868822,77.3042546
Public Park in I Block Lajpat Nagar 3,leisure:park,New Delhi,28.5669537,77.2421183
Chhatri Wala Park,leisure:park,New Delhi,28.6770006,77.283375
EDMC Park,leisure:park,New Delhi,28.6715198,77.2660573
Shivpuri Park,leisure:park,New Delhi,28.6504817,77.277788
Bhama Shah Park,leisure:park,New Delhi,28.523529,77.2359368
Gagan Vihar Garden,leisure:park,New Delhi,28.6448231,77.2916323
Pushpanjali Tikona Park,leisure:park,New Delhi,28.6548524,77.308125
Shyam Enclave Park,leisure:park,New Delhi,28.6542914,77.3052835
Flower Park,leisure:park,New Delhi,28.414286,77.0922374
I-Pocket Park no.1,leisure:park,New Delhi,28.6797032,77.3218265
I-Pocket Park No.2,leisure:park,New Delhi,28.6804806,77.3213229
Nursery Park,leisure:park,New Delhi,28.6913272,77.3113255
Millenium Ground,leisure:park,New Delhi,28.5106192,77.3055566
Raja Ram Tundelkar Ji Park,leisure:park,New Delhi,28.5374796,77.2779094
Chandrashekhar Azad Park,leisure:park,New Delhi,28.6816328,77.2916307
Kya Maya Park,leisure:park,New Delhi,28.5065103,77.2694279
Gumbad Park,leisure:park,New Delhi,28.5233463,77.1920536
VIP Park,leisure:park,New Delhi,28.6183088,77.2382595
Mandi House Gol Chakkar Park,leisure:park,New Delhi,28.6256945,77.2319456
Bengali Market Park,leisure:park,New Delhi,28.6309649,77.2301092
RWA Central Park,leisure:park,New Delhi,28.6291003,77.2035486
BK Ganjoo Memorial Park,leisure:park,New Delhi,28.6313583,77.2016518
Pipal Park,leisure:park,New Delhi,28.5711146,77.2297629
ELEPHANT PARK,leisure:park,New Delhi,28.6891414,77.3254893
Shanti Park,leisure:park,New Delhi,28.4835403,77.3085806
Shiv Vatika,leisure:park,New Delhi,28.4826881,77.3090514
Vishwakarma Park,leisure:park,New Delhi,28.6393062,77.2711057
Saidulajaib Samudayik Park,leisure:park,New Delhi,28.5144059,77.1999388
Sardar Patel Park,leisure:park,New Delhi,28.6559064,77.2962156
B Block Surajmal Vihar Park,leisure:park,New Delhi,28.6614969,77.3068853
Maharaja Surajmal Park,leisure:park,New Delhi,28.6639338,77.3019688
Peepal Park,leisure:park,New Delhi,28.5657509,77.2220751
police colony park,leisure:park,New Delhi,28.563691,77.2231534
Lala Murlidhar Kawad Park,leisure:park,New Delhi,28.6696509,77.2635758
Ankur Park,leisure:park,New Delhi,28.6974652,77.2057699
children park,leisure:park,New Delhi,28.5642563,77.2216863
R-Block park,leisure:park,New Delhi,28.5637249,77.2211698
park near mother dairy,leisure:park,New Delhi,28.5651421,77.2229013
trikona park,leisure:park,New Delhi,28.5628676,77.2210934
Poker Park,leisure:park,New Delhi,28.6060393,77.2958975
Thyagaraj Park,leisure:park,New Delhi,28.5778234,77.2152528
Mahila Park,leisure:park,New Delhi,28.6157919,77.0279591
Mata Maharani Park,leisure:park,New Delhi,28.6478184,77.1587803
Shri Satpal Harjai Park,leisure:park,New Delhi,28.5693112,77.2402269
South Delhi Municipal Corporation Children Park,leisure:park,New Delhi,28.5684513,77.2445849
Ansal Plaza Park,leisure:park,New Delhi,28.5621407,77.2262171
L Block Ground,leisure:park,New Delhi,28.5950486,77.0791713
Maa Yogmaya Park,leisure:park,New Delhi,28.5220186,77.1827258
Munirka Village Park,leisure:park,New Delhi,28.5585785,77.1721739
Mini Park,leisure:park,New Delhi,28.751527,77.1135776
Sadiq Nagar Park,leisure:park,New Delhi,28.5571199,77.2270471
samadhan hub park,leisure:park,New Delhi,28.4552416,77.0892282
NTPC Park,leisure:park,New Delhi,28.5088044,77.3321858
Devi Lal Park,leisure:park,New Delhi,28.6976242,76.9179331
Peer Baba Park,leisure:park,New Delhi,28.5096082,77.3283209
Chhath Ghat,leisure:park,New Delhi,28.5104605,77.3211028
Arpan Vihar Park,leisure:park,New Delhi,28.5063822,77.3328252
Yogmaya Park,leisure:park,New Delhi,28.4989864,77.282164
Doctor Shyama Prasad Mukherjee Park,leisure:park,New Delhi,28.7042667,77.1920325
Paprawat Gaon Park,leisure:park,New Delhi,28.5809865,76.9835675
Hanuman Mandir Park,leisure:park,New Delhi,28.5096019,77.3400638
Dargah Gareeb Yaar Park,leisure:park,New Delhi,28.5122438,77.3394607
LIG Park,leisure:park,New Delhi,28.4979495,77.2905768
MCD Children park,leisure:park,New Delhi,28.6840969,77.2806974
Warizabad Ecorestoration Park,leisure:park,New Delhi,28.4553289,77.0892076
BB east park,leisure:park,New Delhi,28.7191914,77.1610694
Park in I block Lajpat Nagar 3,leisure:park,New Delhi,28.5669041,77.2413662
MCD park,leisure:park,New Delhi,28.5668208,77.2403264
Trees Park,leisure:park,New Delhi,28.5669123,77.2390313
Babu Lal Chowk,leisure:park,New Delhi,28.5555709,77.1715304
Chaupal Chowk,leisure:park,New Delhi,28.5454285,77.1295672
Keshav Park,leisure:park,New Delhi,28.5768885,77.1955698
Shaheed Sukhdev Singh Park,leisure:park,New Delhi,28.5307795,77.2120573
Rajguru Park,leisure:park,New Delhi,28.530704,77.2112872
Town Park,leisure:park,New Delhi,28.4402893,77.3165185
AIIMS Quadrangle,leisure:park,New Delhi,28.5663776,77.2137214
Gandhi Park,leisure:park,New Delhi,28.529386,77.2141561
b block park,leisure:park,New Delhi,28.5605341,77.2551655
c block park 2,leisure:park,New Delhi,28.5611619,77.2576768
c block park 1,leisure:park,New Delhi,28.5604265,77.2582324
chakki wala park,leisure:park,New Delhi,28.5610898,77.2590157
ghodan park,leisure:park,New Delhi,28.5589368,77.2586106
c block park 3,leisure:park,New Delhi,28.5594692,77.2576439
Ashokan Edict,leisure:park,New Delhi,28.5584429,77.25655
DDA Park 2,leisure:park,New Delhi,28.5586276,77.2526648
Sant nagar park,leisure:park,New Delhi,28.555253,77.2501369
eok park,leisure:park,New Delhi,28.5593654,77.2536182
b block park 2,leisure:park,New Delhi,28.5611706,77.2558265
a block park,leisure:park,New Delhi,28.5610944,77.2525824
a block park 2,leisure:park,New Delhi,28.5612413,77.2532229
Central Nursery Park,leisure:park,New Delhi,28.594399,77.0574561
Sapna Park,leisure:park,New Delhi,28.5595961,77.2452158
A block Park,leisure:park,New Delhi,28.5509876,77.2447604
Kala Park,leisure:park,New Delhi,28.5209257,77.2787745
Jerusalem Garden,leisure:park,New Delhi,28.6803856,77.3699414
Dr. B R Ambedkar Park,leisure:park,New Delhi,28.6787197,77.3723021
St. Thomas Park,leisure:park,New Delhi,28.6823486,77.368909
Grenadier Rajiv Shishodia Park,leisure:park,New Delhi,28.6861239,77.3708645
Shri Chander Singh Pradhan Memorial Park,leisure:park,New Delhi,28.6187598,77.0294876
Kakrola More Park,leisure:park,New Delhi,28.6152174,77.029264
Vasant Kunj Sec A Children Park,leisure:park,New Delhi,28.5121414,77.1684123
recycled land park,leisure:park,New Delhi,28.6389777,77.3720687
Badminton Court,leisure:park,New Delhi,28.7004676,77.3877752
mahavir park,leisure:park,New Delhi,28.6843995,77.344131
Central Park B1,leisure:park,New Delhi,28.6290707,77.08975
B3A Park,leisure:park,New Delhi,28.6264758,77.0899969
B1B Park,leisure:park,New Delhi,28.6263859,77.0871552
B1C Park,leisure:park,New Delhi,28.6259104,77.0866744
CD Block Park,leisure:park,New Delhi,28.6251553,77.105266
CD Block Inner Park,leisure:park,New Delhi,28.6256014,77.1052339
CB Block Park,leisure:park,New Delhi,28.626974,77.1071104
Community park,leisure:park,New Delhi,28.5751283,77.1712424
"Yamun Park, DJB Wazirabad",leisure:park,New Delhi,28.7134748,77.2289032
Park no 2,leisure:park,New Delhi,28.7143057,77.229104
Small park,leisure:park,New Delhi,28.7144092,77.2296006
"Park No 3, Wazirabad",leisure:park,New Delhi,28.7139976,77.2299385
Park at Wazirabad,leisure:park,New Delhi,28.713026,77.2292157
Pocket A park,leisure:park,New Delhi,28.6823138,77.3136897
Hastal Phase || District Park,leisure:park,New Delhi,28.6289818,77.064645
Park NA-NE Block,leisure:park,New Delhi,28.6563899,77.1032685
RGA FLAT POCKET-A DDA PARK RAGHUBIR NAGAR,leisure:park,New Delhi,28.6562539,77.1070664
RBI Enclave District Park,leisure:park,New Delhi,28.6664864,77.0960907
Block 7 Park,leisure:park,New Delhi,28.6406937,77.1025065
Keshopur District Park,leisure:park,New Delhi,28.6472024,77.0821539
Bodella District Park,leisure:park,New Delhi,28.6504069,77.0754133
Park  Z-Type,leisure:park,New Delhi,28.6995637,77.219147
Malviya Nagar Park,leisure:park,New Delhi,28.5364207,77.2153695
Shivalik DDA Park,leisure:park,New Delhi,28.5361757,77.2056504
Sarvodaya Enclave Park,leisure:park,New Delhi,28.5353298,77.2016205
Butterfly Park,leisure:park,New Delhi,28.5212358,77.1986927
Birla Mill District Park,leisure:park,New Delhi,28.6774225,77.1981634
Legha Park,leisure:park,New Delhi,28.6860618,77.2017965
A Block SFS Flats,leisure:park,New Delhi,28.5243822,77.2030874
Hanuman Park,leisure:park,New Delhi,28.5368556,77.2310648
Justice Park,leisure:park,New Delhi,28.5664905,77.2378823
Sri Ramsharanam Park,leisure:park,New Delhi,28.56719,77.2369983
Chhati Mayia Ground,leisure:park,New Delhi,28.4712762,77.1296105
Baba Mangaldas Park,leisure:park,New Delhi,28.4717455,77.1292458
Aya Nagar Central Park,leisure:park,New Delhi,28.4712404,77.1288752
Kids playing park,leisure:park,New Delhi,28.4708241,77.1284697
Shiv mandir and park,leisure:park,New Delhi,28.4714222,77.1298478
Lalit garden,leisure:park,New Delhi,28.4714914,77.1316732
J.M.D Garden,leisure:park,New Delhi,28.4722176,77.1345737
"Community Park, RK Puram Sector-1",leisure:park,New Delhi,28.5609118,77.1818516
Durga Puja park,leisure:park,New Delhi,28.5747595,77.23197
Ganga Park,leisure:park,New Delhi,28.5561024,77.2426664
Saraswati Park,leisure:park,New Delhi,28.5579074,77.2437403
Triveni Park,leisure:park,New Delhi,28.5574654,77.2413168
Yamuna Park,leisure:park,New Delhi,28.5574188,77.2426449
Community Centre Park,leisure:park,New Delhi,28.51016,77.1669068
Golf Course,leisure:park,New Delhi,28.639064,77.0001417
Football/ Cricket ground,leisure:park,New Delhi,28.6376021,77.0005855
Golf course,leisure:park,New Delhi,28.6387156,76.9994051
Basketball court,leisure:park,New Delhi,28.6381125,77.0017932
Mother Teresa Park,leisure:park,New Delhi,28.6411169,77.2734664
Triangle park,leisure:park,New Delhi,28.5889458,77.316372
Mhila Park,leisure:park,New Delhi,28.5897398,77.3177743
SADBHAVNA PARK,leisure:park,New Delhi,28.5599741,77.2105831
Assotech Park 1,leisure:park,New Delhi,28.6265988,77.4386351
Assotech The Park,leisure:park,New Delhi,28.6264425,77.438313
Civil Lawn,leisure:park,New Delhi,28.6758946,77.5025096
Football Ground,leisure:park,New Delhi,28.6737222,77.5038139
CSIT,leisure:park,New Delhi,28.6752886,77.5027514
"I Block Park, Chittaranjan Park",leisure:park,New Delhi,28.5381157,77.2499997
Chota Park A,leisure:park,New Delhi,28.6346669,77.0715934
Chota Park B,leisure:park,New Delhi,28.6342688,77.0714475
Multi Gym Park,leisure:park,New Delhi,28.6341827,77.0727606
Durga Vatika,leisure:park,New Delhi,28.6344491,77.0698123
Kohli Vatika,leisure:park,New Delhi,28.6584217,77.190396
Saraswati vihar DIstrict Park,leisure:park,New Delhi,28.6975832,77.122542
Durga Mandir Park,leisure:park,New Delhi,28.6821007,77.3293392
Baake Bihari Park,leisure:park,New Delhi,28.6819094,77.3283699
Manas Appartments-Kala Vihar DDA Park,leisure:park,New Delhi,28.5987566,77.2937952
Parwana Apartments Park,leisure:park,New Delhi,28.5996709,77.2927264
Gaur City Stadium,leisure:park,New Delhi,28.6108337,77.4258209
6th Avenue Park,leisure:park,New Delhi,28.6123091,77.4251494
Cricket Pitch,leisure:park,New Delhi,28.6118673,77.4262726
Foot ball stadium,leisure:park,New Delhi,28.6096251,77.4262549
Anand Lok DDA Park,leisure:park,New Delhi,28.6063823,77.290675
Hindustan Times Apartments,leisure:park,New Delhi,28.6065996,77.2901562
"B-3, Community Park",leisure:park,New Delhi,28.5240116,77.1651964
Noida Authority Park,leisure:park,New Delhi,28.5091245,77.4094909
Sector 137 Park,leisure:park,New Delhi,28.5106518,77.4094245
B-4 Jogging Track and Park,leisure:park,New Delhi,28.5235578,77.1657612
Small Park/ Cricket Strip,leisure:park,New Delhi,28.5234137,77.1646962
Hi-Bird Park,leisure:park,New Delhi,28.6430785,77.3854909
Jasmine Park,leisure:park,New Delhi,28.6425243,77.3844209
Jasmine Children's Park,leisure:park,New Delhi,28.6432763,77.3842618
Saffron Park,leisure:park,New Delhi,28.6439221,77.3838239
Fateh Nagar Public Park,leisure:park,New Delhi,28.6328574,77.1023793
"Block -40, R.W.A. Park",leisure:park,New Delhi,28.6764062,77.1993695
Children's (Chaudhary) park,leisure:park,New Delhi,28.5144434,77.1683101
Meeting Point Park,leisure:park,New Delhi,28.5141065,77.1675101
R.W.A Park,leisure:park,New Delhi,28.5132513,77.1677504
Tara Shastri Chowk Park,leisure:park,New Delhi,28.6772926,77.1963933
Society Park,leisure:park,New Delhi,28.5630945,77.0545165
Gazebo Park,leisure:park,New Delhi,28.5128428,77.1677386
Picnic Park,leisure:park,New Delhi,28.5142039,77.1666149
Bindapur Park,leisure:park,New Delhi,28.6094787,77.0670158
Tree Garden,leisure:park,New Delhi,28.6639169,77.4377681
2-F Park,leisure:park,New Delhi,28.6635699,77.4358352
2-C Park,leisure:park,New Delhi,28.6637096,77.4397302
Chatri wala park,leisure:park,New Delhi,28.6368929,77.1088495
Shah Park,leisure:park,New Delhi,28.6355559,77.1098702
Maitri Park,leisure:park,New Delhi,28.6344248,77.1099158
Hari Nagar Park,leisure:park,New Delhi,28.6338089,77.1101221
Onix Park,leisure:park,New Delhi,28.5152731,77.1670443
Champa Park,leisure:park,New Delhi,28.5129311,77.1661156
Hasty Park,leisure:park,New Delhi,28.5153053,77.1688513
Sadbhavna Park,leisure:park,New Delhi,28.6913237,77.3478568
"Machhli Park , Mehrauli , Ward No 8",leisure:park,New Delhi,28.5178437,77.1715116
Lord Satish Cricket Park,leisure:park,New Delhi,28.5627616,77.0562386
Forest Area,leisure:park,New Delhi,28.5135192,77.172528
Mango Orchard D.D.A. Park,leisure:park,New Delhi,28.5119928,77.1743533
Dwarka Park,leisure:park,New Delhi,28.5955773,77.0728954
Janki Vatika,leisure:park,New Delhi,28.6656255,77.4357869
Devi Ahilyabai Holker Park,leisure:park,New Delhi,28.622544,77.2962696
Private Park,leisure:park,New Delhi,28.6891934,77.1841175
Basic Park,leisure:park,New Delhi,28.687244,77.1855715
Temple Grounds,leisure:park,New Delhi,28.6879592,77.1852597
Vegetation Park,leisure:park,New Delhi,28.6869447,77.1867121
Ramlila Ground Ashok Vihar,leisure:park,New Delhi,28.685099,77.170631
Badminton Park,leisure:park,New Delhi,28.6801368,77.1756034
Teacher's Park,leisure:park,New Delhi,28.6789727,77.175371
Small Park,leisure:park,New Delhi,28.6834909,77.1767999
SFS Park,leisure:park,New Delhi,28.684079,77.1729515
Nangia Park,leisure:park,New Delhi,28.6793993,77.194745
Aarush Garg Park,leisure:park,New Delhi,28.6772203,77.1895065
Uma Park,leisure:park,New Delhi,28.6801881,77.1876508
Nice Park,leisure:park,New Delhi,28.6906024,77.1695667
COURTYARD,leisure:park,New Delhi,28.5399671,77.2037368
Sector 132 Park,leisure:park,New Delhi,28.5175779,77.3767131
Sector 128 Park,leisure:park,New Delhi,28.5198357,77.3741493
Gulab Park,leisure:park,New Delhi,28.4551942,77.0815205
Childrens Park,leisure:park,New Delhi,28.5243167,77.1488782
Modi Vatika (Park),leisure:park,New Delhi,28.5644709,77.2593658
Maharaja Agrasen Park,leisure:park,New Delhi,28.6678692,77.2259389
Shaheed Ashfaq Ullah Fitness Park,leisure:park,New Delhi,28.6093834,77.0396411
T-Park,leisure:park,New Delhi,28.6069323,77.292518
Vasant Vihar District Park,leisure:park,New Delhi,28.5576282,77.1662935
Doctor Bhimrao Ambedkar Central Park,leisure:park,New Delhi,28.5614711,77.195454
Doctor Rajendra Prasad Park,leisure:park,New Delhi,28.6224587,77.2954634
Tikona Park Okhla,leisure:park,New Delhi,28.5587355,77.2855823
Kid's Park,leisure:park,New Delhi,28.4989768,77.0952134
New Pragatisheel Park,leisure:park,New Delhi,28.600921,77.3208305
Research and Development Block Park,leisure:park,New Delhi,28.5442366,77.2715182
park academic block,leisure:park,New Delhi,28.5446734,77.2720444
Major Vinod Rana Park,leisure:park,New Delhi,28.5113937,77.0268653
Central Greens,leisure:park,New Delhi,28.5128979,77.026718
Netaji Subhash Chandra Bose Park,leisure:park,New Delhi,28.5130802,77.0255075
"DDA Park, Mayur Vihar",leisure:park,New Delhi,28.6037514,77.2961448
molarband village park,leisure:park,New Delhi,28.5013832,77.314182
Kharbanda Triangular Park,leisure:park,New Delhi,28.5672812,77.2377604
Arjuna Park,leisure:park,New Delhi,28.5662643,77.2367755
Chhawri park,leisure:park,New Delhi,28.499528,77.3165442
Park 2,leisure:park,New Delhi,28.4996705,77.3181353
Police park,leisure:park,New Delhi,28.541775,77.2966968
Childrens park,leisure:park,New Delhi,28.5450413,77.294835
Sunder Nursery,leisure:park,New Delhi,28.5968532,77.2474305
Front Lawn,leisure:park,New Delhi,28.62591,77.2364171
Baba Sahib Bhimrav Ambedkar Park,leisure:park,New Delhi,28.7299619,77.1714046
Cultural park,leisure:park,New Delhi,28.5446714,77.2435198
Green Land/Area at Bhalaswa,leisure:park,New Delhi,28.733965,77.1610778
Maharshi Valmiki Park,leisure:park,New Delhi,28.7278266,77.174348
Akhada,leisure:park,New Delhi,28.7285922,77.1761879
Baba Saheb Bhim Rav Ambedkar Udyan,leisure:park,New Delhi,28.7275464,77.1782323
Sant Ravidas Udyan,leisure:park,New Delhi,28.7271047,77.178566
APJ Abdul Kalam Udyan,leisure:park,New Delhi,28.727117,77.1775119
Shri Guru Nanak Vatika,leisure:park,New Delhi,28.6674772,77.2100504
Moolchand Pradhan Park,leisure:park,New Delhi,28.7127599,77.177623
Bhagwan Parashuram Park,leisure:park,New Delhi,28.7154158,77.179413
Xeriscape,leisure:park,New Delhi,28.6227395,77.2890651
HANUMAN VATIKA,leisure:park,New Delhi,28.681462,77.3161482
Dahiya Badshah Park,leisure:park,New Delhi,28.7403385,77.1320593
RK Puram Sector-4 Park,leisure:park,New Delhi,28.5620587,77.1791698
"Central Park, RK Puram Sector-5",leisure:park,New Delhi,28.5614755,77.1755266
Lane 1/2 Park,leisure:park,New Delhi,28.6047012,77.2957536
Central Park Pocket 4,leisure:park,New Delhi,28.6036398,77.2940755
Aravalli Forest center,leisure:park,New Delhi,28.4944968,77.2666667
Ram Leela Park,leisure:park,New Delhi,28.6545525,77.4133661
Shaheed Udham Singh park,leisure:park,New Delhi,28.5862994,77.2492256
Baansera,leisure:park,New Delhi,28.5915,77.2607034
Zodiac Park,leisure:park,New Delhi,28.5659322,77.2402087
Park Number 5,leisure:park,New Delhi,28.4274611,77.0654022
Kotha Park,leisure:park,New Delhi,28.6608214,77.0945357
PARK,leisure:park,New Delhi,28.6607869,77.0930694
Common park,leisure:park,New Delhi,28.5802411,77.0517588
"Tikona park, okhla",leisure:park,New Delhi,28.5622232,77.28795
Manav Rachna Playground cum C Block Main Park,leisure:park,New Delhi,28.4224938,77.0612097
Gulmohar Marg Park,leisure:park,New Delhi,28.4810507,77.0737366
Shri Keemti Lal Ji Park,leisure:park,New Delhi,28.5689379,77.2421925
Delhi Development Authority Green Area,leisure:park,New Delhi,28.5699485,77.2397544
Shiv Murti Park,leisure:park,New Delhi,28.7137628,77.21194
Trikona park,leisure:park,New Delhi,28.6464992,77.2887698
King's Park,leisure:park,New Delhi,28.3860342,77.0642276
Queen's Park,leisure:park,New Delhi,28.3851891,77.0638596
O3 Park,leisure:park,New Delhi,28.3865251,77.0591003
Tranquile Groove,leisure:park,New Delhi,28.3849618,77.0585594
Hyde Park,leisure:park,New Delhi,28.382419,77.0592238
Eco Grove Park,leisure:park,New Delhi,28.3823961,77.0635242
H2O Park,leisure:park,New Delhi,28.3872564,77.0604155
O2 Park,leisure:park,New Delhi,28.3878699,77.0586433
Small Children's Park G Block,leisure:park,New Delhi,28.6532268,77.4457623
Govind park,leisure:park,New Delhi,28.6539625,77.4469304
Nehru Nagar III-F Park,leisure:park,New Delhi,28.6543585,77.4484508
Vaisno Mandir Park,leisure:park,New Delhi,28.6546853,77.4450907
eco park,leisure:park,New Delhi,28.517727,77.3186265
Gopal Vatika,leisure:park,New Delhi,28.4141404,77.3505712
badminton court,leisure:park,New Delhi,28.5626454,77.0431523
Vijay Singh Park,leisure:park,New Delhi,28.5133174,77.1209371
sarita vihar park,leisure:park,New Delhi,28.5278149,77.2910906
"District Park, Sector 23",leisure:park,New Delhi,28.5670052,77.0516766
Cricket/Football Ground,leisure:park,New Delhi,28.6361268,77.3612169
Swimming pool park,leisure:park,New Delhi,28.6372321,77.3615368
Amphitheatre,leisure:park,New Delhi,28.6372276,77.3621202
Swings,leisure:park,New Delhi,28.6373095,77.3617792
MNOP park,leisure:park,New Delhi,28.6376847,77.3611243
Open Gym/Swings,leisure:park,New Delhi,28.6375172,77.3615299
AB Park,leisure:park,New Delhi,28.6379308,77.3619303
M-Block Park,leisure:park,New Delhi,28.5830124,77.3418583
JVCC Grounds,leisure:park,New Delhi,28.5852143,77.3365869
dda park 3,leisure:park,New Delhi,28.4977819,77.2822566
jungle park,leisure:park,New Delhi,28.4965495,77.289305
Ram Leela ground,leisure:park,New Delhi,28.5922544,77.3407045
Swami Ramteerath,leisure:park,New Delhi,28.6442069,77.4611644
NDPL,leisure:park,New Delhi,28.7272518,77.1643768
Jhula Park,leisure:park,New Delhi,28.6524095,77.4515204
Jhanda Wala Park,leisure:park,New Delhi,28.6511543,77.4452895
Surya Upasana Park,leisure:park,New Delhi,28.6087438,77.0813282
Main Triangular Park,leisure:park,New Delhi,28.4225693,77.0643163
Temple Park,leisure:park,New Delhi,28.4264676,77.060624
Housing Board Park N Block,leisure:park,New Delhi,28.4264818,77.063093
Ramleela Maidan,leisure:park,New Delhi,28.5923668,77.1195321
H Block Park,leisure:park,New Delhi,28.5820456,77.242036
Chetak Park,leisure:park,New Delhi,28.6426943,77.1892656
DDA Park Vinobapuri,leisure:park,New Delhi,28.5660318,77.2487251
Babu Park,leisure:park,New Delhi,28.5687619,77.2440357
Shri Shaktiraj Park,leisure:park,New Delhi,28.5692785,77.2412689
Bharat Darshan Park,leisure:park,New Delhi,28.666177,77.1348737
Dargah Peer Banwasi Park,leisure:park,New Delhi,28.6388571,77.2069855
Sadar Bazar Park,leisure:park,New Delhi,28.5948567,77.1207873
Delhi Cantonment Children Park 3,leisure:park,New Delhi,28.5953047,77.1234905
Srinagesh Garden,leisure:park,New Delhi,28.5976584,77.1409119
Pandit Ramkeval Mishra Park,leisure:park,New Delhi,28.6295566,77.2152115
Delhi Cantonment Children Park 1,leisure:park,New Delhi,28.5933905,77.1256034
Chanan Singh Park,leisure:park,New Delhi,28.6070167,77.129542
श्री चंद्र सिंह प्रधान पार्क,leisure:park,New Delhi,28.6180721,77.0288828
Gulmahor Garden Phase-2 Park,leisure:park,New Delhi,28.7027198,77.4356408
Phase-1 Park,leisure:park,New Delhi,28.7018383,77.4344549
Cantonment Board Children Park,leisure:park,New Delhi,28.5962152,77.1195762
"Central Park, Sector 4",leisure:park,New Delhi,28.6473818,77.34265
urvashi park,leisure:park,New Delhi,28.6692478,77.4272257
Neighbourhood Park,leisure:park,New Delhi,28.6089507,77.1074926
Gautam Buddh Park,leisure:park,New Delhi,28.6629847,77.4343724
Smriti Vatika,leisure:park,New Delhi,28.5864924,77.1736034
Crown Central Park,leisure:park,New Delhi,28.7196317,77.1103897
Eco Park,leisure:park,New Delhi,28.5476772,77.2343083
Pocket E Park,leisure:park,New Delhi,28.6172921,77.2948553
New Delhi Municipal Corporation Park,leisure:park,New Delhi,28.6271791,77.2159223
Bindra Park,leisure:park,New Delhi,28.6423532,77.1251968
Patel Park,leisure:park,New Delhi,28.6405024,77.1208663
G-H-J block Park,leisure:park,New Delhi,28.6427713,77.1213903
Janta Market Park,leisure:park,New Delhi,28.6397766,77.1232288
Indo-Korean Friendship Park,leisure:park,New Delhi,28.6016048,77.1330386
Doctor Indra Chandra Shastri Vatika,leisure:park,New Delhi,28.6848647,77.2032508
Bhagwan Mahavir Vanasthali Park,leisure:park,New Delhi,28.6034918,77.1779505
Water Body Park Ramphal Chowk,leisure:park,New Delhi,28.5861727,77.0726535
Flight Lieutenant Sunit Mohanty Park,leisure:park,New Delhi,28.5860435,77.0665815
Sukhmani Park,leisure:park,New Delhi,28.7015867,77.2080701
Japji Park,leisure:park,New Delhi,28.7015867,77.2073814
Rehras Park,leisure:park,New Delhi,28.7025741,77.207852
Playground,leisure:park,New Delhi,28.5905708,77.0682018
noida authority park,leisure:park,New Delhi,28.5877246,77.4036622
butterfly park,leisure:park,New Delhi,28.5825987,77.3995316
Ved Van Park,leisure:park,New Delhi,28.5607412,77.3899297
C BLOCK,leisure:park,New Delhi,28.6706052,77.4574348
chandrashekhar park,leisure:park,New Delhi,28.6871935,77.3436602
Playing  Area,leisure:park,New Delhi,28.6480941,77.3511093
Swasthya Vihar Neighbourhood Park,leisure:park,New Delhi,28.6403479,77.2872063
Hanuman Chowk Park,leisure:park,New Delhi,28.570825,77.0176773
ME      ♡𓆝,leisure:park,New Delhi,28.521365,77.3543487
Kilkaari Park,leisure:park,New Delhi,28.6011136,77.1144403
Natkhat Park,leisure:park,New Delhi,28.6023854,77.1119182
holy park karala,leisure:park,New Delhi,28.7377895,77.0352397
Chhatrapati Shivaji Park,leisure:park,New Delhi,28.6578119,77.1268051
Yoga Park,leisure:park,New Delhi,28.5443746,77.2418563
Vista Park,leisure:park,New Delhi,28.5451282,77.2419886
Raman Munjal Park,leisure:park,New Delhi,28.5531058,77.2297784
Kaveri Park,leisure:park,New Delhi,28.5569521,77.241295
Krishna Park,leisure:park,New Delhi,28.5582552,77.2405845
Narmada Park,leisure:park,New Delhi,28.5562684,77.2433425
Chaudhary Brahma Prakash Park,leisure:park,New Delhi,28.5736354,77.0732718
Saket District Park,leisure:park,New Delhi,28.5271543,77.2095627
Indian Air Force Legacy Park,leisure:park,New Delhi,28.5741462,77.1197279
Baba Bagh Wala Mini Stadium,leisure:park,New Delhi,28.6230735,77.1372593
Red Square,leisure:park,New Delhi,28.5451652,77.1913932
Rani Jhansi Mahila Park,leisure:park,New Delhi,28.622884,77.1379165
F Block Park,leisure:park,New Delhi,28.4165564,77.0548196
F Block Open Gym,leisure:park,New Delhi,28.4157867,77.05492
Palm Court Park,leisure:park,New Delhi,28.645362,77.3380641
Mother Dairy Park,leisure:park,New Delhi,28.6458291,77.3402732
Santushti Park,leisure:park,New Delhi,28.6468464,77.3412718
Podium Park,leisure:park,New Delhi,28.6485977,77.3373386
Shri Ved Prakash Jindal Park,leisure:park,New Delhi,28.6627562,77.1292677
Upvan Park,leisure:park,New Delhi,28.4548007,77.0915745
G-Block Harkesh Nagar Park,leisure:park,New Delhi,28.5453115,77.277203
Vaikunth Vatika,leisure:park,New Delhi,28.5374655,77.21638
Children's park,leisure:park,New Delhi,28.6130649,77.0905894
Arun Jaitley Park,leisure:park,New Delhi,28.5533398,77.2272417
D.D.A. Park Shahpur Jat,leisure:park,New Delhi,28.5456608,77.2157218
DDA Park Sector 20,leisure:park,New Delhi,28.5738171,77.0632115
Sector 9 Park,leisure:park,New Delhi,28.5761994,77.0627251
Ground & Park Sector 19B,leisure:park,New Delhi,28.5724237,77.0496533
Park Sector 19 Dwarka,leisure:park,New Delhi,28.5722382,77.0431808
Park Sector 19,leisure:park,New Delhi,28.571799,77.0445946
Park at Sector 19,leisure:park,New Delhi,28.5697137,77.0457828
Football Park,leisure:park,New Delhi,28.5735799,77.0536187
Major Kush Ground,leisure:park,New Delhi,28.6376279,77.3762003
"SFS, Central Park",leisure:park,New Delhi,28.6063478,77.3374864
Shri Ram Leela Park,leisure:park,New Delhi,28.7079663,77.1914781
Chaudhary Surendra Singh Park,leisure:park,New Delhi,28.700084,77.2209038
Sangat Garden,leisure:park,New Delhi,28.4968516,77.3193327
Sambandh Vatika,leisure:park,New Delhi,28.4992876,77.3172747
Timarpur Lake,leisure:park,New Delhi,28.7126698,77.2234225
Deer Park,leisure:park,New Delhi,28.5567007,77.1943263
play ground,leisure:park,New Delhi,28.5864959,77.1628983
Sports Park,leisure:park,New Delhi,28.7052026,77.1250505
Nescii Lawn,leisure:park,New Delhi,28.609629,77.0358071
Shree Atal Park,leisure:park,New Delhi,28.5539031,77.2347877
San Martin Park,leisure:park,New Delhi,28.5904725,77.1750924
Chakkarpur Wazirabad Bundh,leisure:park,New Delhi,28.4518522,77.0912277
Aravali Creek,leisure:park,New Delhi,28.4629866,77.0988364
Cafe Coffee Day,amenity:cafe,Dwarka,28.533492,77.1518947
Bon Temps Cafe,amenity:cafe,Dwarka,28.6428339,77.186576
Internet,amenity:cafe,Dwarka,28.6410051,77.2125387
Nescafe,amenity:cafe,Dwarka,28.7496454,77.1167453
CCD,amenity:cafe,Dwarka,28.4675603,77.0814521
Café Coffee Day,amenity:cafe,Dwarka,28.4600672,77.0518464
Madan Café,amenity:cafe,Dwarka,28.6407272,77.2111472
Cheela Cafe,amenity:cafe,Dwarka,28.5391092,77.1322417
Starbucks,amenity:cafe,Dwarka,28.6321974,77.2177075
Cafe Turtle,amenity:cafe,Dwarka,28.6002007,77.2273465
Cafe Diva,amenity:cafe,Dwarka,28.5566315,77.233279
Madras Coffee House,amenity:cafe,Dwarka,28.6318506,77.2163093
Wagh Bakri Tea Lounge,amenity:cafe,Dwarka,28.5336384,77.2442419
Costa,amenity:cafe,Dwarka,28.5335834,77.2433039
Stri Shakti Canteen,amenity:cafe,Dwarka,28.6626448,77.2339599
"Shiru Cafe, IIT Delhi",amenity:cafe,Dwarka,28.5447888,77.1911891
Hunger House,amenity:cafe,Dwarka,28.6406068,77.1048726
Amour Bistro,amenity:cafe,Dwarka,28.6016349,77.1859966
Roots,amenity:cafe,Dwarka,28.4694883,77.0683104
Nescafé,amenity:cafe,Dwarka,28.6934864,77.2108906
"subway, lavazza",amenity:cafe,Dwarka,28.5006053,77.1857471
The Brown Box,amenity:cafe,Dwarka,28.5412792,77.2156818
Festa Cafe ,amenity:cafe,Dwarka,28.6409134,77.2104527
Kitchen Cafe Roof Top,amenity:cafe,Dwarka,28.6409875,77.2128901
Café office office,amenity:cafe,Dwarka,28.6269741,77.2202933
Keventers,amenity:cafe,Dwarka,28.6289565,77.0767263
PAR Tech. Cyber Cafe,amenity:cafe,Dwarka,28.6811819,77.2610507
Barista,amenity:cafe,Dwarka,28.5466157,77.1967183
Smoothie factory,amenity:cafe,Dwarka,28.5464523,77.1965666
Shake square,amenity:cafe,Dwarka,28.7009228,77.1359545
Out Of The Box (OTB),amenity:cafe,Dwarka,28.5997702,77.2261911
caféccino,amenity:cafe,Dwarka,28.5545719,77.0858145
Devan's at Lodhi,amenity:cafe,Dwarka,28.5798966,77.2220134
Everest Bakery Cafe,amenity:cafe,Dwarka,28.6417215,77.2147806
Cafe Dosti,amenity:cafe,Dwarka,28.5172818,77.2000632
HCL cafeteria,amenity:cafe,Dwarka,28.5362862,77.3432062
Chaayos,amenity:cafe,Dwarka,28.6314625,77.2206262
Big Fat Sandwich,amenity:cafe,Dwarka,28.5529784,77.2077666
Brownie Cafe,amenity:cafe,Dwarka,28.6455932,77.2163926
Toffe bar,amenity:cafe,Dwarka,28.5526526,77.2556362
How You Brewing?,amenity:cafe,Dwarka,28.559779,77.2433169
Cafe City Lights,amenity:cafe,Dwarka,28.5595408,77.2423721
Concrete Cafe & Lounge,amenity:cafe,Dwarka,28.5596341,77.2427757
Cafe Coffe Day,amenity:cafe,Dwarka,28.5576249,77.2453629
Modern Bazaar,amenity:cafe,Dwarka,28.5960692,77.0411256
angels in my kitchen,amenity:cafe,Dwarka,28.5329797,77.2434993
Kunzum,amenity:cafe,Dwarka,28.553552,77.1943526
Playing Cup Cafe,amenity:cafe,Dwarka,28.6068044,77.2908063
Satguru’s tea stall,amenity:cafe,Dwarka,28.6504719,77.2303091
Honey n dough,amenity:cafe,Dwarka,28.5464901,77.1970726
Crackpot Cafe,amenity:cafe,Dwarka,28.5557969,77.2417664
SOS Cafe,amenity:cafe,Dwarka,28.5559586,77.175334
Onkar Cafe,amenity:cafe,Dwarka,28.7390615,77.1353427
AMA Cafe,amenity:cafe,Dwarka,28.7026406,77.2284294
the gol chakar,amenity:cafe,Dwarka,28.542141,77.252922
Happy cafe,amenity:cafe,Dwarka,28.668658,77.329741
Nitu Juice Center,amenity:cafe,Dwarka,28.669607,77.331338
Cafe Einstein,amenity:cafe,Dwarka,28.5479351,77.2507706
Café Hameen Asto,amenity:cafe,Dwarka,28.5177997,77.1985596
Bella Vie,amenity:cafe,Dwarka,28.5173258,77.200236
Cafe Lota,amenity:cafe,Dwarka,28.6131498,77.2426321
Happy Dough,amenity:cafe,Dwarka,28.5110406,77.2025519
The Walled City,amenity:cafe,Dwarka,28.6491519,77.232748
Hwealth Cafe,amenity:cafe,Dwarka,28.5744593,77.2291993
The Chai Kafe,amenity:cafe,Dwarka,28.6343655,77.2179596
Turquoise Cottage,amenity:cafe,Dwarka,28.5557387,77.2059
Chai Point,amenity:cafe,Dwarka,28.6340726,77.2179671
Ssongchee - Korea Bings Cafe,amenity:cafe,Dwarka,28.5174361,77.1984494
Henry Cafe,amenity:cafe,Dwarka,28.5153468,77.2056028
the food factory,amenity:cafe,Dwarka,28.5341421,77.2169982
wake up cafe,amenity:cafe,Dwarka,28.5355862,77.2166825
Coffee Cafe 9,amenity:cafe,Dwarka,28.5316504,77.2186674
chaudhry tea  stall,amenity:cafe,Dwarka,28.5346351,77.220773
pandji tea stall ,amenity:cafe,Dwarka,28.5332807,77.2218792
Jain coffee house,amenity:cafe,Dwarka,28.650606,77.2295833
The Junkyard Cafe,amenity:cafe,Dwarka,28.6303838,77.2207212
Blue Tokai Cafe,amenity:cafe,Dwarka,28.5529283,77.2078816
Qd's,amenity:cafe,Dwarka,28.6361281,77.2855466
Laidback Café,amenity:cafe,Dwarka,28.5274255,77.2171745
Café Underpass Courtyard,amenity:cafe,Dwarka,28.5784821,77.2383126
Sardar-Ji-Baksh Coffee and Company,amenity:cafe,Dwarka,28.5407564,77.2121254
Woodhouse Café,amenity:cafe,Dwarka,28.5362156,77.2095278
Foresta Bistro & Cafe,amenity:cafe,Dwarka,28.5179998,77.1992482
The Panchshila Rendezvous,amenity:cafe,Dwarka,28.5394874,77.2133656
Down Town Café & Kitchen,amenity:cafe,Dwarka,28.5088733,77.2007595
Mittal Teas,amenity:cafe,Dwarka,28.6299698,77.2229648
Yamuna Café,amenity:cafe,Dwarka,28.701979,77.2288343
Koko Café and Restaurant,amenity:cafe,Dwarka,28.7005268,77.2276866
United Coffee House,amenity:cafe,Dwarka,28.5514607,77.251537
Blue Tokai Coffee Roasters,amenity:cafe,Dwarka,28.6309899,77.2218384
Green Dot Theory,amenity:cafe,Dwarka,28.4445699,77.188257
Chonas,amenity:cafe,Dwarka,28.5277694,77.1895212
Sardarji Bakhsh Coffee and Company,amenity:cafe,Dwarka,28.6931287,77.2047996
Taste of Nation,amenity:cafe,Dwarka,28.5178715,77.1992205
Café Amsterdam,amenity:cafe,Dwarka,28.5399961,77.2581592
NYC Queens,amenity:cafe,Dwarka,28.5400859,77.2580101
Leaf Beat Bistro,amenity:cafe,Dwarka,28.5072646,77.200087
OTB Café,amenity:cafe,Dwarka,28.6343601,77.2182711
Open Hand Cafe (top top ;),amenity:cafe,Dwarka,28.6405754,77.2117485
Mapel Tree Cafe,amenity:cafe,Dwarka,28.5100632,77.2019615
The Construction Company,amenity:cafe,Dwarka,28.587778,77.1675315
The Chocolate Room,amenity:cafe,Dwarka,28.5336105,77.2062709
Cultured,amenity:cafe,Dwarka,28.5614184,77.1939656
DePaul's,amenity:cafe,Dwarka,28.6288925,77.2186728
Vaw Cafe,amenity:cafe,Dwarka,28.5199328,77.2018409
Nowhere Brewpub and cafe,amenity:cafe,Dwarka,28.4682859,77.0836684
Di Ghent,amenity:cafe,Dwarka,28.4682936,77.0830397
Chai Thela,amenity:cafe,Dwarka,28.5070388,77.1751014
WHSmith,amenity:cafe,Dwarka,28.506973,77.1752152
Kaffa Cerrado The Roastery,amenity:cafe,Dwarka,28.5390026,77.2702145
Quick Brown Fox Coffee Roasters,amenity:cafe,Dwarka,28.5033421,77.1853988
Carnatic Cafe,amenity:cafe,Dwarka,28.5336703,77.2423029
Roasters Coffee Company Book Cafe,amenity:cafe,Dwarka,28.5270603,77.2167659
Greenr Cafe,amenity:cafe,Dwarka,28.5037101,77.1854284
Hashery,amenity:cafe,Dwarka,28.6342664,77.2180918
L'Opéra,amenity:cafe,Dwarka,28.6090339,77.2296678
Madison and Pike,amenity:cafe,Dwarka,28.4144192,77.0654842
Coffee Spot,amenity:cafe,Dwarka,28.5671729,77.213153
Khopcha Cafe,amenity:cafe,Dwarka,28.5196007,77.2059641
cafe,amenity:cafe,Dwarka,28.7136765,77.2164902
Tea Point,amenity:cafe,Dwarka,28.4851387,77.1938132
Nor sure,amenity:cafe,Dwarka,28.5734854,77.1539497
Travel Yoga Cafe,amenity:cafe,Dwarka,28.6357531,77.2205669
Manish Cafe,amenity:cafe,Dwarka,28.6296999,77.1797945
Fit Food 27,amenity:cafe,Dwarka,28.5743011,77.3282234
Cafe Hut-K (KP Food),amenity:cafe,Dwarka,28.3398598,76.994122
The Walkers,amenity:cafe,Dwarka,28.3399675,76.9941084
Rathi Cafe Pandala,amenity:cafe,Dwarka,28.3395205,76.9941761
Desi Thaat,amenity:cafe,Dwarka,28.3396097,76.9940994
Happy Pie Cafe,amenity:cafe,Dwarka,28.3399886,76.9941737
Trip Mechanic Cafe,amenity:cafe,Dwarka,28.3424122,76.9958703
Throttle Shrottle Cafe,amenity:cafe,Dwarka,28.3425704,76.9958656
Cravity café,amenity:cafe,Dwarka,28.5531797,77.2081125
Aggarwal Sweets,amenity:cafe,Dwarka,28.5460399,77.3065386
Chai Cafe,amenity:cafe,Dwarka,28.5566241,77.2929293
cafe house,amenity:cafe,Dwarka,28.5519931,77.2988937
Guftagu Cafe,amenity:cafe,Dwarka,28.4852731,77.0948027
Café Turtle,amenity:cafe,Dwarka,28.5903723,77.2524954
Cafe Masti,amenity:cafe,Dwarka,28.7187719,77.0655675
Chaayos Cafe,amenity:cafe,Dwarka,28.3910366,77.0302333
Bloom Café & Cakery,amenity:cafe,Dwarka,28.5998699,77.2263436
Bean Sahab Cafe,amenity:cafe,Dwarka,28.5177362,77.1999325
Cafe-Tesu,amenity:cafe,Dwarka,28.5283041,77.2165116
Cafe Delhi Heights,amenity:cafe,Dwarka,28.6002371,77.2274371
Oval Bean Café,amenity:cafe,Dwarka,28.5543007,77.1945825
Suchali's,amenity:cafe,Dwarka,28.5572099,77.1640827
BAR OF BURGER,amenity:cafe,Dwarka,28.6048453,77.0541367
Love Green Dot Café,amenity:cafe,Dwarka,28.5364419,77.2110697
The Coffee Bean & Tea Leaf,amenity:cafe,Dwarka,28.5549147,77.0827495
laidback cafe,amenity:cafe,Dwarka,28.5231651,77.2132041
Cafe Sixty 9,amenity:cafe,Dwarka,28.3944744,77.0318037
D’Cafe,amenity:cafe,Dwarka,28.3947196,77.0316524
Barista Dinner,amenity:cafe,Dwarka,28.3826187,77.052527
Nature's Peace,amenity:cafe,Dwarka,28.5518205,77.3186856
The Big Chill,amenity:cafe,Dwarka,28.5997717,77.2261395
The Highbrooks Cafe,amenity:cafe,Dwarka,28.5509244,77.2342399
Chai Chulha,amenity:cafe,Dwarka,28.6310806,77.2781194
Zahra Restaurant,amenity:cafe,Dwarka,28.5623329,77.288547
Tibetan Food Stop,amenity:cafe,Dwarka,28.5485659,77.1672174
Godavari Cafe,amenity:cafe,Dwarka,28.5450618,77.1665492
Sabarmati Dhaba,amenity:cafe,Dwarka,28.5451565,77.1638562
24×7 Cafe,amenity:cafe,Dwarka,28.5451985,77.1634213
mugal darbar,amenity:cafe,Dwarka,28.5428694,77.1600819
paratha wala,amenity:cafe,Dwarka,28.5335432,77.1692029
Café Crew Brew,amenity:cafe,Dwarka,28.6995996,77.20803
Blue Tokai,amenity:cafe,Dwarka,28.5614291,77.2688987
Third Wave,amenity:cafe,Dwarka,28.542225,77.253804
Nothing Before Coffee,amenity:cafe,Dwarka,28.5422268,77.2537368
Breigh,amenity:cafe,Dwarka,28.5613924,77.1933012
Jugmug,amenity:cafe,Dwarka,28.6534474,77.2399354
Dr's Cafe,amenity:cafe,Dwarka,28.7368357,77.111193
Pizza Workshop,amenity:cafe,Dwarka,28.6796719,77.3181678
Shree Shyam Confectionery,amenity:cafe,Dwarka,28.7363285,77.1119272
Cafe Museo,amenity:cafe,Dwarka,28.6109435,77.2194122
Kaffee Stories,amenity:cafe,Dwarka,28.4311426,77.0620379
Café Brownie (coffee),amenity:cafe,Dwarka,28.645817,77.2154412
Chai 24/7,amenity:cafe,Dwarka,28.6347571,77.2184665
Café Bamboo Oasis,amenity:cafe,Dwarka,28.5941514,77.2609769
Super Chai,amenity:cafe,Dwarka,28.549955,77.2338047
DUNKIN,amenity:cafe,Dwarka,28.6879166,77.2921832
Cheap food places,amenity:cafe,Dwarka,28.5650318,77.122799
NEW CAFE KING,amenity:cafe,Dwarka,28.689147,77.3010766
nescafe,amenity:cafe,Dwarka,28.5016903,77.2862171
caffine chronicles,amenity:cafe,Dwarka,28.4999846,77.2916442
Coffee Break,amenity:cafe,Dwarka,28.5908601,77.2563801
Machandra Snacks,amenity:cafe,Dwarka,28.6867195,77.2085322
Xero Degrees,amenity:cafe,Dwarka,28.6328859,77.2227714
benta cafe,amenity:cafe,Dwarka,28.6787588,77.2079536
Love Bite Cafe,amenity:cafe,Dwarka,28.588688,77.1691745
Igniter Cafe,amenity:cafe,Dwarka,28.588414,77.1686436
Café 69,amenity:cafe,Dwarka,28.5886031,77.1689683
Ricos,amenity:cafe,Dwarka,28.5885827,77.1690539
Awarapan Cafe,amenity:cafe,Dwarka,28.5884966,77.1688106
Pandit Ji Partha Hut,amenity:cafe,Dwarka,28.5881876,77.1682611
Immortal Gaming Cafe,amenity:cafe,Dwarka,28.5879768,77.1688142
Cafe Mitro,amenity:cafe,Dwarka,28.5878444,77.1675983
Bottle House,amenity:cafe,Dwarka,28.5878311,77.1675464
The Bowton House Café,amenity:cafe,Dwarka,28.5877303,77.1672874
The Big House Café,amenity:cafe,Dwarka,28.588064,77.1679012
Rustic Cafe,amenity:cafe,Dwarka,28.5880537,77.1679015
Pandit Ji Tea Stall,amenity:cafe,Dwarka,28.5876277,77.1686816
Mum Café and Bakery,amenity:cafe,Dwarka,28.5877898,77.1684033
Nerds Of Comedy,amenity:cafe,Dwarka,28.5880515,77.1682334
Sista’s,amenity:cafe,Dwarka,28.5880081,77.1677761
Pipeline pizzeria,amenity:cafe,Dwarka,28.5879971,77.1677583
The Chai Latte,amenity:cafe,Dwarka,28.5882442,77.168369
Goyal Tea Junction,amenity:cafe,Dwarka,28.5875478,77.1686825
Cafe Unbound,amenity:cafe,Dwarka,28.5875721,77.1685498
Tirupati Bhawan,amenity:cafe,Dwarka,28.6333646,77.2226483
Alfa,amenity:cafe,Dwarka,28.5875537,77.1686987
Free of Gluten,amenity:cafe,Dwarka,28.5870102,77.1704721
Gitesh Dedha House,amenity:cafe,Dwarka,28.739708,77.2187078
Sabharwal Tea Stall,amenity:cafe,Dwarka,28.5931893,77.1645815
Parichai,amenity:cafe,Dwarka,28.6308108,77.2774683
Third Wave Coffee,amenity:cafe,Dwarka,28.4509594,77.0815414
AMUL PARLOUR,amenity:cafe,Dwarka,28.5951816,77.0181447
Del Bite,amenity:cafe,Dwarka,28.6440611,77.2014836
Astro Bakers,amenity:cafe,Dwarka,28.5372482,77.2487079
Cosmoc Cafe,amenity:cafe,Dwarka,28.6434883,77.2982775
Snocker Cafe,amenity:cafe,Dwarka,28.6435024,77.2982982
Dada & Bodi Tandoori Tea Stall,amenity:cafe,Dwarka,28.5397499,77.2487881
Roslyn Coffee,amenity:cafe,Dwarka,28.7147527,77.1162173
Yakuza Cafe,amenity:cafe,Dwarka,28.5536162,77.1943009
The Tea Room Cakery,amenity:cafe,Dwarka,28.5549056,77.1951137
Cafe Pink,amenity:cafe,Dwarka,28.5548412,77.1941455
Sukhchai,amenity:cafe,Dwarka,28.5592,77.1969003
Shellbeacon Cafe,amenity:cafe,Dwarka,28.554533,77.1947655
The Atrium,amenity:cafe,Dwarka,28.596264,77.0362265
Flavours - All Time Snacks,amenity:cafe,Dwarka,28.460619,77.0791424
Ninis Snacks,amenity:cafe,Dwarka,28.460578,77.0791392
Chaiorama,amenity:cafe,Dwarka,28.6329547,77.2821179
cvsv,amenity:cafe,Dwarka,28.6610786,77.2273116
Tea Crow Metry Cafe,amenity:cafe,Dwarka,28.6929255,77.2089366
The Garden Restaurant,amenity:cafe,Dwarka,28.6188178,77.178503
Cafe Buddy's Espresso,amenity:cafe,Dwarka,28.3921369,77.0593102
QuQu,amenity:cafe,Dwarka,28.392218,77.0591745
The waffle CO.,amenity:cafe,Dwarka,28.3923074,77.0589606
JP Tea Stall,amenity:cafe,Dwarka,28.6851224,77.2089432
Suto Cafe,amenity:cafe,Dwarka,28.583869,77.0715607
Naresh Tea and Coffee Sta,amenity:cafe,Dwarka,28.6014019,77.322742
KaफेMiत्रों,amenity:cafe,Dwarka,28.5857049,77.0715027
Teaवानि,amenity:cafe,Dwarka,28.6179673,77.0319903
The Daily Dose Cafe,amenity:cafe,Dwarka,28.6169987,77.033025
Yumiverse,amenity:cafe,Dwarka,28.617491,77.0331947
Flying Club Cafe And Bar,amenity:cafe,Dwarka,28.5862248,77.071568
Amul,amenity:cafe,Dwarka,28.7209425,77.140908
Dohful Cookies & Coffee,amenity:cafe,Dwarka,28.5433724,77.2039732
Hudson Cafe,amenity:cafe,Dwarka,28.6977965,77.2066565
BBR Coffee by Before British Raj,amenity:cafe,Dwarka,28.411246,77.1080579
Capital Coffee,amenity:cafe,Dwarka,28.5852714,77.0672265
Sharma Milk Point,amenity:cafe,Dwarka,28.6554802,77.229172
Aroma Cafe,amenity:cafe,Dwarka,28.5949565,77.0415522
After Hours,amenity:cafe,Dwarka,28.5921725,77.0416734
Cafe Coffee Bar,amenity:cafe,Dwarka,28.5923639,77.0414092
Cafe After Hours,amenity:cafe,Dwarka,28.5922121,77.04169
Bistro,amenity:cafe,Dwarka,28.5580333,77.2073015
Chillax And Relax,amenity:cafe,Dwarka,28.6567596,77.2256427
Gulbano,amenity:cafe,Dwarka,28.553674,77.240784
The Snook House,amenity:cafe,Dwarka,28.5536387,77.240787
Cafe Madox,amenity:cafe,Dwarka,28.7068184,77.1234337
Sheesh Mahal tea corner,amenity:cafe,Dwarka,28.7071673,77.1233286
Snowberry,amenity:cafe,Dwarka,28.7095182,77.122773
Kubana Cafe,amenity:cafe,Dwarka,28.706821,77.1234786
Kenangan Coffee,amenity:cafe,Dwarka,28.5462946,77.1967626
Retrolivious Cafe,amenity:cafe,Dwarka,28.5685917,77.324753
Reader's Coffee House,amenity:cafe,Dwarka,28.5688474,77.3244351
Longewala Lounge,amenity:cafe,Dwarka,28.5741516,77.1172733
Patel Tea Stall,amenity:cafe,Dwarka,28.5397101,77.2788477
Books and Beans Cafe,amenity:cafe,Dwarka,28.6069031,77.2909556
Third Wave Coffee Roasters,amenity:cafe,Dwarka,28.4803789,77.0926822
Shack Coffee Co.,amenity:cafe,Dwarka,28.5477617,77.2165258
Empire Cafe House,amenity:cafe,Dwarka,28.6918315,77.2078104
Uzair Tea Stall,amenity:cafe,Dwarka,28.622619,77.2903626
Lazy Monk Cafe,amenity:cafe,Dwarka,28.5498687,77.2154821
Charcoal eats,amenity:cafe,Dwarka,28.5471917,77.2143841
USCO Cafe,amenity:cafe,Dwarka,28.5475273,77.2164131
Sibang Bakery,amenity:cafe,Dwarka,28.4759105,77.0932948
Bread Talk,amenity:cafe,Dwarka,28.4482254,77.0992136
For Earth's Sake,amenity:cafe,Dwarka,28.4482557,77.0991767
Another Fine Day,amenity:cafe,Dwarka,28.4478519,77.0992521
Chaupalpur,amenity:cafe,Dwarka,28.5044318,77.3204684
LAPIZZANO,amenity:cafe,Dwarka,28.5045209,77.3208606
Grass Cafe,amenity:cafe,Dwarka,28.5370548,77.2359421
Nest by 1Oak,amenity:cafe,Dwarka,28.5370781,77.2359984
Sweet Obsession,amenity:cafe,Dwarka,28.4482716,77.0992474
Cheesecake and Co.,amenity:cafe,Dwarka,28.5942937,77.0474989
Koby's,amenity:cafe,Dwarka,28.5949937,77.0481238
Honey & Dough,amenity:cafe,Dwarka,28.5927046,77.0461485
UNION Artisan Coffee,amenity:cafe,Dwarka,28.5961991,77.0491527
Dōugh & Cream,amenity:cafe,Dwarka,28.5953562,77.0484467
Chaayos Experience,amenity:cafe,Dwarka,28.4803226,77.0927675
Dohful,amenity:cafe,Dwarka,28.4803521,77.0928384
Cafe Amour,amenity:cafe,Dwarka,28.4647133,77.0954963
Another Fine Day Cafe and Reading Room,amenity:cafe,Dwarka,28.4547627,77.0971629
Diggin,amenity:cafe,Dwarka,28.5950905,77.1979808
Cafe De Flora,amenity:cafe,Dwarka,28.5948908,77.1984828
Pehle Chai,amenity:cafe,Dwarka,28.4603842,77.0798764
Bizibean,amenity:cafe,Dwarka,28.4458975,77.1001592
Tim Hortons,amenity:cafe,Dwarka,28.4947426,77.0879293
Dhawan Corner,amenity:cafe,Dwarka,28.6918841,77.153897
Cafe Coffee Brew,amenity:cafe,Dwarka,28.693423,77.1510447
Coffee Island,amenity:cafe,Dwarka,28.6935584,77.1509444
Mocha,amenity:cafe,Dwarka,28.6318635,77.222533
Darshini Cafe,amenity:cafe,Dwarka,28.6326908,77.2225729
Honey and Dough,amenity:cafe,Dwarka,28.7050388,77.1902323
Bhatia,amenity:cafe,Dwarka,28.64567,77.2166863
Sit and Chill,amenity:cafe,Dwarka,28.6012573,77.3224096
Masson's,amenity:cafe,Dwarka,28.7053741,77.1903825
Meltora,amenity:cafe,Dwarka,28.7066575,77.1904409
Red Bricks Cafe,amenity:cafe,Dwarka,28.517651,77.20022
Orange Chopsticks,amenity:cafe,Dwarka,28.5183824,77.1991938
Brown Sugar,amenity:cafe,Dwarka,28.5175233,77.1984362
Costa Coffee,amenity:cafe,Dwarka,28.6003202,77.2276228
Green Neko,amenity:cafe,Dwarka,28.5612469,77.1938065
Gelato and Cafe,amenity:cafe,Dwarka,28.7058847,77.1901041
Chote Lal Tea Store,amenity:cafe,Dwarka,28.7056147,77.1907518
Waffle Some,amenity:cafe,Dwarka,28.7056748,77.1908944
The King Royal Cafe,amenity:cafe,Dwarka,28.6937217,77.2176548
KofiKafi,amenity:cafe,Dwarka,28.6949473,77.2141313
Chain Chulha,amenity:cafe,Dwarka,28.694961,77.2141067
Dhaba,amenity:cafe,Dwarka,28.4044762,77.1739671
Canteen,amenity:cafe,Dwarka,28.59487,77.0183238
FX YOUTH,amenity:cafe,Dwarka,28.5590421,77.2835112
Ganga Dhaba,amenity:cafe,Dwarka,28.5496314,77.1679008
Ram Singh's Dhaba,amenity:cafe,Dwarka,28.5497474,77.1680952
Lavonne Cafe,amenity:cafe,Dwarka,28.5752062,77.2381252
Bethak Snooker And Cafe,amenity:cafe,Dwarka,28.5199792,77.2013995
Students' Centre,amenity:cafe,Dwarka,28.6116515,77.0369261
Coffee House Bindapur,amenity:cafe,Dwarka,28.6078718,77.0664178
FLAVOURZ FACTOREE,amenity:cafe,Dwarka,28.6199439,77.0444855
Fun & Shakes,amenity:cafe,Dwarka,28.6955427,76.9332235
द: NUKKAD,amenity:cafe,Dwarka,28.4902882,77.0829105
Cafe Tesu,amenity:cafe,Dwarka,28.5440388,77.2013609
Amul Shop,amenity:cafe,Dwarka,28.5911958,77.0682453
cafe chai,amenity:cafe,Dwarka,28.5079505,77.1963995
Sandwish Smugglers,amenity:cafe,Dwarka,28.5345538,77.2280928
Altogether Experimental,amenity:cafe,Dwarka,28.5180894,77.1978516
JugMug Thela,amenity:cafe,Dwarka,28.5172641,77.1999662
Namah 25° north Xpress,amenity:cafe,Dwarka,28.6948311,77.2141585
Chhachhi Building,shop:clothes,Dwarka,28.6609627,77.278842
Levi's,shop:clothes,Dwarka,28.4536765,77.0509521
Shoppers Stop,shop:clothes,Dwarka,28.4129054,77.0421678
Tyagi Selection,shop:clothes,Dwarka,28.6128108,76.9864563
Part 1 Customized Designer Men's Wear,shop:clothes,Dwarka,28.5685478,77.2472168
The Cotton Lawn Shop,shop:clothes,Dwarka,28.5671547,77.2450583
"Reebok,Nike",shop:clothes,Dwarka,28.5432177,77.3018901
Tantra T-shirts,shop:clothes,Dwarka,28.627656,77.2191809
Shellka,shop:clothes,Dwarka,28.6347746,77.2195352
Nike,shop:clothes,Dwarka,28.5573461,77.163798
Delhi Haat,shop:clothes,Dwarka,28.5552296,77.2644216
Guapa,shop:clothes,Dwarka,28.5551267,77.1945451
Fabindia,shop:clothes,Dwarka,28.5338407,77.1527489
People Tree,shop:clothes,Dwarka,28.6301669,77.2174792
A2 ( attractive & affordable ),shop:clothes,Dwarka,28.5438531,77.1253145
Uniqlo,shop:clothes,Dwarka,28.6323144,77.2180249
Wrangler,shop:clothes,Dwarka,28.6333286,77.2183439
Baluja's,shop:clothes,Dwarka,28.6342961,77.2193544
H&M,shop:clothes,Dwarka,28.6341138,77.2187136
Westside,shop:clothes,Dwarka,28.6507071,77.1206055
Deepa Clothes,shop:clothes,Dwarka,28.5693492,77.2405251
Satkar,shop:clothes,Dwarka,28.5463441,77.1964263
Diwan Saheb,shop:clothes,Dwarka,28.5704193,77.2371359
novel exp,shop:clothes,Dwarka,28.6392425,77.2095887
embroidery bazar,shop:clothes,Dwarka,28.6546047,77.2333261
Singla Garments,shop:clothes,Dwarka,28.7386291,77.1248986
Tripati's collection,shop:clothes,Dwarka,28.669014,77.329199
Fancy dress,shop:clothes,Dwarka,28.669084,77.330607
Brand Hut,shop:clothes,Dwarka,28.67151,77.330509
Waha Uniforms,shop:clothes,Dwarka,28.658211,77.318188
FlyInc,shop:clothes,Dwarka,28.660186,77.32983
Van Heusen,shop:clothes,Dwarka,28.6327775,77.2178939
Cantabil,shop:clothes,Dwarka,28.6314687,77.2206618
Louis Philippe,shop:clothes,Dwarka,28.6332362,77.2180099
Zodiac,shop:clothes,Dwarka,28.6339551,77.2185558
Vikas Makhija,shop:clothes,Dwarka,28.5391389,77.2122885
Blackberrys,shop:clothes,Dwarka,28.6330221,77.2179096
Shasha,shop:clothes,Dwarka,28.6328187,77.2178944
Suit Lining Centre,shop:clothes,Dwarka,28.5699773,77.2427464
Dhruv Sehgal,shop:clothes,Dwarka,28.5489398,77.235641
Naaz By Noor,shop:clothes,Dwarka,28.5489515,77.2356078
Panchi Helmet,shop:clothes,Dwarka,28.5280665,77.2318081
Army Equippers,shop:clothes,Dwarka,28.6331522,77.2167008
Quiet Clothes bazar,shop:clothes,Dwarka,28.6564644,77.2306821
Dashmesh Pagrian,shop:clothes,Dwarka,28.6268616,77.2114437
Peter England,shop:clothes,Dwarka,28.5366953,77.2123391
Hallmark Apparels,shop:clothes,Dwarka,28.5367247,77.2123635
Clothing store,shop:clothes,Dwarka,28.5309132,77.2162661
Tremendous,shop:clothes,Dwarka,28.53361,77.2170859
Stylobe,shop:clothes,Dwarka,28.5702289,77.2375129
Puran Chand Gyan Prakash,shop:clothes,Dwarka,28.6546264,77.2332554
Manyavar,shop:clothes,Dwarka,28.5682057,77.2224052
Jockey,shop:clothes,Dwarka,28.6338464,77.2184247
And,shop:clothes,Dwarka,28.6347172,77.2195343
W,shop:clothes,Dwarka,28.6346923,77.2195337
Planet Fashion,shop:clothes,Dwarka,28.6343042,77.2194176
Aurelia,shop:clothes,Dwarka,28.6344204,77.2195558
Mohanlal Sons,shop:clothes,Dwarka,28.6341849,77.2188513
Monte Carlo,shop:clothes,Dwarka,28.6343423,77.2195457
U.S. Polo Assn.,shop:clothes,Dwarka,28.633874,77.2184508
Chumbak,shop:clothes,Dwarka,28.5705859,77.240456
Diamond Silk Coop. Society Ltd.,shop:clothes,Dwarka,28.5669605,77.1883405
Tanturupa Bengal Handloom,shop:clothes,Dwarka,28.5669342,77.1886327
Dési Belle,shop:clothes,Dwarka,28.6086535,77.2926328
Cobb,shop:clothes,Dwarka,28.6088827,77.2924563
K-Lounge,shop:clothes,Dwarka,28.608687,77.2926802
Kottail,shop:clothes,Dwarka,28.6086158,77.2927546
Vaishno Mega Mart,shop:clothes,Dwarka,28.608862,77.2924934
Go Colors!,shop:clothes,Dwarka,28.6084841,77.292913
United Colors of Benetton,shop:clothes,Dwarka,28.6088407,77.2924543
Mayori Conscious Clothing Store,shop:clothes,Dwarka,28.5495916,77.2122663
girls clothing house,shop:clothes,Dwarka,28.7021079,77.2090961
Little Almirah,shop:clothes,Dwarka,28.5492003,77.2124692
Delhi Bazaar Craft House,shop:clothes,Dwarka,28.555524,77.0851248
Craft House Delhi,shop:clothes,Dwarka,28.6314312,77.207782
Indha Shop,shop:clothes,Dwarka,28.4202995,77.0970906
Kamala – The Craft Shop,shop:clothes,Dwarka,28.6301933,77.2125232
Baragaon Weaves,shop:clothes,Dwarka,28.5551936,77.2049049
tatsat- a socially conscious store,shop:clothes,Dwarka,28.5516419,77.2069727
Sasha,shop:clothes,Dwarka,28.5083364,77.1782516
Max Fashion,shop:clothes,Dwarka,28.595552,77.0362455
Max,shop:clothes,Dwarka,28.6002754,77.0298286
Max fashion,shop:clothes,Dwarka,28.5907855,76.9976164
fabindia,shop:clothes,Dwarka,28.7000929,77.1355929
Alaindair TQS,shop:clothes,Dwarka,28.6088681,77.2927351
Colors,shop:clothes,Dwarka,28.68817,77.1841782
Bindals,shop:clothes,Dwarka,28.6829678,77.2067584
Perfect Fit,shop:clothes,Dwarka,28.6271195,77.2796831
Lacoste,shop:clothes,Dwarka,28.6305064,77.2198259
numero,shop:clothes,Dwarka,28.630287,77.219811
Vintage Retail,shop:clothes,Dwarka,28.6321461,77.2212681
Van Huesen,shop:clothes,Dwarka,28.6126,76.9945621
Biba,shop:clothes,Dwarka,28.6127723,76.9928467
Raymond,shop:clothes,Dwarka,28.6122113,76.9898223
Duke,shop:clothes,Dwarka,28.6125173,76.9933807
plusS,shop:clothes,Dwarka,28.6345759,77.2200756
Rainbow,shop:clothes,Dwarka,28.6295635,77.2193426
Sat Pal & Company,shop:clothes,Dwarka,28.6275553,77.2191895
White House,shop:clothes,Dwarka,28.6275185,77.2191893
Mallika Craft,shop:clothes,Dwarka,28.6274361,77.219185
Neel Kamal,shop:clothes,Dwarka,28.6269913,77.2192083
Behl's Hi Fashion,shop:clothes,Dwarka,28.6270264,77.2192152
Pinch by Sonal Flagship Store,shop:clothes,Dwarka,28.642847,77.2960729
Prabha Sarees,shop:clothes,Dwarka,28.5486997,77.2352916
Naari Collections,shop:clothes,Dwarka,28.6352725,77.3040657
devanshu dresses,shop:clothes,Dwarka,28.689464,77.2713233
Zara,shop:clothes,Dwarka,28.5054879,77.0958909
The Chankya Mall,shop:clothes,Dwarka,28.5844178,77.1907596
नाइक फैक्ट्रियां आउटलेट छतरपुर,shop:clothes,Dwarka,28.5070421,77.1749413
Many Selection,shop:clothes,Dwarka,28.7278625,77.1701929
Kamal Deep,shop:clothes,Dwarka,28.5692455,77.242961
Chunmun men,shop:clothes,Dwarka,28.5691795,77.2430969
KUNTI,shop:clothes,Dwarka,28.6158571,77.0882135
Anokhi,shop:clothes,Dwarka,28.5896599,77.2525288
Sports Station,shop:clothes,Dwarka,28.6318442,77.2169899
Saree Centre,shop:clothes,Dwarka,28.6000821,77.2271277
Republic by Tausif,shop:clothes,Dwarka,28.5178947,77.199222
Ancestry,shop:clothes,Dwarka,28.5283659,77.21687
Suneja Sons,shop:clothes,Dwarka,28.6463197,77.1892489
Wedding Planet,shop:clothes,Dwarka,28.6463515,77.1892697
Groom Studio,shop:clothes,Dwarka,28.6462834,77.1892248
Groom Palace,shop:clothes,Dwarka,28.6464618,77.1896522
Mehra Silk Palace,shop:clothes,Dwarka,28.6469052,77.1898396
Pratap Clothiers,shop:clothes,Dwarka,28.6465885,77.1896789
Ahujasons,shop:clothes,Dwarka,28.6471446,77.1900373
Manocha,shop:clothes,Dwarka,28.6472431,77.1898843
Ethnic India,shop:clothes,Dwarka,28.6472221,77.1898694
Raymond Rai Saheb,shop:clothes,Dwarka,28.6471993,77.190076
Cantabil Men,shop:clothes,Dwarka,28.6474356,77.1902853
Sanjay Textiles,shop:clothes,Dwarka,28.64767,77.1904674
Pantaloons,shop:clothes,Dwarka,28.6474432,77.1899906
Kamakshi,shop:clothes,Dwarka,28.6473466,77.1899642
Groom Makers,shop:clothes,Dwarka,28.6475966,77.1903492
Sri Ram & Son,shop:clothes,Dwarka,28.6478921,77.1903074
Raunaq,shop:clothes,Dwarka,28.6475384,77.190057
Red Roses,shop:clothes,Dwarka,28.6475627,77.1903153
Neelan,shop:clothes,Dwarka,28.6472582,77.190119
Ibadat,shop:clothes,Dwarka,28.6470101,77.1896939
Jainsons Westend,shop:clothes,Dwarka,28.6468109,77.1895648
Zest,shop:clothes,Dwarka,28.6008461,77.2270915
Kaartgar,shop:clothes,Dwarka,28.6009,77.2271762
Manan,shop:clothes,Dwarka,28.6006758,77.2274716
Mobeen Tailors,shop:clothes,Dwarka,28.6007221,77.2272651
Ruwaa,shop:clothes,Dwarka,28.6008728,77.2272119
Cord,shop:clothes,Dwarka,28.6007025,77.2274346
Ridhiie Suuri,shop:clothes,Dwarka,28.6006145,77.2274071
Ranna Gill,shop:clothes,Dwarka,28.6006049,77.2272316
Ritika Malhotra,shop:clothes,Dwarka,28.6005178,77.2275361
Veda Creations,shop:clothes,Dwarka,28.6003032,77.227298
Ethnïche,shop:clothes,Dwarka,28.6003289,77.2273422
Ogaan,shop:clothes,Dwarka,28.6004358,77.2275383
Devasya,shop:clothes,Dwarka,28.6002974,77.227615
Aadyam,shop:clothes,Dwarka,28.6002675,77.2275448
Groom Hub,shop:clothes,Dwarka,28.6456305,77.1894762
Fashion Hub,shop:clothes,Dwarka,28.6456012,77.1895397
Studio Anant,shop:clothes,Dwarka,28.6456676,77.1894246
Zawaj Studio,shop:clothes,Dwarka,28.6449928,77.1882931
Dawar Sarees,shop:clothes,Dwarka,28.6562821,77.228951
Kala Nooor,shop:clothes,Dwarka,28.6565543,77.2284219
Jay Sons,shop:clothes,Dwarka,28.6562802,77.2289774
Sparky,shop:clothes,Dwarka,28.6561362,77.2315105
Luthra's,shop:clothes,Dwarka,28.6291911,77.2193374
Alagkriti,shop:clothes,Dwarka,28.629454,77.2193411
Free Spirit,shop:clothes,Dwarka,28.6294759,77.2193414
Fashion Paradise,shop:clothes,Dwarka,28.6293883,77.2193402
Fashion Point,shop:clothes,Dwarka,28.6293006,77.2193389
Ravi Garments,shop:clothes,Dwarka,28.7301369,77.1639534
Fashion Club,shop:clothes,Dwarka,28.7218487,77.1693673
Jain Selection,shop:clothes,Dwarka,28.7233832,77.1658233
Selection Garments,shop:clothes,Dwarka,28.7303399,77.1659698
Common Wealth Store,shop:clothes,Dwarka,28.5498642,77.2354223
FNT,shop:clothes,Dwarka,28.5507231,77.2340564
Jack & Jones,shop:clothes,Dwarka,28.5508617,77.2341965
Vero Moda,shop:clothes,Dwarka,28.5508545,77.2341837
Goyal Stores,shop:clothes,Dwarka,28.5505405,77.2343366
Madame,shop:clothes,Dwarka,28.5506032,77.2342159
Surplus House,shop:clothes,Dwarka,28.6284063,77.2783542
ORBITE SOCKS,shop:clothes,Dwarka,28.7417255,77.1330596
Sadgi Boutique,shop:clothes,Dwarka,28.7416944,77.1334358
Global Desi,shop:clothes,Dwarka,28.6350136,77.2195872
Afshana Boutique,shop:clothes,Dwarka,28.7542203,77.1618185
Fashion Flare,shop:clothes,Dwarka,28.5502796,77.2347263
Print Centre,shop:clothes,Dwarka,28.5503148,77.2346681
Goldy's Nestt,shop:clothes,Dwarka,28.5501398,77.2349305
Yell,shop:clothes,Dwarka,28.5502063,77.234842
Global Republic,shop:clothes,Dwarka,28.5502704,77.2347394
Weatside,shop:clothes,Dwarka,28.3836212,77.0523879
Jockey Exclusive Store,shop:clothes,Dwarka,28.3830151,77.0521838
Spykar,shop:clothes,Dwarka,28.3834215,77.0521238
Reebok,shop:clothes,Dwarka,28.3837029,77.0524684
BIBA,shop:clothes,Dwarka,28.3832315,77.0524575
Harmeet Selection,shop:clothes,Dwarka,28.656579,77.2264515
Wadhwa Textiles,shop:clothes,Dwarka,28.6565952,77.2265539
Harcharan Das Sharma Bajaj - Uttarakhand Wale,shop:clothes,Dwarka,28.6567572,77.2257972
Sri Ram and Son,shop:clothes,Dwarka,28.6562753,77.2278227
Asian Bridal Store,shop:clothes,Dwarka,28.6562429,77.2291825
Khadi ka Clothes -116 Garage,shop:clothes,Dwarka,28.6212562,77.1989326
Lifestyle,shop:clothes,Dwarka,28.7169998,77.114111
Reet Collection,shop:clothes,Dwarka,28.750204,77.1745446
Vibe,shop:clothes,Dwarka,28.5503303,77.2353146
Abhimaa,shop:clothes,Dwarka,28.5504368,77.2351485
Meena Bazaar,shop:clothes,Dwarka,28.5504587,77.2351149
A-One Stores,shop:clothes,Dwarka,28.5500231,77.235139
The Wardrobe,shop:clothes,Dwarka,28.5500278,77.2351243
Kunchal's,shop:clothes,Dwarka,28.5500559,77.2350096
Bhadauriya cloth store,shop:clothes,Dwarka,28.4925874,77.3261344
Kidsberry,shop:clothes,Dwarka,28.6377995,77.2867841
Intimissimi,shop:clothes,Dwarka,28.6376164,77.2868578
Clovis,shop:clothes,Dwarka,28.6376187,77.2866423
Reliance Trends,shop:clothes,Dwarka,28.6428913,77.2974598
Babyhug,shop:clothes,Dwarka,28.7005536,77.2085253
Rajouri Garden Market,shop:clothes,Dwarka,28.6456979,77.1199867
Shree,shop:clothes,Dwarka,28.5419874,77.2536743
Malik Sons,shop:clothes,Dwarka,28.5419591,77.2536818
Porshe design,shop:clothes,Dwarka,28.5552208,77.0833295
Coach,shop:clothes,Dwarka,28.5550482,77.0829472
Hugo Boss,shop:clothes,Dwarka,28.554973,77.0829994
La Mode,shop:clothes,Dwarka,28.570222,77.2412291
Narang Garments,shop:clothes,Dwarka,28.570624,77.2402805
Chunmun Women,shop:clothes,Dwarka,28.568523,77.2422926
Sharif Garments,shop:clothes,Dwarka,28.5702054,77.2412682
Allen Solly Women,shop:clothes,Dwarka,28.5702439,77.2412346
Octave,shop:clothes,Dwarka,28.5702862,77.2411524
StockFit,shop:clothes,Dwarka,28.5686743,77.2414256
Marks & Spencer,shop:clothes,Dwarka,28.6351449,77.2196126
Kings,shop:clothes,Dwarka,28.7131784,77.2157108
Greenways,shop:clothes,Dwarka,28.6320541,77.2213531
Khanna Fabrics,shop:clothes,Dwarka,28.6338972,77.2208753
Snow White,shop:clothes,Dwarka,28.6338324,77.2209483
Uphaar Centre,shop:clothes,Dwarka,28.633951,77.2208129
Smash To Fashion,shop:clothes,Dwarka,28.7354937,77.1098793
Saloni Creations,shop:clothes,Dwarka,28.735263,77.1102211
Nalli,shop:clothes,Dwarka,28.6319792,77.2162925
The Darning House,shop:clothes,Dwarka,28.6317946,77.2163312
Nitin Exports,shop:clothes,Dwarka,28.6374104,77.3041073
Manyawar,shop:clothes,Dwarka,28.6342911,77.2200792
Pepe Jeans,shop:clothes,Dwarka,28.6342189,77.2203427
Park Avenue,shop:clothes,Dwarka,28.6342741,77.220195
One Friday,shop:clothes,Dwarka,28.5506697,77.2347931
Super Mart Fashion Hub,shop:clothes,Dwarka,28.515355,77.104796
JAIN SAREE CENTER,shop:clothes,Dwarka,28.6892837,77.2994067
VAN HEUSEN FACTORY OUTLET,shop:clothes,Dwarka,28.6891726,77.295432
KABIR DESIGNER BOUTIQUE,shop:clothes,Dwarka,28.6900287,77.2990759
Allen Solly,shop:clothes,Dwarka,28.4701023,77.307273
Trends,shop:clothes,Dwarka,28.4698382,77.307206
GOYAL CLOTH HOUSE,shop:clothes,Dwarka,28.6890085,77.2898917
Roop Garments,shop:clothes,Dwarka,28.6325286,77.2800976
Modluk,shop:clothes,Dwarka,28.5501001,77.2357713
Chique,shop:clothes,Dwarka,28.5501558,77.2356683
Cooke & Kelvey,shop:clothes,Dwarka,28.6293968,77.2197666
Flying Machine,shop:clothes,Dwarka,28.6805517,77.2080576
Venus Collection,shop:clothes,Dwarka,28.6821854,77.2067297
Puma,shop:clothes,Dwarka,28.6822096,77.20671
Mini Sou,shop:clothes,Dwarka,28.6811828,77.2075503
Archies,shop:clothes,Dwarka,28.6821049,77.2067955
Olish,shop:clothes,Dwarka,28.6820669,77.206825
Inc. 5,shop:clothes,Dwarka,28.681534,77.2072445
Vidyarthi,shop:clothes,Dwarka,28.6822586,77.2066433
Wildcraft,shop:clothes,Dwarka,28.6824147,77.2065141
The Fashion Point,shop:clothes,Dwarka,28.5871291,77.1689841
Microbe,shop:clothes,Dwarka,28.5872511,77.1692453
Men Den,shop:clothes,Dwarka,28.5878274,77.1690537
Deepak Cloth House,shop:clothes,Dwarka,28.5965582,77.1230673
Niyaz Fashion,shop:clothes,Dwarka,28.6229963,77.2907494
Triveni Prints,shop:clothes,Dwarka,28.5961583,77.1227909
Cliff Climbers,shop:clothes,Dwarka,28.5956169,77.1225445
Young Man,shop:clothes,Dwarka,28.5951499,77.1223293
Avi Creations Army Store,shop:clothes,Dwarka,28.595083,77.1222523
Export House,shop:clothes,Dwarka,28.5950744,77.1222868
Poonam Export Cloth House,shop:clothes,Dwarka,28.5698671,77.2394869
Show Off,shop:clothes,Dwarka,28.5697344,77.2394124
Style Dot In,shop:clothes,Dwarka,28.5699851,77.2395602
Surkhaab,shop:clothes,Dwarka,28.5697602,77.2394442
Arora Textiles,shop:clothes,Dwarka,28.5701124,77.2396195
Vikram Associates,shop:clothes,Dwarka,28.5687626,77.2412302
The Style Hub,shop:clothes,Dwarka,28.5498726,77.2354058
Miss 16,shop:clothes,Dwarka,28.5499609,77.2352319
Hunkemöller,shop:clothes,Dwarka,28.5673097,77.321349
Readymade Garments And Army Store,shop:clothes,Dwarka,28.5949192,77.1226851
Modern Store,shop:clothes,Dwarka,28.5953046,77.1228665
Zivame,shop:clothes,Dwarka,28.566736,77.3213415
Amante,shop:clothes,Dwarka,28.5666637,77.3208795
Young Club,shop:clothes,Dwarka,28.5956457,77.1230538
Calcutta Army Store,shop:clothes,Dwarka,28.5954942,77.1229655
Sumona Outfit,shop:clothes,Dwarka,28.5955695,77.1230075
Popular Army Store,shop:clothes,Dwarka,28.5941036,77.1218236
Novelty Army Store,shop:clothes,Dwarka,28.5942105,77.1218785
Parvesh General Store,shop:clothes,Dwarka,28.5945574,77.1220656
Vimal Uniforms,shop:clothes,Dwarka,28.594147,77.1218417
Mukesh Garments,shop:clothes,Dwarka,28.5945937,77.122081
Dashmesh Emporium,shop:clothes,Dwarka,28.5943222,77.1219398
Salona Fashion,shop:clothes,Dwarka,28.5942419,77.1218964
S.S. Army Store,shop:clothes,Dwarka,28.5944048,77.1219901
Palam Army Store,shop:clothes,Dwarka,28.5940238,77.1217593
Satyam Army Store,shop:clothes,Dwarka,28.5941816,77.1218563
New Cheap Army Store,shop:clothes,Dwarka,28.5942231,77.1223237
Great Army Store,shop:clothes,Dwarka,28.5941254,77.1222795
Standard Enterprises Army Store,shop:clothes,Dwarka,28.5939624,77.122198
Khushboo Cloth House,shop:clothes,Dwarka,28.5937938,77.1221114
Sood Army Store,shop:clothes,Dwarka,28.5941602,77.1222926
Sardar Ji Kids Wear,shop:clothes,Dwarka,28.594304,77.122362
Deep Garment,shop:clothes,Dwarka,28.5943258,77.1223726
Bharat Army Store,shop:clothes,Dwarka,28.5932581,77.1218534
Army General Store,shop:clothes,Dwarka,28.593621,77.1220254
Bhartiya Exclusive,shop:clothes,Dwarka,28.5935634,77.1219944
Indian Army Store,shop:clothes,Dwarka,28.5931677,77.1219187
Rohilla Army Store,shop:clothes,Dwarka,28.5932877,77.1218686
Find Style,shop:clothes,Dwarka,28.5934204,77.1219277
Singh Army Store,shop:clothes,Dwarka,28.5931901,77.1218553
Shrutika Army Store,shop:clothes,Dwarka,28.5935345,77.1219799
Mangal Sons,shop:clothes,Dwarka,28.5937602,77.1220963
Kartike,shop:clothes,Dwarka,28.59345,77.1219409
Sainik Matador Showroom,shop:clothes,Dwarka,28.5932278,77.121837
Shri Jain Army Store,shop:clothes,Dwarka,28.5963979,77.1344892
Bakshi Uniforms,shop:clothes,Dwarka,28.5964048,77.1341737
Verma Army Store,shop:clothes,Dwarka,28.5964038,77.1341407
Rastogi Garments,shop:clothes,Dwarka,28.5964103,77.1333603
Dashmesh Army Store,shop:clothes,Dwarka,28.5964079,77.1340976
Rastogi Army Store,shop:clothes,Dwarka,28.5964121,77.1333918
Royal Army Store,shop:clothes,Dwarka,28.5964162,77.1335586
Jain Cloth House,shop:clothes,Dwarka,28.5964111,77.1332867
J.B. Enterprises Army Store,shop:clothes,Dwarka,28.5964102,77.1332504
Sahni Store,shop:clothes,Dwarka,28.5964067,77.1332379
Jain Garments,shop:clothes,Dwarka,28.5964109,77.1333346
Dholiya Garments,shop:clothes,Dwarka,28.5933043,77.1209358
Shyam Uniforms And Garment Centre,shop:clothes,Dwarka,28.5971035,77.1226796
Shree Ji,shop:clothes,Dwarka,28.7309683,77.0879986
Zudio,shop:clothes,Dwarka,28.6492029,77.3063943
Goyal Sons,shop:clothes,Dwarka,28.5838529,77.071148
Cantabil Italy,shop:clothes,Dwarka,28.584651,77.0710555
Super Budget Bazar,shop:clothes,Dwarka,28.5940429,77.1213677
Ganesh Collection,shop:clothes,Dwarka,28.6139517,77.0325597
School Uniforms Egloo Wear,shop:clothes,Dwarka,28.5852311,77.0680771
Factory Outlet,shop:clothes,Dwarka,28.6442838,77.2016844
Varun Saree Centre,shop:clothes,Dwarka,28.5934111,77.1214554
Rahul Garments,shop:clothes,Dwarka,28.6689483,77.3080831
La Square,shop:clothes,Dwarka,28.612988,77.1093453
L. N. Square,shop:clothes,Dwarka,28.6130173,77.1092999
Sport Sun,shop:clothes,Dwarka,28.6612765,77.2866336
Ritu Kumar,shop:clothes,Dwarka,28.5679338,77.224095
Kalki,shop:clothes,Dwarka,28.5681797,77.2209954
Motiwala,shop:clothes,Dwarka,28.5682509,77.2209954
Twamev,shop:clothes,Dwarka,28.5683466,77.2210739
Ashoka Kurta,shop:clothes,Dwarka,28.5776885,77.1947802
Vaishnavi,shop:clothes,Dwarka,28.5776875,77.1948663
Viraj,shop:clothes,Dwarka,28.5682334,77.2215351
Bharat Reshma,shop:clothes,Dwarka,28.5682345,77.2215022
Mark And Spencer,shop:clothes,Dwarka,28.5681863,77.2227503
Brahaan,shop:clothes,Dwarka,28.5682327,77.2214312
Parvi Collections,shop:clothes,Dwarka,28.5766869,77.1960324
Redtape,shop:clothes,Dwarka,28.5778276,77.1958836
Shingar Garments,shop:clothes,Dwarka,28.5769792,77.1960334
Hasho,shop:clothes,Dwarka,28.5775579,77.1955195
Paradise,shop:clothes,Dwarka,28.5775624,77.1958047
Cobb Italy,shop:clothes,Dwarka,28.5762742,77.1957386
Kamal Ji Garments,shop:clothes,Dwarka,28.5771932,77.1960331
Messrs Clive Fashion,shop:clothes,Dwarka,28.577258,77.1960318
Raj Emporium,shop:clothes,Dwarka,28.5767525,77.1960366
TNS Traders,shop:clothes,Dwarka,28.5767878,77.1960374
Sand Castle,shop:clothes,Dwarka,28.5771605,77.1960352
K4 Classic Trends,shop:clothes,Dwarka,28.5768282,77.1960404
Sai Mahima,shop:clothes,Dwarka,28.57609,77.1954189
Manoj Store,shop:clothes,Dwarka,28.5761749,77.1954138
Kala Mahal,shop:clothes,Dwarka,28.5770854,77.1960358
Gopal Sons,shop:clothes,Dwarka,28.5762583,77.1954119
Messrs Libra Exclusive,shop:clothes,Dwarka,28.5772713,77.1960318
Choice,shop:clothes,Dwarka,28.5775657,77.1958858
H. Nagpal Traders,shop:clothes,Dwarka,28.5768633,77.1960361
Modern,shop:clothes,Dwarka,28.5774783,77.1960236
Metro Fashion,shop:clothes,Dwarka,28.5762771,77.1956982
Golden Heritage,shop:clothes,Dwarka,28.5773368,77.1960276
Paul Collections,shop:clothes,Dwarka,28.5765676,77.1960393
G. V. Enterprises,shop:clothes,Dwarka,28.5767157,77.1960371
Shiraj Creations,shop:clothes,Dwarka,28.5775602,77.1959698
Prem Enterprises,shop:clothes,Dwarka,28.5762763,77.1959081
Sonu Garments,shop:clothes,Dwarka,28.5766701,77.1960333
Krishna Sarees,shop:clothes,Dwarka,28.5775607,77.1957627
Punjab Silk Stores Private Limited,shop:clothes,Dwarka,28.5775556,77.1956807
Khushi Sarees,shop:clothes,Dwarka,28.577554,77.1955605
Chic Care,shop:clothes,Dwarka,28.5762195,77.1954131
Richie Garments,shop:clothes,Dwarka,28.5766032,77.1960373
Meera Saree,shop:clothes,Dwarka,28.5775637,77.1958447
John Hill,shop:clothes,Dwarka,28.5762753,77.1955689
Ethnix,shop:clothes,Dwarka,28.6469749,77.1896671
Harnam Singh Bishan Singh,shop:clothes,Dwarka,28.6469323,77.1896348
India Emporium,shop:clothes,Dwarka,28.6378452,77.2113764
Rukshan Fashion,shop:clothes,Dwarka,28.5952415,77.1213464
Meena Bazaar.,shop:clothes,Dwarka,28.6374077,77.2865842
Canstol,shop:clothes,Dwarka,28.6375158,77.2862071
Flosse,shop:clothes,Dwarka,28.6374915,77.2862228
Stanmax,shop:clothes,Dwarka,28.6373935,77.2871419
Horizon,shop:clothes,Dwarka,28.6376443,77.2866811
Elleven,shop:clothes,Dwarka,28.6373023,77.2865328
Indo Leebaaz,shop:clothes,Dwarka,28.6375197,77.2864107
Libas,shop:clothes,Dwarka,28.6373306,77.2865839
Lakshita,shop:clothes,Dwarka,28.6374749,77.2864318
Fox Lifestyle,shop:clothes,Dwarka,28.6375328,77.2864148
Ladiify,shop:clothes,Dwarka,28.6375682,77.2864872
Adidas Originals,shop:clothes,Dwarka,28.6374288,77.2865106
LaMODE,shop:clothes,Dwarka,28.6373177,77.2861537
Muskan Boutique,shop:clothes,Dwarka,28.6377888,77.2869469
Klobe Fashion,shop:clothes,Dwarka,28.5551069,77.194252
Dazzle,shop:clothes,Dwarka,28.5536263,77.194255
Expressionist,shop:clothes,Dwarka,28.5539506,77.1943928
Huckleberry Hangers,shop:clothes,Dwarka,28.5535107,77.1941712
Aikeyah,shop:clothes,Dwarka,28.5546952,77.1951023
Mohitt Sacchdev,shop:clothes,Dwarka,28.555127,77.1946865
Lady Nayra,shop:clothes,Dwarka,28.555071,77.1942386
Tare Millenials,shop:clothes,Dwarka,28.5550275,77.1942238
Maiden & Muse,shop:clothes,Dwarka,28.5549842,77.1942106
Shein-Sxy,shop:clothes,Dwarka,28.5548133,77.1941392
Street Style Store,shop:clothes,Dwarka,28.5547962,77.1941309
Sarandha,shop:clothes,Dwarka,28.5550729,77.1944903
First Resort,shop:clothes,Dwarka,28.5550415,77.1944734
Vishwas Arora,shop:clothes,Dwarka,28.5549861,77.1944466
Attire,shop:clothes,Dwarka,28.5549557,77.194436
Kvell,shop:clothes,Dwarka,28.5549308,77.1944809
Ish Om,shop:clothes,Dwarka,28.5548478,77.1944594
Nasty Small Room,shop:clothes,Dwarka,28.5547569,77.194388
Nishibo,shop:clothes,Dwarka,28.5547693,77.1943269
Farha Khan,shop:clothes,Dwarka,28.5547506,77.1944826
Lacquer Embassy,shop:clothes,Dwarka,28.5547096,77.1945021
Kawai Fuku,shop:clothes,Dwarka,28.5546717,77.1944402
Jujuture by The Marwari's,shop:clothes,Dwarka,28.5546384,77.1944341
Thrift Shop,shop:clothes,Dwarka,28.5545073,77.1943949
Shop With Love,shop:clothes,Dwarka,28.5543526,77.1943474
Shein,shop:clothes,Dwarka,28.5541452,77.1944545
The Sassy Clothes,shop:clothes,Dwarka,28.5541648,77.1944646
Wild Eagle,shop:clothes,Dwarka,28.5541246,77.1944502
Street Style Fahsion,shop:clothes,Dwarka,28.5541066,77.1944438
Phew Zone,shop:clothes,Dwarka,28.5540821,77.1944365
Top Shop,shop:clothes,Dwarka,28.5540672,77.1944269
Royce Robe,shop:clothes,Dwarka,28.6377995,77.2864783
numero uno,shop:clothes,Dwarka,28.6378253,77.2865246
Shoppee,shop:clothes,Dwarka,28.5546848,77.1950579
Eday Finds,shop:clothes,Dwarka,28.5545005,77.194708
Glitch,shop:clothes,Dwarka,28.5542612,77.1944051
Cotton Candy,shop:clothes,Dwarka,28.5542073,77.1943845
UniqU,shop:clothes,Dwarka,28.5541901,77.1943781
Bonkerz,shop:clothes,Dwarka,28.5541547,77.1943654
Opus,shop:clothes,Dwarka,28.5541148,77.1943591
The Urban Shoppe,shop:clothes,Dwarka,28.5966246,77.0361914
Vandana,shop:clothes,Dwarka,28.5397935,77.2515527
Monteil & Munero,shop:clothes,Dwarka,28.6376494,77.2861653
Mini Klub,shop:clothes,Dwarka,28.6377286,77.2863256
Richlook,shop:clothes,Dwarka,28.6376647,77.2861913
Dcot By Donear,shop:clothes,Dwarka,28.6377131,77.286296
Numero Uno,shop:clothes,Dwarka,28.6377504,77.2863842
Pranisha,shop:clothes,Dwarka,28.6465222,77.1893901
Swayamvar,shop:clothes,Dwarka,28.6457515,77.1888381
Shagun,shop:clothes,Dwarka,28.6459236,77.1887151
NYC Glamgirl,shop:clothes,Dwarka,28.6465681,77.1894296
Urban Colors,shop:clothes,Dwarka,28.6464407,77.1879161
Ethnic Relation,shop:clothes,Dwarka,28.6466265,77.1892434
Dollar,shop:clothes,Dwarka,28.6466072,77.187781
Roopak Tailors N Cutters,shop:clothes,Dwarka,28.6465926,77.1877707
Laxmi Collection,shop:clothes,Dwarka,28.6466614,77.1879436
SK Hoisery,shop:clothes,Dwarka,28.6479493,77.1886792
Trueman,shop:clothes,Dwarka,28.6467302,77.1894883
Shipra Sarees,shop:clothes,Dwarka,28.6456876,77.1889919
Vijay Emporium,shop:clothes,Dwarka,28.6468727,77.1892137
Big Bird,shop:clothes,Dwarka,28.6455485,77.1888962
Montell,shop:clothes,Dwarka,28.6457535,77.189037
Madras Stores,shop:clothes,Dwarka,28.6468593,77.1892382
Sakshi Emporium,shop:clothes,Dwarka,28.6457142,77.1890102
Fashion Place,shop:clothes,Dwarka,28.6455601,77.1889027
Darwesh,shop:clothes,Dwarka,28.6468485,77.1892602
Sri Ram And Sons,shop:clothes,Dwarka,28.6455119,77.1888695
Cutecumber,shop:clothes,Dwarka,28.6459519,77.1891978
Pinkstrings,shop:clothes,Dwarka,28.7168475,77.1138609
Teal Man,shop:clothes,Dwarka,28.568418,77.2475166
Spinn Weave Fabric Studios,shop:clothes,Dwarka,28.568512,77.2475798
Lal Ji Overseas Private Limited,shop:clothes,Dwarka,28.5686084,77.2472524
Part 1,shop:clothes,Dwarka,28.5685606,77.2472311
Vineet Saree,shop:clothes,Dwarka,28.5681189,77.2470052
Shami & Sanju,shop:clothes,Dwarka,28.5682859,77.24594
Custom Shop,shop:clothes,Dwarka,28.5672231,77.2448152
Planet Garments Shop,shop:clothes,Dwarka,28.5672231,77.2448152
Bhavana Singh,shop:clothes,Dwarka,28.5680509,77.2466202
Studio Amansh,shop:clothes,Dwarka,28.5683541,77.2458313
TOSSIDO,shop:clothes,Dwarka,28.5683861,77.245103
Custom Shope,shop:clothes,Dwarka,28.5672435,77.2448227
Style studio,shop:clothes,Dwarka,28.5684298,77.2450685
IBAAS,shop:clothes,Dwarka,28.5672744,77.2447168
Re Clothing CO.,shop:clothes,Dwarka,28.3921819,77.0594116
Samprada,shop:clothes,Dwarka,28.3923911,77.0589682
The KiKi Tribe,shop:clothes,Dwarka,28.3922655,77.0589622
Campana Kids,shop:clothes,Dwarka,28.3923539,77.0591381
Merrigo Kidz,shop:clothes,Dwarka,28.3922994,77.0590566
Qurbat,shop:clothes,Dwarka,28.3922548,77.0592334
SILKFAB,shop:clothes,Dwarka,28.392006,77.0590308
Faux Shop,shop:clothes,Dwarka,28.5852627,77.0710986
Jai Mala Collection,shop:clothes,Dwarka,28.6181631,77.0294034
Sai Garments,shop:clothes,Dwarka,28.6182218,77.0294652
Kids Garments,shop:clothes,Dwarka,28.5837885,77.0715394
V Mart,shop:clothes,Dwarka,28.5839227,77.0715683
Meena Bazar,shop:clothes,Dwarka,28.5854027,77.0711601
Kumardeep,shop:clothes,Dwarka,28.584214,77.0715242
Angad Handloom Emporium,shop:clothes,Dwarka,28.5842315,77.0715265
Fashion Lover,shop:clothes,Dwarka,28.5841093,77.0715234
Woodland,shop:clothes,Dwarka,28.7238775,77.1129027
Season's Wave Boutique,shop:clothes,Dwarka,28.5853831,77.0711321
Dwarkadheesh Emporium,shop:clothes,Dwarka,28.5853389,77.0711348
Pehnava,shop:clothes,Dwarka,28.5853831,77.0711321
श्री Shree,shop:clothes,Dwarka,28.5858658,77.0715212
Goyal Creation,shop:clothes,Dwarka,28.6167959,77.0331662
Radhey Fashion Readymade Garments,shop:clothes,Dwarka,28.6173496,77.0331804
Puma Outlet,shop:clothes,Dwarka,28.6985755,77.2075777
New Life Tailors,shop:clothes,Dwarka,28.6980375,77.2050505
Monex Garments,shop:clothes,Dwarka,28.6983059,77.2044274
Gaurav Garments,shop:clothes,Dwarka,28.6982517,77.2044116
Kishan Vastra Bhandar,shop:clothes,Dwarka,28.6982082,77.2044033
Variety centre,shop:clothes,Dwarka,28.6974804,77.2042885
Cantabil Italy Factory Outlet,shop:clothes,Dwarka,28.6973371,77.2045777
DCot by Donear,shop:clothes,Dwarka,28.6972045,77.2045597
Cantabil Italy International Clothing,shop:clothes,Dwarka,28.6970411,77.2045299
Lucky Garments,shop:clothes,Dwarka,28.6982793,77.2044234
Gift centre,shop:clothes,Dwarka,28.6974572,77.2042833
Heeees Hub,shop:clothes,Dwarka,28.6974395,77.2045891
Go Colors,shop:clothes,Dwarka,28.6946689,77.1539111
New Trendz,shop:clothes,Dwarka,28.586692,77.0712339
kueen Collection,shop:clothes,Dwarka,28.588853,77.0714555
Step Up,shop:clothes,Dwarka,28.5888703,77.0714549
Me N Moms,shop:clothes,Dwarka,28.5897075,77.071469
Kids Station,shop:clothes,Dwarka,28.5896547,77.0714709
V Sagar,shop:clothes,Dwarka,28.6565001,77.2293819
The Raymond Shop,shop:clothes,Dwarka,28.6312912,77.2200864
Ivory Palace,shop:clothes,Dwarka,28.6312952,77.2201703
TRENDS,shop:clothes,Dwarka,28.6609035,77.2975023
Om Hosiery,shop:clothes,Dwarka,28.5853016,77.0702705
Mini KLUB,shop:clothes,Dwarka,28.5897041,77.0718004
A K Fashion,shop:clothes,Dwarka,28.6157495,77.0331872
J.M.D. Garments,shop:clothes,Dwarka,28.6230951,77.2915603
Mrignayani The Ethnic Store,shop:clothes,Dwarka,28.5952027,77.0411704
Diva Creations Designer Boutique,shop:clothes,Dwarka,28.592344,77.0452247
Leheriya.com,shop:clothes,Dwarka,28.5963913,77.0400649
Trend Zone,shop:clothes,Dwarka,28.6232721,77.2905361
Sara Emporium,shop:clothes,Dwarka,28.6239141,77.2906483
Urvi Creations,shop:clothes,Dwarka,28.5883616,77.0716815
Balaji Creations,shop:clothes,Dwarka,28.6564553,77.2299772
B. Rai Sons,shop:clothes,Dwarka,28.6006163,77.2272054
Khara Kapas,shop:clothes,Dwarka,28.6007543,77.2270257
Matsya,shop:clothes,Dwarka,28.6007396,77.2270433
Yam,shop:clothes,Dwarka,28.5997857,77.2264719
Vine & Pencil,shop:clothes,Dwarka,28.5997902,77.2264833
National Clothing House,shop:clothes,Dwarka,28.6000655,77.2267253
Mehka,shop:clothes,Dwarka,28.6006631,77.2271475
Purple United Kids,shop:clothes,Dwarka,28.5891064,77.0714696
Aditya Textiles,shop:clothes,Dwarka,28.6567798,77.2257013
Prithaa,shop:clothes,Dwarka,28.6567438,77.2254593
Packard Creations,shop:clothes,Dwarka,28.6564331,77.2254262
Heena,shop:clothes,Dwarka,28.6567727,77.225843
Lucky Ram Chote Laal,shop:clothes,Dwarka,28.6567704,77.2258726
W Fashion,shop:clothes,Dwarka,28.6567574,77.2262982
Shri Krishna Textile,shop:clothes,Dwarka,28.656742,77.2255507
Chawla Textiles,shop:clothes,Dwarka,28.6567701,77.225907
Laut Fabrics,shop:clothes,Dwarka,28.6567724,77.2258606
Suraj Prakash Trading Co.,shop:clothes,Dwarka,28.6567685,77.2260759
Shree Durga Saree Emporium,shop:clothes,Dwarka,28.6567657,77.2259201
Mohan Lal Mehra,shop:clothes,Dwarka,28.6567661,77.2261307
Vivek Enterprises,shop:clothes,Dwarka,28.6567672,77.2259329
Rishi Khadi Bhandar,shop:clothes,Dwarka,28.6567622,77.2260391
Saint Lal Kishan Lal,shop:clothes,Dwarka,28.6567657,77.2259621
Guru Ji Collection,shop:clothes,Dwarka,28.6567618,77.2260196
Pooja Creation,shop:clothes,Dwarka,28.6567655,77.2259465
Gauri Selections,shop:clothes,Dwarka,28.6567623,77.2259988
Seth Exclusive,shop:clothes,Dwarka,28.6568218,77.2253744
Krishna Cloth House,shop:clothes,Dwarka,28.6568221,77.225315
Raghunath Sahai Jai Chand Rai,shop:clothes,Dwarka,28.6568285,77.2252497
Shri Krishna Wholesale Cloth Market Rishabh Bazar,shop:clothes,Dwarka,28.6567609,77.2263615
Shri Krishna Wholesale Cloth Market,shop:clothes,Dwarka,28.6567657,77.2263048
Banaras Saree Emporium,shop:clothes,Dwarka,28.6566966,77.2264909
Meenakshi Creations,shop:clothes,Dwarka,28.6567622,77.2263278
Aviraj Creations,shop:clothes,Dwarka,28.656763,77.2262179
Ashok Textiles,shop:clothes,Dwarka,28.6582726,77.2259118
Haiqa Looms,shop:clothes,Dwarka,28.6583441,77.225896
Collection House,shop:clothes,Dwarka,28.6564251,77.2252918
Pooja Malhotra,shop:clothes,Dwarka,28.5532732,77.2406922
Adisports Adidas,shop:clothes,Dwarka,28.7076968,77.123805
Crimsoune Club,shop:clothes,Dwarka,28.7075748,77.1237043
Mufti,shop:clothes,Dwarka,28.7068102,77.1234231
Grace,shop:clothes,Dwarka,28.7069235,77.1235356
A.were fashion,shop:clothes,Dwarka,28.7070783,77.1263328
Bharti,shop:clothes,Dwarka,28.7071191,77.12628
spyker,shop:clothes,Dwarka,28.7076688,77.1241945
Aggarwal Garments,shop:clothes,Dwarka,28.7073522,77.1234628
Poonam Fancy Textiles,shop:clothes,Dwarka,28.6566816,77.2265949
Siyarams,shop:clothes,Dwarka,28.7080361,77.124503
Shrimann,shop:clothes,Dwarka,28.7081352,77.124198
Bodycare,shop:clothes,Dwarka,28.7081512,77.1242004
Brand Nation,shop:clothes,Dwarka,28.7075446,77.1236821
Asli Raymond,shop:clothes,Dwarka,28.7065931,77.1228326
Bodybasic clothes,shop:clothes,Dwarka,28.7065321,77.1227778
Shagun Raymond,shop:clothes,Dwarka,28.7066195,77.122859
Cantabil Clothing,shop:clothes,Dwarka,28.7067375,77.1229755
Buy Brand,shop:clothes,Dwarka,28.7060105,77.1226913
Onax by Yuva,shop:clothes,Dwarka,28.7069679,77.1231718
Elini,shop:clothes,Dwarka,28.7071388,77.1233169
She Fashion,shop:clothes,Dwarka,28.7070981,77.1232786
Ekta Suit and Dupatta,shop:clothes,Dwarka,28.7062492,77.1225372
Bindra Undergarment,shop:clothes,Dwarka,28.706335,77.1226039
Style Menz,shop:clothes,Dwarka,28.569809,77.2391965
Bengal Silk Trading Company,shop:clothes,Dwarka,28.6335364,77.2064271
Kiddoz,shop:clothes,Dwarka,28.6317787,77.2211047
Kalpana,shop:clothes,Dwarka,28.6317728,77.2210319
Saheli Footwear,shop:clothes,Dwarka,28.6448717,77.3387663
Brand Collection,shop:clothes,Dwarka,28.6446986,77.338506
Pendleton,shop:clothes,Dwarka,28.6130201,77.131338
Monteil,shop:clothes,Dwarka,28.5692146,77.3239401
Indraprastha,shop:clothes,Dwarka,28.5700901,77.3242031
Peanuts,shop:clothes,Dwarka,28.5702523,77.3242138
Taneira,shop:clothes,Dwarka,28.5699597,77.324004
Petals,shop:clothes,Dwarka,28.5703886,77.3240374
COBB,shop:clothes,Dwarka,28.5702239,77.3240265
Rich Look,shop:clothes,Dwarka,28.5700778,77.3240097
WDESIGN,shop:clothes,Dwarka,28.5686335,77.323871
Ethnix by Raymond,shop:clothes,Dwarka,28.5686469,77.3241239
Clovia,shop:clothes,Dwarka,28.569343,77.3239497
Kent Royal,shop:clothes,Dwarka,28.5708878,77.3240701
Myshka Fashion,shop:clothes,Dwarka,28.5708785,77.3240695
Date The Ramp,shop:clothes,Dwarka,28.5685707,77.3247578
The closet,shop:clothes,Dwarka,28.5687122,77.3245739
Tasva,shop:clothes,Dwarka,28.5688134,77.3244867
G Silk,shop:clothes,Dwarka,28.5686545,77.3239636
Vivah e Rassm,shop:clothes,Dwarka,28.5710052,77.3242924
Louis Philippe Factory Outlet,shop:clothes,Dwarka,28.5684646,77.3244572
Apsara Sarees,shop:clothes,Dwarka,28.6830856,77.2010008
Ram Chandra Krishan Chandra Saree Store,shop:clothes,Dwarka,28.6827697,77.2004701
Rati Ram Ram Vinod Saree Store,shop:clothes,Dwarka,28.6825696,77.2001553
Anil Collection,shop:clothes,Dwarka,28.6802682,77.2031249
Incense,shop:clothes,Dwarka,28.6820651,77.205577
Manhar,shop:clothes,Dwarka,28.6790757,77.2009643
Soni and Soni,shop:clothes,Dwarka,28.6790438,77.2009178
Classic Selection,shop:clothes,Dwarka,28.682226,77.2057624
Bonjour,shop:clothes,Dwarka,28.6821668,77.205693
Meghna,shop:clothes,Dwarka,28.6825518,77.2063251
Trending Company,shop:clothes,Dwarka,28.6825258,77.2062901
Haryana Saree Centre,shop:clothes,Dwarka,28.6790017,77.200832
Cloth Ironing,shop:clothes,Dwarka,28.4553378,77.0534003
Dharam Pal Ji,shop:clothes,Dwarka,28.568637,77.2423956
Kasa hunes,shop:clothes,Dwarka,28.5491145,77.2159769
Rental Box - Rental Clothing,shop:clothes,Dwarka,28.5489016,77.2157812
Trisara,shop:clothes,Dwarka,28.5474113,77.2158197
Pappu,shop:clothes,Dwarka,28.5475698,77.2160972
Xiva,shop:clothes,Dwarka,28.5489385,77.2159844
Turn Black,shop:clothes,Dwarka,28.5474592,77.2158592
Kanishk Mehta,shop:clothes,Dwarka,28.4741603,77.0943718
Studio Bespoke: Gentlemen’s Attire,shop:clothes,Dwarka,28.4740354,77.0943963
Karan & Moin Menswear,shop:clothes,Dwarka,28.4741594,77.0944271
Mayank Chawla Menswear,shop:clothes,Dwarka,28.4759799,77.0943256
Studio One,shop:clothes,Dwarka,28.4741133,77.0933609
Ruchika Hurria,shop:clothes,Dwarka,28.4759009,77.0943273
Terragi,shop:clothes,Dwarka,28.4748495,77.0932897
Young Fashion,shop:clothes,Dwarka,28.44821,77.0990247
Zillinie,shop:clothes,Dwarka,28.5725492,77.2368668
A.K. Vision Opticals,shop:clothes,Dwarka,28.5941972,77.0474159
Better Bottoms Mix & Match,shop:clothes,Dwarka,28.5950019,77.0480894
Garg Selection,shop:clothes,Dwarka,28.596076,77.0490419
House of Desires,shop:clothes,Dwarka,28.5958565,77.0488879
Lanskar,shop:clothes,Dwarka,28.5958059,77.0488424
Sanskriti,shop:clothes,Dwarka,28.5961099,77.0490689
Thread Plus,shop:clothes,Dwarka,28.5960452,77.0490134
Rasm,shop:clothes,Dwarka,28.5959322,77.0489441
Chhabra Selection,shop:clothes,Dwarka,28.596542,77.0493209
Surabhi Arya,shop:clothes,Dwarka,28.4773338,77.0942622
House of Urvashi,shop:clothes,Dwarka,28.4767217,77.0942596
Bombay Shirt Company,shop:clothes,Dwarka,28.4647498,77.095429
Paisley,shop:clothes,Dwarka,28.4641003,77.0956457
Odelia,shop:clothes,Dwarka,28.4641061,77.0957013
Export Hub,shop:clothes,Dwarka,28.6280444,77.278743
Saundh,shop:clothes,Dwarka,28.5030432,77.0970713
Sweet Dreams,shop:clothes,Dwarka,28.5027366,77.0970495
Suvasa,shop:clothes,Dwarka,28.5031637,77.0970986
Globaldesi,shop:clothes,Dwarka,28.5027994,77.0970461
Van Heusen Woman,shop:clothes,Dwarka,28.5030812,77.0970786
Jaypor,shop:clothes,Dwarka,28.5029817,77.0970587
Mi Arcus,shop:clothes,Dwarka,28.5034556,77.097153
Mustard,shop:clothes,Dwarka,28.5033179,77.0975413
Anita Dongre,shop:clothes,Dwarka,28.5026786,77.097053
Iconic Kids,shop:clothes,Dwarka,28.5034563,77.0975285
Kate & Oscar,shop:clothes,Dwarka,28.5034907,77.0971474
Sabhyata,shop:clothes,Dwarka,28.5024459,77.0972438
Soch,shop:clothes,Dwarka,28.5033806,77.0975357
Panna,shop:clothes,Dwarka,28.5027091,77.0976407
Mohi Fashion Point,shop:clothes,Dwarka,28.6009427,77.3161325
Linen Club,shop:clothes,Dwarka,28.6336248,77.2233697
Tandon's,shop:clothes,Dwarka,28.6336733,77.2231622
Cotton Plus,shop:clothes,Dwarka,28.6336134,77.2233046
Best Emporium,shop:clothes,Dwarka,28.6336028,77.223173
Satguru Collections,shop:clothes,Dwarka,28.6338042,77.2235875
Taneja Store,shop:clothes,Dwarka,28.6338189,77.2235804
Mrinalini,shop:clothes,Dwarka,28.6339448,77.2235478
Churni Emporium,shop:clothes,Dwarka,28.6340063,77.2235391
Chawla Fancy Store,shop:clothes,Dwarka,28.6340446,77.2235362
Wadhwa Cloth House,shop:clothes,Dwarka,28.6337083,77.2241398
Lal Ji Collection,shop:clothes,Dwarka,28.6335378,77.2246446
Jain Saree Centre,shop:clothes,Dwarka,28.6336431,77.2244797
Kotton Concepts,shop:clothes,Dwarka,28.6336801,77.2245632
Kanika's,shop:clothes,Dwarka,28.6337152,77.2245111
Shukla Fab,shop:clothes,Dwarka,28.6337033,77.2243333
Pindi Cloth House,shop:clothes,Dwarka,28.6337064,77.2242412
Amar Garments,shop:clothes,Dwarka,28.6337999,77.2241569
Khanna Hosiery,shop:clothes,Dwarka,28.6339986,77.224077
Mahajan Garments,shop:clothes,Dwarka,28.6337622,77.2240841
Bimal Fab,shop:clothes,Dwarka,28.6337221,77.2240741
Bimal Prints,shop:clothes,Dwarka,28.6337748,77.2238285
Swadesilk,shop:clothes,Dwarka,28.6337259,77.2239641
Modern Shop Branded Woolen Knitwear & Shawls,shop:clothes,Dwarka,28.6337246,77.2237828
Shri Radhey Fabric Store,shop:clothes,Dwarka,28.6338162,77.2238099
Super Collection,shop:clothes,Dwarka,28.6338732,77.2239213
Shobha Emporium,shop:clothes,Dwarka,28.6339221,77.223897
Modern Stores,shop:clothes,Dwarka,28.6338577,77.2234123
Joyce International Handlooms,shop:clothes,Dwarka,28.6337989,77.2236822
Jagjit Cloth House,shop:clothes,Dwarka,28.6337684,77.2235965
Arvind Kumar Cloth Merchant,shop:clothes,Dwarka,28.6337869,77.2235915
Co-Optex,shop:clothes,Dwarka,28.6000579,77.2273069
Carls Hanger,shop:clothes,Dwarka,28.561334,77.1937503
Vijay Store,shop:clothes,Dwarka,28.705229,77.1902886
Geetika jain,shop:clothes,Dwarka,28.7053128,77.1903242
Kavita Couture,shop:clothes,Dwarka,28.7048507,77.190144
Femina Collection,shop:clothes,Dwarka,28.7056028,77.1904574
#basanti,shop:clothes,Dwarka,28.7051988,77.1902753
Tesoro By Sania,shop:clothes,Dwarka,28.7055173,77.1899244
Rivahz Timeless Elegance,shop:clothes,Dwarka,28.7058521,77.1900407
Minimoon,shop:clothes,Dwarka,28.7052178,77.1898713
Private Lives,shop:clothes,Dwarka,28.7059334,77.1907229
Bodycare Kids,shop:clothes,Dwarka,28.7049831,77.1897306
Vrinda,shop:clothes,Dwarka,28.7058549,77.1908406
Malhotra Saree Emporium,shop:clothes,Dwarka,28.7051722,77.1898471
Novelty Dress Emporium,shop:clothes,Dwarka,28.70581,77.190611
Karpray by Saoliaz,shop:clothes,Dwarka,28.7056786,77.1910056
Vstyle,shop:clothes,Dwarka,28.705947,77.1906589
ibadat,shop:clothes,Dwarka,28.7059201,77.1907678
Ethnic Town,shop:clothes,Dwarka,28.7055386,77.1906419
Sagan Sarees,shop:clothes,Dwarka,28.682813,77.2009814
Touch,shop:clothes,Dwarka,28.682745,77.2010331
Bharat Reshma H-2,shop:clothes,Dwarka,28.683197,77.2018324
Senor Store,shop:clothes,Dwarka,28.6825013,77.2023912
Suits Him,shop:clothes,Dwarka,28.6825378,77.2023639
Fancy Garments,shop:clothes,Dwarka,28.5738576,77.2098823
Trendzilla,shop:clothes,Dwarka,28.5744481,77.2086382
KLICK SELECTIONS Ground Floor,shop:clothes,Dwarka,28.6456736,77.1886305
GARG SAREES,shop:clothes,Dwarka,28.6894463,77.2736982
Miss World,shop:clothes,Dwarka,28.6612922,77.3241101
Yash Sports Wear,shop:clothes,Dwarka,28.6607657,77.323476
Pehnawa,shop:clothes,Dwarka,28.6381234,77.1130325
Alcis,shop:clothes,Dwarka,28.6128655,76.9936741
Canoe,shop:clothes,Dwarka,28.6128539,76.9934351
Jainson,shop:clothes,Dwarka,28.632809,77.2215294
Cafe Coffee Day,amenity:cafe,Rohini,28.533492,77.1518947
Bon Temps Cafe,amenity:cafe,Rohini,28.6428339,77.186576
Internet,amenity:cafe,Rohini,28.6410051,77.2125387
Nescafe,amenity:cafe,Rohini,28.7496454,77.1167453
Madan Café,amenity:cafe,Rohini,28.6407272,77.2111472
Cheela Cafe,amenity:cafe,Rohini,28.5391092,77.1322417
Starbucks,amenity:cafe,Rohini,28.6321974,77.2177075
Cafe Turtle,amenity:cafe,Rohini,28.6002007,77.2273465
Cafe Diva,amenity:cafe,Rohini,28.5566315,77.233279
Madras Coffee House,amenity:cafe,Rohini,28.6318506,77.2163093
Stri Shakti Canteen,amenity:cafe,Rohini,28.6626448,77.2339599
"Shiru Cafe, IIT Delhi",amenity:cafe,Rohini,28.5447888,77.1911891
Hunger House,amenity:cafe,Rohini,28.6406068,77.1048726
Amour Bistro,amenity:cafe,Rohini,28.6016349,77.1859966
Nescafé,amenity:cafe,Rohini,28.6934864,77.2108906
The Brown Box,amenity:cafe,Rohini,28.5412792,77.2156818
Festa Cafe ,amenity:cafe,Rohini,28.6409134,77.2104527
Costa,amenity:cafe,Rohini,28.5565239,77.202219
Kitchen Cafe Roof Top,amenity:cafe,Rohini,28.6409875,77.2128901
Café office office,amenity:cafe,Rohini,28.6269741,77.2202933
Keventers,amenity:cafe,Rohini,28.6289565,77.0767263
PAR Tech. Cyber Cafe,amenity:cafe,Rohini,28.6811819,77.2610507
Barista,amenity:cafe,Rohini,28.5466157,77.1967183
Smoothie factory,amenity:cafe,Rohini,28.5464523,77.1965666
Shake square,amenity:cafe,Rohini,28.7009228,77.1359545
Out Of The Box (OTB),amenity:cafe,Rohini,28.5997702,77.2261911
caféccino,amenity:cafe,Rohini,28.5545719,77.0858145
Devan's at Lodhi,amenity:cafe,Rohini,28.5798966,77.2220134
Everest Bakery Cafe,amenity:cafe,Rohini,28.6417215,77.2147806
Cafe Dosti,amenity:cafe,Rohini,28.5172818,77.2000632
Chaayos,amenity:cafe,Rohini,28.6314625,77.2206262
Big Fat Sandwich,amenity:cafe,Rohini,28.5529784,77.2077666
Brownie Cafe,amenity:cafe,Rohini,28.6455932,77.2163926
Cafeteria,amenity:cafe,Rohini,28.9257035,77.0552434
Toffe bar,amenity:cafe,Rohini,28.5526526,77.2556362
How You Brewing?,amenity:cafe,Rohini,28.559779,77.2433169
Cafe City Lights,amenity:cafe,Rohini,28.5595408,77.2423721
Concrete Cafe & Lounge,amenity:cafe,Rohini,28.5596341,77.2427757
Cafe Coffe Day,amenity:cafe,Rohini,28.5576249,77.2453629
Modern Bazaar,amenity:cafe,Rohini,28.5960692,77.0411256
Kunzum,amenity:cafe,Rohini,28.553552,77.1943526
Playing Cup Cafe,amenity:cafe,Rohini,28.6068044,77.2908063
Satguru’s tea stall,amenity:cafe,Rohini,28.6504719,77.2303091
Honey n dough,amenity:cafe,Rohini,28.5464901,77.1970726
Crackpot Cafe,amenity:cafe,Rohini,28.5557969,77.2417664
SOS Cafe,amenity:cafe,Rohini,28.5559586,77.175334
Onkar Cafe,amenity:cafe,Rohini,28.7390615,77.1353427
AMA Cafe,amenity:cafe,Rohini,28.7026406,77.2284294
the gol chakar,amenity:cafe,Rohini,28.542141,77.252922
Happy cafe,amenity:cafe,Rohini,28.668658,77.329741
Nitu Juice Center,amenity:cafe,Rohini,28.669607,77.331338
Cafe Einstein,amenity:cafe,Rohini,28.5479351,77.2507706
Café Hameen Asto,amenity:cafe,Rohini,28.5177997,77.1985596
Bella Vie,amenity:cafe,Rohini,28.5173258,77.200236
Cafe Lota,amenity:cafe,Rohini,28.6131498,77.2426321
The Walled City,amenity:cafe,Rohini,28.6491519,77.232748
Hwealth Cafe,amenity:cafe,Rohini,28.5744593,77.2291993
The Chai Kafe,amenity:cafe,Rohini,28.6343655,77.2179596
Turquoise Cottage,amenity:cafe,Rohini,28.5557387,77.2059
Chai Point,amenity:cafe,Rohini,28.6340726,77.2179671
Ssongchee - Korea Bings Cafe,amenity:cafe,Rohini,28.5174361,77.1984494
Henry Cafe,amenity:cafe,Rohini,28.5153468,77.2056028
the food factory,amenity:cafe,Rohini,28.5341421,77.2169982
wake up cafe,amenity:cafe,Rohini,28.5355862,77.2166825
Coffee Cafe 9,amenity:cafe,Rohini,28.5316504,77.2186674
chaudhry tea  stall,amenity:cafe,Rohini,28.5346351,77.220773
pandji tea stall ,amenity:cafe,Rohini,28.5332807,77.2218792
Jain coffee house,amenity:cafe,Rohini,28.650606,77.2295833
The Junkyard Cafe,amenity:cafe,Rohini,28.6303838,77.2207212
Blue Tokai Cafe,amenity:cafe,Rohini,28.5529283,77.2078816
Qd's,amenity:cafe,Rohini,28.6361281,77.2855466
Laidback Café,amenity:cafe,Rohini,28.5274255,77.2171745
Café Underpass Courtyard,amenity:cafe,Rohini,28.5784821,77.2383126
Sardar-Ji-Baksh Coffee and Company,amenity:cafe,Rohini,28.5407564,77.2121254
Woodhouse Café,amenity:cafe,Rohini,28.5362156,77.2095278
Foresta Bistro & Cafe,amenity:cafe,Rohini,28.5179998,77.1992482
The Panchshila Rendezvous,amenity:cafe,Rohini,28.5394874,77.2133656
Wagh Bakri Tea Lounge,amenity:cafe,Rohini,28.6343528,77.2220221
Mittal Teas,amenity:cafe,Rohini,28.6299698,77.2229648
Yamuna Café,amenity:cafe,Rohini,28.701979,77.2288343
Koko Café and Restaurant,amenity:cafe,Rohini,28.7005268,77.2276866
United Coffee House,amenity:cafe,Rohini,28.5514607,77.251537
Blue Tokai Coffee Roasters,amenity:cafe,Rohini,28.6309899,77.2218384
Chonas,amenity:cafe,Rohini,28.5277694,77.1895212
Sardarji Bakhsh Coffee and Company,amenity:cafe,Rohini,28.6931287,77.2047996
Taste of Nation,amenity:cafe,Rohini,28.5178715,77.1992205
OTB Café,amenity:cafe,Rohini,28.6343601,77.2182711
Open Hand Cafe (top top ;),amenity:cafe,Rohini,28.6405754,77.2117485
The Construction Company,amenity:cafe,Rohini,28.587778,77.1675315
The Chocolate Room,amenity:cafe,Rohini,28.5336105,77.2062709
Cultured,amenity:cafe,Rohini,28.5614184,77.1939656
DePaul's,amenity:cafe,Rohini,28.6288925,77.2186728
Vaw Cafe,amenity:cafe,Rohini,28.5199328,77.2018409
Chai Thela,amenity:cafe,Rohini,28.5070388,77.1751014
WHSmith,amenity:cafe,Rohini,28.506973,77.1752152
Roasters Coffee Company Book Cafe,amenity:cafe,Rohini,28.5270603,77.2167659
Hashery,amenity:cafe,Rohini,28.6342664,77.2180918
L'Opéra,amenity:cafe,Rohini,28.6090339,77.2296678
Coffee Spot,amenity:cafe,Rohini,28.5671729,77.213153
Khopcha Cafe,amenity:cafe,Rohini,28.5196007,77.2059641
cafe,amenity:cafe,Rohini,28.7136765,77.2164902
Nor sure,amenity:cafe,Rohini,28.5734854,77.1539497
Travel Yoga Cafe,amenity:cafe,Rohini,28.6357531,77.2205669
Manish Cafe,amenity:cafe,Rohini,28.6296999,77.1797945
Cravity café,amenity:cafe,Rohini,28.5531797,77.2081125
Guftagu Cafe,amenity:cafe,Rohini,28.4852731,77.0948027
Café Turtle,amenity:cafe,Rohini,28.5903723,77.2524954
Cafe Masti,amenity:cafe,Rohini,28.7187719,77.0655675
Bloom Café & Cakery,amenity:cafe,Rohini,28.5998699,77.2263436
Bean Sahab Cafe,amenity:cafe,Rohini,28.5177362,77.1999325
Cafe-Tesu,amenity:cafe,Rohini,28.5283041,77.2165116
Cafe Delhi Heights,amenity:cafe,Rohini,28.6002371,77.2274371
Oval Bean Café,amenity:cafe,Rohini,28.5543007,77.1945825
Suchali's,amenity:cafe,Rohini,28.5572099,77.1640827
BAR OF BURGER,amenity:cafe,Rohini,28.6048453,77.0541367
Love Green Dot Café,amenity:cafe,Rohini,28.5364419,77.2110697
The Coffee Bean & Tea Leaf,amenity:cafe,Rohini,28.5549147,77.0827495
laidback cafe,amenity:cafe,Rohini,28.5231651,77.2132041
The Big Chill,amenity:cafe,Rohini,28.5997717,77.2261395
The Highbrooks Cafe,amenity:cafe,Rohini,28.5509244,77.2342399
Chai Chulha,amenity:cafe,Rohini,28.6310806,77.2781194
Tibetan Food Stop,amenity:cafe,Rohini,28.5485659,77.1672174
Godavari Cafe,amenity:cafe,Rohini,28.5450618,77.1665492
Sabarmati Dhaba,amenity:cafe,Rohini,28.5451565,77.1638562
24×7 Cafe,amenity:cafe,Rohini,28.5451985,77.1634213
mugal darbar,amenity:cafe,Rohini,28.5428694,77.1600819
paratha wala,amenity:cafe,Rohini,28.5335432,77.1692029
Café Crew Brew,amenity:cafe,Rohini,28.6995996,77.20803
Blue Tokai,amenity:cafe,Rohini,28.5614291,77.2688987
Breigh,amenity:cafe,Rohini,28.5613924,77.1933012
Jugmug,amenity:cafe,Rohini,28.6534474,77.2399354
Dr's Cafe,amenity:cafe,Rohini,28.7368357,77.111193
Pizza Workshop,amenity:cafe,Rohini,28.6796719,77.3181678
Shree Shyam Confectionery,amenity:cafe,Rohini,28.7363285,77.1119272
Cafe Museo,amenity:cafe,Rohini,28.6109435,77.2194122
Café Brownie (coffee),amenity:cafe,Rohini,28.645817,77.2154412
Chai 24/7,amenity:cafe,Rohini,28.6347571,77.2184665
Café Bamboo Oasis,amenity:cafe,Rohini,28.5941514,77.2609769
Super Chai,amenity:cafe,Rohini,28.549955,77.2338047
DUNKIN,amenity:cafe,Rohini,28.6879166,77.2921832
Cheap food places,amenity:cafe,Rohini,28.5650318,77.122799
NEW CAFE KING,amenity:cafe,Rohini,28.689147,77.3010766
Coffee Break,amenity:cafe,Rohini,28.5908601,77.2563801
Machandra Snacks,amenity:cafe,Rohini,28.6867195,77.2085322
Xero Degrees,amenity:cafe,Rohini,28.6328859,77.2227714
benta cafe,amenity:cafe,Rohini,28.6787588,77.2079536
Love Bite Cafe,amenity:cafe,Rohini,28.588688,77.1691745
Igniter Cafe,amenity:cafe,Rohini,28.588414,77.1686436
Café 69,amenity:cafe,Rohini,28.5886031,77.1689683
Ricos,amenity:cafe,Rohini,28.5885827,77.1690539
Awarapan Cafe,amenity:cafe,Rohini,28.5884966,77.1688106
Pandit Ji Partha Hut,amenity:cafe,Rohini,28.5881876,77.1682611
Immortal Gaming Cafe,amenity:cafe,Rohini,28.5879768,77.1688142
Cafe Mitro,amenity:cafe,Rohini,28.5878444,77.1675983
Bottle House,amenity:cafe,Rohini,28.5878311,77.1675464
The Bowton House Café,amenity:cafe,Rohini,28.5877303,77.1672874
The Big House Café,amenity:cafe,Rohini,28.588064,77.1679012
Rustic Cafe,amenity:cafe,Rohini,28.5880537,77.1679015
Pandit Ji Tea Stall,amenity:cafe,Rohini,28.5876277,77.1686816
Mum Café and Bakery,amenity:cafe,Rohini,28.5877898,77.1684033
Nerds Of Comedy,amenity:cafe,Rohini,28.5880515,77.1682334
Sista’s,amenity:cafe,Rohini,28.5880081,77.1677761
Pipeline pizzeria,amenity:cafe,Rohini,28.5879971,77.1677583
The Chai Latte,amenity:cafe,Rohini,28.5882442,77.168369
Goyal Tea Junction,amenity:cafe,Rohini,28.5875478,77.1686825
Cafe Unbound,amenity:cafe,Rohini,28.5875721,77.1685498
Tirupati Bhawan,amenity:cafe,Rohini,28.6333646,77.2226483
Alfa,amenity:cafe,Rohini,28.5875537,77.1686987
Free of Gluten,amenity:cafe,Rohini,28.5870102,77.1704721
Gitesh Dedha House,amenity:cafe,Rohini,28.739708,77.2187078
Sabharwal Tea Stall,amenity:cafe,Rohini,28.5931893,77.1645815
Parichai,amenity:cafe,Rohini,28.6308108,77.2774683
AMUL PARLOUR,amenity:cafe,Rohini,28.5951816,77.0181447
Del Bite,amenity:cafe,Rohini,28.6440611,77.2014836
Cosmoc Cafe,amenity:cafe,Rohini,28.6434883,77.2982775
Snocker Cafe,amenity:cafe,Rohini,28.6435024,77.2982982
Dada & Bodi Tandoori Tea Stall,amenity:cafe,Rohini,28.5397499,77.2487881
Roslyn Coffee,amenity:cafe,Rohini,28.7147527,77.1162173
Yakuza Cafe,amenity:cafe,Rohini,28.5536162,77.1943009
The Tea Room Cakery,amenity:cafe,Rohini,28.5549056,77.1951137
Cafe Pink,amenity:cafe,Rohini,28.5548412,77.1941455
Sukhchai,amenity:cafe,Rohini,28.5592,77.1969003
Shellbeacon Cafe,amenity:cafe,Rohini,28.554533,77.1947655
The Atrium,amenity:cafe,Rohini,28.596264,77.0362265
Chaiorama,amenity:cafe,Rohini,28.6329547,77.2821179
cvsv,amenity:cafe,Rohini,28.6610786,77.2273116
Tea Crow Metry Cafe,amenity:cafe,Rohini,28.6929255,77.2089366
The Garden Restaurant,amenity:cafe,Rohini,28.6188178,77.178503
JP Tea Stall,amenity:cafe,Rohini,28.6851224,77.2089432
Third Wave Coffee,amenity:cafe,Rohini,28.5574016,77.240358
Suto Cafe,amenity:cafe,Rohini,28.583869,77.0715607
Nothing Before Coffee,amenity:cafe,Rohini,28.5855038,77.0714946
KaफेMiत्रों,amenity:cafe,Rohini,28.5857049,77.0715027
Teaवानि,amenity:cafe,Rohini,28.6179673,77.0319903
The Daily Dose Cafe,amenity:cafe,Rohini,28.6169987,77.033025
Yumiverse,amenity:cafe,Rohini,28.617491,77.0331947
Flying Club Cafe And Bar,amenity:cafe,Rohini,28.5862248,77.071568
Amul,amenity:cafe,Rohini,28.7209425,77.140908
Dohful Cookies & Coffee,amenity:cafe,Rohini,28.5433724,77.2039732
Hudson Cafe,amenity:cafe,Rohini,28.6977965,77.2066565
Capital Coffee,amenity:cafe,Rohini,28.5852714,77.0672265
ASG,amenity:cafe,Rohini,28.9444809,77.1040715
Cafe Syl,amenity:cafe,Rohini,28.9444568,77.1042125
Sharma Milk Point,amenity:cafe,Rohini,28.6554802,77.229172
Aroma Cafe,amenity:cafe,Rohini,28.5949565,77.0415522
After Hours,amenity:cafe,Rohini,28.5921725,77.0416734
Cafe Coffee Bar,amenity:cafe,Rohini,28.5923639,77.0414092
Cafe After Hours,amenity:cafe,Rohini,28.5922121,77.04169
Bistro,amenity:cafe,Rohini,28.5580333,77.2073015
Chillax And Relax,amenity:cafe,Rohini,28.6567596,77.2256427
Gulbano,amenity:cafe,Rohini,28.553674,77.240784
The Snook House,amenity:cafe,Rohini,28.5536387,77.240787
Cafe Madox,amenity:cafe,Rohini,28.7068184,77.1234337
Sheesh Mahal tea corner,amenity:cafe,Rohini,28.7071673,77.1233286
Snowberry,amenity:cafe,Rohini,28.7095182,77.122773
Kubana Cafe,amenity:cafe,Rohini,28.706821,77.1234786
Kenangan Coffee,amenity:cafe,Rohini,28.5462946,77.1967626
House of Oldmatess,amenity:cafe,Rohini,28.984299,77.0258679
Longewala Lounge,amenity:cafe,Rohini,28.5741516,77.1172733
Books and Beans Cafe,amenity:cafe,Rohini,28.6069031,77.2909556
Shack Coffee Co.,amenity:cafe,Rohini,28.5477617,77.2165258
Empire Cafe House,amenity:cafe,Rohini,28.6918315,77.2078104
Uzair Tea Stall,amenity:cafe,Rohini,28.622619,77.2903626
Lazy Monk Cafe,amenity:cafe,Rohini,28.5498687,77.2154821
Charcoal eats,amenity:cafe,Rohini,28.5471917,77.2143841
USCO Cafe,amenity:cafe,Rohini,28.5475273,77.2164131
Grass Cafe,amenity:cafe,Rohini,28.5370548,77.2359421
Nest by 1Oak,amenity:cafe,Rohini,28.5370781,77.2359984
Cheesecake and Co.,amenity:cafe,Rohini,28.5942937,77.0474989
Koby's,amenity:cafe,Rohini,28.5949937,77.0481238
Honey & Dough,amenity:cafe,Rohini,28.5927046,77.0461485
UNION Artisan Coffee,amenity:cafe,Rohini,28.5961991,77.0491527
Dōugh & Cream,amenity:cafe,Rohini,28.5953562,77.0484467
Diggin,amenity:cafe,Rohini,28.5950905,77.1979808
Cafe De Flora,amenity:cafe,Rohini,28.5948908,77.1984828
Tim Hortons,amenity:cafe,Rohini,28.4947426,77.0879293
Dhawan Corner,amenity:cafe,Rohini,28.6918841,77.153897
Cafe Coffee Brew,amenity:cafe,Rohini,28.693423,77.1510447
Coffee Island,amenity:cafe,Rohini,28.6935584,77.1509444
Mocha,amenity:cafe,Rohini,28.6318635,77.222533
Darshini Cafe,amenity:cafe,Rohini,28.6326908,77.2225729
Honey and Dough,amenity:cafe,Rohini,28.7050388,77.1902323
Bhatia,amenity:cafe,Rohini,28.64567,77.2166863
Masson's,amenity:cafe,Rohini,28.7053741,77.1903825
Meltora,amenity:cafe,Rohini,28.7066575,77.1904409
Red Bricks Cafe,amenity:cafe,Rohini,28.517651,77.20022
Orange Chopsticks,amenity:cafe,Rohini,28.5183824,77.1991938
Brown Sugar,amenity:cafe,Rohini,28.5175233,77.1984362
Costa Coffee,amenity:cafe,Rohini,28.6003202,77.2276228
Green Neko,amenity:cafe,Rohini,28.5612469,77.1938065
Gelato and Cafe,amenity:cafe,Rohini,28.7058847,77.1901041
Chote Lal Tea Store,amenity:cafe,Rohini,28.7056147,77.1907518
Waffle Some,amenity:cafe,Rohini,28.7056748,77.1908944
The King Royal Cafe,amenity:cafe,Rohini,28.6937217,77.2176548
KofiKafi,amenity:cafe,Rohini,28.6949473,77.2141313
Chain Chulha,amenity:cafe,Rohini,28.694961,77.2141067
Canteen,amenity:cafe,Rohini,28.59487,77.0183238
Ganga Dhaba,amenity:cafe,Rohini,28.5496314,77.1679008
Ram Singh's Dhaba,amenity:cafe,Rohini,28.5497474,77.1680952
Lavonne Cafe,amenity:cafe,Rohini,28.5752062,77.2381252
golden bowl,amenity:cafe,Rohini,28.6837039,77.3540517
Bethak Snooker And Cafe,amenity:cafe,Rohini,28.5199792,77.2013995
Students' Centre,amenity:cafe,Rohini,28.6116515,77.0369261
Coffee House Bindapur,amenity:cafe,Rohini,28.6078718,77.0664178
FLAVOURZ FACTOREE,amenity:cafe,Rohini,28.6199439,77.0444855
Fun & Shakes,amenity:cafe,Rohini,28.6955427,76.9332235
द: NUKKAD,amenity:cafe,Rohini,28.4902882,77.0829105
Third Wave Coffee Roasters,amenity:cafe,Rohini,28.6326153,77.2215244
Cafe Tesu,amenity:cafe,Rohini,28.5440388,77.2013609
Amul Shop,amenity:cafe,Rohini,28.5911958,77.0682453
Sandwish Smugglers,amenity:cafe,Rohini,28.5345538,77.2280928
Altogether Experimental,amenity:cafe,Rohini,28.5180894,77.1978516
JugMug Thela,amenity:cafe,Rohini,28.5172641,77.1999662
Namah 25° north Xpress,amenity:cafe,Rohini,28.6948311,77.2141585
Chhachhi Building,shop:clothes,Rohini,28.6609627,77.278842
Tyagi Selection,shop:clothes,Rohini,28.6128108,76.9864563
Part 1 Customized Designer Men's Wear,shop:clothes,Rohini,28.5685478,77.2472168
The Cotton Lawn Shop,shop:clothes,Rohini,28.5671547,77.2450583
Tantra T-shirts,shop:clothes,Rohini,28.627656,77.2191809
Shellka,shop:clothes,Rohini,28.6347746,77.2195352
Nike,shop:clothes,Rohini,28.5573461,77.163798
Delhi Haat,shop:clothes,Rohini,28.5552296,77.2644216
Guapa,shop:clothes,Rohini,28.5551267,77.1945451
Fabindia,shop:clothes,Rohini,28.5338407,77.1527489
Levi's,shop:clothes,Rohini,28.6341341,77.2187527
People Tree,shop:clothes,Rohini,28.6301669,77.2174792
A2 ( attractive & affordable ),shop:clothes,Rohini,28.5438531,77.1253145
Uniqlo,shop:clothes,Rohini,28.6323144,77.2180249
Wrangler,shop:clothes,Rohini,28.6333286,77.2183439
Baluja's,shop:clothes,Rohini,28.6342961,77.2193544
H&M,shop:clothes,Rohini,28.6341138,77.2187136
Westside,shop:clothes,Rohini,28.6507071,77.1206055
Deepa Clothes,shop:clothes,Rohini,28.5693492,77.2405251
Satkar,shop:clothes,Rohini,28.5463441,77.1964263
Diwan Saheb,shop:clothes,Rohini,28.5704193,77.2371359
novel exp,shop:clothes,Rohini,28.6392425,77.2095887
embroidery bazar,shop:clothes,Rohini,28.6546047,77.2333261
Singla Garments,shop:clothes,Rohini,28.7386291,77.1248986
Tripati's collection,shop:clothes,Rohini,28.669014,77.329199
Fancy dress,shop:clothes,Rohini,28.669084,77.330607
Brand Hut,shop:clothes,Rohini,28.67151,77.330509
Waha Uniforms,shop:clothes,Rohini,28.658211,77.318188
FlyInc,shop:clothes,Rohini,28.660186,77.32983
Van Heusen,shop:clothes,Rohini,28.6327775,77.2178939
Cantabil,shop:clothes,Rohini,28.6314687,77.2206618
Louis Philippe,shop:clothes,Rohini,28.6332362,77.2180099
Zodiac,shop:clothes,Rohini,28.6339551,77.2185558
Vikas Makhija,shop:clothes,Rohini,28.5391389,77.2122885
Blackberrys,shop:clothes,Rohini,28.6330221,77.2179096
Shasha,shop:clothes,Rohini,28.6328187,77.2178944
Suit Lining Centre,shop:clothes,Rohini,28.5699773,77.2427464
Dhruv Sehgal,shop:clothes,Rohini,28.5489398,77.235641
Naaz By Noor,shop:clothes,Rohini,28.5489515,77.2356078
Panchi Helmet,shop:clothes,Rohini,28.5280665,77.2318081
Army Equippers,shop:clothes,Rohini,28.6331522,77.2167008
Quiet Clothes bazar,shop:clothes,Rohini,28.6564644,77.2306821
Dashmesh Pagrian,shop:clothes,Rohini,28.6268616,77.2114437
Peter England,shop:clothes,Rohini,28.5366953,77.2123391
Hallmark Apparels,shop:clothes,Rohini,28.5367247,77.2123635
Clothing store,shop:clothes,Rohini,28.5309132,77.2162661
Tremendous,shop:clothes,Rohini,28.53361,77.2170859
Stylobe,shop:clothes,Rohini,28.5702289,77.2375129
Puran Chand Gyan Prakash,shop:clothes,Rohini,28.6546264,77.2332554
Manyavar,shop:clothes,Rohini,28.5682057,77.2224052
Jockey,shop:clothes,Rohini,28.6338464,77.2184247
And,shop:clothes,Rohini,28.6347172,77.2195343
W,shop:clothes,Rohini,28.6346923,77.2195337
Planet Fashion,shop:clothes,Rohini,28.6343042,77.2194176
Aurelia,shop:clothes,Rohini,28.6344204,77.2195558
Mohanlal Sons,shop:clothes,Rohini,28.6341849,77.2188513
Monte Carlo,shop:clothes,Rohini,28.6343423,77.2195457
U.S. Polo Assn.,shop:clothes,Rohini,28.633874,77.2184508
Chumbak,shop:clothes,Rohini,28.5705859,77.240456
Diamond Silk Coop. Society Ltd.,shop:clothes,Rohini,28.5669605,77.1883405
Tanturupa Bengal Handloom,shop:clothes,Rohini,28.5669342,77.1886327
Dési Belle,shop:clothes,Rohini,28.6086535,77.2926328
Cobb,shop:clothes,Rohini,28.6088827,77.2924563
K-Lounge,shop:clothes,Rohini,28.608687,77.2926802
Kottail,shop:clothes,Rohini,28.6086158,77.2927546
Vaishno Mega Mart,shop:clothes,Rohini,28.608862,77.2924934
Go Colors!,shop:clothes,Rohini,28.6084841,77.292913
United Colors of Benetton,shop:clothes,Rohini,28.6088407,77.2924543
Mayori Conscious Clothing Store,shop:clothes,Rohini,28.5495916,77.2122663
girls clothing house,shop:clothes,Rohini,28.7021079,77.2090961
Little Almirah,shop:clothes,Rohini,28.5492003,77.2124692
Delhi Bazaar Craft House,shop:clothes,Rohini,28.555524,77.0851248
Craft House Delhi,shop:clothes,Rohini,28.6314312,77.207782
Kamala – The Craft Shop,shop:clothes,Rohini,28.6301933,77.2125232
Baragaon Weaves,shop:clothes,Rohini,28.5551936,77.2049049
tatsat- a socially conscious store,shop:clothes,Rohini,28.5516419,77.2069727
Sasha,shop:clothes,Rohini,28.5083364,77.1782516
Max Fashion,shop:clothes,Rohini,28.595552,77.0362455
Max,shop:clothes,Rohini,28.6002754,77.0298286
Max fashion,shop:clothes,Rohini,28.5907855,76.9976164
fabindia,shop:clothes,Rohini,28.7000929,77.1355929
Alaindair TQS,shop:clothes,Rohini,28.6088681,77.2927351
Colors,shop:clothes,Rohini,28.68817,77.1841782
Bindals,shop:clothes,Rohini,28.6829678,77.2067584
Perfect Fit,shop:clothes,Rohini,28.6271195,77.2796831
Lacoste,shop:clothes,Rohini,28.6305064,77.2198259
numero,shop:clothes,Rohini,28.630287,77.219811
Vintage Retail,shop:clothes,Rohini,28.6321461,77.2212681
Van Huesen,shop:clothes,Rohini,28.6126,76.9945621
Biba,shop:clothes,Rohini,28.6127723,76.9928467
Raymond,shop:clothes,Rohini,28.6122113,76.9898223
Duke,shop:clothes,Rohini,28.6125173,76.9933807
plusS,shop:clothes,Rohini,28.6345759,77.2200756
Rainbow,shop:clothes,Rohini,28.6295635,77.2193426
Sat Pal & Company,shop:clothes,Rohini,28.6275553,77.2191895
White House,shop:clothes,Rohini,28.6275185,77.2191893
Mallika Craft,shop:clothes,Rohini,28.6274361,77.219185
Neel Kamal,shop:clothes,Rohini,28.6269913,77.2192083
Behl's Hi Fashion,shop:clothes,Rohini,28.6270264,77.2192152
Pinch by Sonal Flagship Store,shop:clothes,Rohini,28.642847,77.2960729
Prabha Sarees,shop:clothes,Rohini,28.5486997,77.2352916
Naari Collections,shop:clothes,Rohini,28.6352725,77.3040657
devanshu dresses,shop:clothes,Rohini,28.689464,77.2713233
Zara,shop:clothes,Rohini,28.5054879,77.0958909
The Chankya Mall,shop:clothes,Rohini,28.5844178,77.1907596
नाइक फैक्ट्रियां आउटलेट छतरपुर,shop:clothes,Rohini,28.5070421,77.1749413
Many Selection,shop:clothes,Rohini,28.7278625,77.1701929
Kamal Deep,shop:clothes,Rohini,28.5692455,77.242961
Chunmun men,shop:clothes,Rohini,28.5691795,77.2430969
KUNTI,shop:clothes,Rohini,28.6158571,77.0882135
Anokhi,shop:clothes,Rohini,28.5896599,77.2525288
Sports Station,shop:clothes,Rohini,28.6318442,77.2169899
Saree Centre,shop:clothes,Rohini,28.6000821,77.2271277
Republic by Tausif,shop:clothes,Rohini,28.5178947,77.199222
Ancestry,shop:clothes,Rohini,28.5283659,77.21687
Suneja Sons,shop:clothes,Rohini,28.6463197,77.1892489
Wedding Planet,shop:clothes,Rohini,28.6463515,77.1892697
Groom Studio,shop:clothes,Rohini,28.6462834,77.1892248
Groom Palace,shop:clothes,Rohini,28.6464618,77.1896522
Mehra Silk Palace,shop:clothes,Rohini,28.6469052,77.1898396
Pratap Clothiers,shop:clothes,Rohini,28.6465885,77.1896789
Ahujasons,shop:clothes,Rohini,28.6471446,77.1900373
Manocha,shop:clothes,Rohini,28.6472431,77.1898843
Ethnic India,shop:clothes,Rohini,28.6472221,77.1898694
Raymond Rai Saheb,shop:clothes,Rohini,28.6471993,77.190076
Cantabil Men,shop:clothes,Rohini,28.6474356,77.1902853
Sanjay Textiles,shop:clothes,Rohini,28.64767,77.1904674
Pantaloons,shop:clothes,Rohini,28.6474432,77.1899906
Kamakshi,shop:clothes,Rohini,28.6473466,77.1899642
Groom Makers,shop:clothes,Rohini,28.6475966,77.1903492
Sri Ram & Son,shop:clothes,Rohini,28.6478921,77.1903074
Raunaq,shop:clothes,Rohini,28.6475384,77.190057
Red Roses,shop:clothes,Rohini,28.6475627,77.1903153
Neelan,shop:clothes,Rohini,28.6472582,77.190119
Ibadat,shop:clothes,Rohini,28.6470101,77.1896939
Jainsons Westend,shop:clothes,Rohini,28.6468109,77.1895648
Zest,shop:clothes,Rohini,28.6008461,77.2270915
Kaartgar,shop:clothes,Rohini,28.6009,77.2271762
Manan,shop:clothes,Rohini,28.6006758,77.2274716
Mobeen Tailors,shop:clothes,Rohini,28.6007221,77.2272651
Ruwaa,shop:clothes,Rohini,28.6008728,77.2272119
Cord,shop:clothes,Rohini,28.6007025,77.2274346
Ridhiie Suuri,shop:clothes,Rohini,28.6006145,77.2274071
Ranna Gill,shop:clothes,Rohini,28.6006049,77.2272316
Ritika Malhotra,shop:clothes,Rohini,28.6005178,77.2275361
Veda Creations,shop:clothes,Rohini,28.6003032,77.227298
Ethnïche,shop:clothes,Rohini,28.6003289,77.2273422
Ogaan,shop:clothes,Rohini,28.6004358,77.2275383
Devasya,shop:clothes,Rohini,28.6002974,77.227615
Aadyam,shop:clothes,Rohini,28.6002675,77.2275448
Groom Hub,shop:clothes,Rohini,28.6456305,77.1894762
Fashion Hub,shop:clothes,Rohini,28.6456012,77.1895397
Studio Anant,shop:clothes,Rohini,28.6456676,77.1894246
Zawaj Studio,shop:clothes,Rohini,28.6449928,77.1882931
Dawar Sarees,shop:clothes,Rohini,28.6562821,77.228951
Kala Nooor,shop:clothes,Rohini,28.6565543,77.2284219
Jay Sons,shop:clothes,Rohini,28.6562802,77.2289774
Sparky,shop:clothes,Rohini,28.6561362,77.2315105
Luthra's,shop:clothes,Rohini,28.6291911,77.2193374
Alagkriti,shop:clothes,Rohini,28.629454,77.2193411
Free Spirit,shop:clothes,Rohini,28.6294759,77.2193414
Fashion Paradise,shop:clothes,Rohini,28.6293883,77.2193402
Fashion Point,shop:clothes,Rohini,28.6293006,77.2193389
Ravi Garments,shop:clothes,Rohini,28.7301369,77.1639534
Fashion Club,shop:clothes,Rohini,28.7218487,77.1693673
Jain Selection,shop:clothes,Rohini,28.7233832,77.1658233
Selection Garments,shop:clothes,Rohini,28.7303399,77.1659698
Common Wealth Store,shop:clothes,Rohini,28.5498642,77.2354223
FNT,shop:clothes,Rohini,28.5507231,77.2340564
Jack & Jones,shop:clothes,Rohini,28.5508617,77.2341965
Vero Moda,shop:clothes,Rohini,28.5508545,77.2341837
Goyal Stores,shop:clothes,Rohini,28.5505405,77.2343366
Madame,shop:clothes,Rohini,28.5506032,77.2342159
Surplus House,shop:clothes,Rohini,28.6284063,77.2783542
ORBITE SOCKS,shop:clothes,Rohini,28.7417255,77.1330596
Sadgi Boutique,shop:clothes,Rohini,28.7416944,77.1334358
Global Desi,shop:clothes,Rohini,28.6350136,77.2195872
Afshana Boutique,shop:clothes,Rohini,28.7542203,77.1618185
Fashion Flare,shop:clothes,Rohini,28.5502796,77.2347263
Print Centre,shop:clothes,Rohini,28.5503148,77.2346681
Goldy's Nestt,shop:clothes,Rohini,28.5501398,77.2349305
Yell,shop:clothes,Rohini,28.5502063,77.234842
Global Republic,shop:clothes,Rohini,28.5502704,77.2347394
Harmeet Selection,shop:clothes,Rohini,28.656579,77.2264515
Wadhwa Textiles,shop:clothes,Rohini,28.6565952,77.2265539
Harcharan Das Sharma Bajaj - Uttarakhand Wale,shop:clothes,Rohini,28.6567572,77.2257972
Sri Ram and Son,shop:clothes,Rohini,28.6562753,77.2278227
Asian Bridal Store,shop:clothes,Rohini,28.6562429,77.2291825
Khadi ka Clothes -116 Garage,shop:clothes,Rohini,28.6212562,77.1989326
Lifestyle,shop:clothes,Rohini,28.7169998,77.114111
Reet Collection,shop:clothes,Rohini,28.750204,77.1745446
Vibe,shop:clothes,Rohini,28.5503303,77.2353146
Abhimaa,shop:clothes,Rohini,28.5504368,77.2351485
Meena Bazaar,shop:clothes,Rohini,28.5504587,77.2351149
A-One Stores,shop:clothes,Rohini,28.5500231,77.235139
The Wardrobe,shop:clothes,Rohini,28.5500278,77.2351243
Kunchal's,shop:clothes,Rohini,28.5500559,77.2350096
Kidsberry,shop:clothes,Rohini,28.6377995,77.2867841
Intimissimi,shop:clothes,Rohini,28.6376164,77.2868578
Clovis,shop:clothes,Rohini,28.6376187,77.2866423
Reliance Trends,shop:clothes,Rohini,28.6428913,77.2974598
Babyhug,shop:clothes,Rohini,28.7005536,77.2085253
Rajouri Garden Market,shop:clothes,Rohini,28.6456979,77.1199867
Porshe design,shop:clothes,Rohini,28.5552208,77.0833295
Coach,shop:clothes,Rohini,28.5550482,77.0829472
Hugo Boss,shop:clothes,Rohini,28.554973,77.0829994
La Mode,shop:clothes,Rohini,28.570222,77.2412291
Narang Garments,shop:clothes,Rohini,28.570624,77.2402805
Chunmun Women,shop:clothes,Rohini,28.568523,77.2422926
Sharif Garments,shop:clothes,Rohini,28.5702054,77.2412682
Allen Solly Women,shop:clothes,Rohini,28.5702439,77.2412346
Octave,shop:clothes,Rohini,28.5702862,77.2411524
StockFit,shop:clothes,Rohini,28.5686743,77.2414256
Marks & Spencer,shop:clothes,Rohini,28.6351449,77.2196126
Kings,shop:clothes,Rohini,28.7131784,77.2157108
Greenways,shop:clothes,Rohini,28.6320541,77.2213531
Khanna Fabrics,shop:clothes,Rohini,28.6338972,77.2208753
Reebok,shop:clothes,Rohini,28.633864,77.2209081
Snow White,shop:clothes,Rohini,28.6338324,77.2209483
Uphaar Centre,shop:clothes,Rohini,28.633951,77.2208129
Smash To Fashion,shop:clothes,Rohini,28.7354937,77.1098793
Saloni Creations,shop:clothes,Rohini,28.735263,77.1102211
Nalli,shop:clothes,Rohini,28.6319792,77.2162925
The Darning House,shop:clothes,Rohini,28.6317946,77.2163312
Nitin Exports,shop:clothes,Rohini,28.6374104,77.3041073
Manyawar,shop:clothes,Rohini,28.6342911,77.2200792
Pepe Jeans,shop:clothes,Rohini,28.6342189,77.2203427
Park Avenue,shop:clothes,Rohini,28.6342741,77.220195
One Friday,shop:clothes,Rohini,28.5506697,77.2347931
Super Mart Fashion Hub,shop:clothes,Rohini,28.515355,77.104796
JAIN SAREE CENTER,shop:clothes,Rohini,28.6892837,77.2994067
VAN HEUSEN FACTORY OUTLET,shop:clothes,Rohini,28.6891726,77.295432
KABIR DESIGNER BOUTIQUE,shop:clothes,Rohini,28.6900287,77.2990759
GOYAL CLOTH HOUSE,shop:clothes,Rohini,28.6890085,77.2898917
Roop Garments,shop:clothes,Rohini,28.6325286,77.2800976
Modluk,shop:clothes,Rohini,28.5501001,77.2357713
Chique,shop:clothes,Rohini,28.5501558,77.2356683
Cooke & Kelvey,shop:clothes,Rohini,28.6293968,77.2197666
Flying Machine,shop:clothes,Rohini,28.6805517,77.2080576
Venus Collection,shop:clothes,Rohini,28.6821854,77.2067297
Puma,shop:clothes,Rohini,28.6822096,77.20671
Mini Sou,shop:clothes,Rohini,28.6811828,77.2075503
Archies,shop:clothes,Rohini,28.6821049,77.2067955
Olish,shop:clothes,Rohini,28.6820669,77.206825
Inc. 5,shop:clothes,Rohini,28.681534,77.2072445
Vidyarthi,shop:clothes,Rohini,28.6822586,77.2066433
Wildcraft,shop:clothes,Rohini,28.6824147,77.2065141
The Fashion Point,shop:clothes,Rohini,28.5871291,77.1689841
Microbe,shop:clothes,Rohini,28.5872511,77.1692453
Men Den,shop:clothes,Rohini,28.5878274,77.1690537
Deepak Cloth House,shop:clothes,Rohini,28.5965582,77.1230673
Niyaz Fashion,shop:clothes,Rohini,28.6229963,77.2907494
Triveni Prints,shop:clothes,Rohini,28.5961583,77.1227909
Cliff Climbers,shop:clothes,Rohini,28.5956169,77.1225445
Young Man,shop:clothes,Rohini,28.5951499,77.1223293
Avi Creations Army Store,shop:clothes,Rohini,28.595083,77.1222523
Export House,shop:clothes,Rohini,28.5950744,77.1222868
Poonam Export Cloth House,shop:clothes,Rohini,28.5698671,77.2394869
Show Off,shop:clothes,Rohini,28.5697344,77.2394124
Style Dot In,shop:clothes,Rohini,28.5699851,77.2395602
Surkhaab,shop:clothes,Rohini,28.5697602,77.2394442
Arora Textiles,shop:clothes,Rohini,28.5701124,77.2396195
Vikram Associates,shop:clothes,Rohini,28.5687626,77.2412302
The Style Hub,shop:clothes,Rohini,28.5498726,77.2354058
Miss 16,shop:clothes,Rohini,28.5499609,77.2352319
Readymade Garments And Army Store,shop:clothes,Rohini,28.5949192,77.1226851
Modern Store,shop:clothes,Rohini,28.5953046,77.1228665
Young Club,shop:clothes,Rohini,28.5956457,77.1230538
Calcutta Army Store,shop:clothes,Rohini,28.5954942,77.1229655
Sumona Outfit,shop:clothes,Rohini,28.5955695,77.1230075
Popular Army Store,shop:clothes,Rohini,28.5941036,77.1218236
Novelty Army Store,shop:clothes,Rohini,28.5942105,77.1218785
Parvesh General Store,shop:clothes,Rohini,28.5945574,77.1220656
Vimal Uniforms,shop:clothes,Rohini,28.594147,77.1218417
Mukesh Garments,shop:clothes,Rohini,28.5945937,77.122081
Dashmesh Emporium,shop:clothes,Rohini,28.5943222,77.1219398
Salona Fashion,shop:clothes,Rohini,28.5942419,77.1218964
S.S. Army Store,shop:clothes,Rohini,28.5944048,77.1219901
Palam Army Store,shop:clothes,Rohini,28.5940238,77.1217593
Satyam Army Store,shop:clothes,Rohini,28.5941816,77.1218563
New Cheap Army Store,shop:clothes,Rohini,28.5942231,77.1223237
Great Army Store,shop:clothes,Rohini,28.5941254,77.1222795
Standard Enterprises Army Store,shop:clothes,Rohini,28.5939624,77.122198
Khushboo Cloth House,shop:clothes,Rohini,28.5937938,77.1221114
Sood Army Store,shop:clothes,Rohini,28.5941602,77.1222926
Sardar Ji Kids Wear,shop:clothes,Rohini,28.594304,77.122362
Deep Garment,shop:clothes,Rohini,28.5943258,77.1223726
Bharat Army Store,shop:clothes,Rohini,28.5932581,77.1218534
Army General Store,shop:clothes,Rohini,28.593621,77.1220254
Bhartiya Exclusive,shop:clothes,Rohini,28.5935634,77.1219944
Indian Army Store,shop:clothes,Rohini,28.5931677,77.1219187
Rohilla Army Store,shop:clothes,Rohini,28.5932877,77.1218686
Find Style,shop:clothes,Rohini,28.5934204,77.1219277
Singh Army Store,shop:clothes,Rohini,28.5931901,77.1218553
Shrutika Army Store,shop:clothes,Rohini,28.5935345,77.1219799
Mangal Sons,shop:clothes,Rohini,28.5937602,77.1220963
Kartike,shop:clothes,Rohini,28.59345,77.1219409
Sainik Matador Showroom,shop:clothes,Rohini,28.5932278,77.121837
Shri Jain Army Store,shop:clothes,Rohini,28.5963979,77.1344892
Bakshi Uniforms,shop:clothes,Rohini,28.5964048,77.1341737
Verma Army Store,shop:clothes,Rohini,28.5964038,77.1341407
Rastogi Garments,shop:clothes,Rohini,28.5964103,77.1333603
Dashmesh Army Store,shop:clothes,Rohini,28.5964079,77.1340976
Rastogi Army Store,shop:clothes,Rohini,28.5964121,77.1333918
Royal Army Store,shop:clothes,Rohini,28.5964162,77.1335586
Jain Cloth House,shop:clothes,Rohini,28.5964111,77.1332867
J.B. Enterprises Army Store,shop:clothes,Rohini,28.5964102,77.1332504
Sahni Store,shop:clothes,Rohini,28.5964067,77.1332379
Jain Garments,shop:clothes,Rohini,28.5964109,77.1333346
Dholiya Garments,shop:clothes,Rohini,28.5933043,77.1209358
Shyam Uniforms And Garment Centre,shop:clothes,Rohini,28.5971035,77.1226796
Shree Ji,shop:clothes,Rohini,28.7309683,77.0879986
Zudio,shop:clothes,Rohini,28.6492029,77.3063943
Goyal Sons,shop:clothes,Rohini,28.5838529,77.071148
Cantabil Italy,shop:clothes,Rohini,28.584651,77.0710555
Spykar,shop:clothes,Rohini,28.5847372,77.0710657
Super Budget Bazar,shop:clothes,Rohini,28.5940429,77.1213677
Ganesh Collection,shop:clothes,Rohini,28.6139517,77.0325597
School Uniforms Egloo Wear,shop:clothes,Rohini,28.5852311,77.0680771
Factory Outlet,shop:clothes,Rohini,28.6442838,77.2016844
Varun Saree Centre,shop:clothes,Rohini,28.5934111,77.1214554
Rahul Garments,shop:clothes,Rohini,28.6689483,77.3080831
La Square,shop:clothes,Rohini,28.612988,77.1093453
L. N. Square,shop:clothes,Rohini,28.6130173,77.1092999
Sport Sun,shop:clothes,Rohini,28.6612765,77.2866336
Ritu Kumar,shop:clothes,Rohini,28.5679338,77.224095
Kalki,shop:clothes,Rohini,28.5681797,77.2209954
Motiwala,shop:clothes,Rohini,28.5682509,77.2209954
Twamev,shop:clothes,Rohini,28.5683466,77.2210739
Shoppers Stop,shop:clothes,Rohini,28.719684,77.1098444
Ashoka Kurta,shop:clothes,Rohini,28.5776885,77.1947802
Vaishnavi,shop:clothes,Rohini,28.5776875,77.1948663
Viraj,shop:clothes,Rohini,28.5682334,77.2215351
Bharat Reshma,shop:clothes,Rohini,28.5682345,77.2215022
Mark And Spencer,shop:clothes,Rohini,28.5681863,77.2227503
Brahaan,shop:clothes,Rohini,28.5682327,77.2214312
Parvi Collections,shop:clothes,Rohini,28.5766869,77.1960324
Redtape,shop:clothes,Rohini,28.5778276,77.1958836
Shingar Garments,shop:clothes,Rohini,28.5769792,77.1960334
Hasho,shop:clothes,Rohini,28.5775579,77.1955195
Paradise,shop:clothes,Rohini,28.5775624,77.1958047
Cobb Italy,shop:clothes,Rohini,28.5762742,77.1957386
Kamal Ji Garments,shop:clothes,Rohini,28.5771932,77.1960331
Messrs Clive Fashion,shop:clothes,Rohini,28.577258,77.1960318
Raj Emporium,shop:clothes,Rohini,28.5767525,77.1960366
TNS Traders,shop:clothes,Rohini,28.5767878,77.1960374
Sand Castle,shop:clothes,Rohini,28.5771605,77.1960352
K4 Classic Trends,shop:clothes,Rohini,28.5768282,77.1960404
Sai Mahima,shop:clothes,Rohini,28.57609,77.1954189
Manoj Store,shop:clothes,Rohini,28.5761749,77.1954138
Kala Mahal,shop:clothes,Rohini,28.5770854,77.1960358
Gopal Sons,shop:clothes,Rohini,28.5762583,77.1954119
Messrs Libra Exclusive,shop:clothes,Rohini,28.5772713,77.1960318
Choice,shop:clothes,Rohini,28.5775657,77.1958858
H. Nagpal Traders,shop:clothes,Rohini,28.5768633,77.1960361
Modern,shop:clothes,Rohini,28.5774783,77.1960236
Metro Fashion,shop:clothes,Rohini,28.5762771,77.1956982
Golden Heritage,shop:clothes,Rohini,28.5773368,77.1960276
Paul Collections,shop:clothes,Rohini,28.5765676,77.1960393
G. V. Enterprises,shop:clothes,Rohini,28.5767157,77.1960371
Shiraj Creations,shop:clothes,Rohini,28.5775602,77.1959698
Prem Enterprises,shop:clothes,Rohini,28.5762763,77.1959081
Sonu Garments,shop:clothes,Rohini,28.5766701,77.1960333
Krishna Sarees,shop:clothes,Rohini,28.5775607,77.1957627
Punjab Silk Stores Private Limited,shop:clothes,Rohini,28.5775556,77.1956807
Khushi Sarees,shop:clothes,Rohini,28.577554,77.1955605
Chic Care,shop:clothes,Rohini,28.5762195,77.1954131
Richie Garments,shop:clothes,Rohini,28.5766032,77.1960373
Meera Saree,shop:clothes,Rohini,28.5775637,77.1958447
John Hill,shop:clothes,Rohini,28.5762753,77.1955689
Ethnix,shop:clothes,Rohini,28.6469749,77.1896671
Harnam Singh Bishan Singh,shop:clothes,Rohini,28.6469323,77.1896348
India Emporium,shop:clothes,Rohini,28.6378452,77.2113764
Shree,shop:clothes,Rohini,28.6468699,77.1898141
Rukshan Fashion,shop:clothes,Rohini,28.5952415,77.1213464
Meena Bazaar.,shop:clothes,Rohini,28.6374077,77.2865842
Canstol,shop:clothes,Rohini,28.6375158,77.2862071
Flosse,shop:clothes,Rohini,28.6374915,77.2862228
Stanmax,shop:clothes,Rohini,28.6373935,77.2871419
Horizon,shop:clothes,Rohini,28.6376443,77.2866811
Elleven,shop:clothes,Rohini,28.6373023,77.2865328
Indo Leebaaz,shop:clothes,Rohini,28.6375197,77.2864107
Libas,shop:clothes,Rohini,28.6373306,77.2865839
Lakshita,shop:clothes,Rohini,28.6374749,77.2864318
Fox Lifestyle,shop:clothes,Rohini,28.6375328,77.2864148
Ladiify,shop:clothes,Rohini,28.6375682,77.2864872
Adidas Originals,shop:clothes,Rohini,28.6374288,77.2865106
LaMODE,shop:clothes,Rohini,28.6373177,77.2861537
Muskan Boutique,shop:clothes,Rohini,28.6377888,77.2869469
Klobe Fashion,shop:clothes,Rohini,28.5551069,77.194252
Dazzle,shop:clothes,Rohini,28.5536263,77.194255
Expressionist,shop:clothes,Rohini,28.5539506,77.1943928
Huckleberry Hangers,shop:clothes,Rohini,28.5535107,77.1941712
Aikeyah,shop:clothes,Rohini,28.5546952,77.1951023
Mohitt Sacchdev,shop:clothes,Rohini,28.555127,77.1946865
Lady Nayra,shop:clothes,Rohini,28.555071,77.1942386
Tare Millenials,shop:clothes,Rohini,28.5550275,77.1942238
Maiden & Muse,shop:clothes,Rohini,28.5549842,77.1942106
Shein-Sxy,shop:clothes,Rohini,28.5548133,77.1941392
Street Style Store,shop:clothes,Rohini,28.5547962,77.1941309
Sarandha,shop:clothes,Rohini,28.5550729,77.1944903
First Resort,shop:clothes,Rohini,28.5550415,77.1944734
Vishwas Arora,shop:clothes,Rohini,28.5549861,77.1944466
Attire,shop:clothes,Rohini,28.5549557,77.194436
Kvell,shop:clothes,Rohini,28.5549308,77.1944809
Ish Om,shop:clothes,Rohini,28.5548478,77.1944594
Nasty Small Room,shop:clothes,Rohini,28.5547569,77.194388
Nishibo,shop:clothes,Rohini,28.5547693,77.1943269
Farha Khan,shop:clothes,Rohini,28.5547506,77.1944826
Lacquer Embassy,shop:clothes,Rohini,28.5547096,77.1945021
Kawai Fuku,shop:clothes,Rohini,28.5546717,77.1944402
Jujuture by The Marwari's,shop:clothes,Rohini,28.5546384,77.1944341
Thrift Shop,shop:clothes,Rohini,28.5545073,77.1943949
Shop With Love,shop:clothes,Rohini,28.5543526,77.1943474
Shein,shop:clothes,Rohini,28.5541452,77.1944545
The Sassy Clothes,shop:clothes,Rohini,28.5541648,77.1944646
Wild Eagle,shop:clothes,Rohini,28.5541246,77.1944502
Street Style Fahsion,shop:clothes,Rohini,28.5541066,77.1944438
Phew Zone,shop:clothes,Rohini,28.5540821,77.1944365
Top Shop,shop:clothes,Rohini,28.5540672,77.1944269
Royce Robe,shop:clothes,Rohini,28.6377995,77.2864783
numero uno,shop:clothes,Rohini,28.6378253,77.2865246
Shoppee,shop:clothes,Rohini,28.5546848,77.1950579
Eday Finds,shop:clothes,Rohini,28.5545005,77.194708
Glitch,shop:clothes,Rohini,28.5542612,77.1944051
Cotton Candy,shop:clothes,Rohini,28.5542073,77.1943845
UniqU,shop:clothes,Rohini,28.5541901,77.1943781
Bonkerz,shop:clothes,Rohini,28.5541547,77.1943654
Opus,shop:clothes,Rohini,28.5541148,77.1943591
The Urban Shoppe,shop:clothes,Rohini,28.5966246,77.0361914
Monteil & Munero,shop:clothes,Rohini,28.6376494,77.2861653
Mini Klub,shop:clothes,Rohini,28.6377286,77.2863256
Richlook,shop:clothes,Rohini,28.6376647,77.2861913
Dcot By Donear,shop:clothes,Rohini,28.6377131,77.286296
Numero Uno,shop:clothes,Rohini,28.6377504,77.2863842
Pranisha,shop:clothes,Rohini,28.6465222,77.1893901
Swayamvar,shop:clothes,Rohini,28.6457515,77.1888381
Shagun,shop:clothes,Rohini,28.6459236,77.1887151
NYC Glamgirl,shop:clothes,Rohini,28.6465681,77.1894296
Urban Colors,shop:clothes,Rohini,28.6464407,77.1879161
Ethnic Relation,shop:clothes,Rohini,28.6466265,77.1892434
Dollar,shop:clothes,Rohini,28.6466072,77.187781
Roopak Tailors N Cutters,shop:clothes,Rohini,28.6465926,77.1877707
Laxmi Collection,shop:clothes,Rohini,28.6466614,77.1879436
SK Hoisery,shop:clothes,Rohini,28.6479493,77.1886792
Trueman,shop:clothes,Rohini,28.6467302,77.1894883
Shipra Sarees,shop:clothes,Rohini,28.6456876,77.1889919
Vijay Emporium,shop:clothes,Rohini,28.6468727,77.1892137
Big Bird,shop:clothes,Rohini,28.6455485,77.1888962
Montell,shop:clothes,Rohini,28.6457535,77.189037
Madras Stores,shop:clothes,Rohini,28.6468593,77.1892382
Sakshi Emporium,shop:clothes,Rohini,28.6457142,77.1890102
Fashion Place,shop:clothes,Rohini,28.6455601,77.1889027
Darwesh,shop:clothes,Rohini,28.6468485,77.1892602
Sri Ram And Sons,shop:clothes,Rohini,28.6455119,77.1888695
Cutecumber,shop:clothes,Rohini,28.6459519,77.1891978
Pinkstrings,shop:clothes,Rohini,28.7168475,77.1138609
Teal Man,shop:clothes,Rohini,28.568418,77.2475166
Spinn Weave Fabric Studios,shop:clothes,Rohini,28.568512,77.2475798
Lal Ji Overseas Private Limited,shop:clothes,Rohini,28.5686084,77.2472524
Part 1,shop:clothes,Rohini,28.5685606,77.2472311
Vineet Saree,shop:clothes,Rohini,28.5681189,77.2470052
Shami & Sanju,shop:clothes,Rohini,28.5682859,77.24594
Custom Shop,shop:clothes,Rohini,28.5672231,77.2448152
Planet Garments Shop,shop:clothes,Rohini,28.5672231,77.2448152
Bhavana Singh,shop:clothes,Rohini,28.5680509,77.2466202
Studio Amansh,shop:clothes,Rohini,28.5683541,77.2458313
TOSSIDO,shop:clothes,Rohini,28.5683861,77.245103
Custom Shope,shop:clothes,Rohini,28.5672435,77.2448227
Style studio,shop:clothes,Rohini,28.5684298,77.2450685
IBAAS,shop:clothes,Rohini,28.5672744,77.2447168
Faux Shop,shop:clothes,Rohini,28.5852627,77.0710986
Jai Mala Collection,shop:clothes,Rohini,28.6181631,77.0294034
Sai Garments,shop:clothes,Rohini,28.6182218,77.0294652
Kids Garments,shop:clothes,Rohini,28.5837885,77.0715394
V Mart,shop:clothes,Rohini,28.5839227,77.0715683
Meena Bazar,shop:clothes,Rohini,28.5854027,77.0711601
Kumardeep,shop:clothes,Rohini,28.584214,77.0715242
Angad Handloom Emporium,shop:clothes,Rohini,28.5842315,77.0715265
Fashion Lover,shop:clothes,Rohini,28.5841093,77.0715234
Woodland,shop:clothes,Rohini,28.7238775,77.1129027
Season's Wave Boutique,shop:clothes,Rohini,28.5853831,77.0711321
Dwarkadheesh Emporium,shop:clothes,Rohini,28.5853389,77.0711348
Pehnava,shop:clothes,Rohini,28.5853831,77.0711321
श्री Shree,shop:clothes,Rohini,28.5858658,77.0715212
Goyal Creation,shop:clothes,Rohini,28.6167959,77.0331662
Radhey Fashion Readymade Garments,shop:clothes,Rohini,28.6173496,77.0331804
Puma Outlet,shop:clothes,Rohini,28.6985755,77.2075777
New Life Tailors,shop:clothes,Rohini,28.6980375,77.2050505
Monex Garments,shop:clothes,Rohini,28.6983059,77.2044274
Gaurav Garments,shop:clothes,Rohini,28.6982517,77.2044116
Kishan Vastra Bhandar,shop:clothes,Rohini,28.6982082,77.2044033
Variety centre,shop:clothes,Rohini,28.6974804,77.2042885
Cantabil Italy Factory Outlet,shop:clothes,Rohini,28.6973371,77.2045777
DCot by Donear,shop:clothes,Rohini,28.6972045,77.2045597
Cantabil Italy International Clothing,shop:clothes,Rohini,28.6970411,77.2045299
Lucky Garments,shop:clothes,Rohini,28.6982793,77.2044234
Gift centre,shop:clothes,Rohini,28.6974572,77.2042833
Heeees Hub,shop:clothes,Rohini,28.6974395,77.2045891
Go Colors,shop:clothes,Rohini,28.6946689,77.1539111
New Trendz,shop:clothes,Rohini,28.586692,77.0712339
kueen Collection,shop:clothes,Rohini,28.588853,77.0714555
Step Up,shop:clothes,Rohini,28.5888703,77.0714549
Me N Moms,shop:clothes,Rohini,28.5897075,77.071469
Kids Station,shop:clothes,Rohini,28.5896547,77.0714709
V Sagar,shop:clothes,Rohini,28.6565001,77.2293819
The Raymond Shop,shop:clothes,Rohini,28.6312912,77.2200864
Ivory Palace,shop:clothes,Rohini,28.6312952,77.2201703
TRENDS,shop:clothes,Rohini,28.6609035,77.2975023
Om Hosiery,shop:clothes,Rohini,28.5853016,77.0702705
Mini KLUB,shop:clothes,Rohini,28.5897041,77.0718004
A K Fashion,shop:clothes,Rohini,28.6157495,77.0331872
J.M.D. Garments,shop:clothes,Rohini,28.6230951,77.2915603
Mrignayani The Ethnic Store,shop:clothes,Rohini,28.5952027,77.0411704
Diva Creations Designer Boutique,shop:clothes,Rohini,28.592344,77.0452247
Leheriya.com,shop:clothes,Rohini,28.5963913,77.0400649
Trend Zone,shop:clothes,Rohini,28.6232721,77.2905361
Sara Emporium,shop:clothes,Rohini,28.6239141,77.2906483
Urvi Creations,shop:clothes,Rohini,28.5883616,77.0716815
Balaji Creations,shop:clothes,Rohini,28.6564553,77.2299772
B. Rai Sons,shop:clothes,Rohini,28.6006163,77.2272054
Khara Kapas,shop:clothes,Rohini,28.6007543,77.2270257
Matsya,shop:clothes,Rohini,28.6007396,77.2270433
Yam,shop:clothes,Rohini,28.5997857,77.2264719
Vine & Pencil,shop:clothes,Rohini,28.5997902,77.2264833
National Clothing House,shop:clothes,Rohini,28.6000655,77.2267253
Mehka,shop:clothes,Rohini,28.6006631,77.2271475
Purple United Kids,shop:clothes,Rohini,28.5891064,77.0714696
Aditya Textiles,shop:clothes,Rohini,28.6567798,77.2257013
Prithaa,shop:clothes,Rohini,28.6567438,77.2254593
Packard Creations,shop:clothes,Rohini,28.6564331,77.2254262
Heena,shop:clothes,Rohini,28.6567727,77.225843
Lucky Ram Chote Laal,shop:clothes,Rohini,28.6567704,77.2258726
W Fashion,shop:clothes,Rohini,28.6567574,77.2262982
Shri Krishna Textile,shop:clothes,Rohini,28.656742,77.2255507
Chawla Textiles,shop:clothes,Rohini,28.6567701,77.225907
Laut Fabrics,shop:clothes,Rohini,28.6567724,77.2258606
Suraj Prakash Trading Co.,shop:clothes,Rohini,28.6567685,77.2260759
Shree Durga Saree Emporium,shop:clothes,Rohini,28.6567657,77.2259201
Mohan Lal Mehra,shop:clothes,Rohini,28.6567661,77.2261307
Vivek Enterprises,shop:clothes,Rohini,28.6567672,77.2259329
Rishi Khadi Bhandar,shop:clothes,Rohini,28.6567622,77.2260391
Saint Lal Kishan Lal,shop:clothes,Rohini,28.6567657,77.2259621
Guru Ji Collection,shop:clothes,Rohini,28.6567618,77.2260196
Pooja Creation,shop:clothes,Rohini,28.6567655,77.2259465
Gauri Selections,shop:clothes,Rohini,28.6567623,77.2259988
Seth Exclusive,shop:clothes,Rohini,28.6568218,77.2253744
Krishna Cloth House,shop:clothes,Rohini,28.6568221,77.225315
Raghunath Sahai Jai Chand Rai,shop:clothes,Rohini,28.6568285,77.2252497
Shri Krishna Wholesale Cloth Market Rishabh Bazar,shop:clothes,Rohini,28.6567609,77.2263615
Shri Krishna Wholesale Cloth Market,shop:clothes,Rohini,28.6567657,77.2263048
Banaras Saree Emporium,shop:clothes,Rohini,28.6566966,77.2264909
Meenakshi Creations,shop:clothes,Rohini,28.6567622,77.2263278
Aviraj Creations,shop:clothes,Rohini,28.656763,77.2262179
Ashok Textiles,shop:clothes,Rohini,28.6582726,77.2259118
Haiqa Looms,shop:clothes,Rohini,28.6583441,77.225896
Collection House,shop:clothes,Rohini,28.6564251,77.2252918
Pooja Malhotra,shop:clothes,Rohini,28.5532732,77.2406922
Adisports Adidas,shop:clothes,Rohini,28.7076968,77.123805
Crimsoune Club,shop:clothes,Rohini,28.7075748,77.1237043
Mufti,shop:clothes,Rohini,28.7068102,77.1234231
Grace,shop:clothes,Rohini,28.7069235,77.1235356
A.were fashion,shop:clothes,Rohini,28.7070783,77.1263328
Bharti,shop:clothes,Rohini,28.7071191,77.12628
spyker,shop:clothes,Rohini,28.7076688,77.1241945
Aggarwal Garments,shop:clothes,Rohini,28.7073522,77.1234628
Poonam Fancy Textiles,shop:clothes,Rohini,28.6566816,77.2265949
Siyarams,shop:clothes,Rohini,28.7080361,77.124503
Shrimann,shop:clothes,Rohini,28.7081352,77.124198
Bodycare,shop:clothes,Rohini,28.7081512,77.1242004
Brand Nation,shop:clothes,Rohini,28.7075446,77.1236821
Asli Raymond,shop:clothes,Rohini,28.7065931,77.1228326
Bodybasic clothes,shop:clothes,Rohini,28.7065321,77.1227778
Shagun Raymond,shop:clothes,Rohini,28.7066195,77.122859
Cantabil Clothing,shop:clothes,Rohini,28.7067375,77.1229755
Buy Brand,shop:clothes,Rohini,28.7060105,77.1226913
Onax by Yuva,shop:clothes,Rohini,28.7069679,77.1231718
Elini,shop:clothes,Rohini,28.7071388,77.1233169
She Fashion,shop:clothes,Rohini,28.7070981,77.1232786
Ekta Suit and Dupatta,shop:clothes,Rohini,28.7062492,77.1225372
Bindra Undergarment,shop:clothes,Rohini,28.706335,77.1226039
Style Menz,shop:clothes,Rohini,28.569809,77.2391965
Bengal Silk Trading Company,shop:clothes,Rohini,28.6335364,77.2064271
Kiddoz,shop:clothes,Rohini,28.6317787,77.2211047
BIBA,shop:clothes,Rohini,28.6314429,77.2205803
Kalpana,shop:clothes,Rohini,28.6317728,77.2210319
Allen Solly,shop:clothes,Rohini,28.631407,77.2205042
Saheli Footwear,shop:clothes,Rohini,28.6448717,77.3387663
Brand Collection,shop:clothes,Rohini,28.6446986,77.338506
Pendleton,shop:clothes,Rohini,28.6130201,77.131338
Apsara Sarees,shop:clothes,Rohini,28.6830856,77.2010008
Ram Chandra Krishan Chandra Saree Store,shop:clothes,Rohini,28.6827697,77.2004701
Rati Ram Ram Vinod Saree Store,shop:clothes,Rohini,28.6825696,77.2001553
Anil Collection,shop:clothes,Rohini,28.6802682,77.2031249
Incense,shop:clothes,Rohini,28.6820651,77.205577
Manhar,shop:clothes,Rohini,28.6790757,77.2009643
Soni and Soni,shop:clothes,Rohini,28.6790438,77.2009178
Classic Selection,shop:clothes,Rohini,28.682226,77.2057624
Bonjour,shop:clothes,Rohini,28.6821668,77.205693
Meghna,shop:clothes,Rohini,28.6825518,77.2063251
Trending Company,shop:clothes,Rohini,28.6825258,77.2062901
Haryana Saree Centre,shop:clothes,Rohini,28.6790017,77.200832
Dharam Pal Ji,shop:clothes,Rohini,28.568637,77.2423956
Kasa hunes,shop:clothes,Rohini,28.5491145,77.2159769
Rental Box - Rental Clothing,shop:clothes,Rohini,28.5489016,77.2157812
Trisara,shop:clothes,Rohini,28.5474113,77.2158197
Pappu,shop:clothes,Rohini,28.5475698,77.2160972
Xiva,shop:clothes,Rohini,28.5489385,77.2159844
Turn Black,shop:clothes,Rohini,28.5474592,77.2158592
Brand Mart,shop:clothes,Rohini,28.8544247,77.1246109
Zillinie,shop:clothes,Rohini,28.5725492,77.2368668
A.K. Vision Opticals,shop:clothes,Rohini,28.5941972,77.0474159
Better Bottoms Mix & Match,shop:clothes,Rohini,28.5950019,77.0480894
Garg Selection,shop:clothes,Rohini,28.596076,77.0490419
House of Desires,shop:clothes,Rohini,28.5958565,77.0488879
Lanskar,shop:clothes,Rohini,28.5958059,77.0488424
Sanskriti,shop:clothes,Rohini,28.5961099,77.0490689
Thread Plus,shop:clothes,Rohini,28.5960452,77.0490134
Rasm,shop:clothes,Rohini,28.5959322,77.0489441
Chhabra Selection,shop:clothes,Rohini,28.596542,77.0493209
Export Hub,shop:clothes,Rohini,28.6280444,77.278743
Saundh,shop:clothes,Rohini,28.5030432,77.0970713
Sweet Dreams,shop:clothes,Rohini,28.5027366,77.0970495
Suvasa,shop:clothes,Rohini,28.5031637,77.0970986
Globaldesi,shop:clothes,Rohini,28.5027994,77.0970461
Van Heusen Woman,shop:clothes,Rohini,28.5030812,77.0970786
Jaypor,shop:clothes,Rohini,28.5029817,77.0970587
Mi Arcus,shop:clothes,Rohini,28.5034556,77.097153
Mustard,shop:clothes,Rohini,28.5033179,77.0975413
Anita Dongre,shop:clothes,Rohini,28.5026786,77.097053
Iconic Kids,shop:clothes,Rohini,28.5034563,77.0975285
Kate & Oscar,shop:clothes,Rohini,28.5034907,77.0971474
Sabhyata,shop:clothes,Rohini,28.5024459,77.0972438
Soch,shop:clothes,Rohini,28.5033806,77.0975357
Panna,shop:clothes,Rohini,28.5027091,77.0976407
Taneira,shop:clothes,Rohini,28.6303919,77.2198183
Linen Club,shop:clothes,Rohini,28.6336248,77.2233697
Tandon's,shop:clothes,Rohini,28.6336733,77.2231622
Cotton Plus,shop:clothes,Rohini,28.6336134,77.2233046
Best Emporium,shop:clothes,Rohini,28.6336028,77.223173
Satguru Collections,shop:clothes,Rohini,28.6338042,77.2235875
Taneja Store,shop:clothes,Rohini,28.6338189,77.2235804
Mrinalini,shop:clothes,Rohini,28.6339448,77.2235478
Churni Emporium,shop:clothes,Rohini,28.6340063,77.2235391
Chawla Fancy Store,shop:clothes,Rohini,28.6340446,77.2235362
Wadhwa Cloth House,shop:clothes,Rohini,28.6337083,77.2241398
Lal Ji Collection,shop:clothes,Rohini,28.6335378,77.2246446
Jain Saree Centre,shop:clothes,Rohini,28.6336431,77.2244797
Kotton Concepts,shop:clothes,Rohini,28.6336801,77.2245632
Kanika's,shop:clothes,Rohini,28.6337152,77.2245111
Shukla Fab,shop:clothes,Rohini,28.6337033,77.2243333
Pindi Cloth House,shop:clothes,Rohini,28.6337064,77.2242412
Amar Garments,shop:clothes,Rohini,28.6337999,77.2241569
Khanna Hosiery,shop:clothes,Rohini,28.6339986,77.224077
Mahajan Garments,shop:clothes,Rohini,28.6337622,77.2240841
Bimal Fab,shop:clothes,Rohini,28.6337221,77.2240741
Bimal Prints,shop:clothes,Rohini,28.6337748,77.2238285
Swadesilk,shop:clothes,Rohini,28.6337259,77.2239641
Modern Shop Branded Woolen Knitwear & Shawls,shop:clothes,Rohini,28.6337246,77.2237828
Shri Radhey Fabric Store,shop:clothes,Rohini,28.6338162,77.2238099
Super Collection,shop:clothes,Rohini,28.6338732,77.2239213
Shobha Emporium,shop:clothes,Rohini,28.6339221,77.223897
Modern Stores,shop:clothes,Rohini,28.6338577,77.2234123
Joyce International Handlooms,shop:clothes,Rohini,28.6337989,77.2236822
Jagjit Cloth House,shop:clothes,Rohini,28.6337684,77.2235965
Arvind Kumar Cloth Merchant,shop:clothes,Rohini,28.6337869,77.2235915
Co-Optex,shop:clothes,Rohini,28.6000579,77.2273069
Carls Hanger,shop:clothes,Rohini,28.561334,77.1937503
Vijay Store,shop:clothes,Rohini,28.705229,77.1902886
Geetika jain,shop:clothes,Rohini,28.7053128,77.1903242
Kavita Couture,shop:clothes,Rohini,28.7048507,77.190144
Femina Collection,shop:clothes,Rohini,28.7056028,77.1904574
#basanti,shop:clothes,Rohini,28.7051988,77.1902753
Tesoro By Sania,shop:clothes,Rohini,28.7055173,77.1899244
Rivahz Timeless Elegance,shop:clothes,Rohini,28.7058521,77.1900407
Minimoon,shop:clothes,Rohini,28.7052178,77.1898713
Private Lives,shop:clothes,Rohini,28.7059334,77.1907229
Bodycare Kids,shop:clothes,Rohini,28.7049831,77.1897306
Vrinda,shop:clothes,Rohini,28.7058549,77.1908406
Malhotra Saree Emporium,shop:clothes,Rohini,28.7051722,77.1898471
Novelty Dress Emporium,shop:clothes,Rohini,28.70581,77.190611
Karpray by Saoliaz,shop:clothes,Rohini,28.7056786,77.1910056
Vstyle,shop:clothes,Rohini,28.705947,77.1906589
ibadat,shop:clothes,Rohini,28.7059201,77.1907678
Ethnic Town,shop:clothes,Rohini,28.7055386,77.1906419
Sagan Sarees,shop:clothes,Rohini,28.682813,77.2009814
Touch,shop:clothes,Rohini,28.682745,77.2010331
Bharat Reshma H-2,shop:clothes,Rohini,28.683197,77.2018324
Senor Store,shop:clothes,Rohini,28.6825013,77.2023912
Suits Him,shop:clothes,Rohini,28.6825378,77.2023639
Fancy Garments,shop:clothes,Rohini,28.5738576,77.2098823
Trendzilla,shop:clothes,Rohini,28.5744481,77.2086382
KLICK SELECTIONS Ground Floor,shop:clothes,Rohini,28.6456736,77.1886305
GARG SAREES,shop:clothes,Rohini,28.6894463,77.2736982
Miss World,shop:clothes,Rohini,28.6612922,77.3241101
Yash Sports Wear,shop:clothes,Rohini,28.6607657,77.323476
kottail,shop:clothes,Rohini,28.6860694,77.3424536
Pehnawa,shop:clothes,Rohini,28.6381234,77.1130325
Alcis,shop:clothes,Rohini,28.6128655,76.9936741
Canoe,shop:clothes,Rohini,28.6128539,76.9934351
Jainson,shop:clothes,Rohini,28.632809,77.2215294
vastra lok,shop:clothes,Rohini,28.6859918,77.3439286
khadi,shop:clothes,Rohini,28.6857547,77.3429385
Gurgaon Central Mall,shop:mall,Karol Bagh,28.4795748,77.0757513
City Square Mall,shop:mall,Karol Bagh,28.6501699,77.1234549
MGF Metropolitan,shop:mall,Karol Bagh,28.4807272,77.0802453
Hong Kong Bazaar Mall,shop:mall,Karol Bagh,28.4209556,77.0904573
the shopping mall,shop:mall,Karol Bagh,28.466522,77.0992613
SLF Mall,shop:mall,Karol Bagh,28.455192,77.3158231
Moments Mall,shop:mall,Karol Bagh,28.6578826,77.1460252
Raheja Mall,shop:mall,Karol Bagh,28.4235511,77.0395058
BogoBazaar.com,shop:mall,Karol Bagh,28.5489973,77.2357403
Taurus Canteen,shop:mall,Karol Bagh,28.5849754,77.1365125
Parsvnath Mall Inderlok,shop:mall,Karol Bagh,28.6731492,77.1704827
DLF Galleria,shop:mall,Karol Bagh,28.5917545,77.2968301
Big Bazaar,shop:mall,Karol Bagh,28.6738437,77.1697399
"Commercial 1 , Paras Tierea",shop:mall,Karol Bagh,28.5074927,77.4132241
Shopping Complex,shop:mall,Karol Bagh,28.513664,77.0268538
D'mart,shop:mall,Karol Bagh,28.5024431,77.299147
SAYA Status Mall,shop:mall,Karol Bagh,28.5117841,77.3842239
Mall Fifty One,shop:mall,Karol Bagh,28.4349663,77.068646
Pacific D21 Mall,shop:mall,Karol Bagh,28.5524351,77.057885
"Ambience Mall, Gurugram",shop:mall,Karol Bagh,28.5042019,77.0969541
VK Bachat Bazaar,shop:mall,Karol Bagh,28.5141181,77.1065363
SHRI BALAJI INTERIOES,shop:mall,Karol Bagh,28.6889558,77.2922001
Laxmi Mini Mart,shop:mall,Karol Bagh,28.5145411,77.1103078
vishal mega mart,shop:mall,Karol Bagh,28.5022274,77.283947
Modi Mall,shop:mall,Karol Bagh,28.5863825,77.3410962
Satya The Hive,shop:mall,Karol Bagh,28.4714823,76.9631989
mss shopping mall,shop:mall,Karol Bagh,28.6898308,77.4832162
VIshal Mega Mart,shop:mall,Karol Bagh,28.6667231,77.2869073
Vardhaman Plaza,shop:mall,Karol Bagh,28.7385277,77.1538685
A-Square Mall,shop:mall,Karol Bagh,28.5914028,77.3812547
Metro Walk Mall,shop:mall,Karol Bagh,28.7238803,77.1140537
Mega Mall,shop:mall,Karol Bagh,28.4759236,77.09313
JMD Regent Plaza,shop:mall,Karol Bagh,28.47972,77.0885535
Star Mall,shop:mall,Karol Bagh,28.461382,77.0526784
The Great India Place,shop:mall,Karol Bagh,28.5676007,77.3259982
Spice Mall,shop:mall,Karol Bagh,28.586322,77.3411709
North India Mall,shop:mall,Karol Bagh,28.6342191,77.3698775
Grand Mall,shop:mall,Karol Bagh,28.479856,77.0900827
MGF Mega City,shop:mall,Karol Bagh,28.4796837,77.0894134
Regent Mall,shop:mall,Karol Bagh,28.4793308,77.09073
Sahara Mall,shop:mall,Karol Bagh,28.4795772,77.0866588
DT City Center,shop:mall,Karol Bagh,28.4788004,77.0805481
MGF Megapolis Mall,shop:mall,Karol Bagh,28.4786609,77.0822958
"Commercial Area, Sec 4",shop:mall,Karol Bagh,28.6008833,77.0466899
Gurgaon Central,shop:mall,Karol Bagh,28.4795661,77.0756468
WEST MALL,shop:mall,Karol Bagh,28.6298143,77.0796396
Aggarwal City Mall,shop:mall,Karol Bagh,28.6901058,77.1341734
MMX MALL,shop:mall,Karol Bagh,28.6774302,77.3787444
DLF Emporio,shop:mall,Karol Bagh,28.5435328,77.1567003
DLF Promenade,shop:mall,Karol Bagh,28.5424742,77.1560024
World Square Mall,shop:mall,Karol Bagh,28.6798166,77.3819383
Vegas Mall,shop:mall,Karol Bagh,28.6010845,77.0296006
Reliance Mall,shop:mall,Karol Bagh,28.6319016,77.0680952
Pacific Mall,shop:mall,Karol Bagh,28.6424447,77.1061135
Gold Souk,shop:mall,Karol Bagh,28.4507445,77.0787181
Ambience Mall,shop:mall,Karol Bagh,28.5041797,77.0967881
Ardee Mall,shop:mall,Karol Bagh,28.4451642,77.0808033
Unity One,shop:mall,Karol Bagh,28.7150747,77.116275
V3S Mall,shop:mall,Karol Bagh,28.6372006,77.2865082
Shopprix Mall,shop:mall,Karol Bagh,28.597126,77.3649193
Logix City Centre Mall,shop:mall,Karol Bagh,28.5743824,77.3535437
PVR Unity Mall,shop:mall,Karol Bagh,28.7124493,77.1360367
North Ex Mall,shop:mall,Karol Bagh,28.7144806,77.129372
City Centre,shop:mall,Karol Bagh,28.7169885,77.1142609
D Mall,shop:mall,Karol Bagh,28.7163404,77.1139684
Wave Mall,shop:mall,Karol Bagh,28.5679545,77.3229152
DLF Mall Of India,shop:mall,Karol Bagh,28.5674307,77.3211729
Vardhaman Sunrize Plaza,shop:mall,Karol Bagh,28.6003067,77.3202275
Aditya Mega Mall,shop:mall,Karol Bagh,28.6560578,77.3013775
Crown Interiorz Mall,shop:mall,Karol Bagh,28.469632,77.3072458
Panchsheel Square Mall,shop:mall,Karol Bagh,28.6309633,77.4343454
The Opulent Mall,shop:mall,Karol Bagh,28.6541295,77.4367181
Cross River Mall,shop:mall,Karol Bagh,28.6574114,77.3022556
ILD Mall,shop:mall,Karol Bagh,28.4249152,77.0391127
Easyday Club,shop:mall,Karol Bagh,28.4414581,77.0760783
Omaxe Mall,shop:mall,Karol Bagh,28.6577158,77.2309217
Angel Mega Mall,shop:mall,Karol Bagh,28.6398849,77.3265582
Unity One Mall,shop:mall,Karol Bagh,28.6284667,77.0761736
Spark Mall,shop:mall,Karol Bagh,28.6808374,77.2038495
Indirapuram Habitat Center,shop:mall,Karol Bagh,28.639864,77.3685388
TDI Mall,shop:mall,Karol Bagh,28.6509061,77.1207533
South Point Mall,shop:mall,Karol Bagh,28.4479502,77.0991744
Ocus Quantum,shop:mall,Karol Bagh,28.425131,77.0684556
Vikas Mall,shop:mall,Karol Bagh,28.6752254,77.2881665
Star City,shop:mall,Karol Bagh,28.5921388,77.2968483
City center,shop:mall,Karol Bagh,28.7028165,77.1583222
Steal Point,shop:mall,Karol Bagh,28.6543854,77.4116942
UnityOne Mall,shop:mall,Karol Bagh,28.660726,77.2975557
The Esplanade Mall,shop:mall,Karol Bagh,28.453487,76.9923366
gaur city mall,shop:mall,Karol Bagh,28.6061453,77.4295245
sm world,shop:mall,Karol Bagh,28.6884799,77.3437251
DLF South Court,shop:mall,Karol Bagh,28.5280671,77.2205073
Square One,shop:mall,Karol Bagh,28.5271241,77.2201763
Southern Park,shop:mall,Karol Bagh,28.527604,77.2191042
R Cube Monad,shop:mall,Karol Bagh,28.7033258,77.1312138
Vishal Mall,shop:mall,Karol Bagh,28.6501414,77.1211773
DLF Midtown Plaza,shop:mall,Karol Bagh,28.6632977,77.1534999
Unity One Elegante,shop:mall,Karol Bagh,28.6954846,77.1527503
Paradise Mall,shop:mall,Karol Bagh,28.411953,77.0507204
Soul Mall,shop:mall,Karol Bagh,28.5963058,77.036184
Select Citywalk,shop:mall,Karol Bagh,28.5287117,77.2189918
DLF Avenue,shop:mall,Karol Bagh,28.5279601,77.2168419
Chhachhi Building,shop:clothes,Karol Bagh,28.6609627,77.278842
Levi's,shop:clothes,Karol Bagh,28.4536765,77.0509521
Tyagi Selection,shop:clothes,Karol Bagh,28.6128108,76.9864563
Part 1 Customized Designer Men's Wear,shop:clothes,Karol Bagh,28.5685478,77.2472168
The Cotton Lawn Shop,shop:clothes,Karol Bagh,28.5671547,77.2450583
"Reebok,Nike",shop:clothes,Karol Bagh,28.5432177,77.3018901
Tantra T-shirts,shop:clothes,Karol Bagh,28.627656,77.2191809
Shellka,shop:clothes,Karol Bagh,28.6347746,77.2195352
Nike,shop:clothes,Karol Bagh,28.5573461,77.163798
Delhi Haat,shop:clothes,Karol Bagh,28.5552296,77.2644216
Guapa,shop:clothes,Karol Bagh,28.5551267,77.1945451
Fabindia,shop:clothes,Karol Bagh,28.5338407,77.1527489
People Tree,shop:clothes,Karol Bagh,28.6301669,77.2174792
A2 ( attractive & affordable ),shop:clothes,Karol Bagh,28.5438531,77.1253145
Uniqlo,shop:clothes,Karol Bagh,28.6323144,77.2180249
Wrangler,shop:clothes,Karol Bagh,28.6333286,77.2183439
Baluja's,shop:clothes,Karol Bagh,28.6342961,77.2193544
H&M,shop:clothes,Karol Bagh,28.6341138,77.2187136
Westside,shop:clothes,Karol Bagh,28.6507071,77.1206055
Deepa Clothes,shop:clothes,Karol Bagh,28.5693492,77.2405251
Satkar,shop:clothes,Karol Bagh,28.5463441,77.1964263
Old Faridabad Market,shop:clothes,Karol Bagh,28.4168782,77.3219915
Diwan Saheb,shop:clothes,Karol Bagh,28.5704193,77.2371359
novel exp,shop:clothes,Karol Bagh,28.6392425,77.2095887
embroidery bazar,shop:clothes,Karol Bagh,28.6546047,77.2333261
Singla Garments,shop:clothes,Karol Bagh,28.7386291,77.1248986
Tripati's collection,shop:clothes,Karol Bagh,28.669014,77.329199
Fancy dress,shop:clothes,Karol Bagh,28.669084,77.330607
Brand Hut,shop:clothes,Karol Bagh,28.67151,77.330509
Waha Uniforms,shop:clothes,Karol Bagh,28.658211,77.318188
FlyInc,shop:clothes,Karol Bagh,28.660186,77.32983
Van Heusen,shop:clothes,Karol Bagh,28.6327775,77.2178939
Cantabil,shop:clothes,Karol Bagh,28.6314687,77.2206618
Louis Philippe,shop:clothes,Karol Bagh,28.6332362,77.2180099
Zodiac,shop:clothes,Karol Bagh,28.6339551,77.2185558
Vikas Makhija,shop:clothes,Karol Bagh,28.5391389,77.2122885
Blackberrys,shop:clothes,Karol Bagh,28.6330221,77.2179096
Shasha,shop:clothes,Karol Bagh,28.6328187,77.2178944
Suit Lining Centre,shop:clothes,Karol Bagh,28.5699773,77.2427464
Dhruv Sehgal,shop:clothes,Karol Bagh,28.5489398,77.235641
Naaz By Noor,shop:clothes,Karol Bagh,28.5489515,77.2356078
Panchi Helmet,shop:clothes,Karol Bagh,28.5280665,77.2318081
Army Equippers,shop:clothes,Karol Bagh,28.6331522,77.2167008
Quiet Clothes bazar,shop:clothes,Karol Bagh,28.6564644,77.2306821
Dashmesh Pagrian,shop:clothes,Karol Bagh,28.6268616,77.2114437
Peter England,shop:clothes,Karol Bagh,28.5366953,77.2123391
Hallmark Apparels,shop:clothes,Karol Bagh,28.5367247,77.2123635
Clothing store,shop:clothes,Karol Bagh,28.5309132,77.2162661
Tremendous,shop:clothes,Karol Bagh,28.53361,77.2170859
Stylobe,shop:clothes,Karol Bagh,28.5702289,77.2375129
Puran Chand Gyan Prakash,shop:clothes,Karol Bagh,28.6546264,77.2332554
Manyavar,shop:clothes,Karol Bagh,28.5682057,77.2224052
Jockey,shop:clothes,Karol Bagh,28.6338464,77.2184247
And,shop:clothes,Karol Bagh,28.6347172,77.2195343
W,shop:clothes,Karol Bagh,28.6346923,77.2195337
Planet Fashion,shop:clothes,Karol Bagh,28.6343042,77.2194176
Aurelia,shop:clothes,Karol Bagh,28.6344204,77.2195558
Mohanlal Sons,shop:clothes,Karol Bagh,28.6341849,77.2188513
Monte Carlo,shop:clothes,Karol Bagh,28.6343423,77.2195457
U.S. Polo Assn.,shop:clothes,Karol Bagh,28.633874,77.2184508
Chumbak,shop:clothes,Karol Bagh,28.5705859,77.240456
Diamond Silk Coop. Society Ltd.,shop:clothes,Karol Bagh,28.5669605,77.1883405
Tanturupa Bengal Handloom,shop:clothes,Karol Bagh,28.5669342,77.1886327
Dési Belle,shop:clothes,Karol Bagh,28.6086535,77.2926328
Cobb,shop:clothes,Karol Bagh,28.6088827,77.2924563
K-Lounge,shop:clothes,Karol Bagh,28.608687,77.2926802
Kottail,shop:clothes,Karol Bagh,28.6086158,77.2927546
Vaishno Mega Mart,shop:clothes,Karol Bagh,28.608862,77.2924934
Go Colors!,shop:clothes,Karol Bagh,28.6084841,77.292913
United Colors of Benetton,shop:clothes,Karol Bagh,28.6088407,77.2924543
Mayori Conscious Clothing Store,shop:clothes,Karol Bagh,28.5495916,77.2122663
girls clothing house,shop:clothes,Karol Bagh,28.7021079,77.2090961
Little Almirah,shop:clothes,Karol Bagh,28.5492003,77.2124692
Delhi Bazaar Craft House,shop:clothes,Karol Bagh,28.555524,77.0851248
Craft House Delhi,shop:clothes,Karol Bagh,28.6314312,77.207782
Indha Shop,shop:clothes,Karol Bagh,28.4202995,77.0970906
Kamala – The Craft Shop,shop:clothes,Karol Bagh,28.6301933,77.2125232
Baragaon Weaves,shop:clothes,Karol Bagh,28.5551936,77.2049049
tatsat- a socially conscious store,shop:clothes,Karol Bagh,28.5516419,77.2069727
Sasha,shop:clothes,Karol Bagh,28.5083364,77.1782516
Max Fashion,shop:clothes,Karol Bagh,28.595552,77.0362455
Max,shop:clothes,Karol Bagh,28.6002754,77.0298286
Max fashion,shop:clothes,Karol Bagh,28.5907855,76.9976164
fabindia,shop:clothes,Karol Bagh,28.7000929,77.1355929
Alaindair TQS,shop:clothes,Karol Bagh,28.6088681,77.2927351
Colors,shop:clothes,Karol Bagh,28.68817,77.1841782
Bindals,shop:clothes,Karol Bagh,28.6829678,77.2067584
Perfect Fit,shop:clothes,Karol Bagh,28.6271195,77.2796831
Lacoste,shop:clothes,Karol Bagh,28.6305064,77.2198259
numero,shop:clothes,Karol Bagh,28.630287,77.219811
Vintage Retail,shop:clothes,Karol Bagh,28.6321461,77.2212681
Van Huesen,shop:clothes,Karol Bagh,28.6126,76.9945621
Biba,shop:clothes,Karol Bagh,28.6127723,76.9928467
Raymond,shop:clothes,Karol Bagh,28.6122113,76.9898223
Duke,shop:clothes,Karol Bagh,28.6125173,76.9933807
plusS,shop:clothes,Karol Bagh,28.6345759,77.2200756
Rainbow,shop:clothes,Karol Bagh,28.6295635,77.2193426
Sat Pal & Company,shop:clothes,Karol Bagh,28.6275553,77.2191895
White House,shop:clothes,Karol Bagh,28.6275185,77.2191893
Mallika Craft,shop:clothes,Karol Bagh,28.6274361,77.219185
Neel Kamal,shop:clothes,Karol Bagh,28.6269913,77.2192083
Behl's Hi Fashion,shop:clothes,Karol Bagh,28.6270264,77.2192152
Pinch by Sonal Flagship Store,shop:clothes,Karol Bagh,28.642847,77.2960729
Prabha Sarees,shop:clothes,Karol Bagh,28.5486997,77.2352916
Naari Collections,shop:clothes,Karol Bagh,28.6352725,77.3040657
devanshu dresses,shop:clothes,Karol Bagh,28.689464,77.2713233
Zara,shop:clothes,Karol Bagh,28.5054879,77.0958909
The Chankya Mall,shop:clothes,Karol Bagh,28.5844178,77.1907596
नाइक फैक्ट्रियां आउटलेट छतरपुर,shop:clothes,Karol Bagh,28.5070421,77.1749413
Many Selection,shop:clothes,Karol Bagh,28.7278625,77.1701929
Kamal Deep,shop:clothes,Karol Bagh,28.5692455,77.242961
Chunmun men,shop:clothes,Karol Bagh,28.5691795,77.2430969
KUNTI,shop:clothes,Karol Bagh,28.6158571,77.0882135
Anokhi,shop:clothes,Karol Bagh,28.5896599,77.2525288
Sports Station,shop:clothes,Karol Bagh,28.6318442,77.2169899
Saree Centre,shop:clothes,Karol Bagh,28.6000821,77.2271277
Republic by Tausif,shop:clothes,Karol Bagh,28.5178947,77.199222
Ancestry,shop:clothes,Karol Bagh,28.5283659,77.21687
Suneja Sons,shop:clothes,Karol Bagh,28.6463197,77.1892489
Wedding Planet,shop:clothes,Karol Bagh,28.6463515,77.1892697
Groom Studio,shop:clothes,Karol Bagh,28.6462834,77.1892248
Groom Palace,shop:clothes,Karol Bagh,28.6464618,77.1896522
Mehra Silk Palace,shop:clothes,Karol Bagh,28.6469052,77.1898396
Pratap Clothiers,shop:clothes,Karol Bagh,28.6465885,77.1896789
Ahujasons,shop:clothes,Karol Bagh,28.6471446,77.1900373
Manocha,shop:clothes,Karol Bagh,28.6472431,77.1898843
Ethnic India,shop:clothes,Karol Bagh,28.6472221,77.1898694
Raymond Rai Saheb,shop:clothes,Karol Bagh,28.6471993,77.190076
Cantabil Men,shop:clothes,Karol Bagh,28.6474356,77.1902853
Sanjay Textiles,shop:clothes,Karol Bagh,28.64767,77.1904674
Pantaloons,shop:clothes,Karol Bagh,28.6474432,77.1899906
Kamakshi,shop:clothes,Karol Bagh,28.6473466,77.1899642
Groom Makers,shop:clothes,Karol Bagh,28.6475966,77.1903492
Sri Ram & Son,shop:clothes,Karol Bagh,28.6478921,77.1903074
Raunaq,shop:clothes,Karol Bagh,28.6475384,77.190057
Red Roses,shop:clothes,Karol Bagh,28.6475627,77.1903153
Neelan,shop:clothes,Karol Bagh,28.6472582,77.190119
Ibadat,shop:clothes,Karol Bagh,28.6470101,77.1896939
Jainsons Westend,shop:clothes,Karol Bagh,28.6468109,77.1895648
Zest,shop:clothes,Karol Bagh,28.6008461,77.2270915
Kaartgar,shop:clothes,Karol Bagh,28.6009,77.2271762
Manan,shop:clothes,Karol Bagh,28.6006758,77.2274716
Mobeen Tailors,shop:clothes,Karol Bagh,28.6007221,77.2272651
Ruwaa,shop:clothes,Karol Bagh,28.6008728,77.2272119
Cord,shop:clothes,Karol Bagh,28.6007025,77.2274346
Ridhiie Suuri,shop:clothes,Karol Bagh,28.6006145,77.2274071
Ranna Gill,shop:clothes,Karol Bagh,28.6006049,77.2272316
Ritika Malhotra,shop:clothes,Karol Bagh,28.6005178,77.2275361
Veda Creations,shop:clothes,Karol Bagh,28.6003032,77.227298
Ethnïche,shop:clothes,Karol Bagh,28.6003289,77.2273422
Ogaan,shop:clothes,Karol Bagh,28.6004358,77.2275383
Devasya,shop:clothes,Karol Bagh,28.6002974,77.227615
Aadyam,shop:clothes,Karol Bagh,28.6002675,77.2275448
Groom Hub,shop:clothes,Karol Bagh,28.6456305,77.1894762
Fashion Hub,shop:clothes,Karol Bagh,28.6456012,77.1895397
Studio Anant,shop:clothes,Karol Bagh,28.6456676,77.1894246
Zawaj Studio,shop:clothes,Karol Bagh,28.6449928,77.1882931
Dawar Sarees,shop:clothes,Karol Bagh,28.6562821,77.228951
Kala Nooor,shop:clothes,Karol Bagh,28.6565543,77.2284219
Jay Sons,shop:clothes,Karol Bagh,28.6562802,77.2289774
Sparky,shop:clothes,Karol Bagh,28.6561362,77.2315105
Luthra's,shop:clothes,Karol Bagh,28.6291911,77.2193374
Alagkriti,shop:clothes,Karol Bagh,28.629454,77.2193411
Free Spirit,shop:clothes,Karol Bagh,28.6294759,77.2193414
Fashion Paradise,shop:clothes,Karol Bagh,28.6293883,77.2193402
Fashion Point,shop:clothes,Karol Bagh,28.6293006,77.2193389
Ravi Garments,shop:clothes,Karol Bagh,28.7301369,77.1639534
Fashion Club,shop:clothes,Karol Bagh,28.7218487,77.1693673
Jain Selection,shop:clothes,Karol Bagh,28.7233832,77.1658233
Selection Garments,shop:clothes,Karol Bagh,28.7303399,77.1659698
Common Wealth Store,shop:clothes,Karol Bagh,28.5498642,77.2354223
FNT,shop:clothes,Karol Bagh,28.5507231,77.2340564
Jack & Jones,shop:clothes,Karol Bagh,28.5508617,77.2341965
Vero Moda,shop:clothes,Karol Bagh,28.5508545,77.2341837
Goyal Stores,shop:clothes,Karol Bagh,28.5505405,77.2343366
Madame,shop:clothes,Karol Bagh,28.5506032,77.2342159
Surplus House,shop:clothes,Karol Bagh,28.6284063,77.2783542
ORBITE SOCKS,shop:clothes,Karol Bagh,28.7417255,77.1330596
Sadgi Boutique,shop:clothes,Karol Bagh,28.7416944,77.1334358
Global Desi,shop:clothes,Karol Bagh,28.6350136,77.2195872
Afshana Boutique,shop:clothes,Karol Bagh,28.7542203,77.1618185
Fashion Flare,shop:clothes,Karol Bagh,28.5502796,77.2347263
Print Centre,shop:clothes,Karol Bagh,28.5503148,77.2346681
Goldy's Nestt,shop:clothes,Karol Bagh,28.5501398,77.2349305
Yell,shop:clothes,Karol Bagh,28.5502063,77.234842
Global Republic,shop:clothes,Karol Bagh,28.5502704,77.2347394
Harmeet Selection,shop:clothes,Karol Bagh,28.656579,77.2264515
Wadhwa Textiles,shop:clothes,Karol Bagh,28.6565952,77.2265539
Harcharan Das Sharma Bajaj - Uttarakhand Wale,shop:clothes,Karol Bagh,28.6567572,77.2257972
Sri Ram and Son,shop:clothes,Karol Bagh,28.6562753,77.2278227
Asian Bridal Store,shop:clothes,Karol Bagh,28.6562429,77.2291825
Khadi ka Clothes -116 Garage,shop:clothes,Karol Bagh,28.6212562,77.1989326
Lifestyle,shop:clothes,Karol Bagh,28.7169998,77.114111
Reet Collection,shop:clothes,Karol Bagh,28.750204,77.1745446
Vibe,shop:clothes,Karol Bagh,28.5503303,77.2353146
Abhimaa,shop:clothes,Karol Bagh,28.5504368,77.2351485
Meena Bazaar,shop:clothes,Karol Bagh,28.5504587,77.2351149
A-One Stores,shop:clothes,Karol Bagh,28.5500231,77.235139
The Wardrobe,shop:clothes,Karol Bagh,28.5500278,77.2351243
Kunchal's,shop:clothes,Karol Bagh,28.5500559,77.2350096
Bhadauriya cloth store,shop:clothes,Karol Bagh,28.4925874,77.3261344
Kidsberry,shop:clothes,Karol Bagh,28.6377995,77.2867841
Intimissimi,shop:clothes,Karol Bagh,28.6376164,77.2868578
Clovis,shop:clothes,Karol Bagh,28.6376187,77.2866423
Reliance Trends,shop:clothes,Karol Bagh,28.6428913,77.2974598
Babyhug,shop:clothes,Karol Bagh,28.7005536,77.2085253
Rajouri Garden Market,shop:clothes,Karol Bagh,28.6456979,77.1199867
Shree,shop:clothes,Karol Bagh,28.5419874,77.2536743
Malik Sons,shop:clothes,Karol Bagh,28.5419591,77.2536818
Porshe design,shop:clothes,Karol Bagh,28.5552208,77.0833295
Coach,shop:clothes,Karol Bagh,28.5550482,77.0829472
Hugo Boss,shop:clothes,Karol Bagh,28.554973,77.0829994
La Mode,shop:clothes,Karol Bagh,28.570222,77.2412291
Narang Garments,shop:clothes,Karol Bagh,28.570624,77.2402805
Chunmun Women,shop:clothes,Karol Bagh,28.568523,77.2422926
Sharif Garments,shop:clothes,Karol Bagh,28.5702054,77.2412682
Allen Solly Women,shop:clothes,Karol Bagh,28.5702439,77.2412346
Octave,shop:clothes,Karol Bagh,28.5702862,77.2411524
StockFit,shop:clothes,Karol Bagh,28.5686743,77.2414256
Marks & Spencer,shop:clothes,Karol Bagh,28.6351449,77.2196126
Kings,shop:clothes,Karol Bagh,28.7131784,77.2157108
Greenways,shop:clothes,Karol Bagh,28.6320541,77.2213531
Khanna Fabrics,shop:clothes,Karol Bagh,28.6338972,77.2208753
Reebok,shop:clothes,Karol Bagh,28.633864,77.2209081
Snow White,shop:clothes,Karol Bagh,28.6338324,77.2209483
Uphaar Centre,shop:clothes,Karol Bagh,28.633951,77.2208129
Smash To Fashion,shop:clothes,Karol Bagh,28.7354937,77.1098793
Saloni Creations,shop:clothes,Karol Bagh,28.735263,77.1102211
Nalli,shop:clothes,Karol Bagh,28.6319792,77.2162925
The Darning House,shop:clothes,Karol Bagh,28.6317946,77.2163312
New Krishna Boutique,shop:clothes,Karol Bagh,28.6466398,77.4444036
Bazar India,shop:clothes,Karol Bagh,28.6490736,77.4426931
Mukut Mahal Saree Center,shop:clothes,Karol Bagh,28.6477029,77.4447725
Mangal Kalash Cloth,shop:clothes,Karol Bagh,28.6476833,77.4448025
Nitin Exports,shop:clothes,Karol Bagh,28.6374104,77.3041073
Manyawar,shop:clothes,Karol Bagh,28.6342911,77.2200792
Pepe Jeans,shop:clothes,Karol Bagh,28.6342189,77.2203427
Park Avenue,shop:clothes,Karol Bagh,28.6342741,77.220195
One Friday,shop:clothes,Karol Bagh,28.5506697,77.2347931
Super Mart Fashion Hub,shop:clothes,Karol Bagh,28.515355,77.104796
Kamal Sari Palace,shop:clothes,Karol Bagh,28.6525376,77.4521204
Goyal Readymade,shop:clothes,Karol Bagh,28.6524613,77.4520944
JAIN SAREE CENTER,shop:clothes,Karol Bagh,28.6892837,77.2994067
VAN HEUSEN FACTORY OUTLET,shop:clothes,Karol Bagh,28.6891726,77.295432
KABIR DESIGNER BOUTIQUE,shop:clothes,Karol Bagh,28.6900287,77.2990759
Allen Solly,shop:clothes,Karol Bagh,28.4701023,77.307273
Trends,shop:clothes,Karol Bagh,28.4698382,77.307206
GOYAL CLOTH HOUSE,shop:clothes,Karol Bagh,28.6890085,77.2898917
COBB,shop:clothes,Karol Bagh,28.6591937,77.3663684
Roop Garments,shop:clothes,Karol Bagh,28.6325286,77.2800976
Modluk,shop:clothes,Karol Bagh,28.5501001,77.2357713
Chique,shop:clothes,Karol Bagh,28.5501558,77.2356683
Cooke & Kelvey,shop:clothes,Karol Bagh,28.6293968,77.2197666
Flying Machine,shop:clothes,Karol Bagh,28.6805517,77.2080576
Venus Collection,shop:clothes,Karol Bagh,28.6821854,77.2067297
Puma,shop:clothes,Karol Bagh,28.6822096,77.20671
Mini Sou,shop:clothes,Karol Bagh,28.6811828,77.2075503
Archies,shop:clothes,Karol Bagh,28.6821049,77.2067955
Olish,shop:clothes,Karol Bagh,28.6820669,77.206825
Inc. 5,shop:clothes,Karol Bagh,28.681534,77.2072445
Vidyarthi,shop:clothes,Karol Bagh,28.6822586,77.2066433
Wildcraft,shop:clothes,Karol Bagh,28.6824147,77.2065141
The Fashion Point,shop:clothes,Karol Bagh,28.5871291,77.1689841
Microbe,shop:clothes,Karol Bagh,28.5872511,77.1692453
Men Den,shop:clothes,Karol Bagh,28.5878274,77.1690537
Deepak Cloth House,shop:clothes,Karol Bagh,28.5965582,77.1230673
Niyaz Fashion,shop:clothes,Karol Bagh,28.6229963,77.2907494
Triveni Prints,shop:clothes,Karol Bagh,28.5961583,77.1227909
Cliff Climbers,shop:clothes,Karol Bagh,28.5956169,77.1225445
Young Man,shop:clothes,Karol Bagh,28.5951499,77.1223293
Avi Creations Army Store,shop:clothes,Karol Bagh,28.595083,77.1222523
Export House,shop:clothes,Karol Bagh,28.5950744,77.1222868
Poonam Export Cloth House,shop:clothes,Karol Bagh,28.5698671,77.2394869
Show Off,shop:clothes,Karol Bagh,28.5697344,77.2394124
Style Dot In,shop:clothes,Karol Bagh,28.5699851,77.2395602
Surkhaab,shop:clothes,Karol Bagh,28.5697602,77.2394442
Arora Textiles,shop:clothes,Karol Bagh,28.5701124,77.2396195
Vikram Associates,shop:clothes,Karol Bagh,28.5687626,77.2412302
The Style Hub,shop:clothes,Karol Bagh,28.5498726,77.2354058
Miss 16,shop:clothes,Karol Bagh,28.5499609,77.2352319
Hunkemöller,shop:clothes,Karol Bagh,28.5673097,77.321349
Readymade Garments And Army Store,shop:clothes,Karol Bagh,28.5949192,77.1226851
Modern Store,shop:clothes,Karol Bagh,28.5953046,77.1228665
Zivame,shop:clothes,Karol Bagh,28.566736,77.3213415
Amante,shop:clothes,Karol Bagh,28.5666637,77.3208795
Young Club,shop:clothes,Karol Bagh,28.5956457,77.1230538
Calcutta Army Store,shop:clothes,Karol Bagh,28.5954942,77.1229655
Sumona Outfit,shop:clothes,Karol Bagh,28.5955695,77.1230075
Popular Army Store,shop:clothes,Karol Bagh,28.5941036,77.1218236
Novelty Army Store,shop:clothes,Karol Bagh,28.5942105,77.1218785
Parvesh General Store,shop:clothes,Karol Bagh,28.5945574,77.1220656
Vimal Uniforms,shop:clothes,Karol Bagh,28.594147,77.1218417
Mukesh Garments,shop:clothes,Karol Bagh,28.5945937,77.122081
Dashmesh Emporium,shop:clothes,Karol Bagh,28.5943222,77.1219398
Salona Fashion,shop:clothes,Karol Bagh,28.5942419,77.1218964
S.S. Army Store,shop:clothes,Karol Bagh,28.5944048,77.1219901
Palam Army Store,shop:clothes,Karol Bagh,28.5940238,77.1217593
Satyam Army Store,shop:clothes,Karol Bagh,28.5941816,77.1218563
New Cheap Army Store,shop:clothes,Karol Bagh,28.5942231,77.1223237
Great Army Store,shop:clothes,Karol Bagh,28.5941254,77.1222795
Standard Enterprises Army Store,shop:clothes,Karol Bagh,28.5939624,77.122198
Khushboo Cloth House,shop:clothes,Karol Bagh,28.5937938,77.1221114
Sood Army Store,shop:clothes,Karol Bagh,28.5941602,77.1222926
Sardar Ji Kids Wear,shop:clothes,Karol Bagh,28.594304,77.122362
Deep Garment,shop:clothes,Karol Bagh,28.5943258,77.1223726
Bharat Army Store,shop:clothes,Karol Bagh,28.5932581,77.1218534
Army General Store,shop:clothes,Karol Bagh,28.593621,77.1220254
Bhartiya Exclusive,shop:clothes,Karol Bagh,28.5935634,77.1219944
Indian Army Store,shop:clothes,Karol Bagh,28.5931677,77.1219187
Rohilla Army Store,shop:clothes,Karol Bagh,28.5932877,77.1218686
Find Style,shop:clothes,Karol Bagh,28.5934204,77.1219277
Singh Army Store,shop:clothes,Karol Bagh,28.5931901,77.1218553
Shrutika Army Store,shop:clothes,Karol Bagh,28.5935345,77.1219799
Mangal Sons,shop:clothes,Karol Bagh,28.5937602,77.1220963
Kartike,shop:clothes,Karol Bagh,28.59345,77.1219409
Sainik Matador Showroom,shop:clothes,Karol Bagh,28.5932278,77.121837
Shri Jain Army Store,shop:clothes,Karol Bagh,28.5963979,77.1344892
Bakshi Uniforms,shop:clothes,Karol Bagh,28.5964048,77.1341737
Verma Army Store,shop:clothes,Karol Bagh,28.5964038,77.1341407
Rastogi Garments,shop:clothes,Karol Bagh,28.5964103,77.1333603
Dashmesh Army Store,shop:clothes,Karol Bagh,28.5964079,77.1340976
Rastogi Army Store,shop:clothes,Karol Bagh,28.5964121,77.1333918
Royal Army Store,shop:clothes,Karol Bagh,28.5964162,77.1335586
Jain Cloth House,shop:clothes,Karol Bagh,28.5964111,77.1332867
J.B. Enterprises Army Store,shop:clothes,Karol Bagh,28.5964102,77.1332504
Sahni Store,shop:clothes,Karol Bagh,28.5964067,77.1332379
Jain Garments,shop:clothes,Karol Bagh,28.5964109,77.1333346
Dholiya Garments,shop:clothes,Karol Bagh,28.5933043,77.1209358
Shyam Uniforms And Garment Centre,shop:clothes,Karol Bagh,28.5971035,77.1226796
Shree Ji,shop:clothes,Karol Bagh,28.7309683,77.0879986
Zudio,shop:clothes,Karol Bagh,28.6492029,77.3063943
Goyal Sons,shop:clothes,Karol Bagh,28.5838529,77.071148
Cantabil Italy,shop:clothes,Karol Bagh,28.584651,77.0710555
Spykar,shop:clothes,Karol Bagh,28.5847372,77.0710657
Super Budget Bazar,shop:clothes,Karol Bagh,28.5940429,77.1213677
Ganesh Collection,shop:clothes,Karol Bagh,28.6139517,77.0325597
School Uniforms Egloo Wear,shop:clothes,Karol Bagh,28.5852311,77.0680771
Factory Outlet,shop:clothes,Karol Bagh,28.6442838,77.2016844
Varun Saree Centre,shop:clothes,Karol Bagh,28.5934111,77.1214554
Rahul Garments,shop:clothes,Karol Bagh,28.6689483,77.3080831
La Square,shop:clothes,Karol Bagh,28.612988,77.1093453
L. N. Square,shop:clothes,Karol Bagh,28.6130173,77.1092999
Sport Sun,shop:clothes,Karol Bagh,28.6612765,77.2866336
Ritu Kumar,shop:clothes,Karol Bagh,28.5679338,77.224095
Kalki,shop:clothes,Karol Bagh,28.5681797,77.2209954
Motiwala,shop:clothes,Karol Bagh,28.5682509,77.2209954
Twamev,shop:clothes,Karol Bagh,28.5683466,77.2210739
Shoppers Stop,shop:clothes,Karol Bagh,28.719684,77.1098444
Ashoka Kurta,shop:clothes,Karol Bagh,28.5776885,77.1947802
Vaishnavi,shop:clothes,Karol Bagh,28.5776875,77.1948663
Viraj,shop:clothes,Karol Bagh,28.5682334,77.2215351
Bharat Reshma,shop:clothes,Karol Bagh,28.5682345,77.2215022
Mark And Spencer,shop:clothes,Karol Bagh,28.5681863,77.2227503
Brahaan,shop:clothes,Karol Bagh,28.5682327,77.2214312
Parvi Collections,shop:clothes,Karol Bagh,28.5766869,77.1960324
Redtape,shop:clothes,Karol Bagh,28.5778276,77.1958836
Shingar Garments,shop:clothes,Karol Bagh,28.5769792,77.1960334
Hasho,shop:clothes,Karol Bagh,28.5775579,77.1955195
Paradise,shop:clothes,Karol Bagh,28.5775624,77.1958047
Cobb Italy,shop:clothes,Karol Bagh,28.5762742,77.1957386
Kamal Ji Garments,shop:clothes,Karol Bagh,28.5771932,77.1960331
Messrs Clive Fashion,shop:clothes,Karol Bagh,28.577258,77.1960318
Raj Emporium,shop:clothes,Karol Bagh,28.5767525,77.1960366
TNS Traders,shop:clothes,Karol Bagh,28.5767878,77.1960374
Sand Castle,shop:clothes,Karol Bagh,28.5771605,77.1960352
K4 Classic Trends,shop:clothes,Karol Bagh,28.5768282,77.1960404
Sai Mahima,shop:clothes,Karol Bagh,28.57609,77.1954189
Manoj Store,shop:clothes,Karol Bagh,28.5761749,77.1954138
Kala Mahal,shop:clothes,Karol Bagh,28.5770854,77.1960358
Gopal Sons,shop:clothes,Karol Bagh,28.5762583,77.1954119
Messrs Libra Exclusive,shop:clothes,Karol Bagh,28.5772713,77.1960318
Choice,shop:clothes,Karol Bagh,28.5775657,77.1958858
H. Nagpal Traders,shop:clothes,Karol Bagh,28.5768633,77.1960361
Modern,shop:clothes,Karol Bagh,28.5774783,77.1960236
Metro Fashion,shop:clothes,Karol Bagh,28.5762771,77.1956982
Golden Heritage,shop:clothes,Karol Bagh,28.5773368,77.1960276
Paul Collections,shop:clothes,Karol Bagh,28.5765676,77.1960393
G. V. Enterprises,shop:clothes,Karol Bagh,28.5767157,77.1960371
Shiraj Creations,shop:clothes,Karol Bagh,28.5775602,77.1959698
Prem Enterprises,shop:clothes,Karol Bagh,28.5762763,77.1959081
Sonu Garments,shop:clothes,Karol Bagh,28.5766701,77.1960333
Krishna Sarees,shop:clothes,Karol Bagh,28.5775607,77.1957627
Punjab Silk Stores Private Limited,shop:clothes,Karol Bagh,28.5775556,77.1956807
Khushi Sarees,shop:clothes,Karol Bagh,28.577554,77.1955605
Chic Care,shop:clothes,Karol Bagh,28.5762195,77.1954131
Richie Garments,shop:clothes,Karol Bagh,28.5766032,77.1960373
Meera Saree,shop:clothes,Karol Bagh,28.5775637,77.1958447
John Hill,shop:clothes,Karol Bagh,28.5762753,77.1955689
Ethnix,shop:clothes,Karol Bagh,28.6469749,77.1896671
Harnam Singh Bishan Singh,shop:clothes,Karol Bagh,28.6469323,77.1896348
India Emporium,shop:clothes,Karol Bagh,28.6378452,77.2113764
Rukshan Fashion,shop:clothes,Karol Bagh,28.5952415,77.1213464
Meena Bazaar.,shop:clothes,Karol Bagh,28.6374077,77.2865842
Canstol,shop:clothes,Karol Bagh,28.6375158,77.2862071
Flosse,shop:clothes,Karol Bagh,28.6374915,77.2862228
Stanmax,shop:clothes,Karol Bagh,28.6373935,77.2871419
Horizon,shop:clothes,Karol Bagh,28.6376443,77.2866811
Elleven,shop:clothes,Karol Bagh,28.6373023,77.2865328
Indo Leebaaz,shop:clothes,Karol Bagh,28.6375197,77.2864107
Libas,shop:clothes,Karol Bagh,28.6373306,77.2865839
Lakshita,shop:clothes,Karol Bagh,28.6374749,77.2864318
Fox Lifestyle,shop:clothes,Karol Bagh,28.6375328,77.2864148
Ladiify,shop:clothes,Karol Bagh,28.6375682,77.2864872
Adidas Originals,shop:clothes,Karol Bagh,28.6374288,77.2865106
LaMODE,shop:clothes,Karol Bagh,28.6373177,77.2861537
Muskan Boutique,shop:clothes,Karol Bagh,28.6377888,77.2869469
Klobe Fashion,shop:clothes,Karol Bagh,28.5551069,77.194252
Dazzle,shop:clothes,Karol Bagh,28.5536263,77.194255
Expressionist,shop:clothes,Karol Bagh,28.5539506,77.1943928
Huckleberry Hangers,shop:clothes,Karol Bagh,28.5535107,77.1941712
Aikeyah,shop:clothes,Karol Bagh,28.5546952,77.1951023
Mohitt Sacchdev,shop:clothes,Karol Bagh,28.555127,77.1946865
Lady Nayra,shop:clothes,Karol Bagh,28.555071,77.1942386
Tare Millenials,shop:clothes,Karol Bagh,28.5550275,77.1942238
Maiden & Muse,shop:clothes,Karol Bagh,28.5549842,77.1942106
Shein-Sxy,shop:clothes,Karol Bagh,28.5548133,77.1941392
Street Style Store,shop:clothes,Karol Bagh,28.5547962,77.1941309
Sarandha,shop:clothes,Karol Bagh,28.5550729,77.1944903
First Resort,shop:clothes,Karol Bagh,28.5550415,77.1944734
Vishwas Arora,shop:clothes,Karol Bagh,28.5549861,77.1944466
Attire,shop:clothes,Karol Bagh,28.5549557,77.194436
Kvell,shop:clothes,Karol Bagh,28.5549308,77.1944809
Ish Om,shop:clothes,Karol Bagh,28.5548478,77.1944594
Nasty Small Room,shop:clothes,Karol Bagh,28.5547569,77.194388
Nishibo,shop:clothes,Karol Bagh,28.5547693,77.1943269
Farha Khan,shop:clothes,Karol Bagh,28.5547506,77.1944826
Lacquer Embassy,shop:clothes,Karol Bagh,28.5547096,77.1945021
Kawai Fuku,shop:clothes,Karol Bagh,28.5546717,77.1944402
Jujuture by The Marwari's,shop:clothes,Karol Bagh,28.5546384,77.1944341
Thrift Shop,shop:clothes,Karol Bagh,28.5545073,77.1943949
Shop With Love,shop:clothes,Karol Bagh,28.5543526,77.1943474
Shein,shop:clothes,Karol Bagh,28.5541452,77.1944545
The Sassy Clothes,shop:clothes,Karol Bagh,28.5541648,77.1944646
Wild Eagle,shop:clothes,Karol Bagh,28.5541246,77.1944502
Street Style Fahsion,shop:clothes,Karol Bagh,28.5541066,77.1944438
Phew Zone,shop:clothes,Karol Bagh,28.5540821,77.1944365
Top Shop,shop:clothes,Karol Bagh,28.5540672,77.1944269
Royce Robe,shop:clothes,Karol Bagh,28.6377995,77.2864783
numero uno,shop:clothes,Karol Bagh,28.6378253,77.2865246
Shoppee,shop:clothes,Karol Bagh,28.5546848,77.1950579
Eday Finds,shop:clothes,Karol Bagh,28.5545005,77.194708
Glitch,shop:clothes,Karol Bagh,28.5542612,77.1944051
Cotton Candy,shop:clothes,Karol Bagh,28.5542073,77.1943845
UniqU,shop:clothes,Karol Bagh,28.5541901,77.1943781
Bonkerz,shop:clothes,Karol Bagh,28.5541547,77.1943654
Opus,shop:clothes,Karol Bagh,28.5541148,77.1943591
The Urban Shoppe,shop:clothes,Karol Bagh,28.5966246,77.0361914
Vandana,shop:clothes,Karol Bagh,28.5397935,77.2515527
Monteil & Munero,shop:clothes,Karol Bagh,28.6376494,77.2861653
Mini Klub,shop:clothes,Karol Bagh,28.6377286,77.2863256
Richlook,shop:clothes,Karol Bagh,28.6376647,77.2861913
Dcot By Donear,shop:clothes,Karol Bagh,28.6377131,77.286296
Numero Uno,shop:clothes,Karol Bagh,28.6377504,77.2863842
Pranisha,shop:clothes,Karol Bagh,28.6465222,77.1893901
Swayamvar,shop:clothes,Karol Bagh,28.6457515,77.1888381
Shagun,shop:clothes,Karol Bagh,28.6459236,77.1887151
NYC Glamgirl,shop:clothes,Karol Bagh,28.6465681,77.1894296
Urban Colors,shop:clothes,Karol Bagh,28.6464407,77.1879161
Ethnic Relation,shop:clothes,Karol Bagh,28.6466265,77.1892434
Dollar,shop:clothes,Karol Bagh,28.6466072,77.187781
Roopak Tailors N Cutters,shop:clothes,Karol Bagh,28.6465926,77.1877707
Laxmi Collection,shop:clothes,Karol Bagh,28.6466614,77.1879436
SK Hoisery,shop:clothes,Karol Bagh,28.6479493,77.1886792
Trueman,shop:clothes,Karol Bagh,28.6467302,77.1894883
Shipra Sarees,shop:clothes,Karol Bagh,28.6456876,77.1889919
Vijay Emporium,shop:clothes,Karol Bagh,28.6468727,77.1892137
Big Bird,shop:clothes,Karol Bagh,28.6455485,77.1888962
Montell,shop:clothes,Karol Bagh,28.6457535,77.189037
Madras Stores,shop:clothes,Karol Bagh,28.6468593,77.1892382
Sakshi Emporium,shop:clothes,Karol Bagh,28.6457142,77.1890102
Fashion Place,shop:clothes,Karol Bagh,28.6455601,77.1889027
Darwesh,shop:clothes,Karol Bagh,28.6468485,77.1892602
Sri Ram And Sons,shop:clothes,Karol Bagh,28.6455119,77.1888695
Cutecumber,shop:clothes,Karol Bagh,28.6459519,77.1891978
Pinkstrings,shop:clothes,Karol Bagh,28.7168475,77.1138609
Teal Man,shop:clothes,Karol Bagh,28.568418,77.2475166
Spinn Weave Fabric Studios,shop:clothes,Karol Bagh,28.568512,77.2475798
Lal Ji Overseas Private Limited,shop:clothes,Karol Bagh,28.5686084,77.2472524
Part 1,shop:clothes,Karol Bagh,28.5685606,77.2472311
Vineet Saree,shop:clothes,Karol Bagh,28.5681189,77.2470052
Shami & Sanju,shop:clothes,Karol Bagh,28.5682859,77.24594
Custom Shop,shop:clothes,Karol Bagh,28.5672231,77.2448152
Planet Garments Shop,shop:clothes,Karol Bagh,28.5672231,77.2448152
Bhavana Singh,shop:clothes,Karol Bagh,28.5680509,77.2466202
Studio Amansh,shop:clothes,Karol Bagh,28.5683541,77.2458313
TOSSIDO,shop:clothes,Karol Bagh,28.5683861,77.245103
Custom Shope,shop:clothes,Karol Bagh,28.5672435,77.2448227
Style studio,shop:clothes,Karol Bagh,28.5684298,77.2450685
IBAAS,shop:clothes,Karol Bagh,28.5672744,77.2447168
Faux Shop,shop:clothes,Karol Bagh,28.5852627,77.0710986
Jai Mala Collection,shop:clothes,Karol Bagh,28.6181631,77.0294034
Sai Garments,shop:clothes,Karol Bagh,28.6182218,77.0294652
Kids Garments,shop:clothes,Karol Bagh,28.5837885,77.0715394
V Mart,shop:clothes,Karol Bagh,28.5839227,77.0715683
Meena Bazar,shop:clothes,Karol Bagh,28.5854027,77.0711601
Kumardeep,shop:clothes,Karol Bagh,28.584214,77.0715242
Angad Handloom Emporium,shop:clothes,Karol Bagh,28.5842315,77.0715265
Fashion Lover,shop:clothes,Karol Bagh,28.5841093,77.0715234
Woodland,shop:clothes,Karol Bagh,28.7238775,77.1129027
Season's Wave Boutique,shop:clothes,Karol Bagh,28.5853831,77.0711321
Dwarkadheesh Emporium,shop:clothes,Karol Bagh,28.5853389,77.0711348
Pehnava,shop:clothes,Karol Bagh,28.5853831,77.0711321
श्री Shree,shop:clothes,Karol Bagh,28.5858658,77.0715212
Goyal Creation,shop:clothes,Karol Bagh,28.6167959,77.0331662
Radhey Fashion Readymade Garments,shop:clothes,Karol Bagh,28.6173496,77.0331804
Puma Outlet,shop:clothes,Karol Bagh,28.6985755,77.2075777
New Life Tailors,shop:clothes,Karol Bagh,28.6980375,77.2050505
Monex Garments,shop:clothes,Karol Bagh,28.6983059,77.2044274
Gaurav Garments,shop:clothes,Karol Bagh,28.6982517,77.2044116
Kishan Vastra Bhandar,shop:clothes,Karol Bagh,28.6982082,77.2044033
Variety centre,shop:clothes,Karol Bagh,28.6974804,77.2042885
Cantabil Italy Factory Outlet,shop:clothes,Karol Bagh,28.6973371,77.2045777
DCot by Donear,shop:clothes,Karol Bagh,28.6972045,77.2045597
Cantabil Italy International Clothing,shop:clothes,Karol Bagh,28.6970411,77.2045299
Lucky Garments,shop:clothes,Karol Bagh,28.6982793,77.2044234
Gift centre,shop:clothes,Karol Bagh,28.6974572,77.2042833
Heeees Hub,shop:clothes,Karol Bagh,28.6974395,77.2045891
Go Colors,shop:clothes,Karol Bagh,28.6946689,77.1539111
New Trendz,shop:clothes,Karol Bagh,28.586692,77.0712339
kueen Collection,shop:clothes,Karol Bagh,28.588853,77.0714555
Step Up,shop:clothes,Karol Bagh,28.5888703,77.0714549
Me N Moms,shop:clothes,Karol Bagh,28.5897075,77.071469
Kids Station,shop:clothes,Karol Bagh,28.5896547,77.0714709
V Sagar,shop:clothes,Karol Bagh,28.6565001,77.2293819
The Raymond Shop,shop:clothes,Karol Bagh,28.6312912,77.2200864
Ivory Palace,shop:clothes,Karol Bagh,28.6312952,77.2201703
haven store,shop:clothes,Karol Bagh,28.6897652,77.4910902
vivaan clothing,shop:clothes,Karol Bagh,28.6885395,77.4877075
rajdeep garments,shop:clothes,Karol Bagh,28.6880989,77.4877969
shiv shakti collection,shop:clothes,Karol Bagh,28.6878972,77.4872118
krishna unifrom store,shop:clothes,Karol Bagh,28.6879088,77.4873741
TRENDS,shop:clothes,Karol Bagh,28.6609035,77.2975023
Om Hosiery,shop:clothes,Karol Bagh,28.5853016,77.0702705
Mini KLUB,shop:clothes,Karol Bagh,28.5897041,77.0718004
A K Fashion,shop:clothes,Karol Bagh,28.6157495,77.0331872
J.M.D. Garments,shop:clothes,Karol Bagh,28.6230951,77.2915603
Mrignayani The Ethnic Store,shop:clothes,Karol Bagh,28.5952027,77.0411704
Diva Creations Designer Boutique,shop:clothes,Karol Bagh,28.592344,77.0452247
Leheriya.com,shop:clothes,Karol Bagh,28.5963913,77.0400649
Trend Zone,shop:clothes,Karol Bagh,28.6232721,77.2905361
Sara Emporium,shop:clothes,Karol Bagh,28.6239141,77.2906483
Urvi Creations,shop:clothes,Karol Bagh,28.5883616,77.0716815
Balaji Creations,shop:clothes,Karol Bagh,28.6564553,77.2299772
B. Rai Sons,shop:clothes,Karol Bagh,28.6006163,77.2272054
Khara Kapas,shop:clothes,Karol Bagh,28.6007543,77.2270257
Matsya,shop:clothes,Karol Bagh,28.6007396,77.2270433
Yam,shop:clothes,Karol Bagh,28.5997857,77.2264719
Vine & Pencil,shop:clothes,Karol Bagh,28.5997902,77.2264833
National Clothing House,shop:clothes,Karol Bagh,28.6000655,77.2267253
Mehka,shop:clothes,Karol Bagh,28.6006631,77.2271475
Purple United Kids,shop:clothes,Karol Bagh,28.5891064,77.0714696
Aditya Textiles,shop:clothes,Karol Bagh,28.6567798,77.2257013
Prithaa,shop:clothes,Karol Bagh,28.6567438,77.2254593
Packard Creations,shop:clothes,Karol Bagh,28.6564331,77.2254262
Heena,shop:clothes,Karol Bagh,28.6567727,77.225843
Lucky Ram Chote Laal,shop:clothes,Karol Bagh,28.6567704,77.2258726
W Fashion,shop:clothes,Karol Bagh,28.6567574,77.2262982
Shri Krishna Textile,shop:clothes,Karol Bagh,28.656742,77.2255507
Chawla Textiles,shop:clothes,Karol Bagh,28.6567701,77.225907
Laut Fabrics,shop:clothes,Karol Bagh,28.6567724,77.2258606
Suraj Prakash Trading Co.,shop:clothes,Karol Bagh,28.6567685,77.2260759
Shree Durga Saree Emporium,shop:clothes,Karol Bagh,28.6567657,77.2259201
Mohan Lal Mehra,shop:clothes,Karol Bagh,28.6567661,77.2261307
Vivek Enterprises,shop:clothes,Karol Bagh,28.6567672,77.2259329
Rishi Khadi Bhandar,shop:clothes,Karol Bagh,28.6567622,77.2260391
Saint Lal Kishan Lal,shop:clothes,Karol Bagh,28.6567657,77.2259621
Guru Ji Collection,shop:clothes,Karol Bagh,28.6567618,77.2260196
Pooja Creation,shop:clothes,Karol Bagh,28.6567655,77.2259465
Gauri Selections,shop:clothes,Karol Bagh,28.6567623,77.2259988
Seth Exclusive,shop:clothes,Karol Bagh,28.6568218,77.2253744
Krishna Cloth House,shop:clothes,Karol Bagh,28.6568221,77.225315
Raghunath Sahai Jai Chand Rai,shop:clothes,Karol Bagh,28.6568285,77.2252497
Shri Krishna Wholesale Cloth Market Rishabh Bazar,shop:clothes,Karol Bagh,28.6567609,77.2263615
Shri Krishna Wholesale Cloth Market,shop:clothes,Karol Bagh,28.6567657,77.2263048
Banaras Saree Emporium,shop:clothes,Karol Bagh,28.6566966,77.2264909
Meenakshi Creations,shop:clothes,Karol Bagh,28.6567622,77.2263278
Aviraj Creations,shop:clothes,Karol Bagh,28.656763,77.2262179
Ashok Textiles,shop:clothes,Karol Bagh,28.6582726,77.2259118
Haiqa Looms,shop:clothes,Karol Bagh,28.6583441,77.225896
Collection House,shop:clothes,Karol Bagh,28.6564251,77.2252918
Pooja Malhotra,shop:clothes,Karol Bagh,28.5532732,77.2406922
Adisports Adidas,shop:clothes,Karol Bagh,28.7076968,77.123805
Crimsoune Club,shop:clothes,Karol Bagh,28.7075748,77.1237043
Mufti,shop:clothes,Karol Bagh,28.7068102,77.1234231
Grace,shop:clothes,Karol Bagh,28.7069235,77.1235356
A.were fashion,shop:clothes,Karol Bagh,28.7070783,77.1263328
Bharti,shop:clothes,Karol Bagh,28.7071191,77.12628
spyker,shop:clothes,Karol Bagh,28.7076688,77.1241945
Aggarwal Garments,shop:clothes,Karol Bagh,28.7073522,77.1234628
Poonam Fancy Textiles,shop:clothes,Karol Bagh,28.6566816,77.2265949
Siyarams,shop:clothes,Karol Bagh,28.7080361,77.124503
Shrimann,shop:clothes,Karol Bagh,28.7081352,77.124198
Bodycare,shop:clothes,Karol Bagh,28.7081512,77.1242004
Brand Nation,shop:clothes,Karol Bagh,28.7075446,77.1236821
Asli Raymond,shop:clothes,Karol Bagh,28.7065931,77.1228326
Bodybasic clothes,shop:clothes,Karol Bagh,28.7065321,77.1227778
Shagun Raymond,shop:clothes,Karol Bagh,28.7066195,77.122859
Cantabil Clothing,shop:clothes,Karol Bagh,28.7067375,77.1229755
Buy Brand,shop:clothes,Karol Bagh,28.7060105,77.1226913
Onax by Yuva,shop:clothes,Karol Bagh,28.7069679,77.1231718
Elini,shop:clothes,Karol Bagh,28.7071388,77.1233169
She Fashion,shop:clothes,Karol Bagh,28.7070981,77.1232786
Ekta Suit and Dupatta,shop:clothes,Karol Bagh,28.7062492,77.1225372
Bindra Undergarment,shop:clothes,Karol Bagh,28.706335,77.1226039
Style Menz,shop:clothes,Karol Bagh,28.569809,77.2391965
Bengal Silk Trading Company,shop:clothes,Karol Bagh,28.6335364,77.2064271
Kiddoz,shop:clothes,Karol Bagh,28.6317787,77.2211047
BIBA,shop:clothes,Karol Bagh,28.6314429,77.2205803
Kalpana,shop:clothes,Karol Bagh,28.6317728,77.2210319
Saheli Footwear,shop:clothes,Karol Bagh,28.6448717,77.3387663
Brand Collection,shop:clothes,Karol Bagh,28.6446986,77.338506
Pendleton,shop:clothes,Karol Bagh,28.6130201,77.131338
Monteil,shop:clothes,Karol Bagh,28.5692146,77.3239401
Indraprastha,shop:clothes,Karol Bagh,28.5700901,77.3242031
Peanuts,shop:clothes,Karol Bagh,28.5702523,77.3242138
Taneira,shop:clothes,Karol Bagh,28.5699597,77.324004
Petals,shop:clothes,Karol Bagh,28.5703886,77.3240374
Rich Look,shop:clothes,Karol Bagh,28.5700778,77.3240097
WDESIGN,shop:clothes,Karol Bagh,28.5686335,77.323871
Ethnix by Raymond,shop:clothes,Karol Bagh,28.5686469,77.3241239
Clovia,shop:clothes,Karol Bagh,28.569343,77.3239497
Kent Royal,shop:clothes,Karol Bagh,28.5708878,77.3240701
Myshka Fashion,shop:clothes,Karol Bagh,28.5708785,77.3240695
Date The Ramp,shop:clothes,Karol Bagh,28.5685707,77.3247578
The closet,shop:clothes,Karol Bagh,28.5687122,77.3245739
Tasva,shop:clothes,Karol Bagh,28.5688134,77.3244867
G Silk,shop:clothes,Karol Bagh,28.5686545,77.3239636
Vivah e Rassm,shop:clothes,Karol Bagh,28.5710052,77.3242924
Louis Philippe Factory Outlet,shop:clothes,Karol Bagh,28.5684646,77.3244572
Shagun Punjabi Suits,shop:clothes,Karol Bagh,28.6191795,77.4234972
Apsara Sarees,shop:clothes,Karol Bagh,28.6830856,77.2010008
Ram Chandra Krishan Chandra Saree Store,shop:clothes,Karol Bagh,28.6827697,77.2004701
Rati Ram Ram Vinod Saree Store,shop:clothes,Karol Bagh,28.6825696,77.2001553
Anil Collection,shop:clothes,Karol Bagh,28.6802682,77.2031249
Incense,shop:clothes,Karol Bagh,28.6820651,77.205577
Manhar,shop:clothes,Karol Bagh,28.6790757,77.2009643
Soni and Soni,shop:clothes,Karol Bagh,28.6790438,77.2009178
Classic Selection,shop:clothes,Karol Bagh,28.682226,77.2057624
Bonjour,shop:clothes,Karol Bagh,28.6821668,77.205693
Meghna,shop:clothes,Karol Bagh,28.6825518,77.2063251
Trending Company,shop:clothes,Karol Bagh,28.6825258,77.2062901
Haryana Saree Centre,shop:clothes,Karol Bagh,28.6790017,77.200832
Cloth Ironing,shop:clothes,Karol Bagh,28.4553378,77.0534003
Dharam Pal Ji,shop:clothes,Karol Bagh,28.568637,77.2423956
Kasa hunes,shop:clothes,Karol Bagh,28.5491145,77.2159769
Rental Box - Rental Clothing,shop:clothes,Karol Bagh,28.5489016,77.2157812
Trisara,shop:clothes,Karol Bagh,28.5474113,77.2158197
Pappu,shop:clothes,Karol Bagh,28.5475698,77.2160972
Xiva,shop:clothes,Karol Bagh,28.5489385,77.2159844
Turn Black,shop:clothes,Karol Bagh,28.5474592,77.2158592
Kanishk Mehta,shop:clothes,Karol Bagh,28.4741603,77.0943718
Studio Bespoke: Gentlemen’s Attire,shop:clothes,Karol Bagh,28.4740354,77.0943963
Karan & Moin Menswear,shop:clothes,Karol Bagh,28.4741594,77.0944271
Mayank Chawla Menswear,shop:clothes,Karol Bagh,28.4759799,77.0943256
Studio One,shop:clothes,Karol Bagh,28.4741133,77.0933609
Ruchika Hurria,shop:clothes,Karol Bagh,28.4759009,77.0943273
Terragi,shop:clothes,Karol Bagh,28.4748495,77.0932897
Young Fashion,shop:clothes,Karol Bagh,28.44821,77.0990247
Brand Mart,shop:clothes,Karol Bagh,28.8544247,77.1246109
Zillinie,shop:clothes,Karol Bagh,28.5725492,77.2368668
A.K. Vision Opticals,shop:clothes,Karol Bagh,28.5941972,77.0474159
Better Bottoms Mix & Match,shop:clothes,Karol Bagh,28.5950019,77.0480894
Garg Selection,shop:clothes,Karol Bagh,28.596076,77.0490419
House of Desires,shop:clothes,Karol Bagh,28.5958565,77.0488879
Lanskar,shop:clothes,Karol Bagh,28.5958059,77.0488424
Sanskriti,shop:clothes,Karol Bagh,28.5961099,77.0490689
Thread Plus,shop:clothes,Karol Bagh,28.5960452,77.0490134
Rasm,shop:clothes,Karol Bagh,28.5959322,77.0489441
Chhabra Selection,shop:clothes,Karol Bagh,28.596542,77.0493209
Surabhi Arya,shop:clothes,Karol Bagh,28.4773338,77.0942622
House of Urvashi,shop:clothes,Karol Bagh,28.4767217,77.0942596
Bombay Shirt Company,shop:clothes,Karol Bagh,28.4647498,77.095429
Paisley,shop:clothes,Karol Bagh,28.4641003,77.0956457
Odelia,shop:clothes,Karol Bagh,28.4641061,77.0957013
Export Hub,shop:clothes,Karol Bagh,28.6280444,77.278743
Saundh,shop:clothes,Karol Bagh,28.5030432,77.0970713
Sweet Dreams,shop:clothes,Karol Bagh,28.5027366,77.0970495
Suvasa,shop:clothes,Karol Bagh,28.5031637,77.0970986
Globaldesi,shop:clothes,Karol Bagh,28.5027994,77.0970461
Van Heusen Woman,shop:clothes,Karol Bagh,28.5030812,77.0970786
Jaypor,shop:clothes,Karol Bagh,28.5029817,77.0970587
Mi Arcus,shop:clothes,Karol Bagh,28.5034556,77.097153
Mustard,shop:clothes,Karol Bagh,28.5033179,77.0975413
Anita Dongre,shop:clothes,Karol Bagh,28.5026786,77.097053
Iconic Kids,shop:clothes,Karol Bagh,28.5034563,77.0975285
Kate & Oscar,shop:clothes,Karol Bagh,28.5034907,77.0971474
Sabhyata,shop:clothes,Karol Bagh,28.5024459,77.0972438
Soch,shop:clothes,Karol Bagh,28.5033806,77.0975357
Panna,shop:clothes,Karol Bagh,28.5027091,77.0976407
Mohi Fashion Point,shop:clothes,Karol Bagh,28.6009427,77.3161325
Linen Club,shop:clothes,Karol Bagh,28.6336248,77.2233697
Tandon's,shop:clothes,Karol Bagh,28.6336733,77.2231622
Cotton Plus,shop:clothes,Karol Bagh,28.6336134,77.2233046
Best Emporium,shop:clothes,Karol Bagh,28.6336028,77.223173
Satguru Collections,shop:clothes,Karol Bagh,28.6338042,77.2235875
Taneja Store,shop:clothes,Karol Bagh,28.6338189,77.2235804
Mrinalini,shop:clothes,Karol Bagh,28.6339448,77.2235478
Churni Emporium,shop:clothes,Karol Bagh,28.6340063,77.2235391
Chawla Fancy Store,shop:clothes,Karol Bagh,28.6340446,77.2235362
Wadhwa Cloth House,shop:clothes,Karol Bagh,28.6337083,77.2241398
Lal Ji Collection,shop:clothes,Karol Bagh,28.6335378,77.2246446
Jain Saree Centre,shop:clothes,Karol Bagh,28.6336431,77.2244797
Kotton Concepts,shop:clothes,Karol Bagh,28.6336801,77.2245632
Kanika's,shop:clothes,Karol Bagh,28.6337152,77.2245111
Shukla Fab,shop:clothes,Karol Bagh,28.6337033,77.2243333
Pindi Cloth House,shop:clothes,Karol Bagh,28.6337064,77.2242412
Amar Garments,shop:clothes,Karol Bagh,28.6337999,77.2241569
Khanna Hosiery,shop:clothes,Karol Bagh,28.6339986,77.224077
Mahajan Garments,shop:clothes,Karol Bagh,28.6337622,77.2240841
Bimal Fab,shop:clothes,Karol Bagh,28.6337221,77.2240741
Bimal Prints,shop:clothes,Karol Bagh,28.6337748,77.2238285
Swadesilk,shop:clothes,Karol Bagh,28.6337259,77.2239641
Modern Shop Branded Woolen Knitwear & Shawls,shop:clothes,Karol Bagh,28.6337246,77.2237828
Shri Radhey Fabric Store,shop:clothes,Karol Bagh,28.6338162,77.2238099
Super Collection,shop:clothes,Karol Bagh,28.6338732,77.2239213
Shobha Emporium,shop:clothes,Karol Bagh,28.6339221,77.223897
Modern Stores,shop:clothes,Karol Bagh,28.6338577,77.2234123
Joyce International Handlooms,shop:clothes,Karol Bagh,28.6337989,77.2236822
Jagjit Cloth House,shop:clothes,Karol Bagh,28.6337684,77.2235965
Arvind Kumar Cloth Merchant,shop:clothes,Karol Bagh,28.6337869,77.2235915
Co-Optex,shop:clothes,Karol Bagh,28.6000579,77.2273069
Carls Hanger,shop:clothes,Karol Bagh,28.561334,77.1937503
Vijay Store,shop:clothes,Karol Bagh,28.705229,77.1902886
Geetika jain,shop:clothes,Karol Bagh,28.7053128,77.1903242
Kavita Couture,shop:clothes,Karol Bagh,28.7048507,77.190144
Femina Collection,shop:clothes,Karol Bagh,28.7056028,77.1904574
#basanti,shop:clothes,Karol Bagh,28.7051988,77.1902753
Tesoro By Sania,shop:clothes,Karol Bagh,28.7055173,77.1899244
Rivahz Timeless Elegance,shop:clothes,Karol Bagh,28.7058521,77.1900407
Minimoon,shop:clothes,Karol Bagh,28.7052178,77.1898713
Private Lives,shop:clothes,Karol Bagh,28.7059334,77.1907229
Bodycare Kids,shop:clothes,Karol Bagh,28.7049831,77.1897306
Vrinda,shop:clothes,Karol Bagh,28.7058549,77.1908406
Malhotra Saree Emporium,shop:clothes,Karol Bagh,28.7051722,77.1898471
Novelty Dress Emporium,shop:clothes,Karol Bagh,28.70581,77.190611
Karpray by Saoliaz,shop:clothes,Karol Bagh,28.7056786,77.1910056
Vstyle,shop:clothes,Karol Bagh,28.705947,77.1906589
ibadat,shop:clothes,Karol Bagh,28.7059201,77.1907678
Ethnic Town,shop:clothes,Karol Bagh,28.7055386,77.1906419
Sagan Sarees,shop:clothes,Karol Bagh,28.682813,77.2009814
Touch,shop:clothes,Karol Bagh,28.682745,77.2010331
Bharat Reshma H-2,shop:clothes,Karol Bagh,28.683197,77.2018324
Senor Store,shop:clothes,Karol Bagh,28.6825013,77.2023912
Suits Him,shop:clothes,Karol Bagh,28.6825378,77.2023639
Fancy Garments,shop:clothes,Karol Bagh,28.5738576,77.2098823
Trendzilla,shop:clothes,Karol Bagh,28.5744481,77.2086382
KLICK SELECTIONS Ground Floor,shop:clothes,Karol Bagh,28.6456736,77.1886305
GARG SAREES,shop:clothes,Karol Bagh,28.6894463,77.2736982
Miss World,shop:clothes,Karol Bagh,28.6612922,77.3241101
Yash Sports Wear,shop:clothes,Karol Bagh,28.6607657,77.323476
kottail,shop:clothes,Karol Bagh,28.6860694,77.3424536
COBB Italy,shop:clothes,Karol Bagh,28.6589873,77.4351731
Louis Phillipe,shop:clothes,Karol Bagh,28.6595194,77.4358432
Pehnawa,shop:clothes,Karol Bagh,28.6381234,77.1130325
Alcis,shop:clothes,Karol Bagh,28.6128655,76.9936741
Canoe,shop:clothes,Karol Bagh,28.6128539,76.9934351
Jainson,shop:clothes,Karol Bagh,28.632809,77.2215294
vastra lok,shop:clothes,Karol Bagh,28.6859918,77.3439286
khadi,shop:clothes,Karol Bagh,28.6857547,77.3429385
Bomanjee Hormasjee Wadia Memorial Clock Tower,historic:monument,Mumbai,18.9345311,72.8357563
Port Trust WWI Memorial,historic:monument,Mumbai,18.9340663,72.8401441
Mancherji Edulji Joshi Statue,historic:monument,Mumbai,19.0175495,72.8491666
Hariniwas Circle,historic:monument,Mumbai,19.191385,72.9678999
Raj Mudra Statue,historic:monument,Mumbai,19.2277623,72.806843
Budhha Statue,historic:monument,Mumbai,19.2278205,72.8051264
Khada Parsi,historic:monument,Mumbai,18.9715813,72.8324483
Legendary New India Monument,historic:monument,Mumbai,19.1147885,72.8388317
Chhatrapati Shivaji Maharaj Statue,historic:monument,Mumbai,18.9872471,73.1122992
Svatantraveer Vinayak Damodar Sawarkar Statue,historic:monument,Mumbai,18.9872058,73.1109338
Dr. B.R. Ambedkar,historic:monument,Mumbai,19.1329444,72.9153056
Chathrapati Shivaji,historic:monument,Mumbai,19.1329722,72.9152778
Monolithic Bas Relief Depicting Shiva,historic:monument,Mumbai,19.0007564,72.8473887
Kabutar Khana,historic:monument,Mumbai,19.0189055,72.8404523
Frere Temple,historic:monument,Mumbai,18.979434,72.8382815
Kala Ghoda,historic:monument,Mumbai,18.9787476,72.8352916
Steam Train Engine,historic:monument,Mumbai,19.1862723,72.9744906
Narayan Rao Koli,historic:monument,Mumbai,19.1841612,72.9792118
छत्रपति शिवाजी महाराज चौक,historic:monument,Mumbai,19.1575059,73.0760294
Swami Vivekananda Statue,historic:monument,Mumbai,18.922749,72.8346884
Mangalyan Chawl,historic:monument,Mumbai,19.0468433,72.8539199
Jamat Chawl,historic:monument,Mumbai,19.0463645,72.85401
New Jamat Hall,historic:monument,Mumbai,19.046482,72.8543893
Vithal Bhaskar Chawl,historic:monument,Mumbai,19.0471713,72.8539531
Jairam Sheth Chawl,historic:monument,Mumbai,19.0475806,72.8539447
Patil Wada,historic:monument,Mumbai,19.047708,72.8549837
Old Jamat Hall,historic:monument,Mumbai,19.046349,72.8542006
Lagdu Pedru Chawl,historic:monument,Mumbai,19.0477746,72.8546396
Custom House,historic:monument,Mumbai,19.0474773,72.8541524
Naval Uprising Memorial,historic:monument,Mumbai,18.9227815,72.8289554
Gateway of India - गेटवे ऑफ इंडिया,historic:monument,Mumbai,18.9219626,72.8345609
Flora Fountain,historic:monument,Mumbai,18.9324913,72.8315008
Ambedkar Memorial,historic:monument,Mumbai,19.1498684,72.9897245
Global Pegoda,historic:monument,Mumbai,19.2281505,72.8058482
Gateway of India,historic:monument,Mumbai,18.9219635,72.834564
Mount Poinsur Watch Tower,historic:monument,Mumbai,19.2431512,72.8528939
Ashok Vatika,historic:monument,Mumbai,19.0432038,73.0227834
Atal Park,historic:monument,Mumbai,19.2233614,72.8429206
Anand Dighe Smarak,historic:monument,Mumbai,19.1971649,72.977306
Veermata Jijabhai Sculpture,historic:monument,Mumbai,18.9783197,72.8363818
Chhatrapati Shivaji Maharaj Monument,historic:monument,Mumbai,19.0983888,72.826771
Chaitya Bhumi,historic:monument,Mumbai,19.0250913,72.8338256
Cafe Andora,amenity:cafe,Mumbai,19.0573435,72.8276847
A1 Bakery,amenity:cafe,Mumbai,19.0546237,72.8264717
Cafe Coffee Day,amenity:cafe,Mumbai,18.9166662,72.8176892
Cafe Mondegar,amenity:cafe,Mumbai,18.9240421,72.8321786
210 C,amenity:cafe,Mumbai,18.9304651,72.8264743
Wagh Bakari Tea,amenity:cafe,Mumbai,19.1029971,72.8465194
Poetry,amenity:cafe,Mumbai,19.1057759,72.826406
Kitchen Garden,amenity:cafe,Mumbai,19.1055629,72.8263957
Scrumptuous,amenity:cafe,Mumbai,19.1359736,72.8096746
Costa,amenity:cafe,Mumbai,19.1420001,72.8290745
Third Wave Coffee Roasters,amenity:cafe,Mumbai,19.1467373,72.8287409
Starbucks,amenity:cafe,Mumbai,19.1465656,72.829164
Di Bella Coffee,amenity:cafe,Mumbai,19.1253994,72.8222426
Astro Cafe,amenity:cafe,Mumbai,19.1373689,72.8294395
Prithvi Cafe,amenity:cafe,Mumbai,19.1062054,72.825633
Caffe Coffee Day,amenity:cafe,Mumbai,19.1726852,72.8740201
I Think Fitness Cafe,amenity:cafe,Mumbai,19.0592055,72.8294744
Guilt Trip,amenity:cafe,Mumbai,19.0713519,72.8241542
Modern Tea House,amenity:cafe,Mumbai,19.0752035,72.8259183
Jai Mata Di Tea Stall,amenity:cafe,Mumbai,19.2018265,72.8612465
Cold Cafee,amenity:cafe,Mumbai,19.0597612,72.9103571
Khans Cafe,amenity:cafe,Mumbai,18.9520692,72.8281085
Juice Center,amenity:cafe,Mumbai,19.0383759,72.8534092
mahatma nagar,amenity:cafe,Mumbai,19.0644019,72.9018073
mahul,amenity:cafe,Mumbai,19.0295407,72.9348364
Traveler's Coffee,amenity:cafe,Mumbai,18.9462778,72.8436247
drfg,amenity:cafe,Mumbai,19.048368,72.9221477
karan cafe,amenity:cafe,Mumbai,19.0420352,72.9164383
Ganesh Tea Center,amenity:cafe,Mumbai,19.0603312,72.9105858
chanda cafe shop,amenity:cafe,Mumbai,18.9532967,72.8360059
ccd,amenity:cafe,Mumbai,19.0633635,72.9040535
nagore,amenity:cafe,Mumbai,19.0665095,72.924604
Ram cafe,amenity:cafe,Mumbai,19.0666508,72.9104239
Barista,amenity:cafe,Mumbai,19.0518758,72.9007969
Cafe Faizal,amenity:cafe,Mumbai,19.0629897,72.918479
Marina,amenity:cafe,Mumbai,18.9189746,72.8320493
Ice Cream Works,amenity:cafe,Mumbai,18.9546257,72.8147495
Kala Ghoda Cafe,amenity:cafe,Mumbai,18.928482,72.8323116
the yoga house,amenity:cafe,Mumbai,19.0657265,72.8247137
Tea Junction,amenity:cafe,Mumbai,19.0237004,73.0317463
Cafe Cofee Day,amenity:cafe,Mumbai,19.084334,72.9976866
Tea Ville Cafe,amenity:cafe,Mumbai,19.0559886,72.9007064
"Pondichery Cafe, Sofitel Hotel",amenity:cafe,Mumbai,19.0678286,72.8689535
Anna Tapari,amenity:cafe,Mumbai,19.0453775,72.9139348
Malido cafe,amenity:cafe,Mumbai,18.9286085,72.8320128
The Bagel Shop,amenity:cafe,Mumbai,19.0631425,72.8248491
The Artists Village,amenity:cafe,Mumbai,19.1322782,72.8149689
Le Pain Quotidien,amenity:cafe,Mumbai,18.9240286,72.8335791
The Laughter Chapter,amenity:cafe,Mumbai,19.174728,72.957861
De'Crepes Cafe,amenity:cafe,Mumbai,19.2263296,72.9706422
Tea Villa,amenity:cafe,Mumbai,19.1032614,72.8467331
Creeda Board Game Cafe,amenity:cafe,Mumbai,18.9374108,72.8331683
Red Box,amenity:cafe,Mumbai,19.1186874,72.87033
Goodluck Wines,amenity:cafe,Mumbai,19.0551796,72.8359562
DCrepes,amenity:cafe,Mumbai,19.2553761,72.9833889
cafe trofima,amenity:cafe,Mumbai,19.0282957,72.8411776
Morii Cafe,amenity:cafe,Mumbai,19.0486305,72.825887
Taj Mahal Tea House,amenity:cafe,Mumbai,19.0485691,72.8258748
Irani Cafe,amenity:cafe,Mumbai,19.0390227,72.8428163
Club Restaurant,amenity:cafe,Mumbai,19.0033975,73.014006
One Point Six,amenity:cafe,Mumbai,19.1266104,72.8207329
Civil Café,amenity:cafe,Mumbai,19.1327151,72.9163013
Love and Latte,amenity:cafe,Mumbai,19.1729839,72.9414012
Cafe Nine,amenity:cafe,Mumbai,18.9883571,73.1279364
Basque by Breve,amenity:cafe,Mumbai,19.0504596,72.82669
Candies,amenity:cafe,Mumbai,19.0495544,72.8298692
Seeds of Life,amenity:cafe,Mumbai,19.0631056,72.8249753
Blue Tokai Coffee Roasters,amenity:cafe,Mumbai,19.0604691,72.8243537
Third Wave Coffee,amenity:cafe,Mumbai,18.9554204,72.8137657
Bake House Cafe,amenity:cafe,Mumbai,18.9280874,72.8324624
H3 canteen,amenity:cafe,Mumbai,19.1363856,72.911287
Ribbons & Ballons,amenity:cafe,Mumbai,18.9914153,73.1236476
Choco cream,amenity:cafe,Mumbai,18.9911308,73.1241178
Blue Tokai Coffee,amenity:cafe,Mumbai,19.1327716,72.8123769
Chai,amenity:cafe,Mumbai,19.1347525,72.8139948
cafe's,amenity:cafe,Mumbai,19.1610556,72.9445218
Think Juice,amenity:cafe,Mumbai,18.9239696,72.8318052
Love And Latte,amenity:cafe,Mumbai,19.1330191,72.8122035
Cafe Instaa,amenity:cafe,Mumbai,19.0419393,72.8611885
Garde Manger Cafe,amenity:cafe,Mumbai,19.1048126,72.8522763
Anna Juice Centre,amenity:cafe,Mumbai,19.1275148,72.9192427
Tiwari Tea Stall,amenity:cafe,Mumbai,19.1275446,72.9192498
A one juice,amenity:cafe,Mumbai,19.1273764,72.9192072
Theobroma,amenity:cafe,Mumbai,19.1156584,72.9089578
Chaayos,amenity:cafe,Mumbai,19.1155043,72.9087633
Poetry - By Love and Cheescake,amenity:cafe,Mumbai,19.1157038,72.9090406
Suzette Cafe,amenity:cafe,Mumbai,19.1170593,72.9095683
anacdote cafe,amenity:cafe,Mumbai,19.2228196,72.9670599
Eden Goodness Cafe,amenity:cafe,Mumbai,19.1489182,72.8322127
Chai Tales,amenity:cafe,Mumbai,19.1611924,72.9911688
KCROASTERS - By Koinonia,amenity:cafe,Mumbai,19.0731837,72.8263765
Koinonia Coffee Roasters,amenity:cafe,Mumbai,18.9656357,72.8068606
Silver Beach Cafe,amenity:cafe,Mumbai,19.1365431,72.8288816
Chai Pe Charcha,amenity:cafe,Mumbai,19.1367205,72.8287521
Tim Hortons,amenity:cafe,Mumbai,19.147313,72.8229751
Bistro 1,amenity:cafe,Mumbai,19.1367233,72.8289402
cafe ameyzing,amenity:cafe,Mumbai,19.198779,72.856936
Sequel,amenity:cafe,Mumbai,18.9282899,72.832771
Fabcafé,amenity:cafe,Mumbai,18.9287539,72.8316226
Tea Tapri,amenity:cafe,Mumbai,19.189073,72.972139
Gulacha Chaha,amenity:cafe,Mumbai,19.1912571,72.9758596
jinus corner,amenity:cafe,Mumbai,19.2054167,72.844414
navnat,amenity:cafe,Mumbai,19.1982849,72.8455469
FRIENDS KATTA,amenity:cafe,Mumbai,19.1965724,72.8249524
monica momos,amenity:cafe,Mumbai,19.1168543,72.8826702
Madrasi Kaapi House,amenity:cafe,Mumbai,19.2114438,72.873429
Cafe Bambai,amenity:cafe,Mumbai,19.1651984,72.9485214
Parsik Cafe,amenity:cafe,Mumbai,19.2088665,73.0108191
Cafe Pefe,amenity:cafe,Mumbai,19.14119,72.8273496
Nagori Irani Chai,amenity:cafe,Mumbai,19.1439765,72.8315222
M Town Cafe,amenity:cafe,Mumbai,19.1429429,72.831573
Ab coffee,amenity:cafe,Mumbai,19.1323204,72.8124121
Coffee by Di Bella,amenity:cafe,Mumbai,19.115724,72.8339422
Chai Gaadi,amenity:cafe,Mumbai,19.141208,72.8197968
Thane Cafe,amenity:cafe,Mumbai,19.19199,72.9699465
Manoj,amenity:cafe,Mumbai,19.2100082,73.0118779
Cafe Waah Maratha,amenity:cafe,Mumbai,19.0144176,72.8257335
riga chinese,amenity:cafe,Mumbai,19.2446402,72.8501551
cafe cafe,amenity:cafe,Mumbai,19.1451886,72.8232992
Tea Villa Cafe,amenity:cafe,Mumbai,19.2898386,72.8761418
The Dream Cafe,amenity:cafe,Mumbai,19.1031255,72.8495896
VIG Refreshment,amenity:cafe,Mumbai,19.045515,72.8947806
Cafe Aloha,amenity:cafe,Mumbai,19.1347866,72.8653141
Cafe Mocha,amenity:cafe,Mumbai,19.2039366,72.8652148
Blue Tokai Coffee | Nariman Point,amenity:cafe,Mumbai,18.9263944,72.8227893
Rasoi Thali,amenity:cafe,Mumbai,19.1727865,72.9563615
Casedella,amenity:cafe,Mumbai,19.2727795,72.8647101
Patel Coffee House,amenity:cafe,Mumbai,19.184055,72.973239
Coffee Craft,amenity:cafe,Mumbai,19.2548572,72.8488818
Tea & Conversation,amenity:cafe,Mumbai,19.1673553,72.9607465
Greenbox Caffe,amenity:cafe,Mumbai,19.0685728,72.8353475
vidhi',amenity:cafe,Mumbai,19.0609693,72.8266539
My space,amenity:cafe,Mumbai,19.1595366,72.9367762
chai apni,amenity:cafe,Mumbai,19.1609999,72.9442455
cafe meter on,amenity:cafe,Mumbai,19.2497659,72.8490168
GUPTA TEA COFFEE STALL,amenity:cafe,Mumbai,19.2000838,72.838765
Greenr Cafe,amenity:cafe,Mumbai,19.0636814,72.8293629
Mandi House Cafe,amenity:cafe,Mumbai,19.1337652,72.811602
The Backyard Brew,amenity:cafe,Mumbai,19.1410045,72.8128994
Chai Tapri,amenity:cafe,Mumbai,19.1326957,72.8124382
The Barmecha House,amenity:cafe,Mumbai,19.1384229,72.8139029
Leaping Windows,amenity:cafe,Mumbai,19.1387675,72.8134014
Cafeccino,amenity:cafe,Mumbai,19.0917053,72.8567979
Cafe Terrace at Night,amenity:cafe,Mumbai,19.057476,72.8481424
Belgian Waffle,amenity:cafe,Mumbai,18.9561284,72.8131928
Vasant Bhuvan,amenity:cafe,Mumbai,18.9589107,72.8173066
POPULAR CAFE,amenity:cafe,Mumbai,19.0821532,72.9099141
Kuckeliku Breakfast House,amenity:cafe,Mumbai,18.9184098,72.8308924
Zen Cafe,amenity:cafe,Mumbai,18.9276732,72.8329819
Subko Speciality Coffee Roasters and Bakehouse,amenity:cafe,Mumbai,19.0531651,72.8300804
My Little Tea Pot,amenity:cafe,Mumbai,19.0825059,72.8574319
Cafe Coffee Day Express,amenity:cafe,Mumbai,19.0563701,72.8896149
Javaphile,amenity:cafe,Mumbai,19.0616434,72.8288715
Cafe Bandra,amenity:cafe,Mumbai,19.0624117,72.831025
Boojee Café,amenity:cafe,Mumbai,19.0605663,72.824459
Ritual Daily Coffee,amenity:cafe,Mumbai,19.0650907,72.8296379
Veronica‘s,amenity:cafe,Mumbai,19.0540462,72.8268024
Bombay Coffee House,amenity:cafe,Mumbai,19.063364,72.8346934
Method Contemporary Art & Treats,amenity:cafe,Mumbai,19.050519,72.8267783
The Belgian Waffle Co.,amenity:cafe,Mumbai,19.0991938,72.8277678
dhancoll cafe,amenity:cafe,Mumbai,19.1975856,72.8109103
Cat Café Studio,amenity:cafe,Mumbai,19.1304992,72.8162025
Hybrid Theory,amenity:cafe,Mumbai,19.1078563,72.8825816
Shaikh Cafe,amenity:cafe,Mumbai,19.1816126,72.8513114
Bombay to Barcelona Cafe,amenity:cafe,Mumbai,19.1095946,72.8813845
Make My Day,amenity:cafe,Mumbai,19.1611374,72.94423
silverbeach,amenity:cafe,Mumbai,19.0766017,72.9024205
Sugar Rushh Cafe,amenity:cafe,Mumbai,19.042883,72.8644159
The Beer Cafe,amenity:cafe,Mumbai,18.9321506,72.8280275
We Wake Cafe,amenity:cafe,Mumbai,18.9387195,72.8382479
cafe coffee,amenity:cafe,Mumbai,19.1343491,72.8139673
Mongoose The Bubble Bar,amenity:cafe,Mumbai,19.070678,72.8227903
Breve Cycling Cafe,amenity:cafe,Mumbai,19.0505565,72.8265298
Cafe Aroma,amenity:cafe,Mumbai,19.2146131,73.0841054
Subko Mini at Abode Bombay,amenity:cafe,Mumbai,18.9237378,72.8327082
Blue bead cafe,amenity:cafe,Mumbai,18.9770886,72.8308704
The Library Cafe,amenity:cafe,Mumbai,19.0707397,72.8224281
Rajwadi Tea Tapri,amenity:cafe,Mumbai,19.1869488,72.9696735
Sailors' Cafe,amenity:cafe,Mumbai,19.0070277,73.0335544
Coffee By Di Bella Belapur,amenity:cafe,Mumbai,19.0075191,73.0348873
DORANGOS (Instagram:-dorangos_comedy_events) Best Entertainment Mumbai,amenity:cafe,Mumbai,19.0611919,72.826748
Dessert 99,amenity:cafe,Mumbai,19.2325867,72.8286589
KAFEGA,amenity:cafe,Mumbai,19.2100755,73.1108542
FOODIES,amenity:cafe,Mumbai,19.2183983,73.1033547
hotel Udipi Ramdas,amenity:cafe,Mumbai,19.0262674,72.8434222
Abokado,amenity:cafe,Mumbai,19.0629065,72.8246987
sa,amenity:cafe,Mumbai,19.1772225,72.8793696
Shree Nerul Cafe,amenity:cafe,Mumbai,19.0331551,73.0149198
Treat and Bite,amenity:cafe,Mumbai,19.0325632,73.0167853
Cafe 131,amenity:cafe,Mumbai,19.0324729,73.0167127
Cake Central,amenity:cafe,Mumbai,19.0328022,73.0169333
Nagori Chai Adda,amenity:cafe,Mumbai,19.1455968,72.8454563
Nahori Chaya Katta,amenity:cafe,Mumbai,19.1460287,72.845383
Miya & Banos Cafe,amenity:cafe,Mumbai,19.1462213,72.8471677
Tashkend Cafe,amenity:cafe,Mumbai,19.1447133,72.8428353
Retroz The Cafe,amenity:cafe,Mumbai,19.0515022,72.8283281
Mokai,amenity:cafe,Mumbai,19.052411,72.8284969
The Nutcracker,amenity:cafe,Mumbai,19.05012,72.8264557
Poetry by Love and Cheesecake,amenity:cafe,Mumbai,19.0627784,72.8328315
Easy Boba,amenity:cafe,Mumbai,19.056272,72.8342539
Earth Cafe,amenity:cafe,Mumbai,19.0590914,72.8339725
Fries.com,amenity:cafe,Mumbai,19.0801058,72.8538114
Cafe Gulshan,amenity:cafe,Mumbai,19.0750493,72.8421734
Greens Cafe,amenity:cafe,Mumbai,19.1640544,72.8468442
arfat,amenity:cafe,Mumbai,18.9679335,72.8268202
Starbucks coffee,amenity:cafe,Mumbai,18.9636696,72.8079229
swanandi,amenity:cafe,Mumbai,19.1425175,72.9397819
radha krushma,amenity:cafe,Mumbai,19.0807897,72.8426176
gulshan cafe,amenity:cafe,Mumbai,19.0739809,72.8431413
manis cafe,amenity:cafe,Mumbai,19.0257013,72.8393226
janhavi cafe,amenity:cafe,Mumbai,19.2157409,72.8149104
Ajay Mishtahan,amenity:cafe,Mumbai,19.1838307,72.8498457
Bean Theory Coffee,amenity:cafe,Mumbai,19.2272754,72.9703628
Thhikana cafe,amenity:cafe,Mumbai,19.2270731,72.9706089
Starbucks Hiranandani Meadows,amenity:cafe,Mumbai,19.2268847,72.9703943
Peach Tree Cafe,amenity:cafe,Mumbai,19.2264826,72.9705131
Eve Cafe,amenity:cafe,Mumbai,19.1235827,72.9130941
Eve's Cafe,amenity:cafe,Mumbai,19.1234697,72.9124892
7/11 STORE,amenity:cafe,Mumbai,19.0972259,73.0057081
CHAI SUTTA BAR KK,amenity:cafe,Mumbai,19.1036931,73.0096534
Project Hum,amenity:cafe,Mumbai,19.1325632,72.8125582
Thank Gourd,amenity:cafe,Mumbai,19.1329673,72.8122428
Mani's Cafe,amenity:cafe,Mumbai,19.1715709,72.9530841
The C Spot Cafe,amenity:cafe,Mumbai,19.049462,72.8296425
Chay Shay,amenity:cafe,Mumbai,19.0274647,72.8564074
Mani Cafe,amenity:cafe,Mumbai,19.0258534,72.8551118
Spoon Of Love Express,amenity:cafe,Mumbai,19.0275767,72.8557533
Uncommon,amenity:cafe,Mumbai,19.0613092,72.8307578
Ananda Cafe,amenity:cafe,Mumbai,19.1048979,72.825748
Nandan Coffee,amenity:cafe,Mumbai,18.9317064,72.8319248
Bayleaf Cafe,amenity:cafe,Mumbai,19.1063637,72.8262954
Lotus Cafe,amenity:cafe,Mumbai,19.1019078,72.8263912
The Chocolate Heaven,amenity:cafe,Mumbai,19.2200169,72.8479993
Kaffiene,amenity:cafe,Mumbai,19.2176421,72.8517071
Farmers Cafe,amenity:cafe,Mumbai,19.0669962,72.8328138
August Cafe,amenity:cafe,Mumbai,19.071019,72.8331048
Bombay Brioche,amenity:cafe,Mumbai,19.0650522,72.831054
Bobakat,amenity:cafe,Mumbai,19.0656303,72.8302815
The Bandstand Pantry,amenity:cafe,Mumbai,19.0474694,72.8200469
Jay Mata Di Juice and ColdDrink Center,amenity:cafe,Mumbai,19.299076,72.8639108
Tokyo Matcha Bar,amenity:cafe,Mumbai,19.0527561,72.8287399
Grounded,amenity:cafe,Mumbai,19.0477593,72.8207917
majama cafe,amenity:cafe,Mumbai,19.0837372,72.9091122
barista cafe,amenity:cafe,Mumbai,19.0744275,72.905279
barista,amenity:cafe,Mumbai,19.0745774,72.9053095
99 pancakes,amenity:cafe,Mumbai,19.0798703,72.9057679
the belgian waffle,amenity:cafe,Mumbai,19.0799221,72.9063661
Bru Baabaa,amenity:cafe,Mumbai,19.0615878,72.8335006
Pause,amenity:cafe,Mumbai,19.0631232,72.8249195
starbucks,amenity:cafe,Mumbai,19.0777792,72.9073038
Cacao Mill,amenity:cafe,Mumbai,18.9183644,72.8277234
Tea Shop,amenity:cafe,Mumbai,19.115906,72.8372046
Boba and Mocha,amenity:cafe,Mumbai,19.2144461,72.8745074
Engine Espresso,amenity:cafe,Mumbai,19.143004,72.8200471
Mazi,amenity:cafe,Mumbai,19.0845357,72.8351765
Umamiya Cafe,amenity:cafe,Mumbai,19.1298396,72.8226024
Gelato Nuvola Artigianale,amenity:cafe,Mumbai,19.1298136,72.8227063
Rice Bowl,amenity:cafe,Mumbai,19.1300836,72.8214193
Mr MISU,amenity:cafe,Mumbai,19.0539473,72.8288822
Bokka Coffee,amenity:cafe,Mumbai,19.0656452,72.8308365
LOYKA,amenity:cafe,Mumbai,19.1050113,72.8344847
Barako,amenity:cafe,Mumbai,19.1293853,72.8156027
Nagori Chai,amenity:cafe,Mumbai,19.1084467,72.8807304
Society Tea Terminal,amenity:cafe,Mumbai,19.1697535,72.8588305
Cafe Colony Restaurant & Stores,amenity:cafe,Mumbai,19.0186376,72.8468361
Hannahs cafe,amenity:cafe,Mumbai,19.2483938,72.8482989
Boojee Cafe,amenity:cafe,Mumbai,18.9307448,72.833874
Cafe Bharat,amenity:cafe,Mumbai,18.9335365,72.8270869
Pair A Dice Boardgames Cafe,amenity:cafe,Mumbai,19.1482697,72.8316484
Roadies Koffeehouz,amenity:cafe,Mumbai,19.0526199,73.0670344
pico cafe,amenity:cafe,Mumbai,19.0017464,73.1257381
Mahalaxmi Tea House,amenity:cafe,Mumbai,19.1821788,72.945951
Prakash,amenity:cafe,Mumbai,19.0231855,72.8386864
Blue Tokai - ATharva,amenity:cafe,Mumbai,19.1726855,72.9415846
blue tokia vanshi,amenity:cafe,Mumbai,19.1726469,72.9415045
blue toki dia,amenity:cafe,Mumbai,19.1728254,72.9414942
Ettarra,amenity:cafe,Mumbai,19.0530559,72.8289745
Coffee King,amenity:cafe,Mumbai,19.1527519,72.8303443
White Lama Villa,amenity:cafe,Mumbai,19.153484,72.828052
The Playce Cafe,amenity:cafe,Mumbai,19.164381,72.9370563
Canteen,amenity:cafe,Mumbai,19.075981,72.9921924
Moreshwar,amenity:cafe,Mumbai,19.1039094,72.8522984
S.M. Shetty canteen,amenity:cafe,Mumbai,19.1155372,72.9056894
dinshas,amenity:cafe,Mumbai,19.2347014,72.8485954
hitika's cafe,amenity:cafe,Mumbai,19.1618312,72.8475425
tastress,amenity:cafe,Mumbai,19.1925706,72.8332518
A-Rey Cafe,amenity:cafe,Mumbai,19.270436,72.9690589
bombay bites,amenity:cafe,Mumbai,18.9614552,72.8359164
SHIV CAFE,amenity:cafe,Mumbai,18.9884331,73.1280026
pinky store,amenity:cafe,Mumbai,19.0504991,72.891316
dream cafe,amenity:cafe,Mumbai,19.1029672,72.8496367
Garde Manger,amenity:cafe,Mumbai,19.1042701,72.8523335
SAI VADA PAV,amenity:cafe,Mumbai,19.2127513,73.0947623
Café Sea Side,amenity:cafe,Mumbai,19.0456642,72.8192559
NIUS canteen,amenity:cafe,Mumbai,19.0421015,72.9268106
PUSTAK CAFE,amenity:cafe,Mumbai,19.0256428,72.8452671
The cake house,amenity:cafe,Mumbai,19.0451662,72.8475515
Bakery,amenity:cafe,Mumbai,19.045414,72.8471122
Tea Tapri - Krishna,amenity:cafe,Mumbai,19.1846108,72.9771492
Kathiyawadi Cafe,amenity:cafe,Mumbai,19.2327997,72.9696019
school cafeteria,amenity:cafe,Mumbai,19.2099013,72.8652611
Skyline park,amenity:cafe,Mumbai,19.1521232,72.9431392
foodstuffs,amenity:cafe,Mumbai,19.0673841,72.8240436
JB  NAGAR,amenity:cafe,Mumbai,19.1067943,72.8641026
Satyam Cafe,amenity:cafe,Mumbai,19.1523417,72.9411108
tanvi,amenity:cafe,Mumbai,19.2478162,72.9771772
Cafe Montana,amenity:cafe,Mumbai,19.0835203,72.8440459
Bombay Island Coffee Company,amenity:cafe,Mumbai,19.0931818,72.9202351
TVlolz,amenity:cafe,Mumbai,19.0254156,72.8678235
ASHWITH,amenity:cafe,Mumbai,19.0964064,73.0070116
Mumbai Bites,amenity:cafe,Mumbai,18.9553181,72.8188828
The Homemade Cafe and Bar,amenity:cafe,Mumbai,19.103345,72.8270107
Zubby Cake and Cafe Shop,amenity:cafe,Mumbai,19.1961229,72.8264094
VAMA,shop:clothes,Mumbai,18.9652997,72.8072717
Westside,shop:clothes,Mumbai,18.9280426,72.8311609
Loot Mart,shop:clothes,Mumbai,19.2628652,72.8745614
Koustan,shop:clothes,Mumbai,19.2629003,72.8745003
Fashion @ Big Bazaar,shop:clothes,Mumbai,19.2629211,72.8745725
Peter England,shop:clothes,Mumbai,19.2629242,72.8748259
Verma Tailor,shop:clothes,Mumbai,19.1048517,72.8483586
Cotton King,shop:clothes,Mumbai,19.1032354,72.8489013
Pantaloons,shop:clothes,Mumbai,19.2239978,72.8539275
Raymond Shop,shop:clothes,Mumbai,19.1923595,72.9737078
Mango,shop:clothes,Mumbai,19.1307805,72.8198019
Falak Womenswear,shop:clothes,Mumbai,19.1422813,72.8291013
Options,shop:clothes,Mumbai,19.1416711,72.8300478
Shakti Collections,shop:clothes,Mumbai,19.1297949,72.8222137
5th Avenue,shop:clothes,Mumbai,19.0616365,72.8286887
Khadi Bhavan,shop:clothes,Mumbai,18.9348682,72.8328217
Nike,shop:clothes,Mumbai,19.1362681,72.8296148
Tagnine,shop:clothes,Mumbai,19.1362707,72.8295377
arzoo tailor,shop:clothes,Mumbai,19.0627935,72.9221783
Anokhi,shop:clothes,Mumbai,19.0613725,72.834572
paneri,shop:clothes,Mumbai,19.0204691,72.8413984
Rangoli,shop:clothes,Mumbai,19.0200676,72.840925
Just Wear Dressline,shop:clothes,Mumbai,19.0669807,72.9043098
Raymond,shop:clothes,Mumbai,19.0595612,72.8343054
Parison,shop:clothes,Mumbai,19.0555899,72.8333723
Fabindia,shop:clothes,Mumbai,19.119637,72.9080062
Signature,shop:clothes,Mumbai,19.0990272,73.0044367
Fascination,shop:clothes,Mumbai,19.0520209,72.8238762
Cottonworld.,shop:clothes,Mumbai,19.056814,72.8296325
Jack & Jones,shop:clothes,Mumbai,19.080364,72.8343292
Brand Factory,shop:clothes,Mumbai,18.9758391,72.8120943
Bombay Shirt Company,shop:clothes,Mumbai,19.1158666,72.9093151
fbb - Fashion at Big Bazar,shop:clothes,Mumbai,19.1183423,72.9114023
Inner Vogue Lingerie Shop,shop:clothes,Mumbai,19.1194604,72.9115763
Purple Haze Clothing Store,shop:clothes,Mumbai,19.1194863,72.9116143
Kids care,shop:clothes,Mumbai,19.1192838,72.9115491
Grapes Kids and Ladies Wear,shop:clothes,Mumbai,19.1192336,72.9115826
Lucky Kids,shop:clothes,Mumbai,19.1191909,72.9114787
New Mahavir NX,shop:clothes,Mumbai,19.1269877,72.9192957
Cazaro,shop:clothes,Mumbai,19.1182355,72.9050894
Krishna emporium,shop:clothes,Mumbai,19.1254327,72.9193007
Charmi,shop:clothes,Mumbai,19.1254631,72.9193855
Designer Boutique,shop:clothes,Mumbai,19.2223358,72.9654108
Seasons,shop:clothes,Mumbai,19.0808811,72.8381549
Cord,shop:clothes,Mumbai,19.0631323,72.8247609
Mayori Conscious Clothing Store,shop:clothes,Mumbai,18.9647263,72.8048403
City Girl,shop:clothes,Mumbai,19.1433411,72.82453
Mark's and Spencer's,shop:clothes,Mumbai,19.1455574,72.8292549
Creative Handicrafts Andheri,shop:clothes,Mumbai,19.1228579,72.868378
Creative Handicrafts Powai,shop:clothes,Mumbai,19.1188862,72.9051093
Creative Handicrafts bandra,shop:clothes,Mumbai,19.0554109,72.8313326
Zudio,shop:clothes,Mumbai,19.2278754,72.9703049
Kala Kendra,shop:clothes,Mumbai,18.9586427,72.8199134
Arihant School Uniform,shop:clothes,Mumbai,19.1973612,72.9772361
Lakheree Store,shop:clothes,Mumbai,19.1200347,72.8490435
Neelkamal Showroom,shop:clothes,Mumbai,19.1204464,72.8490321
Aneri Showroom,shop:clothes,Mumbai,19.120586,72.849177
Jyoti Stores,shop:clothes,Mumbai,19.1206435,72.8487263
Nishly Fashion House,shop:clothes,Mumbai,19.1158485,72.8314127
JYO Clothing,shop:clothes,Mumbai,19.2328778,72.9729503
D's Designs,shop:clothes,Mumbai,19.2328834,72.9729712
ORA Clothing,shop:clothes,Mumbai,19.2331079,72.9731901
Awesome Designer Boutique,shop:clothes,Mumbai,19.2363509,72.9703196
Cherry Fig,shop:clothes,Mumbai,19.0550517,72.8291276
Vagad's,shop:clothes,Mumbai,19.191139,72.9722938
Fendi,shop:clothes,Mumbai,19.0559064,72.8323843
Rahul & Anushka,shop:clothes,Mumbai,19.0874488,72.8273982
Go Colors,shop:clothes,Mumbai,19.0917446,72.8567228
Milan,shop:clothes,Mumbai,19.0175726,72.84722
Pernia's Pop-up Studio,shop:clothes,Mumbai,19.0593796,72.8323919
Ohaila Khan,shop:clothes,Mumbai,19.0602612,72.8313457
Madhav's Men's Modes,shop:clothes,Mumbai,19.0580588,72.8338479
Swastik Creations,shop:clothes,Mumbai,19.0580948,72.833856
CEO Rules,shop:clothes,Mumbai,19.0651589,72.8298831
Label by Soni Shekhawat,shop:clothes,Mumbai,19.064953,72.8296344
Snitch,shop:clothes,Mumbai,19.0677174,72.8334056
Hues II,shop:clothes,Mumbai,19.0651652,72.8316369
Hues,shop:clothes,Mumbai,19.06515,72.8316364
Savan Bazar,shop:clothes,Mumbai,19.0629359,72.8986351
Kresha Bajaj,shop:clothes,Mumbai,19.0586788,72.8295017
United Colors of Benetton,shop:clothes,Mumbai,19.0770857,72.8345536
Jo Rivaaz,shop:clothes,Mumbai,19.0991237,72.827779
Chic Baby,shop:clothes,Mumbai,19.0994923,72.827448
Masculine,shop:clothes,Mumbai,19.1019058,72.827222
Shubhangi Lucknow,shop:clothes,Mumbai,19.1019432,72.8272157
Nakashi Lucknow,shop:clothes,Mumbai,19.1031041,72.8267281
Pernia's Pop up studio,shop:clothes,Mumbai,18.9324984,72.832114
Half Tickets,shop:clothes,Mumbai,19.0419665,72.8573974
Outfit for men,shop:clothes,Mumbai,19.0429418,72.8643593
Neha Creations,shop:clothes,Mumbai,19.0472985,72.8629222
Outfit NX,shop:clothes,Mumbai,19.042818,72.8644754
Bigg Sale,shop:clothes,Mumbai,19.019868,72.8420715
Manyavar,shop:clothes,Mumbai,19.0200129,72.8412967
Trios,shop:clothes,Mumbai,19.0554835,72.8325105
Sobro Kids Wear,shop:clothes,Mumbai,19.0838895,72.8834728
Patel International Merchant Navy Uniforms,shop:clothes,Mumbai,18.9377078,72.8379515
Glamour Girl,shop:clothes,Mumbai,19.0574827,72.8237644
Cotton-On,shop:clothes,Mumbai,19.0505415,72.8265514
Max,shop:clothes,Mumbai,19.0659486,73.0005774
Shannon Men's Wear,shop:clothes,Mumbai,19.0557778,72.8324116
Design Touch Clothes,shop:clothes,Mumbai,19.055412,72.8320216
Boy London,shop:clothes,Mumbai,19.1037647,72.8306982
Liny Lingerie,shop:clothes,Mumbai,19.2113885,72.8735301
Khawateen Dresses,shop:clothes,Mumbai,19.1459707,72.8456195
Chacha Lace and Dress Material,shop:clothes,Mumbai,19.1457656,72.845537
Lady Hub,shop:clothes,Mumbai,19.1459059,72.8456106
Habibas,shop:clothes,Mumbai,19.1452475,72.8455926
Shama collections,shop:clothes,Mumbai,19.1453294,72.8455469
Desire Lace,shop:clothes,Mumbai,19.1455914,72.8456169
Bilkis Boutique,shop:clothes,Mumbai,19.1460975,72.8456508
Aaliya Fashion,shop:clothes,Mumbai,19.1451831,72.8456489
Stole,shop:clothes,Mumbai,19.1461394,72.8456781
Shaun's Kid's Hub,shop:clothes,Mumbai,19.1457755,72.845584
Sharmins DXB Abayas,shop:clothes,Mumbai,19.1456449,72.8455991
Tehrim Creation,shop:clothes,Mumbai,19.1454967,72.8456345
Kulsum Cloth Store,shop:clothes,Mumbai,19.1455228,72.8456242
Surkhab Pathani,shop:clothes,Mumbai,19.1460559,72.8456291
Kids Universe,shop:clothes,Mumbai,19.1454262,72.8457585
Dress Master,shop:clothes,Mumbai,19.0373376,73.0199629
Prachi Collection,shop:clothes,Mumbai,19.0376957,73.0201576
Pink Rese,shop:clothes,Mumbai,19.0378047,73.0202676
OM Collection,shop:clothes,Mumbai,19.0378656,73.0200208
Pallavi,shop:clothes,Mumbai,19.0379112,73.0200208
Sanya Botique,shop:clothes,Mumbai,19.0380166,73.0200268
Kachins Men'sWear,shop:clothes,Mumbai,19.0380559,73.0200254
Neelkamal Saree Center,shop:clothes,Mumbai,19.0381332,73.0200817
Abhed Dresses,shop:clothes,Mumbai,19.038189,73.0200791
Shiva Saree and Cutpiece Center,shop:clothes,Mumbai,19.0383487,73.0200975
West in,shop:clothes,Mumbai,19.0384976,73.0200992
Shree Ji,shop:clothes,Mumbai,19.038536,73.0200992
Jai Laxmi Sarees,shop:clothes,Mumbai,19.0388187,73.0201099
Shiv Leela Dresses,shop:clothes,Mumbai,19.0387719,73.0201541
Yes Collection,shop:clothes,Mumbai,19.0390379,73.0201382
Pooja Mens Wear,shop:clothes,Mumbai,19.0391985,73.0202054
Being Human,shop:clothes,Mumbai,19.0797479,72.8343148
Puma,shop:clothes,Mumbai,19.0798474,72.834326
Shimmer,shop:clothes,Mumbai,19.1428055,72.8245888
Kizu,shop:clothes,Mumbai,19.1434787,72.8242554
Jockey,shop:clothes,Mumbai,19.1447128,72.8235229
Sabhyata,shop:clothes,Mumbai,19.143536,72.8244671
Mahir,shop:clothes,Mumbai,19.1434561,72.8242698
Insha Creations,shop:clothes,Mumbai,19.1434066,72.824296
W,shop:clothes,Mumbai,19.0694412,72.8335491
Dolce Vita,shop:clothes,Mumbai,19.0554336,72.8321597
Cluster Fig,shop:clothes,Mumbai,19.0562553,72.8346016
Pritika Vora,shop:clothes,Mumbai,19.0579793,72.8338357
Pernia's Pop-Up Studio Men,shop:clothes,Mumbai,19.0591083,72.8340092
Lil Abu,shop:clothes,Mumbai,19.1447729,72.8237592
Cowboy,shop:clothes,Mumbai,19.1446391,72.8238219
Zax Fashion Wear,shop:clothes,Mumbai,19.1448438,72.8238368
Think Pink,shop:clothes,Mumbai,19.1451258,72.8235646
What's Up?,shop:clothes,Mumbai,19.144742,72.8237736
Chic and Brat,shop:clothes,Mumbai,19.1446211,72.8238299
W3,shop:clothes,Mumbai,19.1448565,72.8237129
Royal Regal Attire,shop:clothes,Mumbai,19.1450062,72.8236331
Falak Women's Wear,shop:clothes,Mumbai,19.1447151,72.8237889
Stheart,shop:clothes,Mumbai,19.1452356,72.8235166
Stardom,shop:clothes,Mumbai,19.1444081,72.8239443
Madame,shop:clothes,Mumbai,19.143724,72.8243596
Arsha Creation,shop:clothes,Mumbai,19.1435658,72.8244454
Meeta Creations,shop:clothes,Mumbai,19.1439852,72.8242026
Divine,shop:clothes,Mumbai,19.14386,72.8242829
Pariza,shop:clothes,Mumbai,19.1439083,72.8242598
Dress-Up Designing Studio,shop:clothes,Mumbai,19.1437473,72.8243467
Rani's Collection,shop:clothes,Mumbai,19.1440081,72.8241917
Soft Tot,shop:clothes,Mumbai,19.1432925,72.8245925
Babli Fashions,shop:clothes,Mumbai,19.1436264,72.8244152
Elegant Couture,shop:clothes,Mumbai,19.1437767,72.8243303
Go Colors!,shop:clothes,Mumbai,19.1433376,72.8245691
Lovely Lady,shop:clothes,Mumbai,19.1438399,72.8242937
Q Fashion,shop:clothes,Mumbai,19.1436011,72.8244295
Cloak and Dapper,shop:clothes,Mumbai,19.1424334,72.8250961
Betty,shop:clothes,Mumbai,19.1428161,72.824895
Aby Baby,shop:clothes,Mumbai,19.1429142,72.8248442
Toez,shop:clothes,Mumbai,19.1426421,72.8249839
Sweet Dreams,shop:clothes,Mumbai,19.1428442,72.8248772
Improve,shop:clothes,Mumbai,19.1424524,72.8250838
Oho! Jaipur,shop:clothes,Mumbai,19.1427917,72.8249069
One Love,shop:clothes,Mumbai,19.142508,72.8250529
Hype,shop:clothes,Mumbai,19.1428791,72.8248629
Cotton Cottage,shop:clothes,Mumbai,19.1425646,72.8250205
Melon,shop:clothes,Mumbai,19.1426201,72.8249954
Turkey,shop:clothes,Mumbai,19.1426921,72.8249575
Hello Madam,shop:clothes,Mumbai,19.1425986,72.8250073
Ello,shop:clothes,Mumbai,19.1429824,72.8248122
Om Shilpi Garments,shop:clothes,Mumbai,19.1412534,72.8257009
Shivam Garments,shop:clothes,Mumbai,19.1417199,72.8254595
Power Look,shop:clothes,Mumbai,19.1411474,72.8257571
C.K. Garments,shop:clothes,Mumbai,19.1420054,72.8252962
Begum Badshah Collection,shop:clothes,Mumbai,19.1421599,72.8252224
Babli Bell Collection,shop:clothes,Mumbai,19.1411293,72.8257678
Choclate,shop:clothes,Mumbai,19.1409514,72.8258729
Wow Case - Mobile Accessories,shop:clothes,Mumbai,19.1414285,72.8256035
Haya Creations,shop:clothes,Mumbai,19.1411084,72.8257791
Impression,shop:clothes,Mumbai,19.1421203,72.8252343
Om Garments,shop:clothes,Mumbai,19.1409691,72.8258581
Regal Collection,shop:clothes,Mumbai,19.1420551,72.8252685
Bro Hood,shop:clothes,Mumbai,19.1407504,72.8259753
Betty Inc.,shop:clothes,Mumbai,19.1414654,72.8255891
Aarna Art Gallery,shop:clothes,Mumbai,19.1418811,72.8253676
Disha Collection,shop:clothes,Mumbai,19.1421968,72.825198
Shree krishna,shop:clothes,Mumbai,19.1404487,72.8261369
Vidhi Collection,shop:clothes,Mumbai,19.1420973,72.8252451
SIYARAM STORE,shop:clothes,Mumbai,19.1004251,73.0044145
Bombay Closet Cleanse,shop:clothes,Mumbai,19.1339592,72.8113702
Smart Hosiery,shop:clothes,Mumbai,18.9346362,72.8352795
Wonder Girl,shop:clothes,Mumbai,19.0549979,72.8309005
Missprint Jaipur,shop:clothes,Mumbai,19.0598113,72.8340929
Ranna Gill,shop:clothes,Mumbai,19.0598073,72.8324299
Payal Singhal,shop:clothes,Mumbai,19.0593408,72.83278
Pernia's Pop-Up Studio,shop:clothes,Mumbai,19.0593212,72.8327519
New Variety,shop:clothes,Mumbai,19.0552665,72.8316114
Glorious,shop:clothes,Mumbai,19.0552761,72.8316539
High Style,shop:clothes,Mumbai,19.0552837,72.8316966
Fashion Studio,shop:clothes,Mumbai,19.0552929,72.8317404
Evana,shop:clothes,Mumbai,19.0553047,72.8317986
Hilton Stores,shop:clothes,Mumbai,19.0553089,72.8318367
Golden Lingerie,shop:clothes,Mumbai,19.0551473,72.8310167
Baby Touch,shop:clothes,Mumbai,19.0554072,72.8319812
Soham Dave,shop:clothes,Mumbai,19.0594633,72.8290939
Shilpa Sarees,shop:clothes,Mumbai,19.0269583,72.8545816
Vijay Stores,shop:clothes,Mumbai,19.0269663,72.8545818
Milap,shop:clothes,Mumbai,19.0270033,72.8545065
Om Collections,shop:clothes,Mumbai,19.0269288,72.8545862
Cottonworld,shop:clothes,Mumbai,19.1056409,72.826433
TG Maxx,shop:clothes,Mumbai,19.1066922,72.8263295
One Station One Product Store,shop:clothes,Mumbai,19.1718578,72.9560644
Rose Beauty Parlor,shop:clothes,Mumbai,19.055299,72.8317724
Check Up,shop:clothes,Mumbai,19.0557605,72.8323658
Natty Garb,shop:clothes,Mumbai,19.057319,72.8298248
Aza,shop:clothes,Mumbai,19.0898893,72.8277045
Zodiac,shop:clothes,Mumbai,19.0610697,72.8357195
Cambridge,shop:clothes,Mumbai,19.0610954,72.8357667
Cocobee,shop:clothes,Mumbai,19.1428197,72.8245787
Fabric emporium,shop:clothes,Mumbai,19.111912,72.8752173
Leebas,shop:clothes,Mumbai,19.1455328,72.8231123
Om Sai Enterprises,shop:clothes,Mumbai,19.2998504,72.8641359
Gopal Shringar Vastra Kendra,shop:clothes,Mumbai,19.2998077,72.8641113
Modern Fashion,shop:clothes,Mumbai,19.0551511,72.8314448
Le Bijou,shop:clothes,Mumbai,19.0556775,72.8336739
Kachins Clothing,shop:clothes,Mumbai,19.0548408,72.8257843
Colour Berry,shop:clothes,Mumbai,19.0550494,72.829209
Variety Emporium,shop:clothes,Mumbai,19.0538863,72.8308795
Variety Garments NX,shop:clothes,Mumbai,19.0538798,72.8308398
Goodluck Hosiery Stores,shop:clothes,Mumbai,19.0539896,72.8316861
Milan Textorium,shop:clothes,Mumbai,19.054005,72.831871
New Janta Emporium,shop:clothes,Mumbai,19.0539933,72.8317523
Yass Madaam,shop:clothes,Mumbai,19.0555384,72.8326748
Raymond C-9 Studio,shop:clothes,Mumbai,19.0562577,72.834635
Crash Boom Bang,shop:clothes,Mumbai,19.0624569,72.8303237
Lacoste,shop:clothes,Mumbai,19.0779362,72.8342126
Basic Studio,shop:clothes,Mumbai,19.0671306,72.8365706
Denim Art,shop:clothes,Mumbai,19.0671402,72.8366144
A-4 Fashion,shop:clothes,Mumbai,19.0669164,72.8368211
A.R. Mens Wear,shop:clothes,Mumbai,19.0659064,72.8368191
Someshwer NX,shop:clothes,Mumbai,19.065909,72.8368045
Spice,shop:clothes,Mumbai,19.0659111,72.8367886
New Vishvanath Garments,shop:clothes,Mumbai,19.0659137,72.8367744
Mini Chic,shop:clothes,Mumbai,19.0659147,72.8367576
Player NX,shop:clothes,Mumbai,19.066016,72.836466
Raj Garments,shop:clothes,Mumbai,19.0659961,72.836425
Shree Laxmi,shop:clothes,Mumbai,19.065989,72.8364001
Surkan International,shop:clothes,Mumbai,19.0662549,72.8357849
Angel,shop:clothes,Mumbai,19.0662445,72.8357506
Linkway,shop:clothes,Mumbai,19.0662264,72.8357118
Apple Blossom,shop:clothes,Mumbai,19.0661974,72.8357367
Shop & Select,shop:clothes,Mumbai,19.0662149,72.8357791
Monisha Jaising,shop:clothes,Mumbai,19.0690994,72.8285301
Aaina,shop:clothes,Mumbai,19.1298631,72.8243132
The Rack,shop:clothes,Mumbai,19.1298203,72.8224163
Cotton City,shop:clothes,Mumbai,19.1298405,72.8225173
Fashionista,shop:clothes,Mumbai,19.1297603,72.8222095
Janvi Collection,shop:clothes,Mumbai,19.0857993,72.9076575
Bombay Emporium,shop:clothes,Mumbai,19.0178651,72.8471937
Daffodils,shop:clothes,Mumbai,19.0177606,72.847196
Sagar,shop:clothes,Mumbai,19.0178579,72.847193
Korri,shop:clothes,Mumbai,19.0172517,72.8470101
Shagun,shop:clothes,Mumbai,19.0170869,72.846896
Saree Palace,shop:clothes,Mumbai,19.0172489,72.847878
Saheli,shop:clothes,Mumbai,19.0171018,72.8469073
DCot by Donear,shop:clothes,Mumbai,19.0179042,72.8471958
Artisza,shop:clothes,Mumbai,19.0184319,72.8471395
P Kantilal And Company,shop:clothes,Mumbai,19.0175426,72.8472259
Mehta's Collection,shop:clothes,Mumbai,19.0173226,72.8470788
Garden Vareli,shop:clothes,Mumbai,19.017257,72.8479148
Satqurs collection,shop:clothes,Mumbai,19.017356,72.847107
The Raymond Shop,shop:clothes,Mumbai,19.0178593,72.8483668
Memsaab,shop:clothes,Mumbai,19.0177679,72.8483762
Libas,shop:clothes,Mumbai,19.0172949,72.8470167
Sanskruti,shop:clothes,Mumbai,19.0168903,72.8466775
Jemoli,shop:clothes,Mumbai,19.0174453,72.8471426
Shree Mahavir,shop:clothes,Mumbai,19.0169066,72.8466938
Ankur,shop:clothes,Mumbai,19.0176947,72.8471977
Kaysons,shop:clothes,Mumbai,18.9330891,72.8258306
बिबा,shop:clothes,Mumbai,18.9321692,72.8326797
No-Mad,shop:clothes,Mumbai,18.9329198,72.8352682
amisha kothari,shop:clothes,Mumbai,18.9330971,72.8353018
Tasva,shop:clothes,Mumbai,18.9324607,72.8323778
GO COLORS,shop:clothes,Mumbai,18.9323281,72.833092
Duckback Millenium Impex,shop:clothes,Mumbai,18.9328274,72.8321521
Kingly Shirts Snow White,shop:clothes,Mumbai,18.9323167,72.8331339
Taneira,shop:clothes,Mumbai,19.1416326,72.82937
Aadil's,shop:clothes,Mumbai,19.1442444,72.8238324
Tiara Collection,shop:clothes,Mumbai,19.1441177,72.8239144
A.H Art Gallery,shop:clothes,Mumbai,19.1440813,72.8239379
Studio-S,shop:clothes,Mumbai,19.1436979,72.8241559
Rock'n'Roll,shop:clothes,Mumbai,19.1442931,72.8237965
Bhagwan Collections,shop:clothes,Mumbai,19.1438719,72.8239966
Funky Boys,shop:clothes,Mumbai,19.1439964,72.8239888
Include,shop:clothes,Mumbai,19.144312,72.8237864
Star Kids,shop:clothes,Mumbai,19.1444048,72.8237324
Awesome Art Gallery,shop:clothes,Mumbai,19.1436654,72.8241447
Ashoka,shop:clothes,Mumbai,19.1436672,72.8241753
Awesome Fashion,shop:clothes,Mumbai,19.143993,72.823891
Cool Kidz,shop:clothes,Mumbai,19.1437817,72.8241046
Positive Poshak,shop:clothes,Mumbai,19.1450411,72.8236535
Powerlook,shop:clothes,Mumbai,19.144861,72.823451
NZO,shop:clothes,Mumbai,19.1450743,72.8233523
Temperature,shop:clothes,Mumbai,19.1455283,72.8233162
Clappy Kids,shop:clothes,Mumbai,19.1418134,72.8254099
Asiatic,shop:clothes,Mumbai,19.1446006,72.8236135
Eleven Eleven The Fasion House,shop:clothes,Mumbai,19.1450596,72.8233607
Yellow Sapphire,shop:clothes,Mumbai,19.1439536,72.8240071
Awesome,shop:clothes,Mumbai,19.14381,72.8240873
Bhagwan Collections Men,shop:clothes,Mumbai,19.1436946,72.8241262
About D' Fit,shop:clothes,Mumbai,19.1449736,72.8237647
Fantasy Fashions,shop:clothes,Mumbai,19.1455025,72.8233406
City Casual,shop:clothes,Mumbai,19.140911,72.825551
Mini-Star,shop:clothes,Mumbai,19.0599348,72.9010476
Bhagwan Collections Women,shop:clothes,Mumbai,19.1437916,72.824069
The Courtyard,shop:clothes,Mumbai,18.9173056,72.8305766
Sarah & Sandeep,shop:clothes,Mumbai,19.0807061,72.8316546
Charagh Din,shop:clothes,Mumbai,18.9152731,72.8239358
jethva tailors,shop:clothes,Mumbai,19.0823886,72.9044729
Beverly Hills Polo Club,shop:clothes,Mumbai,19.2081111,72.971271
Aeropostale,shop:clothes,Mumbai,19.2081623,72.9713357
Calvin Klein,shop:clothes,Mumbai,19.2082464,72.9714746
109F,shop:clothes,Mumbai,19.2085859,72.9713373
Van Heusen,shop:clothes,Mumbai,19.2084905,72.9714309
AND,shop:clothes,Mumbai,19.2083815,72.9713258
Enamor,shop:clothes,Mumbai,19.2083427,72.9712794
ColorPlus,shop:clothes,Mumbai,19.2090214,72.97184
U.S. Polo Assn.,shop:clothes,Mumbai,19.2089742,72.9717795
Park Avenue,shop:clothes,Mumbai,19.2089022,72.9718559
Arrow,shop:clothes,Mumbai,19.2089205,72.9717212
Gas,shop:clothes,Mumbai,19.2087691,72.9717658
Louis Philippe,shop:clothes,Mumbai,19.2088649,72.9716737
Reebok,shop:clothes,Mumbai,19.2087086,72.9710721
Basics Life,shop:clothes,Mumbai,19.208351,72.9708641
Zara,shop:clothes,Mumbai,19.2087078,72.9722053
Lifestyle,shop:clothes,Mumbai,19.2089453,72.9724212
Soch,shop:clothes,Mumbai,19.2086102,72.9719652
Mufti,shop:clothes,Mumbai,19.208238,72.971544
Pepe Jeans,shop:clothes,Mumbai,19.2081189,72.971368
Crimsoune Club,shop:clothes,Mumbai,19.208118,72.971317
Wildcraft,shop:clothes,Mumbai,19.2083436,72.9712411
Deal Jeans,shop:clothes,Mumbai,19.2082979,72.97118
Lee Cooper,shop:clothes,Mumbai,19.2084457,72.9713776
Flying Machine,shop:clothes,Mumbai,19.2084758,72.9714144
Willis Lifestyle,shop:clothes,Mumbai,19.2085132,72.9714586
Indian Terrain,shop:clothes,Mumbai,19.2084973,72.971295
Lee,shop:clothes,Mumbai,19.2084439,72.971246
Wrangler,shop:clothes,Mumbai,19.2083827,72.9711978
Ethnicity,shop:clothes,Mumbai,19.2084083,72.9708157
Allen Solly,shop:clothes,Mumbai,19.2089734,72.9721478
ONLY,shop:clothes,Mumbai,19.2084322,72.9709409
Vero Moda,shop:clothes,Mumbai,19.2084831,72.9709964
H&M,shop:clothes,Mumbai,19.2087413,72.9709988
Tommy Hilfiger,shop:clothes,Mumbai,19.2087085,72.9711856
Levi's,shop:clothes,Mumbai,19.2085929,72.9710855
Blackberrys,shop:clothes,Mumbai,19.2090807,72.9715647
Globus,shop:clothes,Mumbai,19.2094203,72.9720444
KDMC HOSP 2 Shastrinagar General Hospital Dombivli,leisure:park,Mumbai,19.2163997,73.0828414
NANA-NANI PARK,leisure:park,Mumbai,19.0698753,72.9120691
drd park,leisure:park,Mumbai,19.0430184,72.9115187
green park,leisure:park,Mumbai,18.9512251,72.8298996
SK Nizam Park,leisure:park,Mumbai,18.949838,72.8397419
santi park,leisure:park,Mumbai,19.019633,72.8628095
sam,leisure:park,Mumbai,19.0400958,72.9466514
children park,leisure:park,Mumbai,19.0786873,72.9139937
unity park,leisure:park,Mumbai,19.0450404,72.9336572
sng paark,leisure:park,Mumbai,19.0503408,72.8914636
Ganesh Maidan,leisure:park,Mumbai,19.1726378,72.8676047
Joggers Park,leisure:park,Mumbai,19.2162523,72.8177768
Entrance Point to Park,leisure:park,Mumbai,19.0038765,73.0153629
Meenatai Thakarey Udhyan,leisure:park,Mumbai,19.216162,73.0824505
Sabina Chandrashekhar Memorial Municipal Garden and Playground,leisure:park,Mumbai,18.9246548,72.8304766
PV Park,leisure:park,Mumbai,19.2753956,72.8782307
Dargah Rd. Entrance,leisure:park,Mumbai,19.1748698,73.0230078
Manas Serological Institute Blood Bank,leisure:park,Mumbai,19.1352022,72.8481451
Suyog Hospital and Iccu,leisure:park,Mumbai,19.1665006,72.9503077
Lotus Multispeciality Hospital,leisure:park,Mumbai,19.1531186,72.9411305
Main Garden,leisure:park,Mumbai,19.2100321,72.8696116
Vilasrao  Deshmukh Park,leisure:park,Mumbai,19.1983821,72.8756335
BMC Park,leisure:park,Mumbai,19.2180094,72.8432484
Odeon Garden,leisure:park,Mumbai,19.0807327,72.9107148
Kalina University Campus Park,leisure:park,Mumbai,19.080562,72.8614154
pradhnya ground,leisure:park,Mumbai,19.189328,72.8570365
Giri pushpa Park,leisure:park,Mumbai,19.1757507,72.8534476
Ruby Isle Garden,leisure:park,Mumbai,19.1526461,72.8862794
Green Park,leisure:park,Mumbai,19.1884202,72.9715103
nana nani park,leisure:park,Mumbai,19.2112802,73.09096
aditya thakrey,leisure:park,Mumbai,19.2440126,72.864726
pramod mahajan park,leisure:park,Mumbai,19.3135998,72.8553908
B.R. Ambedkar park,leisure:park,Mumbai,19.1651808,72.847179
Sunder Nagar Garden,leisure:park,Mumbai,19.0773625,72.8661478
rajaram garden,leisure:park,Mumbai,19.1358725,72.8560273
western park,leisure:park,Mumbai,19.2602005,72.8598513
muncipal park,leisure:park,Mumbai,19.3091562,72.8575022
JP GROUND,leisure:park,Mumbai,19.3074718,72.8564973
hiranandani nana nani park,leisure:park,Mumbai,19.2766339,72.9834546
Bramhand Phase 5,leisure:park,Mumbai,19.24472,72.9836332
Gandhi Park,leisure:park,Mumbai,19.1150976,73.004484
sbi,leisure:park,Mumbai,19.107091,72.8639396
bialbazzar,leisure:park,Mumbai,19.0924542,72.8831198
chanai park,leisure:park,Mumbai,19.1216305,72.8509955
FR.JUSTIN DSOUZA GROUND,leisure:park,Mumbai,19.1951486,72.8349183
Central Lawn,leisure:park,Mumbai,18.9696231,72.8071474
jijamata udyan,leisure:park,Mumbai,19.0704347,72.9960453
Shivaji Park,leisure:park,Mumbai,19.0267688,72.8366692
svp garden,leisure:park,Mumbai,19.1340372,72.8261182
Veer Baji Prabhu Udyan,leisure:park,Mumbai,19.0266339,72.83538
sai garden,leisure:park,Mumbai,19.2185608,72.8459706
gandi park,leisure:park,Mumbai,19.0976969,72.8874556
green garedne,leisure:park,Mumbai,19.2836267,72.860991
sharma park,leisure:park,Mumbai,19.1245536,72.9185448
Powai Vihar Park,leisure:park,Mumbai,19.1171079,72.9029746
Elder's Park,leisure:park,Mumbai,19.1136539,72.8965205
Nirvana Park,leisure:park,Mumbai,19.122422,72.9118156
Calisthenics Park,leisure:park,Mumbai,19.1225738,72.9115582
Kailash Park,leisure:park,Mumbai,19.0383568,72.9192072
Mandakini parks,leisure:park,Mumbai,19.0393065,72.9184068
Pathanwadi Muncipal Park,leisure:park,Mumbai,19.1777161,72.8632299
SGNP: Nagla Block,leisure:park,Mumbai,19.2983918,72.9074352
rotary park,leisure:park,Mumbai,19.2246909,73.103121
ROTARY PARK,leisure:park,Mumbai,19.2131075,73.1037473
Children's Garden,leisure:park,Mumbai,19.2569892,72.9845963
Indian School of Calisthenics Park,leisure:park,Mumbai,19.1451735,72.8624328
NETAJI SUBHASH CHANDRA BOSE PARK,leisure:park,Mumbai,19.2228081,73.1003631
butterfly garden,leisure:park,Mumbai,19.2252401,72.8398763
JK SPORTS PARK,leisure:park,Mumbai,19.2213972,73.1044822
NSm park,leisure:park,Mumbai,19.0748427,72.8429839
sadiya,leisure:park,Mumbai,18.9678331,72.8268608
big park,leisure:park,Mumbai,19.2063976,73.0923898
jogeshwari park,leisure:park,Mumbai,19.1349659,72.8474338
Park,leisure:park,Mumbai,19.3044372,72.8553827
Veer savarker garden,leisure:park,Mumbai,19.3081554,72.8542262
Reserved Park next to Fortuna,leisure:park,Mumbai,19.2564988,72.9840406
Garden,leisure:park,Mumbai,19.3081888,72.8539415
KGG,leisure:park,Mumbai,19.2111117,72.8625755
village park,leisure:park,Mumbai,19.24673,72.9335928
YMCA Ground,leisure:park,Mumbai,18.9721466,72.8246266
Vijay Park,leisure:park,Mumbai,19.2029182,72.8390079
sasuri aden park,leisure:park,Mumbai,19.0607059,72.8723615
kalingana park,leisure:park,Mumbai,18.9697183,72.8205251
LION STATUE,leisure:park,Mumbai,19.0835162,72.9955464
YULU E BIKE PARKING,leisure:park,Mumbai,19.0835311,72.9955845
ELEPHANT SLIDE,leisure:park,Mumbai,19.0965122,73.0075713
OPEN GYMNASIUM,leisure:park,Mumbai,19.0963352,73.0075972
REST PLACE SHED,leisure:park,Mumbai,19.0963129,73.0075972
Meenatai Thackrey Garden,leisure:park,Mumbai,19.242538,72.8631178
park,leisure:park,Mumbai,19.1099537,72.8618616
Guru Nanak Park,leisure:park,Mumbai,19.1605476,72.8387942
rajiv gandhi udyan,leisure:park,Mumbai,19.0870758,73.0054328
NO KIDS PARK (ONLY ADULTS),leisure:park,Mumbai,19.2936647,72.8432953
Rajaram Garden,leisure:park,Mumbai,19.1361088,72.8545331
Orion Park,leisure:park,Mumbai,19.2604921,72.9814766
Fish Park,leisure:park,Mumbai,19.2487165,72.8462259
idk,leisure:park,Mumbai,19.1533119,73.0796432
Worli Dome,leisure:park,Mumbai,19.0072191,72.8136484
Diamond Garden,leisure:park,Mumbai,19.0531666,72.9004923
Joggers' Park,leisure:park,Mumbai,19.0594624,72.8213636
Joshi Ground,leisure:park,Mumbai,18.948306,72.7957589
Aditya Birla Park,leisure:park,Mumbai,18.9514565,72.7930645
Priyadarshini Park,leisure:park,Mumbai,18.9578763,72.7990559
Amarson's Park,leisure:park,Mumbai,18.9694989,72.8022065
Pherozeshah Mehta Gardens (Hanging Gardens),leisure:park,Mumbai,18.9566065,72.8048197
Lal Bahadur Shastri Udyan,leisure:park,Mumbai,18.9988803,72.8139877
Kamala Nehru Park,leisure:park,Mumbai,18.95502,72.8048767
Desai Park,leisure:park,Mumbai,19.0377645,72.8445727
CPRA Greens,leisure:park,Mumbai,18.9154218,72.8222886
Baby Garden,leisure:park,Mumbai,18.9732738,72.8240105
Horniman Circle Garden,leisure:park,Mumbai,18.9319765,72.8350219
August Kranti Maidan,leisure:park,Mumbai,18.9623097,72.8102102
Banganga Garden,leisure:park,Mumbai,18.9449993,72.7932876
Nare Park,leisure:park,Mumbai,18.9997522,72.8389527
Johnson & Johnson Garden,leisure:park,Mumbai,18.9747267,72.8059492
Vasant Dada Patil Udyan,leisure:park,Mumbai,18.9722577,72.8184302
kalina university,leisure:park,Mumbai,19.0807277,72.8615562
Mumbai Port Trust Garden,leisure:park,Mumbai,18.9106238,72.8239881
Essel World and Water Kingdom,leisure:park,Mumbai,19.2327497,72.8055268
J.R Mehta Udyan,leisure:park,Mumbai,19.0378192,72.85817
BEST Garden,leisure:park,Mumbai,19.0440797,72.8630903
P. Jawaharlal Nehru Park,leisure:park,Mumbai,19.0463082,72.8676536
Maharashtra Nature Park,leisure:park,Mumbai,19.0525249,72.8614629
Kabutarkhana,leisure:park,Mumbai,18.9531553,72.8277082
Shreeman Kherajbhai Ladiwala Chowk,leisure:park,Mumbai,18.9580785,72.8281359
Sitaram Shinoy Garden,leisure:park,Mumbai,18.9616323,72.8379518
Tilak Udyan,leisure:park,Mumbai,19.1131118,72.8332678
Ecole Mondial Ground,leisure:park,Mumbai,19.1123667,72.833418
Pushpa Narsee Park,leisure:park,Mumbai,19.1047889,72.8306353
OPEN GARDENAL SPACES,leisure:park,Mumbai,19.1047218,72.8313702
Bharatratna Doctor Babasaheb Ambedkar Kridangan,leisure:park,Mumbai,19.1369672,72.8212505
Kamalakarpant Walawalkar Udyan,leisure:park,Mumbai,19.1529561,72.8291574
Walter De Souza Park,leisure:park,Mumbai,18.9424729,72.8275639
Nehru Maidan,leisure:park,Mumbai,19.2193604,73.0938187
Vishwanath Guruji Park,leisure:park,Mumbai,19.1720246,72.8524121
Central Park,leisure:park,Mumbai,19.2573065,72.9798533
Observation Post (Chotta Kashmir),leisure:park,Mumbai,19.1623599,72.87317
Tilak Nagar Municipal Ground/ Sahyadri Garden,leisure:park,Mumbai,19.0692581,72.8978688
"Garden E, Five Gardens",leisure:park,Mumbai,19.0201251,72.8538406
Mahatma Gandhi Udyan,leisure:park,Mumbai,18.9893531,72.8351332
GaramKhada Maidan,leisure:park,Mumbai,18.9907537,72.8360584
Veer Kotwal Udyan,leisure:park,Mumbai,19.0213807,72.8424612
Bharatvan,leisure:park,Mumbai,19.1231323,72.8857278
Kedarnath Guruju Udyan,leisure:park,Mumbai,19.026921,72.8535221
Bhuva Garden,leisure:park,Mumbai,19.022044,72.8583589
Maharshi Karve Park,leisure:park,Mumbai,19.0183179,72.8581597
Liberty Garden,leisure:park,Mumbai,19.1878558,72.8414962
Veer Savarkar Udyan,leisure:park,Mumbai,19.2272569,72.8501249
Poisar Gymkhana,leisure:park,Mumbai,19.2111916,72.8455539
Ram Leela Maidan,leisure:park,Mumbai,19.1866518,72.8512138
Muktanand Park,leisure:park,Mumbai,19.0821808,72.831583
Rotary Park,leisure:park,Mumbai,19.0777424,72.8306578
Union Park Eco Garden,leisure:park,Mumbai,19.0718932,72.8244714
Damodar Park,leisure:park,Mumbai,19.0955385,72.9164792
Vasudev Balwant Phadke Park,leisure:park,Mumbai,19.046591,73.0688427
B.N. Maheshwari Udyan,leisure:park,Mumbai,19.0268562,72.8554057
Late Shri D.K. Sandu Udyan,leisure:park,Mumbai,19.0561387,72.8977644
Mahatma Gandhi Garden,leisure:park,Mumbai,18.928316,72.824922
Brihan Mumbai Municipal Corporation Park,leisure:park,Mumbai,19.1372911,72.8141494
Swatantra Senani Janardan Rama Patil Park,leisure:park,Mumbai,19.1377142,72.8158301
Lions Juhu Garden,leisure:park,Mumbai,19.0841005,72.8340111
Laxmikant Berde Garden,leisure:park,Mumbai,19.1396585,72.8132472
Nana Nani Park,leisure:park,Mumbai,19.1276784,72.8183949
Rink Football Ground,leisure:park,Mumbai,19.0540088,72.8797201
Fountain Garden,leisure:park,Mumbai,19.0539632,72.8801209
Hemu Kalani Manoranjan Maidan,leisure:park,Mumbai,19.1395288,72.829035
Chattrapati Shivaji Joggers Park,leisure:park,Mumbai,19.1455869,72.8211666
BMC Forest Theme Garden,leisure:park,Mumbai,19.1734257,72.8331912
Patwardhan Park,leisure:park,Mumbai,19.0643055,72.8341143
Muktadevi Manoranjan Udyan,leisure:park,Mumbai,19.0545195,72.8746965
Play Area,leisure:park,Mumbai,19.0507573,72.8687364
Chacha Nehru Park,leisure:park,Mumbai,19.1321286,72.8227307
Worli Sports Club,leisure:park,Mumbai,19.0149946,72.8215121
Pramod Mahajan Krirangan,leisure:park,Mumbai,19.1433868,72.8214744
The Grand Hamvi Garden,leisure:park,Mumbai,19.1392301,72.8366129
Cooperage Garden,leisure:park,Mumbai,18.9257208,72.8288833
BMC Garden,leisure:park,Mumbai,18.9228842,72.8338002
Ambedkar Garden,leisure:park,Mumbai,19.0599367,72.90059
Rani Laxmi Bai Udyan,leisure:park,Mumbai,19.0425174,72.8638508
Rajiv Gandhi Park,leisure:park,Mumbai,19.0870848,73.0055647
Dr. Chintamani Deshmukh Garden,leisure:park,Mumbai,19.1728045,72.9599551
Katrak Park,leisure:park,Mumbai,19.0608393,72.8230049
Millenium Park,leisure:park,Mumbai,19.0231333,73.0215903
Holi Maidan,leisure:park,Mumbai,19.0469047,72.8552253
Sheila Raheja Park,leisure:park,Mumbai,19.1273435,72.8197631
Mandapeshwar Civic Federation Garden,leisure:park,Mumbai,19.2357717,72.8533231
Nana Nani Munna Munni Park,leisure:park,Mumbai,19.0725158,72.9032851
Wonders Park,leisure:park,Mumbai,19.0251233,73.0259807
Madhu Park,leisure:park,Mumbai,19.0715198,72.8356653
Mala Garden,leisure:park,Mumbai,19.0422536,72.8710727
Nandadeep Park,leisure:park,Mumbai,19.0532823,72.8462856
Central Garden,leisure:park,Mumbai,19.0507286,72.8213099
Smt. Ramdevi Sobhraj Bajaj Arya Vidya Mandir Ground,leisure:park,Mumbai,19.1128181,72.8326105
Oshiwara Mahada Garden,leisure:park,Mumbai,19.1497355,72.830765
Lokhandwala Garden,leisure:park,Mumbai,19.1452622,72.8269146
Public Park,leisure:park,Mumbai,19.0434772,72.9249925
Subhash Chandra Bose Garden,leisure:park,Mumbai,19.0874273,72.9151203
Ameet Satam Garden,leisure:park,Mumbai,19.1123921,72.8375019
Ranchhod Padhiyar Udhyan,leisure:park,Mumbai,19.2210126,72.8308198
Vijay Salaskar Park,leisure:park,Mumbai,19.1398356,72.86959
BMC Ground,leisure:park,Mumbai,19.2177943,72.8317259
Maharashtra Cricket Association (MCA) ground,leisure:park,Mumbai,19.2148196,72.842558
Chintamani Park,leisure:park,Mumbai,19.2244485,72.8413491
Chikoowadi Park,leisure:park,Mumbai,19.2220939,72.8394648
Bhakti Park,leisure:park,Mumbai,19.0276185,72.8809173
Mahatma Jyotiba Phule Park,leisure:park,Mumbai,19.0731453,72.8281555
Bayview Marina,leisure:park,Mumbai,18.9165537,72.8206986
Jogging Park,leisure:park,Mumbai,19.2097618,72.8723441
Vasant Vihar Joggers Park,leisure:park,Mumbai,19.2214218,72.9660714
Vasant Vihar Central Garden,leisure:park,Mumbai,19.2221751,72.9666782
Rutu Enclave,leisure:park,Mumbai,19.263116,72.9672802
Rohan's Park,leisure:park,Mumbai,19.2635643,72.9704169
Westbourne Park,leisure:park,Mumbai,19.2275872,72.971902
Navi wadi Garden,leisure:park,Mumbai,18.9503008,72.8249634
Zaoba Wadi Garden,leisure:park,Mumbai,18.950594,72.824834
s.k patil garden,leisure:park,Mumbai,18.9492724,72.8220534
Jijamata,leisure:park,Mumbai,19.0939783,72.894633
Mango Park,leisure:park,Mumbai,19.0262359,73.0400808
Ground,leisure:park,Mumbai,19.0621637,72.8448561
Ambedkar Park,leisure:park,Mumbai,19.060522,72.8493569
Shivaji Rao Patil Park,leisure:park,Mumbai,19.1072536,73.0090245
Society Park,leisure:park,Mumbai,19.0998334,73.0095592
Rana Devi Park,leisure:park,Mumbai,19.1081827,72.9987737
Krantisimha Nana Patil Udyan,leisure:park,Mumbai,19.0977398,73.0035168
NMMC Park KK,leisure:park,Mumbai,19.0985468,72.9956836
Sai Baba Park,leisure:park,Mumbai,19.1923325,72.8325013
KUMAR BHUPESH GARDEN,leisure:park,Mumbai,19.0552312,72.9225089
play ground,leisure:park,Mumbai,19.0626722,72.9017833
kashish kids park,leisure:park,Mumbai,19.0683591,72.9220609
Lal Maidan,leisure:park,Mumbai,19.0640054,72.8934312
Meenatai Thakre Udyan,leisure:park,Mumbai,19.0982042,72.9177983
mongo gardan,leisure:park,Mumbai,19.0214396,73.0886431
Sadguru Kadam Baba Udyan,leisure:park,Mumbai,19.063757,72.899356
Shahu Garden,leisure:park,Mumbai,19.0620778,72.9195646
Arya Bhat Garden,leisure:park,Mumbai,19.1695032,72.9533731
Sardar Tarasingh Garden,leisure:park,Mumbai,19.1642763,72.9640661
Manoranjan,leisure:park,Mumbai,19.1723593,72.9678467
Vijay Nagar Garden,leisure:park,Mumbai,19.1712098,72.9522854
Kalidas Garden,leisure:park,Mumbai,19.1727401,72.9488859
Lala Tulshiram Park,leisure:park,Mumbai,19.1763053,72.9473006
Shiv Shrusti ground,leisure:park,Mumbai,19.0579555,72.8811011
CIDCO Park,leisure:park,Mumbai,19.0498115,73.0732925
KG Park,leisure:park,Mumbai,19.2979962,72.8454985
kids only,leisure:park,Mumbai,19.170741,72.8516412
ramraj park,leisure:park,Mumbai,19.1420369,72.8479131
A.S.L park,leisure:park,Mumbai,19.2578492,72.8544682
dyna park,leisure:park,Mumbai,19.1365833,72.8600065
public park,leisure:park,Mumbai,18.9613657,72.8367569
Vardhaman Fantasy,leisure:park,Mumbai,19.2893838,72.8667716
Colaba Woods Garden,leisure:park,Mumbai,18.9133491,72.81909
Mahakali A.L.M. Park,leisure:park,Mumbai,19.1348961,72.8703561
Lokmanya Tilak Udyan,leisure:park,Mumbai,18.9548676,72.8134703
Kilachand Garden (Chowpatty Bandstand),leisure:park,Mumbai,18.9555432,72.8076111
Public Garden,leisure:park,Mumbai,18.9661185,72.8059906
Lalit Lawn,leisure:park,Mumbai,19.0308708,72.9276354
Usha Suresh Patil Udhan,leisure:park,Mumbai,19.0611758,72.9132914
Almeida Park,leisure:park,Mumbai,19.0575629,72.8314705
Yashwantrao Chavan Udyan,leisure:park,Mumbai,19.3109814,72.8613614
City Park,leisure:park,Mumbai,19.0556433,72.8540421
swami vivekanand garden,leisure:park,Mumbai,19.0459983,72.838936
Yashwant Rao Chavan Park,leisure:park,Mumbai,19.1468573,72.9877556
Dr Babasaheb Ambedkar Udyan,leisure:park,Mumbai,19.1470976,72.9887434
Peer Sayad Badsaha Miya Udhyan,leisure:park,Mumbai,19.1454638,72.9960581
Airoli Sec 6 Garden,leisure:park,Mumbai,19.1449005,72.9978122
Shri Baji Prabhu Udyan,leisure:park,Mumbai,19.1507115,72.9941557
Rajiv Gandhi Udyan,leisure:park,Mumbai,19.1583472,72.9947882
"नवी मुंबई महानगरपालिका अधिकृत पार्क, ऐरोली सेक्टर २०",leisure:park,Mumbai,19.1622469,72.9902248
Mindspace Garden,leisure:park,Mumbai,19.1615916,73.0024963
Sardar Vallabhbhai Patel Park,leisure:park,Mumbai,19.0911606,73.0070702
Brahma Kumari's Peace Park,leisure:park,Mumbai,19.0841826,73.0034593
Gorakshnath Palve Park,leisure:park,Mumbai,19.0814054,73.0038631
Dr. Babasaheb Ambedkar Park,leisure:park,Mumbai,19.0803266,72.9973433
Harit Tata Park,leisure:park,Mumbai,19.0757829,72.9952379
Veermata Jijabai Park,leisure:park,Mumbai,19.0704325,72.9960683
Tukaram Maharaj Park,leisure:park,Mumbai,19.0617982,73.0128008
Shivaji Garden,leisure:park,Mumbai,19.0443665,73.0154241
CIDCO Garden,leisure:park,Mumbai,19.0425376,73.0166728
Bhausaheb Shere Garden,leisure:park,Mumbai,19.0415352,73.0180409
"Pandit Rama Bhagat Park, nerul",leisure:park,Mumbai,19.0397896,73.0141713
Chhatrapati Sambhaji Raje Park,leisure:park,Mumbai,19.0364114,73.0094184
Talav Park,leisure:park,Mumbai,19.0335571,73.011661
"Rock Garden, Nerul",leisure:park,Mumbai,19.0302075,73.02012
NMMC Park,leisure:park,Mumbai,19.0091101,73.0343975
Building 18 playground,leisure:park,Mumbai,19.0031753,73.0166919
Mahadev Mungaji Gharat Park,leisure:park,Mumbai,19.0317575,73.0605321
Kasturba Park,leisure:park,Mumbai,19.030125,73.0411485
Ganesh Udhyan,leisure:park,Mumbai,19.0323571,73.0422646
Parsik Hill Park,leisure:park,Mumbai,19.0223299,73.0327276
Mother Teresa Garden,leisure:park,Mumbai,19.028362,73.0234519
sumitbhai park,leisure:park,Mumbai,19.1545522,72.9944019
Sun Infotech Park,leisure:park,Mumbai,19.1963673,72.9567665
R R Patil Garden,leisure:park,Mumbai,19.1739517,72.9707471
ayooshi park,leisure:park,Mumbai,19.0102651,72.8188325
Adya Shankaracharya Garden,leisure:park,Mumbai,19.0078832,72.8164751
Shrikant Thakrey BMC Park,leisure:park,Mumbai,19.2164483,72.8711655
Thakur Stadium,leisure:park,Mumbai,19.2082423,72.8751286
Jari Mari Udhyan,leisure:park,Mumbai,19.2541252,72.8646346
ACHARYA VINOBA BHAVE UDYAN,leisure:park,Mumbai,19.2532226,72.8553496
BMC Tukaram Park,leisure:park,Mumbai,19.248847,72.8461696
Mother Teresa Park,leisure:park,Mumbai,19.2458168,72.8461236
yogi garden,leisure:park,Mumbai,19.2343282,72.8431192
Abhinav-Vasant Jogger's Park,leisure:park,Mumbai,19.227333,72.8424553
Balaji Recreational Park,leisure:park,Mumbai,19.2219167,72.8344001
P L Deshpande Garden,leisure:park,Mumbai,19.2262142,72.8403696
Jawaharlal Nehru Udyana,leisure:park,Mumbai,19.2178615,72.8444645
Sardar Vallabhbai Park,leisure:park,Mumbai,19.2146688,72.8454562
Sector 3 Musical Theme Park,leisure:park,Mumbai,19.2177418,72.8325301
Cidco Park,leisure:park,Mumbai,19.0460915,73.0758393
Dadabhai Naoroji Udyan,leisure:park,Mumbai,19.1291011,72.817
Sardar Pratap Singh Manoranjan Maidan,leisure:park,Mumbai,19.180726,72.9388347
Pestom Sagar Citizens Ground,leisure:park,Mumbai,19.0705952,72.9047531
Dr. Keshav Baliram Hedgewar Garden,leisure:park,Mumbai,19.0730464,72.9049638
VES ground,leisure:park,Mumbai,19.0433045,72.8898015
N Ward Park,leisure:park,Mumbai,19.0974525,72.9189296
Rajmata Ahilyabai Holkar Udyan,leisure:park,Mumbai,19.060902,72.8720958
Chacha Nehru Children Garden,leisure:park,Mumbai,19.3165375,72.8582439
Matoshree Ramabai Thackrey Udyan,leisure:park,Mumbai,18.999877,72.8262555
Shree Ganesh Udyan-Tilak Nagar,leisure:park,Mumbai,19.067434,72.8962122
Maharashtra Ekyavardak Ground,leisure:park,Mumbai,19.0670294,72.8955241
Rock Garden- Vrindavan Colony,leisure:park,Mumbai,19.0718583,72.8998523
Khandeshwar Udyan,leisure:park,Mumbai,19.0117375,73.1085079
Gopinath Munde Garden,leisure:park,Mumbai,19.0080356,73.1140585
Sadhu Vaswani Garden,leisure:park,Mumbai,19.0599762,72.8373084
Munisurat Garden Pillar,leisure:park,Mumbai,19.0849391,72.9040416
rajawadi fish  garden,leisure:park,Mumbai,19.0807462,72.9018368
Rajawadi Garden,leisure:park,Mumbai,19.0781917,72.9022537
Ekta Vihar Park,leisure:park,Mumbai,19.0281561,73.0297128
bharwadi ground,leisure:park,Mumbai,19.1264855,72.8439663
Nisarga Udyan,leisure:park,Mumbai,19.2325878,72.8647066
Cidco Sector-7 Park,leisure:park,Mumbai,19.0360264,73.0639429
Musical Instrument Park,leisure:park,Mumbai,19.0582436,73.0654867
Hasta Mudra Park,leisure:park,Mumbai,19.0581146,73.0697359
Play Park,leisure:park,Mumbai,19.0557503,73.0664414
Samagam Area,leisure:park,Mumbai,19.0559545,73.0690862
East Gorge Park,leisure:park,Mumbai,19.2281058,72.9737566
Shahaji park,leisure:park,Mumbai,19.1854857,72.8456247
Sector-12 Park,leisure:park,Mumbai,19.0905132,73.0022542
The Seawoods Esates Club Lawn Park,leisure:park,Mumbai,19.0032498,73.0143379
Seawoods Estates Skating Park,leisure:park,Mumbai,19.0026498,73.0146767
Patni Ground,leisure:park,Mumbai,19.1781431,72.9928
Shahir Damodar Vitawkar Play Ground,leisure:park,Mumbai,19.1889185,72.9880497
rai pada,leisure:park,Mumbai,19.1830063,72.8459945
Seawoods Estates - Nana Nani Park,leisure:park,Mumbai,19.0037949,73.0140767
Triangle Park Near Rotunda,leisure:park,Mumbai,19.0023584,73.0157078
Sector-20 Park,leisure:park,Mumbai,19.04766,73.0703763
Common Park,leisure:park,Mumbai,19.0027294,73.0143444
Common Park 2,leisure:park,Mumbai,19.0027461,73.014116
Bamboo Park,leisure:park,Mumbai,19.0041655,73.0155553
Samreen park,leisure:park,Mumbai,19.0069634,73.0165449
N.L.Garden,leisure:park,Mumbai,19.2619794,72.865292
G.S.B,leisure:park,Mumbai,19.260998,72.8640189
Geetanjali Gardens,leisure:park,Mumbai,19.24848,72.8543613
Heritage Gardens,leisure:park,Mumbai,19.1144373,72.9110994
General Arun Kumar Vaidya Garden,leisure:park,Mumbai,19.0528347,72.830789
abhinav nagar badminton court,leisure:park,Mumbai,19.2316861,72.8714075
abhinav nagar garden and ground,leisure:park,Mumbai,19.2314232,72.8680589
chintamani Garden,leisure:park,Mumbai,19.1732313,72.9600736
August Kranti Garden,leisure:park,Mumbai,18.9624636,72.8106762
Golden Square Park,leisure:park,Mumbai,19.073488,72.8642621
Golden Square 2nd Building Park,leisure:park,Mumbai,19.0735638,72.8649981
Prabodhankar Thakre Manoranjan Udyan,leisure:park,Mumbai,19.1086649,72.9166893
Chhatrapati Shivaji Maharaj Park,leisure:park,Mumbai,19.0543107,72.8702275
Brihanmumbai Mahanagar Palika Garden,leisure:park,Mumbai,19.0530135,72.8698876
BWSL Promenade,leisure:park,Mumbai,19.0471015,72.8319564
Renukacharya Park,leisure:park,Mumbai,19.0325469,73.0217907
Veer Savarkar Park,leisure:park,Mumbai,19.0757207,72.9868044
MM Chhotani Garden,leisure:park,Mumbai,19.0397694,72.8439383
Mata Lachmi Garden,leisure:park,Mumbai,19.03495,72.8601589
Dubashi,leisure:park,Mumbai,19.0979221,72.8512903
Dr. Babasaheb Ambedkar Udyan,leisure:park,Mumbai,19.1288937,72.8968728
Triangle Park,leisure:park,Mumbai,19.0043536,73.0176663
Bonsai Park,leisure:park,Mumbai,19.0019093,73.0159511
Flower Park,leisure:park,Mumbai,19.0019463,73.0145237
Sheila Raheja Garden,leisure:park,Mumbai,19.1795567,72.8763077
Seawoods Theme Park,leisure:park,Mumbai,19.0132303,73.0162916
Sant Dnyaneshwar Mauli Park,leisure:park,Mumbai,19.0141076,73.0170576
Parulekar Udyan,leisure:park,Mumbai,19.2013165,72.9695968
Junjar Ground,leisure:park,Mumbai,19.100546,72.8928957
Aji Ajoba Park,leisure:park,Mumbai,19.0936452,72.8507059
Meenatai Thakrey Udhyan,leisure:park,Mumbai,19.2161881,73.0823974
Panchasheel Joggers Park,leisure:park,Mumbai,19.2128118,72.8394248
kapol garden/kvis park,leisure:park,Mumbai,19.2099902,72.8430724
Kamala Vihar Joggers Park,leisure:park,Mumbai,19.2119582,72.842601
raj residency 2 back area,leisure:park,Mumbai,19.2109489,72.8422952
Malla Park,leisure:park,Mumbai,19.0636823,72.8259825
Hiranandani Garden,leisure:park,Mumbai,19.1191917,72.9071959
Glen Society Garden,leisure:park,Mumbai,19.1150063,72.9104804
MCGM park,leisure:park,Mumbai,19.2094338,72.84648
Mount Blanc Park,leisure:park,Mumbai,18.9634897,72.8039594
Bhagshala maidan,leisure:park,Mumbai,19.2221731,73.0882755
Dombivli East Pasrk,leisure:park,Mumbai,19.2206328,73.0905964
Sawarkar Garden,leisure:park,Mumbai,19.2114024,73.0886722
Traffic Gardeb Park,leisure:park,Mumbai,19.2122446,73.089816
Rambhau Mhalagi Udyan,leisure:park,Mumbai,19.2201383,73.0964798
Vahatuk Nagar Vollyball Ground,leisure:park,Mumbai,19.1296489,72.8447442
APJ Abdul Kalam Entertainment Park,leisure:park,Mumbai,19.1744379,72.9747225
Jijau Udyan,leisure:park,Mumbai,19.1834516,72.967038
Shaheed Udyan Park,leisure:park,Mumbai,19.2001193,72.9690207
Hirwe Guruji Smarak,leisure:park,Mumbai,18.987434,73.1117359
Signature Garden,leisure:park,Mumbai,18.968395,72.8030116
Ashok Kamte Park,leisure:park,Mumbai,19.1380631,72.8682867
Damodar Pandu Vaiti Manoranjan Maidan,leisure:park,Mumbai,19.1753404,72.9642855
Gandhinagar Park,leisure:park,Mumbai,19.1779407,72.9632778
Grand Paradi Park,leisure:park,Mumbai,18.9627115,72.8045279
Rodas Enclave Common Park,leisure:park,Mumbai,19.2582419,72.986924
Karave Park,leisure:park,Mumbai,19.0197175,73.0129774
Mahatma Phule Garden,leisure:park,Mumbai,19.0202048,73.0155345
Forest Park,leisure:park,Mumbai,19.1133024,72.9074704
Rajiv Gandhi Garden,leisure:park,Mumbai,18.9772944,73.1142221
Grass Park,leisure:park,Mumbai,19.0194013,73.0088579
Gaondevi Park,leisure:park,Mumbai,19.0394236,73.0109579
Water tank park,leisure:park,Mumbai,19.3053848,72.8528065
Krantisinha Nana Patil Park,leisure:park,Mumbai,19.0097685,73.0157516
Turbhe Park,leisure:park,Mumbai,19.0756104,73.0155796
R.R Patil Garden,leisure:park,Mumbai,19.033086,73.0265142
Hemant Karkare Park,leisure:park,Mumbai,19.1363017,72.8663727
Chincholi Park,leisure:park,Mumbai,19.0467068,73.0181905
"Anna Saheb Park, nerul",leisure:park,Mumbai,19.0381584,73.0164569
Sardar Vallabhai Patel Park,leisure:park,Mumbai,19.0377259,73.0227277
"Sector-9 Park, NERUL",leisure:park,Mumbai,19.0394157,73.0230035
Annabhau Sathe Park,leisure:park,Mumbai,19.0353694,73.019987
Rajmata Jijau Park,leisure:park,Mumbai,19.0425426,73.0101354
Sector-4 Park,leisure:park,Mumbai,19.0455355,73.0111869
Swing Garden,leisure:park,Mumbai,19.1057253,72.9214448
Meenatai Thackrey Park,leisure:park,Mumbai,19.0709876,72.9996194
Krantiveer Nana Patil Park,leisure:park,Mumbai,19.0794974,73.002583
Dharmveer Anand Saheb Park,leisure:park,Mumbai,19.0328608,73.0095377
ALM 116 Park,leisure:park,Mumbai,19.0578015,72.8256999
Kalpana Chawla Park,leisure:park,Mumbai,19.0318478,73.0229956
Ganesh Udyan Park,leisure:park,Mumbai,19.1825057,72.9633204
Gymkhana,leisure:park,Mumbai,19.1346104,72.9124443
Gyankalash Park,leisure:park,Mumbai,19.071218,72.9894546
Golpha Devi Park,leisure:park,Mumbai,19.0215844,72.816251
Nehru Park,leisure:park,Mumbai,19.0431441,73.020079
Adi Shankaracharaya Park,leisure:park,Mumbai,19.0285121,73.0225921
Children's Park,leisure:park,Mumbai,19.0396551,73.0214347
Samaj Mandir Park,leisure:park,Mumbai,19.0391234,73.0214169
Swami Mohananand Giriji Maharaj Park,leisure:park,Mumbai,19.0642092,73.0122782
Lokmanya Tilak Udyan Park,leisure:park,Mumbai,19.1886903,72.9735876
Nanasaheb Dharmadhikari Park,leisure:park,Mumbai,19.0597041,73.0022164
Sports Authority of India Ground,leisure:park,Mumbai,19.1976989,72.8617713
Chikaleshwar Garden,leisure:park,Mumbai,19.1062909,73.0040494
Guru Tegh Bahadur Park,leisure:park,Mumbai,19.0999798,72.9979388
H B Shivdasani Udyan,leisure:park,Mumbai,19.0410939,72.8602356
Verona Garden,leisure:park,Mumbai,19.1139696,72.9092293
Upvan Ground,leisure:park,Mumbai,19.2204472,72.9576042
Dr. B. R. Ambedkar Maidan,leisure:park,Mumbai,19.1568257,72.8387374
Trikoni Maidan,leisure:park,Mumbai,19.1546312,72.8385892
Sarvoday Udyan,leisure:park,Mumbai,19.1825841,72.9726649
M.G. Garden,leisure:park,Mumbai,19.1922071,72.9767556
Jawaharlal Nehru Children’s Garden,leisure:park,Mumbai,19.1921354,72.978546
Jesth Nagrik Park,leisure:park,Mumbai,19.1827849,72.9662906
Shrikant Doshi Udyan,leisure:park,Mumbai,19.0379056,72.8634283
Etlenta Park,leisure:park,Mumbai,19.0564784,72.9252569
Ashok Kamte Manoranjan Udyan Govandi,leisure:park,Mumbai,19.0630166,72.9125999
Siddharth Garden,leisure:park,Mumbai,19.0581035,72.9125006
Vallabhai park,leisure:park,Mumbai,19.1111933,72.8439259
Picnic Point Garden,leisure:park,Mumbai,19.1371344,72.8825015
Shree Raghvendra Swami Dhyan Udyan,leisure:park,Mumbai,19.1635592,72.9416388
Village Park,leisure:park,Mumbai,19.0810543,72.88277
Sector-6 Park,leisure:park,Mumbai,19.0444432,73.0088891
"Garden C, Five Gardens",leisure:park,Mumbai,19.0203317,72.8543897
Swatantra Veer Sawarkar Park,leisure:park,Mumbai,19.0344799,73.0425976
Mathadi Park,leisure:park,Mumbai,19.0778241,73.0094708
Ekta Ground,leisure:park,Mumbai,19.2187324,72.8457069
Kids Park,leisure:park,Mumbai,19.1659835,72.9355495
Linear Park by Lodha,leisure:park,Mumbai,19.0016349,72.827149
Lions Garden,leisure:park,Mumbai,19.0762999,72.9059524
Niranjanlal Dalmiya Udyan,leisure:park,Mumbai,19.1821196,72.9779788
Ashok Nagar BMC Park,leisure:park,Mumbai,19.1990755,72.8554343
BMC recreational park,leisure:park,Mumbai,19.1969339,72.8550877
Swayambhu playground,leisure:park,Mumbai,19.1966052,72.8557301
Punkyashloka Ahilyabai Holkar Udyaan,leisure:park,Mumbai,19.2001465,72.8578138
Nana nani park,leisure:park,Mumbai,19.1993796,72.8566957
Shreyas Garden Park,leisure:park,Mumbai,19.0947342,72.9131792
Kirol Garden,leisure:park,Mumbai,19.0804161,72.8973119
Bahinabai Garden,leisure:park,Mumbai,19.2052717,73.0869723
Kharghar Park,leisure:park,Mumbai,19.0466939,73.0792817
Solitaire Towers Garden,leisure:park,Mumbai,19.2336127,72.9756033
Local Park,leisure:park,Mumbai,19.0032697,72.8458155
SIES Lawn,leisure:park,Mumbai,19.0433264,73.0234734
Bhagwan Gautam Buddha Udyan,leisure:park,Mumbai,19.0085092,72.8150808
Sangeetkar Shrinivas Khale udyan,leisure:park,Mumbai,19.2213876,72.9580016
Rajawadi Joggers Park,leisure:park,Mumbai,19.0788463,72.9004216
Municipal Garden,leisure:park,Mumbai,19.2179538,72.837326
Jogger's Park,leisure:park,Mumbai,19.2179736,72.8387825
Brihanmumbai Mahanagar Palika Manoranjan Maidan,leisure:park,Mumbai,19.2177898,72.8388423
Memonwada Playground,leisure:park,Mumbai,18.957439,72.832623
Ganesh Visharjan Talao Park,leisure:park,Mumbai,19.1453551,72.9919861
Fulpakhru Park,leisure:park,Mumbai,19.2220831,72.8665994
At lake park,leisure:park,Mumbai,19.299011,72.8498603
Nagar Bhavan,leisure:park,Mumbai,19.2993765,72.8491755
Civic Park,leisure:park,Mumbai,19.2230836,72.8488973
BMC Sadguru Shree Wamanrao Pai Manoranjan Udyan Kastur Park,leisure:park,Mumbai,19.2249299,72.8458758
BMC PARK AND GARDEN,leisure:park,Mumbai,19.2154595,72.8414248
Shri Golwalkar Guruji Udyan,leisure:park,Mumbai,19.215456,72.8452003
Palm Garden,leisure:park,Mumbai,19.1977304,72.8219278
Shivaji,leisure:park,Mumbai,19.2282959,73.0790582
Mother Teresa Brihanmumbai Mahanagarpalika Udyan,leisure:park,Mumbai,19.0821001,72.8850282
Mahanagarpalika Udyan,leisure:park,Mumbai,19.0778488,72.8847325
Aaji Ajoba Udyan,leisure:park,Mumbai,19.2206086,73.1006874
MIDC Garden,leisure:park,Mumbai,19.1888831,72.955552
Hajuri Garden,leisure:park,Mumbai,19.1946485,72.9567131
Saro Plaza Garden area,leisure:park,Mumbai,19.2210465,73.1004753
mhada recreation ground,leisure:park,Mumbai,19.2225358,72.8309862
Divya Joggers Park,leisure:park,Mumbai,19.199032,72.8220208
Public park,leisure:park,Mumbai,19.2198793,73.0733532
Sardar Vallabhai Patel Garden,leisure:park,Mumbai,19.1993511,72.8453911
Evershine Dream Park,leisure:park,Mumbai,19.2126475,72.8755961
Baba Shaheb Bhimrao Ambedkar Park,leisure:park,Mumbai,19.1852487,72.8592574
BMC garden,leisure:park,Mumbai,19.2038664,72.8448115
Gigaplex Garden,leisure:park,Mumbai,19.1748672,72.992536
Gol Garden,leisure:park,Mumbai,19.0900054,72.8349449
Kishore Kumar Park,leisure:park,Mumbai,19.1110506,72.8328959
MRF Ground,leisure:park,Mumbai,19.1429922,72.827469
Walawalkar Udyan,leisure:park,Mumbai,19.1407977,72.8228265
Chinchwali Garden,leisure:park,Mumbai,19.14929,72.9958872
Annasaheb Patil Garden,leisure:park,Mumbai,19.1490397,72.9940635
BMC Dadoji Kondev Playground,leisure:park,Mumbai,19.2124602,72.8719532
TBAF joggers park,leisure:park,Mumbai,19.2097737,72.8723403
Oberoi Gardens Main Garden,leisure:park,Mumbai,19.2099169,72.8697873
Mcgm playground at thakur village,leisure:park,Mumbai,19.2062787,72.8758826
Children Knowledge & Forest Park,leisure:park,Mumbai,19.1132267,72.8290814
Udyan,leisure:park,Mumbai,19.2213987,72.8327288
Recreational Park,leisure:park,Mumbai,19.2211746,72.8381641
Atal Bihari Vajpayee Park,leisure:park,Mumbai,19.2235364,72.8428632
BMC Playground,leisure:park,Mumbai,19.2460029,72.8490129
BMC Fish Park,leisure:park,Mumbai,19.2484047,72.8461986
Rock Park,leisure:park,Mumbai,19.2532242,72.8486283
BMC Navagaon Park,leisure:park,Mumbai,19.2547892,72.8502091
BMC Kaderpada Park,leisure:park,Mumbai,19.2552778,72.8508729
Vilasrao Deshmukh Park,leisure:park,Mumbai,19.1983925,72.8756231
Gundecha Park,leisure:park,Mumbai,19.2123567,72.8770786
Chhatrapati Shivaji Udyan Park,leisure:park,Mumbai,19.1296119,72.8590036
Shri Harishchandra Sharma Playground,leisure:park,Mumbai,19.1230317,72.9172522
Cinema Ground,leisure:park,Mumbai,19.1247642,72.9176499
Sharma Garden,leisure:park,Mumbai,19.1244611,72.9186299
MHADA Playground,leisure:park,Mumbai,19.2205125,72.8342549
Rani Laxmi Bai Park,leisure:park,Mumbai,19.239627,72.8412093
Gorai Udyan,leisure:park,Mumbai,19.2262701,72.8311753
Gaurav Garden Park,leisure:park,Mumbai,19.2141587,72.8332671
Shree Duttguru Sangharsh Park,leisure:park,Mumbai,19.2165643,72.8183172
Pramod Navalkar Udyan,leisure:park,Mumbai,19.2082918,72.8600254
मुंबई महापालिका गार्डन,leisure:park,Mumbai,19.136958,72.8640131
Vijay Salaskar park,leisure:park,Mumbai,19.1375115,72.8657142
Shree Swami Samarth Udyan,leisure:park,Mumbai,19.1311083,72.8642134
Lalji Mehrotra Technical Playground,leisure:park,Mumbai,19.1315859,72.8635205
Children playground,leisure:park,Mumbai,19.1324091,72.863397
Swapnapurti Ganesh Playground,leisure:park,Mumbai,19.1347992,72.8648061
Major Unikrishnan Udyan,leisure:park,Mumbai,19.135656,72.865085
Rajeshwar society park,leisure:park,Mumbai,19.1400208,72.8631094
Takshila Park,leisure:park,Mumbai,19.1315161,72.8683138
MMRDA GROUND,leisure:park,Mumbai,19.1377551,72.8718325
Sensory Park,leisure:park,Mumbai,19.057292,73.014787
Ganesh maidan,leisure:park,Mumbai,19.1331956,72.8631456
MHADA Play Ground,leisure:park,Mumbai,19.1330284,72.867606
Dyna Play Ground,leisure:park,Mumbai,19.1363064,72.8606535
Dinkar Park,leisure:park,Mumbai,19.0789734,72.8440679
park 2,leisure:park,Mumbai,19.0744586,72.8859827
Sarvoday Playground,leisure:park,Mumbai,19.2943512,72.8588254
Maxus Playground,leisure:park,Mumbai,19.2953433,72.8486324
childrens park,leisure:park,Mumbai,19.2546912,72.9795553
Hiranandani Hills,leisure:park,Mumbai,19.2536794,72.9777639
Cricket ground,leisure:park,Mumbai,19.2556752,72.9820659
park2,leisure:park,Mumbai,19.255144,72.9797373
Westview Park,leisure:park,Mumbai,19.2603484,72.9815224
couples park,leisure:park,Mumbai,19.2548802,72.9801403
Serenity Play Area,leisure:park,Mumbai,19.1483189,72.8344532
Haji Umar Local Park,leisure:park,Mumbai,19.1359804,72.8461093
TMC Biodiversity Park,leisure:park,Mumbai,19.2665376,72.9640033
Saraswat Park,leisure:park,Mumbai,19.0809888,72.8333405
Triangular Park,leisure:park,Mumbai,19.0815011,72.8327734
Rajiv gandhi park,leisure:park,Mumbai,19.1622504,72.8362653
Gurudev Ravindranath Tagore Udyan Park,leisure:park,Mumbai,19.1132033,72.9334175
Sambhaji Maidan,leisure:park,Mumbai,19.1163685,72.9385852
Ravindra Mhatre Park,leisure:park,Mumbai,19.1193374,72.9389762
J J garden,leisure:park,Mumbai,19.0737809,72.8249867
Bharat Ratan Maulana Abul Kalam Azad Udyan,leisure:park,Mumbai,19.1470421,72.8455301
Adarsh garden,leisure:park,Mumbai,19.1960451,72.8436753
Upper Park,leisure:park,Mumbai,19.2434968,72.9707658
Pramod Mahajan Nature Garden,leisure:park,Mumbai,19.2427605,72.9670573
TMC Garden,leisure:park,Mumbai,19.2366658,72.96494
Lower Park,leisure:park,Mumbai,19.2423624,72.9708729
sindhi society gymkhana,leisure:park,Mumbai,19.0508546,72.89083
Butterfly Park,leisure:park,Mumbai,19.2441596,72.9677827
garden,leisure:park,Mumbai,19.011882,73.0898949
Fr. Salvador Rodrigues Ground,leisure:park,Mumbai,19.1946177,72.8405706
ASMITA JYOTI PARK,leisure:park,Mumbai,19.1969786,72.8253255
Dispensary Ground,leisure:park,Mumbai,19.0400887,72.9332119
BMC park,leisure:park,Mumbai,19.1328077,72.8416203
Bhurabhai Arogya Bhuvan Ground,leisure:park,Mumbai,19.201181,72.8447672
aarogyam dhanasampada,leisure:park,Mumbai,19.1888153,72.8396779
NaMo Grand Central Park,leisure:park,Mumbai,19.2283919,72.9903164
TMC Community Park,leisure:park,Mumbai,19.220694,72.9653746
park 1,leisure:park,Mumbai,19.0809367,72.91014
Maasaheb Meenatai Thackarey Botanical Garden,leisure:park,Mumbai,19.0514408,72.8801526
Poddar Park,leisure:park,Mumbai,19.185152,72.8501119
Ram murti park,leisure:park,Mumbai,19.2622513,72.9764677
Nandibaba Park,leisure:park,Mumbai,19.2255925,72.9794304
Lake Side Park,leisure:park,Mumbai,19.1659023,73.1144137
Palava Waterfront,leisure:park,Mumbai,19.1525428,73.1145825
Railway Ground,leisure:park,Mumbai,19.0015273,72.8377105
Aaditya's Park,leisure:park,Mumbai,19.2736472,72.9635622
Charkop Garden,leisure:park,Mumbai,19.1970146,72.8268045
Acton Square,leisure:park,Mumbai,19.2613835,72.982242
PRABODHAN THAKREY GARDEN,leisure:park,Mumbai,19.1526915,72.9940832
Nakshatra Udyan,leisure:park,Mumbai,19.1518774,72.9909087
Gaimukh Chowpatty,leisure:park,Mumbai,19.2886907,72.9418796
"Garden A, Five Gardens",leisure:park,Mumbai,19.0201324,72.8531608
"Garden B, Five Gardens",leisure:park,Mumbai,19.0206954,72.8535133
"Garden D, Five Gardens",leisure:park,Mumbai,19.0195576,72.8537869
Bluebells,leisure:park,Mumbai,19.1603944,73.02758
MCGM Park,leisure:park,Mumbai,19.1222554,72.8942978
Pramodji Mahajan Recreation Ground,leisure:park,Mumbai,19.0868916,72.8913193
Gandhi Maidan,leisure:park,Mumbai,19.0772416,72.8816145
Bharat Ratna Indira Gandhi Udyan & Dr. Abdul Kalam Udyan,leisure:park,Mumbai,19.0746634,72.8857558
Don Bosco Grounds,leisure:park,Mumbai,19.0818665,72.8889564
Kohinoor Cricket ground with jogging track,leisure:park,Mumbai,19.0804118,72.8861145
Goverment Park For Public,leisure:park,Mumbai,19.1428991,72.8085007
Rajabhau Salvi Udyaan,leisure:park,Mumbai,19.0118178,72.8285552
ostwal garden,leisure:park,Mumbai,19.2963327,72.8760817
Central Ground,leisure:park,Mumbai,19.0156785,72.8202641
Seawoods Estates Rotunda,leisure:park,Mumbai,19.0017383,73.0156983
TMC Park,leisure:park,Mumbai,19.2221841,72.9715767
Bhavani Garden,leisure:park,Mumbai,19.2348587,72.9734864
Formal Garden,leisure:park,Mumbai,19.2001082,72.8744056
Sukoon Park,leisure:park,Mumbai,19.0498224,72.8225939
neelkanth kingdom garden,leisure:park,Mumbai,19.078823,72.894529
Cuffe Parade Park,leisure:park,Mumbai,18.9166435,72.8164343
MCGM Playground,leisure:park,Mumbai,19.1059967,72.862534
aarey bhaskar,leisure:park,Mumbai,19.1706744,72.8729842
school playground,leisure:park,Mumbai,19.2097779,72.8649959
Lakshmi Park,leisure:park,Mumbai,18.9779548,72.8181783
Cidco Garden,leisure:park,Mumbai,19.0297601,73.0679615
DOMBIVALI GYMKHANA SPORTS COMPLEX,leisure:park,Mumbai,19.2142245,73.0998903
TMC Traffic Park,leisure:park,Mumbai,19.2681398,72.9718716
vishnu hanuman park,leisure:park,Mumbai,19.1668073,72.8319912
bmc park,leisure:park,Mumbai,19.1823343,72.9442074
Science Park,leisure:park,Mumbai,19.0244822,73.0261604
nerul park,leisure:park,Mumbai,19.0373971,73.0267598
Ramdev Park,leisure:park,Mumbai,19.2969359,72.86978
Ganesh Visarjan Ghat,leisure:park,Mumbai,19.1958374,72.9861253
St Gregorios School Ground,leisure:park,Mumbai,19.1805199,72.9586843
Nancy Park,leisure:park,Mumbai,19.2388221,72.8672981
Air India Park,leisure:park,Mumbai,19.0810605,72.8579758
DN Nagar Ground,leisure:park,Mumbai,19.1219732,72.8307979
dog park,leisure:park,Mumbai,19.2511683,72.8484261
Oxford Public School Ground,leisure:park,Mumbai,19.2181125,72.8247372
MSEB COLONY PARK,leisure:park,Mumbai,19.2131702,72.8794923
Gokul Heaven Park,leisure:park,Mumbai,19.2098723,72.866721
PRAFULLA BAGH,leisure:park,Mumbai,19.0839619,72.8415868
Nemisuri Maharajsaheb Garden,leisure:park,Mumbai,19.1799512,72.946518
Vrindavan Manoranjan Udyan,leisure:park,Mumbai,19.1848474,72.9510413
Coastal & Marine Biodiversity Centre,leisure:park,Mumbai,19.1485002,72.9859583
Mother Teresa Maidan,leisure:park,Mumbai,19.1656931,72.9454439
Nahur Shivaji Udyan,leisure:park,Mumbai,19.1663122,72.9458812
Sahajeevan Park,leisure:park,Mumbai,19.0549928,72.8835381
Netaji Subhashchandra Bose Garden,leisure:park,Mumbai,19.2228027,73.1003168
JP Sports Turf,leisure:park,Mumbai,19.2213844,73.1044911
tripitch ground,leisure:park,Mumbai,19.2314395,72.8283575
NMMC,leisure:park,Mumbai,19.028005,73.0361122
Nana Nani park,leisure:park,Mumbai,19.287786,72.8620545
alisha area,leisure:park,Mumbai,19.2432407,72.9958249
viceroy garden,leisure:park,Mumbai,19.2107976,72.8724075
ekta garden,leisure:park,Mumbai,19.2271922,72.8203353
Netaji Subhashchandra Bose Kirdangan,leisure:park,Mumbai,19.2107794,72.8466471
KELKAR GROUND,leisure:park,Mumbai,19.1997114,72.838193
VL club house,leisure:park,Mumbai,19.2568203,72.9772311
Sector 9 - Residents Park,leisure:park,Mumbai,19.0315661,73.0336471
Savitribai Phule BMC Garden,leisure:park,Mumbai,19.1558883,72.8566812
Saket Waterfront Park,leisure:park,Mumbai,19.2068767,72.9926636
BMC Manoranjan Maidan,leisure:park,Mumbai,19.169197,72.9400689
B. J. Patel Recreation Ground,leisure:park,Mumbai,19.1951123,72.8431712
Pandit Jawaharlal Nehru Shatabdi Udyan,leisure:park,Mumbai,19.1750822,72.935683
Walkers Park,leisure:park,Mumbai,19.0282743,73.0241687
Sujata Pravik park,leisure:park,Mumbai,19.0213376,73.0281812
Sai Krupa Open Park,leisure:park,Mumbai,19.0219951,73.0245528
Sai Krupa Park,leisure:park,Mumbai,19.0220951,73.0248474
Residential park,leisure:park,Mumbai,19.0284771,73.0217262
Vitta Sanchay Society Play ground,leisure:park,Mumbai,19.0306509,72.8875218
Nahar Nature Park,leisure:park,Mumbai,19.1098399,72.8995361
basket ball court,leisure:park,Mumbai,19.0818865,72.8891083
Red Ground,leisure:park,Mumbai,19.1516522,72.9403401
Hospital Ground,leisure:park,Mumbai,19.1809672,72.9610474
hospital ground,leisure:park,Mumbai,19.1810131,72.9609517
mental hosp. ground,leisure:park,Mumbai,19.1812112,72.9609457
mental hospital park,leisure:park,Mumbai,19.1812256,72.9609491
santok ground,leisure:park,Mumbai,19.3059187,72.8486184
rajdai park,leisure:park,Mumbai,19.2829243,72.8644661
"Rajiv Gandhi Udyan, Penkarpada Gaon",leisure:park,Mumbai,19.2662374,72.8673988
Mahindra Nagar Ground,leisure:park,Mumbai,19.1781964,72.8525396
Sanjay Gandhi Playing Ground,leisure:park,Mumbai,19.1769136,72.8509122
Pantnagar Garden,leisure:park,Mumbai,19.0834886,72.9115928
RAJAWADI GARDEN,leisure:park,Mumbai,19.0768605,72.9021891
rodrigues ground,leisure:park,Mumbai,19.2526522,72.8493694
Homi Bhabha Park,leisure:park,Mumbai,19.0368629,72.9251592
Ratan Nagar Garden,leisure:park,Mumbai,19.2393681,72.8621833
desi park,leisure:park,Mumbai,19.284037,72.8609431
SHINDEWADI  GROUND,leisure:park,Mumbai,19.0115757,72.8424967
Khari Talao Garden,leisure:park,Mumbai,19.3091548,72.8576166
Hemant Park,leisure:park,Mumbai,19.0412464,72.9324118
Dispensary Garden,leisure:park,Mumbai,19.0400533,72.9333942
Varsha Ground,leisure:park,Mumbai,19.0410046,72.9342167
A.E.C.S. 5 Playground,leisure:park,Mumbai,19.0389706,72.9332341
Sharavati Ground,leisure:park,Mumbai,19.0391455,72.9317193
Parijat Ground,leisure:park,Mumbai,19.0388704,72.9339387
Rajnigandha Ground,leisure:park,Mumbai,19.0387293,72.9347952
Kamal Ground,leisure:park,Mumbai,19.0379574,72.9346701
Acharya Sharad Narayan Udyan,leisure:park,Mumbai,19.0295979,72.8904048
Mysore Colony Central Garden,leisure:park,Mumbai,19.0317373,72.8908933
BMC PARK,leisure:park,Mumbai,19.0310931,72.8889927
Mysore colony eastern park,leisure:park,Mumbai,19.0321637,72.8927808
"Jewels, Navi Mumbai",leisure:park,Mumbai,19.0263359,73.0117992
Cross Maidan Garden,leisure:park,Mumbai,18.9336931,72.8295239
Lala Lajpat Rai Park,leisure:park,Mumbai,18.9784522,72.8119535
Rainforest Walk Park,leisure:park,Mumbai,19.0234991,73.0430134
Mangrove Park,leisure:park,Mumbai,19.0160097,73.0441693
Union Park,leisure:park,Mumbai,19.0702502,72.8223326
Kaveri Vrundawan,leisure:park,Mumbai,19.1737857,72.972948
Jaswantrai Mehta Udyan,leisure:park,Mumbai,19.0832386,72.9070832
Matoshree Minatai Thakrey Shilpgram,leisure:park,Mumbai,19.1350183,72.8716333
St.Charles Playground,leisure:park,Mumbai,19.080294,72.852754
Anand Nagar Garden,leisure:park,Mumbai,19.0811033,72.8486489
Racecourse Ground,leisure:park,Mumbai,18.9838743,72.8197402
Common Ground,leisure:park,Mumbai,19.1397457,72.8363633
Raheja Garden,leisure:park,Mumbai,19.1794781,72.8763194
global park,leisure:park,Mumbai,19.0311668,72.8889621
Surya Garden,leisure:park,Mumbai,19.2246552,72.9602058
Dnyaneshwar Udhyodhan Park,leisure:park,Mumbai,19.0283765,72.8441931
Dyaneshwar Udhyodhan Park,leisure:park,Mumbai,19.0294872,72.8457284
silver meadows,leisure:park,Mumbai,19.1465009,72.8552553
Kaifi Azmi Park,leisure:park,Mumbai,19.1121043,72.8309842
building park,leisure:park,Mumbai,19.1840797,72.8497866
OPEN GYM,leisure:park,Mumbai,19.083642,72.9953103
Madhukar Kulkarni Garden,leisure:park,Mumbai,19.0519907,72.8242508
Garden of Festivities,leisure:park,Mumbai,19.0487259,72.8540627
Rani Laksmibai Udyan,leisure:park,Mumbai,19.2719526,72.8640654
Jai Machindranath Mitra Mandal,leisure:park,Mumbai,19.0479839,72.853943
Sector-9 Ground,leisure:park,Mumbai,19.2747346,72.8633444
Sector 8 ground,leisure:park,Mumbai,19.2765738,72.8644811
Sector-7 ground,leisure:park,Mumbai,19.2775866,72.8629998
Sector-10 Ground,leisure:park,Mumbai,19.2758665,72.8611873
Yogiji Maharaj Udyan,leisure:park,Mumbai,19.2780213,72.8588769
Sachidanand Maharj Udyan,leisure:park,Mumbai,19.2770782,72.8602187
Thagiji Maharaj Udyan,leisure:park,Mumbai,19.277097,72.8593567
Sec 27 Park,leisure:park,Mumbai,19.0220104,73.0247111
Birla Garden,leisure:park,Mumbai,19.1049813,72.8246936
Nilgiri Park,leisure:park,Mumbai,19.0622876,72.8354083
Minatai Balasaheb Thackeray Garden,leisure:park,Mumbai,19.2805859,72.8588464
Piyush Park,leisure:park,Mumbai,19.2801274,72.8589188
Lejhim Maidan,leisure:park,Mumbai,19.0462208,72.8546372
Jai Shree Ganesh Mitra Mandal,leisure:park,Mumbai,19.0464243,72.8538281
Sagar Tarun Mitra Mandal,leisure:park,Mumbai,19.0478988,72.854629
Nana Nani Park Udyan,leisure:park,Mumbai,19.2811918,72.8614574
Pramukh Swami Maharaja Park,leisure:park,Mumbai,19.2792648,72.8615409
Sector-3 park,leisure:park,Mumbai,19.278974,72.8617234
Sector-5 Park,leisure:park,Mumbai,19.2817548,72.8630208
Sardar Vallabhbhai Patel Garden And Maidaan,leisure:park,Mumbai,19.2819136,72.8633029
United Sports Club Ground,leisure:park,Mumbai,19.2802437,72.8638975
Swami Vivekanand Udyan,leisure:park,Mumbai,19.2804407,72.8627246
Mahatapasvi Acharya Shri Mahashramanji City Park,leisure:park,Mumbai,19.1108946,72.8845591
Arbour Park,leisure:park,Mumbai,19.0511347,72.8218559
Step Up Garden,leisure:park,Mumbai,19.1942266,72.8766739
Shivaji Rao Annasaheb Patil Udyan,leisure:park,Mumbai,19.1028902,73.0069468
Exotica Community Park,leisure:park,Mumbai,19.1472429,73.079379
sng park,leisure:park,Mumbai,19.0503358,72.8915841
Long garden,leisure:park,Mumbai,19.0490205,72.8295989
pushpavatika park,leisure:park,Mumbai,19.0839619,72.8415868
Elephant Enclosure,leisure:park,Mumbai,18.9799175,72.8358074
Late Harshadbhai Poonamchand Doshi Park,leisure:park,Mumbai,19.2789821,72.8643703
Anuban,leisure:park,Mumbai,19.0390798,72.9373481
bmc garden,leisure:park,Mumbai,19.1957286,72.847716
Film City Ground,leisure:park,Mumbai,19.1651304,72.8829741
Aai Patladevi Udyan,leisure:park,Mumbai,19.1818842,72.8376836
Guru Nanak Sports Ground,leisure:park,Mumbai,19.1606181,72.8386857
Renault Fatimanagar,shop:mall,Pune,18.5060978,73.9014122
Bizzbay,shop:mall,Pune,18.4693177,73.9001256
"Reliance Mart , Fatima Nagar",shop:mall,Pune,18.5025271,73.9003371
Reliance Trends,shop:mall,Pune,18.50437,73.8335296
City One,shop:mall,Pune,18.6331316,73.8005565
More Quality Store,shop:mall,Pune,18.5879497,73.7844052
Big Bazaar,shop:mall,Pune,18.5920781,73.7447483
Reliance Smart Point,shop:mall,Pune,18.446986,73.8001409
Icon Tower,shop:mall,Pune,18.6009418,73.7459472
The Kopa,shop:mall,Pune,18.5391273,73.9079052
creaty city,shop:mall,Pune,18.5566278,73.894313
Nyati Plaza,shop:mall,Pune,18.5495335,73.9373579
SGS Mall,shop:mall,Pune,18.5194958,73.8773508
KPCT Mall,shop:mall,Pune,18.503679,73.9005527
Sacred World,shop:mall,Pune,18.4912609,73.9003848
Khadki Business Centre,shop:mall,Pune,18.5646128,73.8512901
shastri nagar,shop:mall,Pune,18.5562668,73.8943058
Jewel Square Mall,shop:mall,Pune,18.5389093,73.8859194
Destination Center,shop:mall,Pune,18.5097164,73.9283447
Centro Mall,shop:mall,Pune,18.5344572,73.8386178
Krome,shop:mall,Pune,18.5068099,73.9076869
Inorbit Mall,shop:mall,Pune,18.5604457,73.9206662
Kumar Pacific Mall,shop:mall,Pune,18.5011325,73.8723413
Phoenix Marketcity,shop:mall,Pune,18.5620956,73.9167335
Kakade Center Port,shop:mall,Pune,18.5376663,73.8359677
Amanora Mall,shop:mall,Pune,18.5186409,73.935231
Amanora Town Centre,shop:mall,Pune,18.5186533,73.9351156
Konark Indrayu Mall,shop:mall,Pune,18.4704196,73.8892048
Megamart,shop:mall,Pune,18.5869785,73.833445
Aditya Shagun Mall,shop:mall,Pune,18.5192742,73.7785162
Parking1,shop:mall,Pune,18.6549408,73.7696468
Grand Highstreet,shop:mall,Pune,18.5937966,73.7255314
Central Mall,shop:mall,Pune,18.6324862,73.800948
Spine City,shop:mall,Pune,18.6506196,73.8392575
City Mall,shop:mall,Pune,18.5414054,73.8307134
Dmart,shop:mall,Pune,18.6141427,73.7847261
Lighthouse Mall,shop:mall,Pune,18.4806109,73.8628058
Spot 18,shop:mall,Pune,18.5936724,73.7859582
Dorabjee Royal Heritage Mall,shop:mall,Pune,18.4672005,73.9062329
Previa,shop:mall,Pune,18.6498951,73.8399006
Previa Squre,shop:mall,Pune,18.6501671,73.8400054
Premier Plaza,shop:mall,Pune,18.6359724,73.7962562
18 Latitude Business Complex,shop:mall,Pune,18.6239522,73.7319353
93 Avenue,shop:mall,Pune,18.5055283,73.9066198
Vision Mall,shop:mall,Pune,18.6662178,73.7697797
Goodwill Square,shop:mall,Pune,18.5978683,73.9039883
The Pavillion,shop:mall,Pune,18.5337227,73.8296242
Privia Buisness Centre Moshi,shop:mall,Pune,18.6550431,73.8445895
The Social Street,shop:mall,Pune,18.5905487,73.7457152
Shree Ram Arcade,shop:mall,Pune,18.5435349,73.7267966
Mspace mall,shop:mall,Pune,18.6294854,73.8081839
Vision Flora,shop:mall,Pune,18.592628,73.7999779
Elpro City Square,shop:mall,Pune,18.6285679,73.7836689
Streets of Europe,shop:mall,Pune,18.5849763,73.7305265
Westend Mall,shop:mall,Pune,18.5617104,73.8069352
IAF historic aircraft,tourism:museum,Nagpur,21.1762158,79.0613661
Raman Science Centre,tourism:museum,Nagpur,21.1458662,79.0939101
Narrow Guage Rail Museum,tourism:museum,Nagpur,21.165219,79.0904259
Nagpur Central Museum,tourism:museum,Nagpur,21.1509248,79.078062
Old Garden,leisure:garden,Nagpur,21.1445806,79.0741999
Bhojraj Lawns,leisure:garden,Nagpur,21.1224044,79.0574082
Shashti Nagar NIT Garden,leisure:garden,Nagpur,21.1429811,79.129209
Little Woods,leisure:garden,Nagpur,21.1214228,79.0244615
Eco park,leisure:garden,Nagpur,21.3646374,78.926857
Trimurti Nagar Garden,leisure:garden,Nagpur,21.1133301,79.0426121
NIT Garden,leisure:garden,Nagpur,21.1332585,79.0981134
Chandramani Nagar Garden,leisure:garden,Nagpur,21.1188585,79.0947421
Main Lawn,leisure:garden,Nagpur,21.1633883,79.061167
High Court Garden,leisure:garden,Nagpur,21.1591845,79.0682669
GPO Garden Park,leisure:garden,Nagpur,21.153076,79.0693494
motibhag garden,leisure:garden,Nagpur,21.145913,79.0742148
SHB Society Garden,leisure:garden,Nagpur,21.1678016,79.0402402
Ramdeobaba mandir garden,leisure:garden,Nagpur,21.1760236,79.0599915
RCOEM office garden,leisure:garden,Nagpur,21.1765487,79.0614482
Green GYM,leisure:garden,Nagpur,21.1244118,79.0028435
Panchavati,tourism:attraction,Nashik,20.0066847,73.7935717
Ramkund,tourism:attraction,Nashik,20.0072639,73.7924901
Sita Gufa,tourism:attraction,Nashik,20.0077229,73.7961612
Someshwar waterfall,tourism:attraction,Nashik,20.029199,73.723403
Ram Kund Boating,tourism:attraction,Nashik,20.0073505,73.791879
Kalaram Mandir,tourism:attraction,Nashik,20.0069499,73.7952193
Sula Vineyards,tourism:attraction,Nashik,20.0066032,73.6877822
Pandav Leni Caves,tourism:attraction,Nashik,19.9405034,73.7486995
Buddha Smarak,tourism:attraction,Nashik,19.9439341,73.7481469
Phalke Smarak,tourism:attraction,Nashik,19.943347,73.7500431
Hotel Sonali,amenity:cafe,Nashik,19.9716434,73.6804929
Cafe Cofee Day,amenity:cafe,Nashik,19.7713689,73.6600765
Cafe Xpress,amenity:cafe,Nashik,20.0061802,73.7625201
Campus Choice Bakers,amenity:cafe,Nashik,20.0061739,73.7625621
Cafe Coffee Day,amenity:cafe,Nashik,19.9975997,73.7901665
Cafe Cremé,amenity:cafe,Nashik,20.0121137,73.7571766
Kuber Amrutulya Chai,amenity:cafe,Nashik,19.9659241,73.6612095
Trimbakeshwar Sanjivani Amrutulya,amenity:cafe,Nashik,19.9659702,73.6614165
Bagayatdar Amrutulya,amenity:cafe,Nashik,20.0811231,73.914751
Saiba Amruttulaya,amenity:cafe,Nashik,19.966124,73.732097
Swaraj Amruttulya,amenity:cafe,Nashik,19.9616533,73.7434811
Shuriya Amruttulya,amenity:cafe,Nashik,19.9609462,73.7449226
Gayatri Nagar Garden,leisure:garden,Nashik,20.0332516,73.808652
State Employee Society's Garden,leisure:garden,Nashik,19.9903757,73.7140073
Ambedkar Garden,leisure:garden,Nashik,20.1020703,73.9425681
Botanical Garden,leisure:garden,Nashik,19.940629,73.7421054
marwadwala,amenity:restaurant,Aurangabad,19.8629418,75.4389819
RAMGIRI HOTEL & BAR,amenity:restaurant,Aurangabad,19.8750686,75.3623552
amarprit Hotel,amenity:restaurant,Aurangabad,19.8754982,75.3343101
prshant Restaurant,amenity:restaurant,Aurangabad,19.8496509,75.3499702
surya lawns,amenity:restaurant,Aurangabad,19.8500867,75.3572471
J.P International,amenity:restaurant,Aurangabad,19.885409,75.3239767
Bagga international,amenity:restaurant,Aurangabad,19.8764285,75.3432469
Shyorya Restaurants,amenity:restaurant,Aurangabad,19.8775207,75.3226817
AADARSH RESTUARANT,amenity:restaurant,Aurangabad,19.8423853,75.2164924
Purnanand snack centre,amenity:restaurant,Aurangabad,19.8827481,75.3284507
madhuban hotel,amenity:restaurant,Aurangabad,19.8499665,75.3627389
Alankar,amenity:restaurant,Aurangabad,19.8863301,75.3188826
Great Sagar Restaurant,amenity:restaurant,Aurangabad,19.8883861,75.3211222
Kala Laxmi,amenity:restaurant,Aurangabad,19.879409,75.3175541
Tandoor,amenity:restaurant,Aurangabad,19.8641957,75.3164811
Kailash,amenity:restaurant,Aurangabad,19.866918,75.318878
Hotel Tirupati,amenity:restaurant,Aurangabad,19.8607814,75.3116143
The Manor,amenity:restaurant,Aurangabad,19.8725829,75.3280216
Giriraj Pure Veg Restaurant,amenity:restaurant,Aurangabad,19.8662289,75.3293958
Pizza Hut,amenity:restaurant,Aurangabad,19.8753244,75.3339258
KFC,amenity:restaurant,Aurangabad,19.8744072,75.3329175
Twist In Flavours,amenity:restaurant,Aurangabad,19.8721849,75.3268349
Green Leaf,amenity:restaurant,Aurangabad,19.8791829,75.3660321
Shahi Bhot,amenity:restaurant,Aurangabad,19.87827,75.366168
Annapurna Family Restaurant,amenity:restaurant,Aurangabad,19.9970981,75.1923866
Gymkhana,amenity:restaurant,Aurangabad,19.8733023,75.377966
Shidori mess,amenity:restaurant,Aurangabad,19.8734928,75.3223991
"Bhausaheb Tathe, Jogging Park",leisure:park,Aurangabad,19.9101148,75.3517169
Shantigiribaba Park,leisure:park,Aurangabad,20.0244151,75.166255
Himayat Bagh,leisure:park,Aurangabad,19.9030529,75.3408494
water park,leisure:park,Aurangabad,19.934022,75.2284164
Parijat Garden,leisure:park,Aurangabad,19.8643534,75.3655959
abc,leisure:park,Aurangabad,19.8813186,75.3376734
Shyamaprasad mukherjee park,leisure:park,Aurangabad,19.8831512,75.3664703
Cidco garden,leisure:park,Aurangabad,19.846984,75.2567999
Ketley Park,leisure:park,Aurangabad,19.8712784,75.3652435
Lilasons Walking Plaza,leisure:park,Aurangabad,19.8665776,75.3104115
AHILYABAI HOLKAR CHAUK,leisure:park,Aurangabad,19.8675713,75.319192
BOTANICAL GAURDEN,leisure:park,Aurangabad,19.9024972,75.3117187
Siddharth Garden,leisure:park,Aurangabad,19.8787729,75.3146934
tornagad nagar ground,leisure:park,Aurangabad,19.8672346,75.3871142
xyz park,leisure:park,Aurangabad,19.8718264,75.3291492
Raghav Park,leisure:park,Aurangabad,19.787031,75.1726424
Mehar Nagar Ground,leisure:park,Aurangabad,19.8621162,75.350244
play park,leisure:park,Aurangabad,19.8590836,75.3026097
temple side park,leisure:park,Aurangabad,19.8595604,75.3049144
open park,leisure:park,Aurangabad,19.862744,75.3067249
Jalan Nagar Walking Park,leisure:park,Aurangabad,19.8600939,75.3016821
New Shreya Nagar Park,leisure:park,Aurangabad,19.8669241,75.3338571
Nehru Bal Uddyan.,leisure:garden,Aurangabad,19.8945306,75.3366677
Bibi Ka Maqbara,leisure:garden,Aurangabad,19.9014416,75.3202333
chetna nagar garden,leisure:garden,Aurangabad,19.8691737,75.336945
Lawns,leisure:garden,Aurangabad,19.8745591,75.3659711
RadhaMohan Colony Ground,leisure:garden,Aurangabad,19.8784826,75.3323367
Royalty Tomb,leisure:garden,Aurangabad,20.004744,75.1903659
Iswari Minar Swarga Sali,tourism:viewpoint,Jaipur,26.9244425,75.8208167
Ninder Hill Point View,tourism:viewpoint,Jaipur,27.0125158,75.7489287
"Ashok Vihar, Jagatpura",tourism:viewpoint,Jaipur,26.8296105,75.8425582
"Lake Palace Viewpoint , JAIPUR",tourism:viewpoint,Jaipur,26.9556144,75.8432692
Amber Fort,tourism:viewpoint,Jaipur,26.9828328,75.8529004
Chhoti roundabout view,tourism:viewpoint,Jaipur,26.9242036,75.8186173
I <3 Manipal Selfie point,tourism:viewpoint,Jaipur,26.8417676,75.5647306
Nahargarh Sunrise Viewpoint,tourism:viewpoint,Jaipur,26.9681662,75.8351237
Sunrise point,tourism:viewpoint,Jaipur,26.9400258,75.8170828
rooftop view,tourism:viewpoint,Jaipur,26.9240911,75.8207688
Cotton Curio,shop:clothes,Jaipur,26.9129392,75.7901959
Rukhmani,shop:clothes,Jaipur,26.9111225,75.7887318
Cottons,shop:clothes,Jaipur,26.9112283,75.788814
Suvasa,shop:clothes,Jaipur,26.9113566,75.7876528
United Colors of Benetton,shop:clothes,Jaipur,26.8918043,75.8063897
Levi's,shop:clothes,Jaipur,26.9168636,75.80646
Chandni Crafts,shop:clothes,Jaipur,26.9269138,75.7946963
Balaji enterprises,shop:clothes,Jaipur,26.9515978,75.7019402
Rathore plaza,shop:clothes,Jaipur,26.937456,75.752033
CYU Cloth Yourself Urban,shop:clothes,Jaipur,26.9298363,75.7901259
Bapu Bazaar,shop:clothes,Jaipur,26.9167713,75.821309
"Kapda Ghar , Jaipur",shop:clothes,Jaipur,26.9461759,75.8415746
Reme Lifestyle,shop:clothes,Jaipur,26.9005433,75.796941
Puma,shop:clothes,Jaipur,26.9161838,75.8110601
Sadi Center,shop:clothes,Jaipur,26.902434,75.7741944
Mandakini Sarees,shop:clothes,Jaipur,26.9151526,75.7432113
Shweta Kothari,shop:clothes,Jaipur,26.8974155,75.7901477
Mayori Conscious Clothing Store,shop:clothes,Jaipur,26.9115677,75.7876801
The Block Story,shop:clothes,Jaipur,26.9020449,75.7941709
Liverpool,shop:clothes,Jaipur,26.9148152,75.738215
ShuchiVC,shop:clothes,Jaipur,26.9013659,75.7856806
Rajlaxmi designer studio,shop:clothes,Jaipur,26.9004443,75.7390468
Mittal Garments,shop:clothes,Jaipur,26.9027966,75.775386
Girls Paradise,shop:clothes,Jaipur,26.903176,75.836646
spykar,shop:clothes,Jaipur,26.9032127,75.8367224
U.S. Polo Assn.,shop:clothes,Jaipur,26.9033044,75.8367606
Mufti,shop:clothes,Jaipur,26.9028563,75.8363933
Provogue,shop:clothes,Jaipur,26.9028261,75.836488
ISLIE by priya jain,shop:clothes,Jaipur,26.8900989,75.7725741
Cityvibes,shop:clothes,Jaipur,26.9097619,75.7433492
Spykar,shop:clothes,Jaipur,26.9027523,75.7938524
fashionista desi,shop:clothes,Jaipur,26.836911,75.8758877
Wrangler,shop:clothes,Jaipur,26.8665372,75.7963517
Fabindia,shop:clothes,Jaipur,26.9140181,75.8067179
Dharan Clothing,shop:clothes,Jaipur,26.9290395,75.7356173
gopiram sdevillal,shop:clothes,Jaipur,26.9232319,75.826168
roop lakshmi,shop:clothes,Jaipur,26.923341,75.8257328
radhe kirpa;jaipur saree centre,shop:clothes,Jaipur,26.9236731,75.8242195
ruchika garments,shop:clothes,Jaipur,27.1653537,75.7153144
roop nihar saree,shop:clothes,Jaipur,26.9236597,75.824301
arjun textiles,shop:clothes,Jaipur,26.923608,75.8243825
moghalal madangopal bajaj,shop:clothes,Jaipur,26.9235247,75.8248574
jaipur saree clothes,shop:clothes,Jaipur,26.9229629,75.8274941
rana saree centre,shop:clothes,Jaipur,26.9232874,75.8259538
gyarsilal omprakash,shop:clothes,Jaipur,26.9233008,75.8258702
moghalal or ram gopal bajaj,shop:clothes,Jaipur,26.9233506,75.8256685
ratan trading company,shop:clothes,Jaipur,26.9235564,75.8246722
trilok sarees,shop:clothes,Jaipur,26.9232568,75.8261105
fab heritage llp,shop:clothes,Jaipur,26.9233104,75.8258187
sai kapda mojdi,shop:clothes,Jaipur,26.9233735,75.8256277
sardar clothes stores,shop:clothes,Jaipur,26.9235113,75.8248917
jaipur textile traders,shop:clothes,Jaipur,26.9232607,75.8260697
sri sai kirpa,shop:clothes,Jaipur,26.9235271,75.8247501
bhatia clothes store,shop:clothes,Jaipur,26.9233238,75.8257715
ratan sareee centre,shop:clothes,Jaipur,26.9235194,75.8247973
radhana clothes,shop:clothes,Jaipur,26.923608,75.8243117
roop sagar,shop:clothes,Jaipur,26.9236272,75.8242581
ashok readymade,shop:clothes,Jaipur,26.9237075,75.8239298
aggarsen market,shop:clothes,Jaipur,26.9233322,75.8242023
bombay dying retail showroom,shop:clothes,Jaipur,26.9238701,75.8231702
fab heritage,shop:clothes,Jaipur,26.9237955,75.8234963
indian gota works,shop:clothes,Jaipur,26.9234412,75.8236756
ram ratan clothes centre,shop:clothes,Jaipur,26.9233934,75.8240478
rana collection,shop:clothes,Jaipur,26.9232404,75.8245885
MS Fashion,shop:clothes,Jaipur,26.9583507,75.7042377
Kumawat Garments,shop:clothes,Jaipur,26.9504744,75.7059683
Kishore Textiles,shop:clothes,Jaipur,26.950504,75.7058886
Vaibhav Collection,shop:clothes,Jaipur,26.9511479,75.7034489
VR Fashion,shop:clothes,Jaipur,26.9510705,75.7036445
Chhotilal Nemichand Sogani,shop:clothes,Jaipur,26.9234055,75.826333
Ramkrishna Agarwal,shop:clothes,Jaipur,26.9233649,75.8263263
Raghunandan (Khaatu Waale),shop:clothes,Jaipur,26.9233196,75.8263169
Shri Narayan Madholal,shop:clothes,Jaipur,26.9235046,75.8263635
Prahlad Das Bajaj,shop:clothes,Jaipur,26.9235823,75.8263877
Bota traders,shop:clothes,Jaipur,26.9235596,75.8263769
Ramesh Chand Poonam Chand Bajaj,shop:clothes,Jaipur,26.9235345,75.8263662
Creation,shop:clothes,Jaipur,26.920778,75.8269451
Danika Enterprises,shop:clothes,Jaipur,26.9093856,75.6927555
Zudio,shop:clothes,Jaipur,26.8996617,75.8132673
"clothes shopping street , Jaipur",shop:clothes,Jaipur,26.9306838,75.802885
The Rajasthan Textile Development Corporation,shop:clothes,Jaipur,26.9272271,75.7982979
Jaipur Textile Corporation Manufacture and Wholesale,shop:clothes,Jaipur,26.9258458,75.7973629
Taluka Fashions,shop:clothes,Jaipur,26.9196614,75.7987516
clothes line,shop:clothes,Jaipur,26.9235951,75.8245531
Moti Park,leisure:park,Jaipur,26.8875343,75.8109605
Savitri Park,leisure:park,Jaipur,26.8880625,75.8091472
Jaipur Zoo,leisure:park,Jaipur,26.9126972,75.8209769
Tilak Market Park,leisure:park,Jaipur,26.8914085,75.8240665
Open Air Theater,leisure:park,Jaipur,26.9347083,75.923808
Kishan Bagh JDA,leisure:park,Jaipur,26.9595013,75.7960104
Khaddewala Park,leisure:park,Jaipur,26.9498733,75.7973556
"Indira gandhi nagar sector - 7 , park -2",leisure:park,Jaipur,26.8461934,75.8966957
"indira gandhi nagar sector -7 ,  park - 1",leisure:park,Jaipur,26.8452881,75.894943
"indira gandhi nagar sector -7 , park -3",leisure:park,Jaipur,26.8438459,75.8944229
sector 14 public park,leisure:park,Jaipur,26.8408251,75.8875794
"indira gandhi nagar sector 6 , park -2",leisure:park,Jaipur,26.8396045,75.8933508
"indira gandhi nagar sector 6 , park - 1",leisure:park,Jaipur,26.8390992,75.8943276
"indira gandhi nagar sector 8 , park - 1",leisure:park,Jaipur,26.8438695,75.8906032
"indira gandhi nagar sector 8 , park - 2",leisure:park,Jaipur,26.8439321,75.8882215
"indira gandhi nagar , sector 4 , park - 2",leisure:park,Jaipur,26.8381534,75.883093
"indira gandhi nagar sector 5 , park - 1",leisure:park,Jaipur,26.8384268,75.8902511
"indira gandhi nagar sector 5 , park - 2",leisure:park,Jaipur,26.8381247,75.8868642
"indira gandhi nagar sector 13 , park - 1",leisure:park,Jaipur,26.8489232,75.8939144
"Indira Gandhi Nagar, Sector-1, park",leisure:park,Jaipur,26.8373186,75.8582196
"Indira Gandhi Nagar, Sector-3, Park",leisure:park,Jaipur,26.8385794,75.8722893
Surya marraige garden,leisure:park,Jaipur,26.8383336,75.8742299
KanchanJunga Apartments Park,leisure:park,Jaipur,26.845668,75.8915489
Arya College Park,leisure:park,Jaipur,27.0312125,75.894472
Ground,leisure:park,Jaipur,26.8589287,75.7681366
Rupal park,leisure:park,Jaipur,26.8287677,75.8484394
Farm land,leisure:park,Jaipur,26.9134489,75.8110688
childern`s park,leisure:park,Jaipur,26.9742529,75.7644403
golden park,leisure:park,Jaipur,26.9641417,75.7846384
gate,leisure:park,Jaipur,26.8813523,75.7812358
Green Park,leisure:park,Jaipur,26.9415681,75.7882639
AB Ground,leisure:park,Jaipur,26.9424986,75.7906837
VDN playground,leisure:park,Jaipur,26.9454126,75.7848535
aaka,leisure:park,Jaipur,26.942512,75.7930364
Girdhar Park,leisure:park,Jaipur,26.945714,75.7830221
School Ground MGPS,leisure:park,Jaipur,26.9552849,75.7777649
Biyani College Ground,leisure:park,Jaipur,26.9569363,75.7786751
Greeen park,leisure:park,Jaipur,26.9580244,75.7797959
maidan,leisure:park,Jaipur,26.9239909,75.8045158
shelter,leisure:park,Jaipur,27.0054603,75.8570939
Subash Nagar Park,leisure:park,Jaipur,26.9372237,75.7973795
Deer Park,leisure:park,Jaipur,26.9046154,75.7980146
Nehru Park,leisure:park,Jaipur,26.9057565,75.7991988
Government Secretariat Park,leisure:park,Jaipur,26.9035915,75.8028367
Dil-Aram Bagh,leisure:park,Jaipur,26.9870075,75.8537077
Delram Bagh,leisure:park,Jaipur,26.9862695,75.8533212
Kesar Kyari,leisure:park,Jaipur,26.9848141,75.852504
parking area,leisure:park,Jaipur,26.9237833,75.8012971
Madho Singh Circle,leisure:park,Jaipur,26.9306121,75.7935776
Collectorate Circle Park,leisure:park,Jaipur,26.926132,75.7928689
Nagar Nigam Park,leisure:park,Jaipur,26.9426962,75.838355
Ram Niwas Public Gardens,leisure:park,Jaipur,26.9120324,75.81969
"Kanak Ghathi Park , Jaipur",leisure:park,Jaipur,26.9653695,75.8483719
Jawahar Circle,leisure:park,Jaipur,26.8397772,75.8009153
Adarsh Nagar Park,leisure:park,Jaipur,26.901343,75.8287218
Pondrik Park,leisure:park,Jaipur,26.934723,75.8257687
Parshuram Park,leisure:park,Jaipur,26.9449759,75.8000693
Ajay Park,leisure:park,Jaipur,26.9637308,75.785148
Narayan Park,leisure:park,Jaipur,26.9534711,75.7748495
"Public Park , jaipur",leisure:park,Jaipur,26.911573,75.8171512
Jyoti Nagar Park,leisure:park,Jaipur,26.8936858,75.7946513
Central Park,leisure:park,Jaipur,26.9042082,75.8103246
Kanwar Kanan Park,leisure:park,Jaipur,26.9329957,75.7889755
Smriti Park,leisure:park,Jaipur,26.9715083,75.7749886
BR Ambedkar Park,leisure:park,Jaipur,26.9785189,75.7694994
Neel Padam Sarovar Park,leisure:park,Jaipur,26.9094247,75.7391995
geejgarj park,leisure:park,Jaipur,26.9009215,75.7844532
Indoor park,leisure:park,Jaipur,26.929918,75.7923084
Colony Park,leisure:park,Jaipur,26.9346946,75.8238315
Agarsen park,leisure:park,Jaipur,26.9653035,75.7843001
Park U,leisure:park,Jaipur,26.805247,75.8095392
Samudaik Bhawan,leisure:park,Jaipur,26.8047705,75.8097512
Haldighati Park,leisure:park,Jaipur,26.8046631,75.8108803
sri ram colony park,leisure:park,Jaipur,26.9232004,75.8043092
dwarkadas park,leisure:park,Jaipur,26.8406254,75.7755596
Rose Garden Ground,leisure:park,Jaipur,26.8585059,75.7683842
Sector 72 Park,leisure:park,Jaipur,26.8556634,75.7709618
Sector 151 Park,leisure:park,Jaipur,26.8565607,75.7739624
Sector 153 Park,leisure:park,Jaipur,26.8545165,75.7748576
Sector 150 Park,leisure:park,Jaipur,26.8578972,75.7736566
Sector 7 Public Park,leisure:park,Jaipur,26.8580603,75.7706969
Children Park,leisure:park,Jaipur,26.8571259,75.7708968
Krishna Vihar Park,leisure:park,Jaipur,26.8559404,75.7690408
Joggers Park,leisure:park,Jaipur,26.85498,75.7693151
Kid Park,leisure:park,Jaipur,26.8552865,75.7696392
Tagore Park,leisure:park,Jaipur,26.8594257,75.7703209
Radhe Krishna Temple Park,leisure:park,Jaipur,26.8595368,75.7723985
Jaipur City Park,leisure:park,Jaipur,26.8614175,75.7698456
Sapteshwar Park,leisure:park,Jaipur,26.8612618,75.7711883
Surya Paramal Udhan,leisure:park,Jaipur,26.8520381,75.7720831
Main Patel Marg Park,leisure:park,Jaipur,26.8534291,75.7676813
Chinmay Park,leisure:park,Jaipur,26.8522959,75.769804
Chawla Garden,leisure:park,Jaipur,26.8531952,75.7739438
Sector 9 Community Center,leisure:park,Jaipur,26.8508424,75.7702735
Sector 83 Park,leisure:park,Jaipur,26.8551476,75.7632858
L Park,leisure:park,Jaipur,26.853733,75.764876
Veer Tejaji Park,leisure:park,Jaipur,26.8521604,75.7650777
Sector 82 Park,leisure:park,Jaipur,26.8540836,75.7620239
Mandir Park,leisure:park,Jaipur,26.8559984,75.7651018
V Park,leisure:park,Jaipur,26.8570165,75.7655597
Shreeman Narayan Park,leisure:park,Jaipur,26.8501665,75.7726309
Public Park,leisure:park,Jaipur,26.8497714,75.7727974
Sector 9 Public Park,leisure:park,Jaipur,26.8483482,75.7729494
Nyay Park,leisure:park,Jaipur,26.8527029,75.7663807
Park,leisure:park,Jaipur,26.8492776,75.7660262
Sector 103 Park,leisure:park,Jaipur,26.8508916,75.7672597
Adhaytm Vigyan Park,leisure:park,Jaipur,26.8507825,75.7660039
amrapali park,leisure:park,Jaipur,26.912215,75.7391137
Hasanpura Public Park,leisure:park,Jaipur,26.9154423,75.7793322
Stone Park,leisure:park,Jaipur,26.8389221,75.77619
Community Center SFS,leisure:park,Jaipur,26.8381379,75.772136
Kanwar Nagar Public Park,leisure:park,Jaipur,26.9296329,75.82727
Tilak Park,leisure:park,Jaipur,26.8927833,75.8221195
Rose Park,leisure:park,Jaipur,26.9343293,75.8534834
Jaipur Park,leisure:park,Jaipur,26.9204852,75.8483332
Eidgah Park,leisure:park,Jaipur,26.9249895,75.8457311
Pulic Park,leisure:park,Jaipur,26.9256539,75.8456505
Purani Chungi Circle Park,leisure:park,Jaipur,26.9459939,75.850333
Ganesh Park,leisure:park,Jaipur,26.9456912,75.8510005
National Institute Of Ayurved Park,leisure:park,Jaipur,26.9355116,75.8330803
Suresh Sharma Garden,leisure:park,Jaipur,26.9362599,75.8342488
National Institute Of Ayurved Hostal Park,leisure:park,Jaipur,26.9343391,75.8328784
Subhash Chowk New Amer Road Park,leisure:park,Jaipur,26.9312129,75.8321162
Jain Nasiya Park,leisure:park,Jaipur,26.9418251,75.8465403
Jain Temple Mohanbari Park,leisure:park,Jaipur,26.91662,75.8475873
Surya Nagar Park,leisure:park,Jaipur,26.9223117,75.8507259
Saheed Bahgat Singh Park,leisure:park,Jaipur,26.896855,75.8288777
Dushehera Maidan,leisure:park,Jaipur,26.8976181,75.8312117
TECHNOLOGY PARK,leisure:park,Jaipur,26.868347,75.766465
GANESH PARK,leisure:park,Jaipur,26.8640262,75.758084
PUBLIC PARK,leisure:park,Jaipur,26.8771331,75.7555819
Sai Udhyaan,leisure:park,Jaipur,26.8738946,75.7562421
Girnar Park,leisure:park,Jaipur,26.9066467,75.7446166
Mahatama Gandi Nagar Park,leisure:park,Jaipur,26.896208,75.7461337
Hanuman Vatika park,leisure:park,Jaipur,26.9178052,75.7419729
Children's park,leisure:park,Jaipur,26.9147909,75.7349595
Nandan Kadan,leisure:park,Jaipur,26.8891978,75.744659
Khem didi park,leisure:park,Jaipur,26.8825206,75.7468119
Ravi park,leisure:park,Jaipur,26.8843266,75.7501186
Ranvir shekhawat park,leisure:park,Jaipur,26.8868192,75.757765
Jai hanuman park,leisure:park,Jaipur,26.8883165,75.7636927
Ahinsa Park,leisure:park,Jaipur,26.8896739,75.7631866
Subhash Park,leisure:park,Jaipur,26.8910294,75.7606406
Hanuman Vatika Park,leisure:park,Jaipur,26.8904644,75.767371
Hari park,leisure:park,Jaipur,26.8926299,75.7659635
Gokul park,leisure:park,Jaipur,26.8964032,75.7652389
Krishna Vatika,leisure:park,Jaipur,26.8974573,75.7666909
Mahaveer Park,leisure:park,Jaipur,26.9651387,75.7878554
Sector 2 Park,leisure:park,Jaipur,26.8489893,75.8205954
Local park 1,leisure:park,Jaipur,26.8871836,75.8297568
Maharana Pratap Park,leisure:park,Jaipur,26.8874077,75.8319149
Hanuman Park,leisure:park,Jaipur,26.8485403,75.7739472
Sunrise Garden,leisure:park,Jaipur,26.8521878,75.8179479
Woodland Park,leisure:park,Jaipur,26.8434763,75.7786412
A block park,leisure:park,Jaipur,26.9137087,75.7360578
Adinath Park,leisure:park,Jaipur,26.8515734,75.8032996
Shobhit Park,leisure:park,Jaipur,26.8538141,75.8039026
Jai Jawan Colony Park,leisure:park,Jaipur,26.85389,75.8005543
Durga park,leisure:park,Jaipur,26.8498224,75.7924002
Saraswati park,leisure:park,Jaipur,26.803651,75.8281817
Central park Sector 16,leisure:park,Jaipur,26.8067865,75.8278294
Saras Apart park,leisure:park,Jaipur,26.8028208,75.8285684
Tagore park,leisure:park,Jaipur,26.8039701,75.8251795
science University park,leisure:park,Jaipur,26.80146,75.8285323
Bheru circle,leisure:park,Jaipur,26.8022397,75.8258325
Park 1,leisure:park,Jaipur,26.8014102,75.82557
Park 2,leisure:park,Jaipur,26.803716,75.8266745
Park 3,leisure:park,Jaipur,26.8018013,75.8311118
park 4,leisure:park,Jaipur,26.8007041,75.8298161
Manak Bairathi Park,leisure:park,Jaipur,26.8879595,75.8359996
Satish Chand Agarwal Park,leisure:park,Jaipur,26.8883223,75.8363815
Cactus Park,leisure:park,Jaipur,26.889156,75.835558
Walk Park and Event Garden of Jain Temple,leisure:park,Jaipur,26.8891352,75.834807
Apna Park,leisure:park,Jaipur,26.8872298,75.8358406
Suraj Maidan,leisure:park,Jaipur,26.8945246,75.8339179
Jhulelal Park,leisure:park,Jaipur,26.8919219,75.8355423
Satya Path Park,leisure:park,Jaipur,26.8828001,75.7796098
Vivekananda Park,leisure:park,Jaipur,26.8749804,75.7774509
Dr. Bhim Rao Ambedkar Park,leisure:park,Jaipur,26.8808094,75.7809606
Bhura Patel Nagar A Park,leisure:park,Jaipur,26.8959103,75.7376429
Golf Area,leisure:park,Jaipur,26.8562222,75.7733702
Pandit Deendayal Upadhya Circle,leisure:park,Jaipur,26.9051118,75.8353475
Sudarshanpura park,leisure:park,Jaipur,26.898904,75.7905819
Lotus Villa Small Park,leisure:park,Jaipur,26.8062188,75.8692602
Lotus Villa Main Park,leisure:park,Jaipur,26.804373,75.869752
Ridhi Sidhi Marriage Garden,leisure:park,Jaipur,26.8387824,75.8711656
balaji graound,leisure:park,Jaipur,26.8338588,75.8315621
jaipur stadium,leisure:park,Jaipur,26.8596404,75.8021818
vivak vihar park,leisure:park,Jaipur,26.8360927,75.8275895
LANDSCAPE GARDEN,leisure:park,Jaipur,26.8380978,75.823317
ep park,leisure:park,Jaipur,26.8371315,75.7983083
EP GARDEN,leisure:park,Jaipur,26.836551,75.7962073
UNIVESITY PARK,leisure:park,Jaipur,26.8816813,75.8133552
statue circle park,leisure:park,Jaipur,26.9080482,75.805291
Gulmohar Garden Central Park,leisure:park,Jaipur,26.7257941,75.8086066
Budh Vihar Park,leisure:park,Jaipur,26.8183564,75.8686603
Abhimanyu Park,leisure:park,Jaipur,26.8593228,75.7593347
Shree Matsya Bhagwaan Mandir,leisure:park,Jaipur,26.8602261,75.7596594
JDA Park,leisure:park,Jaipur,26.8800045,75.754976
Jaies Garden,leisure:park,Jaipur,26.8839756,75.7518456
Dolphin park,leisure:park,Jaipur,26.8313158,75.8489302
Kardhani Central Park,leisure:park,Jaipur,26.9541431,75.7126417
Kardhani D-Block Park,leisure:park,Jaipur,26.9564496,75.7117573
Kardhani E-Block Park,leisure:park,Jaipur,26.9554741,75.714918
Kardhqani E- Block Park,leisure:park,Jaipur,26.9517282,75.71352
Kardhani E- Block Park,leisure:park,Jaipur,26.9524719,75.7104066
Narayan Puri Patk,leisure:park,Jaipur,26.9523309,75.7416122
Bhagat Singh Park,leisure:park,Jaipur,26.952222,75.7422387
Landscape,leisure:park,Jaipur,26.8619027,75.7740093
PlayZone Playground,leisure:park,Jaipur,26.8361304,75.7309532
Bike Park,leisure:park,Jaipur,26.9068513,75.7351247
Varun Bazar,shop:mall,Udaipur,24.5825592,73.6898665
RK Mall,shop:mall,Udaipur,24.5969681,73.6906102
Lake City Mall,shop:mall,Udaipur,24.5860843,73.7106254
Celebration Mall,shop:mall,Udaipur,24.6124692,73.7024159
Paras Prime,shop:mall,Udaipur,24.5604397,73.693593
Barkat Colony Park,leisure:park,Udaipur,24.5453168,73.7069854
Maharana cabs,leisure:park,Udaipur,24.5971439,73.7363398
Saijan Niwas gardens,leisure:park,Udaipur,24.5726375,73.6918433
Nerhu Island Park,leisure:park,Udaipur,24.5962515,73.6733955
Saheliyon-Ki-Bari,leisure:park,Udaipur,24.60305,73.6854857
Panchwati Circle,leisure:park,Udaipur,24.5972664,73.690089
Malla Talai,leisure:park,Udaipur,24.5836514,73.6695554
Bal Udyan,leisure:park,Udaipur,24.5844313,73.6716702
Basti Ram Park,leisure:park,Udaipur,24.5856472,73.6903573
Manji Ka Ghat Park,leisure:park,Udaipur,24.5777887,73.6796298
Smriti Van,leisure:park,Udaipur,24.5474598,73.6854103
Grace Landmark Park,leisure:park,Udaipur,24.5891057,73.6697123
Shree Mohanlal Sukhadiya Memorial Foundation Park,leisure:park,Udaipur,24.586023,73.7097922
Rajiv Gandhi Garden,leisure:park,Udaipur,24.59709,73.6609788
Pratap Park,leisure:park,Udaipur,24.5701843,73.6605082
Guru Gobind Singh Park,leisure:park,Udaipur,24.597822,73.6782595
Vivakanand Park,leisure:park,Udaipur,24.5914221,73.6830536
City Council Park,leisure:park,Udaipur,24.5827734,73.6973433
Jungle Safari Park,leisure:park,Udaipur,24.5623573,73.668024
Pandit Deendayal Upadhyay Park,leisure:park,Udaipur,24.5669631,73.6844247
Mohata Park,leisure:park,Udaipur,24.5932917,73.6906603
A-One Garden,leisure:park,Udaipur,24.5883122,73.7126876
Smartcity Park,leisure:park,Udaipur,24.5448862,73.6823667
Balkacharya Park,leisure:park,Udaipur,24.5572922,73.6927043
Sukhadia Circle,leisure:park,Udaipur,24.6011008,73.6915089
Nikhileshwar Mahadev Park,leisure:park,Udaipur,24.5455027,73.7131749
Rimzim Vatika,leisure:park,Udaipur,24.58111,73.6591801
Golden Park,leisure:park,Udaipur,24.5647568,73.6634539
Satvik Paradise,leisure:park,Udaipur,24.5412497,73.7096748
Goverdhan Sagar Park,leisure:park,Udaipur,24.5440418,73.6858505
Swarn Jayanti Park,leisure:park,Udaipur,24.5447356,73.6861651
Mulla Talai Park,leisure:park,Udaipur,24.5858073,73.6669362
hanuman park,leisure:park,Udaipur,24.571355,73.7366481
vasant vihar park,leisure:park,Udaipur,24.5649536,73.721839
udai park,leisure:park,Udaipur,24.5638972,73.7225653
Krishna Softee & Softee,amenity:restaurant,Jodhpur,26.2621259,73.0038552
Jharoka Restaurant,amenity:restaurant,Jodhpur,26.2968832,73.0229599
Jhankar,amenity:restaurant,Jodhpur,26.2965755,73.0225174
Indique,amenity:restaurant,Jodhpur,26.2964113,73.0240235
marwar residency,amenity:restaurant,Jodhpur,26.3060629,73.0572641
On the Rocks,amenity:restaurant,Jodhpur,26.2817132,73.0378539
Mishrilala Sweets and Lassi,amenity:restaurant,Jodhpur,26.2944201,73.0245241
Shahi Samosa,amenity:restaurant,Jodhpur,26.2937794,73.0242029
college canteen,amenity:restaurant,Jodhpur,26.2871638,73.0345048
Gypsy,amenity:restaurant,Jodhpur,26.2755449,73.0078391
Hanwant Mahal,amenity:restaurant,Jodhpur,26.2771952,73.0445396
Kalinga Restaurant,amenity:restaurant,Jodhpur,26.2841436,73.0212814
Kesar Heritage Restaurant,amenity:restaurant,Jodhpur,26.2971521,73.0209559
Nirvana restaurant,amenity:restaurant,Jodhpur,26.2940055,73.0226044
Restaurante Priya Niwas,amenity:restaurant,Jodhpur,26.2885442,73.0258724
Jeeman restaurant,amenity:restaurant,Jodhpur,26.2962665,73.0144626
Rishi Excellency Jodhpur | Multi cuisine Restro |,amenity:restaurant,Jodhpur,26.348866,73.0377834
आरोड़ा चाट भण्डार,amenity:restaurant,Jodhpur,26.2936959,73.0241558
janta restraunt,amenity:restaurant,Jodhpur,26.2936026,73.0246011
Hill View Restaurant,amenity:restaurant,Jodhpur,26.2981689,73.020727
अचार्या,amenity:restaurant,Jodhpur,26.2980341,73.021117
Chandra Shahi Samosa,amenity:restaurant,Jodhpur,26.2848328,73.0276851
Subhdhra,amenity:restaurant,Jodhpur,26.2139375,73.0284755
Cafe Frespresso Coffee and Food,amenity:restaurant,Jodhpur,26.296085,73.0237975
Om Juice Corner,amenity:restaurant,Jodhpur,26.2955453,73.0237312
The food chain,amenity:restaurant,Jodhpur,26.2879346,73.0368155
auntie's pizza,amenity:restaurant,Jodhpur,26.2631606,73.0038861
Cafe united,amenity:restaurant,Jodhpur,26.2636468,72.9947856
Blue Cafe,amenity:restaurant,Jodhpur,26.2972836,73.0217183
Sparrow's pizzeria,amenity:restaurant,Jodhpur,26.287429,73.0417722
Indigo,amenity:restaurant,Jodhpur,26.297581,73.0218321
The Grand Turf,amenity:restaurant,Jodhpur,26.2206233,73.0419798
Kabuleewala,amenity:restaurant,Jodhpur,26.2707134,72.9997402
beli chicken,amenity:restaurant,Jodhpur,26.2917467,73.0291937
Kim Mohan's Restaurant,amenity:restaurant,Jodhpur,26.2968153,73.0203308
Restaurant,amenity:restaurant,Jodhpur,26.323934,72.8042313
Non-veg zone,amenity:restaurant,Jodhpur,26.3016404,73.031246
Cafe rooftop,amenity:restaurant,Jodhpur,26.2993479,73.02292
Qureshi Kabab House,amenity:restaurant,Jodhpur,26.28934,73.0229708
Gopal Roof Top Restaurant,amenity:restaurant,Jodhpur,26.2964034,73.0222089
Desi Bhoj,amenity:restaurant,Jodhpur,26.2304141,73.0356171
Mandap Garden and Restaurant,amenity:restaurant,Jodhpur,26.2300193,73.035753
The Royal Madrasi Restro,amenity:restaurant,Jodhpur,26.2505832,72.9598997
House of Arches,amenity:restaurant,Jodhpur,26.2190104,72.9792176
THAR  family restaurant,amenity:restaurant,Jodhpur,26.3113616,73.092209
Mehran Restaurant,amenity:restaurant,Jodhpur,26.2988303,73.0195342
Rajwadi Tadka,amenity:restaurant,Jodhpur,26.2724337,73.0334757
Ramji Restaurant,amenity:restaurant,Jodhpur,26.3009487,73.0380374
KOTHARI,amenity:restaurant,Jodhpur,26.3023786,73.043445
FOOD SPOT,amenity:restaurant,Jodhpur,26.3041331,73.03476
LA PINOZ PIZZA,amenity:restaurant,Jodhpur,26.3028549,73.0384237
BRICKS VRINDAYAN,amenity:restaurant,Jodhpur,26.2999095,73.0387411
DOMINOS PIZZA,amenity:restaurant,Jodhpur,26.2997088,73.0391073
Namaste Cafe,amenity:restaurant,Jodhpur,26.2967777,73.0220589
Hotel Sukh Sagar Restaurant,amenity:restaurant,Jodhpur,26.2723202,73.037164
Blue Bird Café & Restaurant,amenity:restaurant,Jodhpur,26.2970769,73.021914
JIET Mess,amenity:restaurant,Jodhpur,26.1482209,73.0462672
Veevah Marriage Palace,amenity:restaurant,Jodhpur,26.2656351,73.0344834
Old Mess/Cant.,amenity:restaurant,Jodhpur,26.4720441,73.1169843
New Mess,amenity:restaurant,Jodhpur,26.4729793,73.1174343
Sheesh Mahal,amenity:cafe,Jodhpur,26.2962017,73.0240979
Café Royale,amenity:cafe,Jodhpur,26.2953602,73.0240593
Best Chai,amenity:cafe,Jodhpur,26.2938721,73.0239938
Misrilal hotel Lassi,amenity:cafe,Jodhpur,26.2944084,73.0241828
balaji,amenity:cafe,Jodhpur,26.2686516,72.9978993
Cafe Coffee Day,amenity:cafe,Jodhpur,26.275235,73.0394597
Babu khan tea snter,amenity:cafe,Jodhpur,26.3001865,73.0321091
Coffee Day,amenity:cafe,Jodhpur,26.289678,73.0288053
Brown Sugar,amenity:cafe,Jodhpur,26.2710068,73.0202716
Rigveda',amenity:cafe,Jodhpur,26.2709842,73.0201858
Rasraj,amenity:cafe,Jodhpur,26.2717256,73.0225601
Blueberrys Cafe at Yogis,amenity:cafe,Jodhpur,26.296596,73.0211055
Sambhali Cafe & Boutique,amenity:cafe,Jodhpur,26.2952069,73.0195262
Tapri,amenity:cafe,Jodhpur,26.4725791,73.1134014
Shamiyana,amenity:cafe,Jodhpur,26.4767383,73.1141839
The Coffee Shop,amenity:cafe,Jodhpur,26.2970779,73.0218928
Jain Chai,amenity:cafe,Jodhpur,26.2267125,72.9610522
New Tapri,amenity:cafe,Jodhpur,26.4728341,73.1147581
Sisodia Garden,leisure:garden,Jodhpur,26.2642193,72.9869039
Santosh Bhawan,leisure:garden,Jodhpur,26.3136908,73.0952177
Choti Marriage Garden,leisure:garden,Jodhpur,26.3057002,73.0960315
umaid garden,leisure:garden,Jodhpur,26.2919048,73.0331019
Type B Park,leisure:garden,Jodhpur,26.4738633,73.1118981
Director Lawn,leisure:garden,Jodhpur,26.4709344,73.1123424
Salim Singh-ki-Haveli,tourism:attraction,Jaisalmer,26.9136793,70.9160166
Nathmal-ki-Haveli,tourism:attraction,Jaisalmer,26.9157755,70.9125957
Kuldhara,tourism:attraction,Jaisalmer,26.8698766,70.7851226
Around here is the tailors,tourism:attraction,Jaisalmer,26.9137358,70.9164735
kamelsafari,tourism:attraction,Jaisalmer,26.8279242,70.6760636
island,tourism:attraction,Jaisalmer,26.9083585,70.9238887
entrance to Vyas Chhatari,tourism:attraction,Jaisalmer,26.9238751,70.9048505
Jaisalmer Fort,tourism:attraction,Jaisalmer,26.9127657,70.9128146
Khabah Fort,tourism:attraction,Jaisalmer,26.8114998,70.6735326
Patwa Haveli (government museum),tourism:attraction,Jaisalmer,26.9162587,70.9147607
Fashion Square,shop:clothes,Jaisalmer,26.9143981,70.9129683
Crazy Collection,shop:clothes,Jaisalmer,26.9175685,70.9131036
leather shop,shop:clothes,Jaisalmer,26.9132453,70.9141605
Laxmi,shop:clothes,Jaisalmer,26.9155696,70.9139085
Shayama Cashmere Store,shop:clothes,Jaisalmer,26.9116424,70.9114117
Bellissima,shop:clothes,Jaisalmer,26.9131183,70.9119987
Bellissima Coprative Shop,shop:clothes,Jaisalmer,26.9127046,70.9128867
Patwa Textile Factory,shop:clothes,Jaisalmer,26.9164709,70.9140134
life style store,shop:clothes,Ajmer,26.4666457,74.6406939
Paliwal Uniform & Bag House,shop:clothes,Ajmer,26.4661566,74.6054243
Madhuram Garments,shop:clothes,Ajmer,26.5870403,74.8538257
Muskan Fashion Boutique,shop:clothes,Ajmer,26.4801841,74.6457003
Sangeeta Fashion Boutique,shop:clothes,Ajmer,26.4802149,74.6464716
Sneha Boutique,shop:clothes,Ajmer,26.4801373,74.6464878
Fashion Era,shop:clothes,Ajmer,26.4800661,74.6465962
Sanaya Dresses,shop:clothes,Ajmer,26.4802072,74.6458585
KGN Fashion Store,shop:clothes,Ajmer,26.4789923,74.6464989
HP Collection,shop:clothes,Ajmer,26.4779379,74.6475345
JBN Fashion,shop:clothes,Ajmer,26.4778218,74.6474713
Aryan Store,shop:clothes,Ajmer,26.4771057,74.6477132
R Fashion,shop:clothes,Ajmer,26.4775293,74.6476754
Kapda Ghar,shop:clothes,Ajmer,26.4766993,74.64837
Kishangarh,leisure:park,Ajmer,26.5885585,74.861097
Bhagyauday Colony Park,leisure:park,Ajmer,26.5729934,74.8393304
nayagaon local park,leisure:park,Ajmer,26.2064189,74.5760391
Subash Bagh,leisure:park,Ajmer,26.4685935,74.63149
Club Area,leisure:park,Ajmer,26.5369805,74.500168
Bhagyauday colony park,leisure:park,Ajmer,26.572825,74.839289
Jhulelal Park,leisure:park,Ajmer,26.5733944,74.8373434
Community Park Kishangarh,leisure:park,Ajmer,26.5755931,74.8540944
Housing Board Park,leisure:park,Ajmer,26.57183,74.8362037
Laxminarayan Park,leisure:park,Ajmer,26.5813332,74.8442876
LaximiVihar Park,leisure:park,Ajmer,26.5818902,74.8420435
Adarsh park,leisure:park,Ajmer,26.57254,74.8329367
Azad Park,leisure:park,Ajmer,26.5829099,74.8501224
New HOUSING Board Park Nargar Parishad,leisure:park,Ajmer,26.5689347,74.8349727
Parasiya Park,leisure:park,Ajmer,26.5717645,74.8241987
Ravindranath Tagore Park,leisure:park,Ajmer,26.5857768,74.8588745
Gyan Vihar Park,leisure:park,Ajmer,26.4687435,74.6033441
B.K. Kaul Garden,leisure:park,Ajmer,26.4699199,74.6043808
Subash Udhyan,leisure:park,Ajmer,26.5723538,74.8637198
D' Coffee Day,amenity:cafe,Agra,27.1704491,78.0438156
Cafe Coffee Day,amenity:cafe,Agra,27.1596753,78.0113276
Bhagat halwai,amenity:cafe,Agra,27.2011154,78.0034067
BALAJI CYBER CAFE,amenity:cafe,Agra,27.1435408,78.0059227
bakey bihari dhar,amenity:cafe,Agra,27.1836993,77.970704
CYBER CAFE,amenity:cafe,Agra,27.18952,77.9629923
Khushi Computers,amenity:cafe,Agra,27.1619097,77.9836432
cafe Coffee Day,amenity:cafe,Agra,27.2128812,78.0264488
Uttam Greens,amenity:cafe,Agra,27.2061885,77.9534419
Costa Coffee,amenity:cafe,Agra,27.1613405,78.0350832
Barista,amenity:cafe,Agra,27.1616937,78.0346041
Brew Berry Cafe,amenity:cafe,Agra,27.1621818,78.036672
ramesh tea stall,amenity:cafe,Agra,27.1516689,77.9983019
Espresso Coffee,amenity:cafe,Agra,27.1602081,78.042101
Pandit Ji Bhojnalya,amenity:cafe,Agra,27.1640925,78.0538088
Join us,amenity:cafe,Agra,27.1690736,78.0425755
Good Vibes Cafe,amenity:cafe,Agra,27.1638904,78.0535688
Chia Taj view cafe,amenity:cafe,Agra,27.1690851,78.0431875
Ravi paties corner,amenity:cafe,Agra,27.1926943,77.9650326
Gemasur cafe,amenity:cafe,Agra,27.1431004,78.0056409
Bristal hotel and cafe,amenity:cafe,Agra,27.114979,78.0003907
Blue Tokkai Coffee Roasters,amenity:cafe,Agra,27.1686023,78.0499029
Sai garden,leisure:garden,Agra,27.2071336,77.9982519
company garden,leisure:garden,Agra,27.1589014,78.0152231
Shree Ram Chandr Farm House,leisure:garden,Agra,27.1481572,78.0372622
Mehtab Bagh,leisure:garden,Agra,27.1796698,78.0420345
Anguri Bagh,leisure:garden,Agra,27.1784276,78.023106
Chatni,amenity:restaurant,Varanasi,25.2941407,83.0050673
Marwadi Bhojanalay,amenity:restaurant,Varanasi,25.311842,83.0109213
Phulwari Restaurant,amenity:restaurant,Varanasi,25.3099636,83.0071967
Pizzeria Vaatika,amenity:restaurant,Varanasi,25.289353,83.0060414
Karki's Restaurant,amenity:restaurant,Varanasi,25.2882184,83.0053907
Kerala Cafe,amenity:restaurant,Varanasi,25.2997186,83.001183
I:ba,amenity:restaurant,Varanasi,25.2963844,83.0038952
Madhu Bahar,amenity:restaurant,Varanasi,25.2886758,83.0039218
Star Hotel,amenity:restaurant,Varanasi,25.3084967,83.009266
Madhur Milan Cafe,amenity:restaurant,Varanasi,25.3085405,83.0097158
SHRI Guest House,amenity:restaurant,Varanasi,25.3069623,83.0098553
Spicy Bites,amenity:restaurant,Varanasi,25.3051585,83.0081148
Apex,amenity:restaurant,Varanasi,25.3089237,83.0121258
Ganpati,amenity:restaurant,Varanasi,25.309108,83.0122192
New Baba,amenity:restaurant,Varanasi,25.3049914,83.008162
The Keshari,amenity:restaurant,Varanasi,25.3092903,83.0076598
Ganga Fuji,amenity:restaurant,Varanasi,25.3096482,83.0109745
Ayyar's Cafè,amenity:restaurant,Varanasi,25.3089017,83.007494
Megu Cafe,amenity:restaurant,Varanasi,25.3103371,83.0098353
Shiva Restaurant,amenity:restaurant,Varanasi,25.2884268,83.0038878
Shree Café,amenity:restaurant,Varanasi,25.3079671,83.0100512
Nepali,amenity:restaurant,Varanasi,25.3083577,83.0096147
Banarasi Tadka,amenity:restaurant,Varanasi,25.29116,83.0043433
Kashi Chat,amenity:restaurant,Varanasi,25.309354,83.0062499
Roma's Cafe Diner,amenity:restaurant,Varanasi,25.2812969,83.0031147
Salt & Pepper Food Hun,amenity:restaurant,Varanasi,25.2941027,83.0047932
Royal,amenity:restaurant,Varanasi,25.3347023,82.9798741
Aum Cafe - Organic Food 10/10!,amenity:restaurant,Varanasi,25.289363,83.0056019
Kapachino,amenity:restaurant,Varanasi,25.3042274,83.0075314
Raga cafe,amenity:restaurant,Varanasi,25.31117,83.0134979
Everest Cafe Momo Corner Restaurant,amenity:restaurant,Varanasi,25.2968027,83.0070471
Itihaas-Alley Restaurant,amenity:restaurant,Varanasi,25.2883186,83.0042819
Angeethee Resturant,amenity:restaurant,Varanasi,25.2872587,83.005015
BBC restaurant & hotel,amenity:restaurant,Varanasi,25.2787574,83.0025286
Dolphin Restaurant,amenity:restaurant,Varanasi,25.3081958,83.0111787
Sha,amenity:restaurant,Varanasi,25.3133005,83.0046481
Carvaan Cafe & Restaurant,amenity:restaurant,Varanasi,25.2881951,83.0052254
Deena Chat Bhandar,amenity:restaurant,Varanasi,25.3090691,83.0023133
Hangout,amenity:restaurant,Varanasi,25.293813,83.0000413
द ग्रीन बाल्कनी कैफे & डिनर,amenity:restaurant,Varanasi,25.2878882,83.004369
Kerala Ganges,amenity:restaurant,Varanasi,25.3087471,83.0115043
Canton Royale Restaurant,amenity:restaurant,Varanasi,25.3390821,82.979916
Sagar Ratna,amenity:restaurant,Varanasi,25.2813819,83.0032224
Bindass Restaurant,amenity:restaurant,Varanasi,25.2623493,82.981643
Sri Annapurna Restaurent,amenity:restaurant,Varanasi,25.3099294,82.9887763
Pind Baluchi,amenity:restaurant,Varanasi,25.3089162,82.9909262
Pink - The Colour Cafe,amenity:restaurant,Varanasi,25.3089194,82.9909466
Kasora Restaurant,amenity:restaurant,Varanasi,25.3010722,82.9558356
Chicago Pizza,amenity:restaurant,Varanasi,25.3006423,82.9692811
Bengal Sweet House,amenity:restaurant,Varanasi,25.284004,82.9693379
Rasna Family Restaurant,amenity:restaurant,Varanasi,25.3070834,82.9919506
Kovil Restaurant,amenity:restaurant,Varanasi,25.3119674,82.9867677
The Yellow Chilli,amenity:restaurant,Varanasi,25.3055163,82.9810198
Ambrosia,amenity:restaurant,Varanasi,25.2777473,82.9672239
Mehfil,amenity:restaurant,Varanasi,25.2866939,83.0017022
Banaras Sweet House and Bhojanalaya,amenity:restaurant,Varanasi,25.2789746,82.9987794
Capsicum Food Court,amenity:restaurant,Varanasi,25.2802842,83.0026685
VNS Live Studio,amenity:restaurant,Varanasi,25.3182588,82.9916193
Wife on Leave,amenity:restaurant,Varanasi,25.3211342,82.9911781
Machan,amenity:restaurant,Varanasi,25.2877642,82.9692105
The Taste Factory,amenity:restaurant,Varanasi,25.3058219,82.9859362
Ksheer Sagar,amenity:restaurant,Varanasi,25.3113365,82.9892046
Crystal Bowl,amenity:restaurant,Varanasi,25.2903842,83.0018114
Parthos,amenity:restaurant,Varanasi,25.305214,82.9792966
Bhagirathi Food Plaza,amenity:restaurant,Varanasi,25.2893311,82.9694725
Banaras Sweet House,amenity:restaurant,Varanasi,25.2691284,82.9826179
Singh's Delight Restaurant,amenity:restaurant,Varanasi,25.26154,82.9814667
Subway Varanasi,amenity:restaurant,Varanasi,25.2947217,83.0001728
Ice dew ice cream,amenity:restaurant,Varanasi,25.2950226,83.0005599
The Arabic Cafe,amenity:restaurant,Varanasi,25.2949796,83.0006753
Nonsense Fast Food,amenity:restaurant,Varanasi,25.2965454,82.9991854
शिवांगी लंच हाउस,amenity:restaurant,Varanasi,25.3053215,82.9925403
Shanti Restaurant,amenity:restaurant,Varanasi,25.3048518,83.0077197
Jyoti Cafe,amenity:restaurant,Varanasi,25.3056593,83.0086228
AM 2 PM Restaurant,amenity:restaurant,Varanasi,25.2595214,82.9815196
Relish Scoop Bar and Cafe,amenity:restaurant,Varanasi,25.2634152,82.9817206
Cimaya,amenity:restaurant,Varanasi,25.2638528,82.9815187
kavyanjali sweet house,amenity:restaurant,Varanasi,25.2635938,82.9816088
sheik chill small shop,amenity:restaurant,Varanasi,25.2635759,82.9816356
foodie friend's,amenity:restaurant,Varanasi,25.2649386,82.9817699
NH 56 hotel,amenity:restaurant,Varanasi,25.3546362,82.9656729
sagar bhojanalay,amenity:restaurant,Varanasi,25.3547741,82.9660329
dosa crush,amenity:restaurant,Varanasi,25.354618,82.966059
mahadev nariyal pani,amenity:restaurant,Varanasi,25.3546448,82.9655978
new lucknow biryani,amenity:restaurant,Varanasi,25.3545406,82.9660654
KVS (food court),amenity:restaurant,Varanasi,25.2636939,82.9815272
champaran meat house,amenity:restaurant,Varanasi,25.2635514,82.98166
Kashi Restaurant,amenity:restaurant,Varanasi,25.27994,82.9922718
Paprika Food Court,amenity:restaurant,Varanasi,25.2796698,83.0030165
Sunbeam Bhagwanpur Canteen,amenity:restaurant,Varanasi,25.2732741,83.0013881
Banarsi Biryani,amenity:restaurant,Varanasi,25.2894898,83.0013967
Chicken Shwawarma Wala,amenity:restaurant,Varanasi,25.2894782,83.0013667
Aman-e-Khas,amenity:restaurant,Varanasi,25.2970064,83.0023604
Western Street n Cafe,amenity:restaurant,Varanasi,25.2881654,83.001401
Champaran Meat House,amenity:restaurant,Varanasi,25.28839,83.0017394
Waah Mumbai!,amenity:restaurant,Varanasi,25.2911695,83.0013304
AM2PM RESTAURANT,amenity:restaurant,Varanasi,25.2602834,82.9815127
Popular Bati Chokha,amenity:restaurant,Varanasi,25.3115714,82.9877375
Pizza Hut,amenity:restaurant,Varanasi,25.3357406,82.9776527
Barbeque Nation,amenity:restaurant,Varanasi,25.3356607,82.97747
EC RESTURANT 2,amenity:restaurant,Varanasi,25.2629243,82.99085
NEW CAFE AND RESTURANT,amenity:restaurant,Varanasi,25.2606975,82.9914443
Luv Kush,amenity:restaurant,Varanasi,25.2998813,83.0022412
Sol Cafe by Mark's Cafe-Diner,amenity:restaurant,Varanasi,25.3033865,83.0082679
DG2 canteen,amenity:restaurant,Varanasi,25.2644712,82.9846575
Bindass restaurtant,amenity:restaurant,Varanasi,25.2623643,82.981646
Meera's Restaurant,amenity:restaurant,Varanasi,25.262509,82.9808414
Paprika Restaurant,amenity:restaurant,Varanasi,25.2789682,83.0028284
Litti Chokha Thelewala,amenity:restaurant,Varanasi,25.2815552,83.0032268
The Chef Bake,amenity:restaurant,Varanasi,25.2815868,83.0034878
Manbhavan Food Corner,amenity:restaurant,Varanasi,25.282242,83.0033109
Cubana Heights Clubs and Restaurant,amenity:restaurant,Varanasi,25.2828827,83.0038525
Prasidh Chachi Ki Dukaan,amenity:restaurant,Varanasi,25.2822175,83.0028642
Fat Tiger,amenity:restaurant,Varanasi,25.2828204,83.0034372
sagar ratna,amenity:restaurant,Varanasi,25.2814604,83.0031204
Sunil Chat Bhandar,amenity:restaurant,Varanasi,25.2811225,83.0031162
foodox cafe,amenity:restaurant,Varanasi,25.2807845,83.0043005
SIGNEE Restaurant,amenity:restaurant,Varanasi,25.2805711,83.0051338
roma's cafe,amenity:restaurant,Varanasi,25.2807552,83.0031551
Holy Waffle,amenity:restaurant,Varanasi,25.2823361,83.0037746
sevak sri bhojnalay,amenity:restaurant,Varanasi,25.2814584,83.0035923
CAPSICUM RESTAURANT,amenity:restaurant,Varanasi,25.2805636,83.0025927
Classic Soya Chaap Zone,amenity:restaurant,Varanasi,25.2802968,83.0021564
Kimmo's Kitchen,amenity:restaurant,Varanasi,25.2821678,83.0036976
Kingslayer Family Restaurant,amenity:restaurant,Varanasi,25.2822876,83.0034527
Moonville Rooftop,amenity:restaurant,Varanasi,25.3000226,83.0895993
dosa king,amenity:restaurant,Varanasi,25.2877994,82.9984462
99 Pancakes,amenity:restaurant,Varanasi,25.293046,83.00209
Lazania Restaurant,amenity:restaurant,Varanasi,25.3784127,83.0229616
The Green Balcony,amenity:restaurant,Varanasi,25.2877381,83.0043475
Aalishan Zaika,amenity:restaurant,Varanasi,25.3011954,82.9570721
The Mint Leaf,amenity:restaurant,Varanasi,25.3076299,82.9969025
Govindas,amenity:restaurant,Varanasi,25.2931623,83.0003018
Biryani Mahal,amenity:restaurant,Varanasi,25.2944803,83.002104
Famous,amenity:restaurant,Varanasi,25.2616877,82.9814185
LIMBDI CANTEEN,amenity:restaurant,Varanasi,25.2610951,82.9852395
Open Hand Shop and Café,amenity:cafe,Varanasi,25.2880028,83.0046032
Blue Lassi Shop,amenity:cafe,Varanasi,25.3123734,83.0113542
Niyati Cafe,amenity:cafe,Varanasi,25.3081571,83.0101627
Maitri Jalpan Grih,amenity:cafe,Varanasi,25.2712044,82.9930809
Shiva cafe & German bakery,amenity:cafe,Varanasi,25.30266,83.00726
The Mark’s Café,amenity:cafe,Varanasi,25.2881479,83.0044397
Ashish’ Café,amenity:cafe,Varanasi,25.2894538,83.0061725
Dosa Cafe,amenity:cafe,Varanasi,25.3084503,83.0103322
Shiva restaurant,amenity:cafe,Varanasi,25.2884351,83.0038522
Nirman cafe varansi,amenity:cafe,Varanasi,25.2784608,83.0055163
Vishnu Tea Emporium,amenity:cafe,Varanasi,25.3082151,83.010145
CAFE,amenity:cafe,Varanasi,25.2830628,83.0036434
IIT Cafeteria,amenity:cafe,Varanasi,25.2604996,82.9914058
Varanasi cafe & restaurant,amenity:cafe,Varanasi,25.3091913,83.0118591
कशी कैफ़े,amenity:cafe,Varanasi,25.2881316,83.0049416
लूसी'स हेरिटेज कैफ़े,amenity:cafe,Varanasi,25.3033262,83.0082942
The Dirty Chai Cafe,amenity:cafe,Varanasi,25.3062179,83.0090205
Kalika Dhaba,amenity:cafe,Varanasi,25.288114,83.0016205
Lucy's Cafe,amenity:cafe,Varanasi,25.3035255,83.0081913
Lucy's heritage cafe,amenity:cafe,Varanasi,25.303328,83.0083173
Teaquila,amenity:cafe,Varanasi,25.2877021,83.0066154
The Chocolate Heaven,amenity:cafe,Varanasi,25.2935693,83.0021214
Bowl of compassion,amenity:cafe,Varanasi,25.305784,83.0072379
Banarasi Chai Wala (Drinks ka daddy),amenity:cafe,Varanasi,25.2634417,82.9817728
CCD,amenity:cafe,Varanasi,25.2584148,82.9867973
Dg  Corner,amenity:cafe,Varanasi,25.2631534,82.9867534
banaarsi paan shop,amenity:cafe,Varanasi,25.2635427,82.9816794
COLD COFFEE,amenity:cafe,Varanasi,25.2656454,82.9888228
canteeen 1,amenity:cafe,Varanasi,25.2639917,82.9841062
sn bose  canteen,amenity:cafe,Varanasi,25.2635531,82.9837997
CANTEEN2,amenity:cafe,Varanasi,25.2640003,82.9842197
ROMAS CAFE DINNER,amenity:cafe,Varanasi,25.2813597,83.0032837
chachi tea,amenity:cafe,Varanasi,25.2634197,82.9817711
Kashirajchai,amenity:cafe,Varanasi,25.2604362,82.9816157
EC CAFE,amenity:cafe,Varanasi,25.2630879,82.9904318
NOIVE CAFE,amenity:cafe,Varanasi,25.2631266,82.9846843
JUICE CORNER,amenity:cafe,Varanasi,25.2630437,82.9832607
canteen 2,amenity:cafe,Varanasi,25.2644983,82.9846336
canteen 1,amenity:cafe,Varanasi,25.2638858,82.9846177
fruit stall,amenity:cafe,Varanasi,25.2608718,82.9867902
samaya,amenity:cafe,Varanasi,25.308928,83.0084423
Tit Bit cafe at home,amenity:cafe,Varanasi,25.2812765,83.0034509
collge you partnership,amenity:cafe,Varanasi,25.2810368,83.00341
Minnano Cafe,amenity:cafe,Varanasi,25.3048271,83.0078744
Latte Lounge Cafe,amenity:cafe,Varanasi,25.2848011,83.0035883
Agro  Cafe,amenity:cafe,Varanasi,25.2649703,82.9893642
rajputana canteen,amenity:cafe,Varanasi,25.2622282,82.9850278
Tundai Kababi ,amenity:restaurant,Lucknow,26.8483229,80.9273224
Tunday Kababi,amenity:restaurant,Lucknow,26.8617911,80.9069882
Jannat,amenity:restaurant,Lucknow,26.842835,80.9907447
bati chokha restaurant,amenity:restaurant,Lucknow,26.8590086,80.9945377
Zaayka,amenity:restaurant,Lucknow,26.8941102,81.0758175
Sheroe's Hangout Cafe,amenity:restaurant,Lucknow,26.8504815,80.9775141
Srivastava Bhojnalaya,amenity:restaurant,Lucknow,26.8688699,80.9745604
Aryan Munshipulia,amenity:restaurant,Lucknow,26.8884848,80.9961972
Gilori The Taste Of Nawabs,amenity:restaurant,Lucknow,26.8994701,80.9454422
SHRI GANPATI SWEETS RESTAURANT BANQUET,amenity:restaurant,Lucknow,26.7681353,80.9460584
Breakin cafe,amenity:restaurant,Lucknow,26.8499723,81.0510413
Babian,amenity:restaurant,Lucknow,26.8736148,80.9818393
Chandrakala Sweets,amenity:restaurant,Lucknow,26.873435,80.9822186
Aadab e Dastarkhwan,amenity:restaurant,Lucknow,26.8724179,80.9807104
Rang Chokha,amenity:restaurant,Lucknow,26.8764951,80.9911393
Nainital Momos Barabanki,amenity:restaurant,Lucknow,26.9234632,81.177902
Thr Punjab - barbeque and Grill,amenity:restaurant,Lucknow,26.7896313,80.9076654
CIWAZ,amenity:restaurant,Lucknow,26.7993105,81.0020736
Rail Coach Restaurant,amenity:restaurant,Lucknow,26.8316213,80.9239372
Sahu Kathi Chicken Egg Roll Wala,amenity:restaurant,Lucknow,26.8847293,80.9956034
Agni,amenity:restaurant,Lucknow,26.8640885,81.0156619
Internation Bati Cokha wala,amenity:restaurant,Lucknow,26.8852569,80.9992581
Dehati mutton handi,amenity:restaurant,Lucknow,26.8851206,80.9994195
K2 khao dhaba,amenity:restaurant,Lucknow,26.8857041,81.0004579
Punjabi Dhaba,amenity:restaurant,Lucknow,26.885954,81.0006877
Golden Tulip Hotel,amenity:restaurant,Lucknow,26.8383467,80.9345706
Kolkata Cuttlets and rolls,amenity:restaurant,Lucknow,26.8886593,80.996925
Barkaas,amenity:restaurant,Lucknow,26.8529871,80.998791
Tanatan,amenity:restaurant,Lucknow,26.8437136,80.9469722
Sendha,amenity:restaurant,Lucknow,26.8310133,80.9239663
Cellar,amenity:restaurant,Lucknow,26.8747678,80.9581953
Ritz,amenity:restaurant,Lucknow,26.8748452,80.9582322
Marksmen,amenity:restaurant,Lucknow,26.8503728,80.9408546
Curry Leaf,amenity:restaurant,Lucknow,26.8474472,80.9455297
Jehangir Hotel,amenity:restaurant,Lucknow,26.8712668,80.9567183
Tamil Nadi Dosa,amenity:restaurant,Lucknow,26.8579982,80.9968007
Sassy Canteen,amenity:restaurant,Lucknow,26.8653078,80.9601909
The Coconut Chutney,amenity:restaurant,Lucknow,26.8747602,80.9588458
Shree Rajbhog,amenity:restaurant,Lucknow,26.8732111,81.0151799
Udipi Restaurant,amenity:restaurant,Lucknow,26.77587,80.9922545
Mulla Ji Non-Veg Corner,amenity:restaurant,Lucknow,26.7739449,80.8785549
Panorama Terrace,amenity:restaurant,Lucknow,26.8850403,80.9930267
Chung Fa,amenity:restaurant,Lucknow,26.8745852,80.9577707
Dastarkhwan,amenity:restaurant,Lucknow,26.8481012,80.9392657
Deva Food Mart,amenity:restaurant,Lucknow,26.8825362,80.9465924
Aryans,amenity:restaurant,Lucknow,26.8440067,80.9470812
Pizza Hut,amenity:restaurant,Lucknow,26.8439319,80.947079
Rovers Ranjan,amenity:restaurant,Lucknow,26.8460891,80.9465718
Royal Cafe,amenity:restaurant,Lucknow,26.8560916,80.9451768
Bikanerwala,amenity:restaurant,Lucknow,26.8724986,80.9816747
The KItchen,amenity:restaurant,Lucknow,26.8739109,80.9918562
Elaichi Sweets & Restaurant,amenity:restaurant,Lucknow,26.8402041,80.8518439
14 Greens,amenity:restaurant,Lucknow,26.8893039,80.9961634
Azrak,amenity:restaurant,Lucknow,26.8341963,80.9481621
Asian Table,amenity:restaurant,Lucknow,26.8343524,80.947759
Saraca,amenity:restaurant,Lucknow,26.8342918,80.9479307
HONS All Day Dining,amenity:restaurant,Lucknow,26.8507292,80.9444161
ANSAL GREEN BELT,leisure:garden,Lucknow,26.7890162,80.9963374
Rashtra Prerna Sthal,leisure:garden,Lucknow,26.8956931,80.8772627
Dhoomanganj,leisure:park,Prayagraj,25.4500193,81.7823787
park,leisure:park,Prayagraj,25.4285637,81.5898155
loha park,leisure:park,Prayagraj,25.4567139,81.8684124
ramlila park,leisure:park,Prayagraj,25.4552319,81.8718663
friend park,leisure:park,Prayagraj,25.4664215,81.8688666
mohan vatika,leisure:park,Prayagraj,25.4682325,81.8704628
kasturi park,leisure:park,Prayagraj,25.4593776,81.8686451
shagun park,leisure:park,Prayagraj,25.4587555,81.8648787
RISHI BHARDWAJ PARK,leisure:park,Prayagraj,25.457272,81.8583743
murli manohar,leisure:park,Prayagraj,25.4486446,81.8591874
ram leela MAIDAN,leisure:park,Prayagraj,25.4463164,81.8592442
madan mohan malviya,leisure:park,Prayagraj,25.4485555,81.8626593
haathi park,leisure:park,Prayagraj,25.4578584,81.8473044
shivaji park,leisure:park,Prayagraj,25.4762039,81.8521786
Deer park,leisure:park,Prayagraj,25.3743534,81.85108
added park,leisure:park,Prayagraj,25.4637427,81.8679961
BASKETBALL COURT,leisure:park,Prayagraj,25.4628585,81.8408006
BIG FIELD,leisure:park,Prayagraj,25.4615214,81.8413146
SMALL FIELD,leisure:park,Prayagraj,25.4622874,81.8403565
SWIMMING POOL,leisure:park,Prayagraj,25.462105,81.8390857
GOLA PARK,leisure:park,Prayagraj,25.459989,81.8630104
CHILDREN PARK,leisure:park,Prayagraj,25.4608011,81.8653148
Children Park(Azad Park),leisure:park,Prayagraj,25.4549551,81.8464641
Azad Park (Peoples Ground),leisure:park,Prayagraj,25.4551636,81.847321
Azad Park Gate 2,leisure:park,Prayagraj,25.456917,81.8477939
Azad Park Gate 3,leisure:park,Prayagraj,25.4582112,81.8520025
Azad Park Gate 4,leisure:park,Prayagraj,25.4579453,81.8543768
Azad Park Gate 5,leisure:park,Prayagraj,25.4545604,81.8502912
Vasasnt Vihar Park,leisure:park,Prayagraj,25.4269636,81.9107705
sample,leisure:park,Prayagraj,25.4279681,81.8970624
Khusrau Bagh,leisure:park,Prayagraj,25.4424192,81.8208023
Chandrashekhar Azad Park,leisure:park,Prayagraj,25.453415,81.8481486
Madan Mohan Malaviya Park,leisure:park,Prayagraj,25.4321692,81.8620682
Chandra Shekhar Azad park,leisure:park,Prayagraj,25.4578772,81.8470244
Lalla Chungi,leisure:park,Prayagraj,25.4681522,81.8638462
Mahadevi Verma Park,leisure:park,Prayagraj,25.4519922,81.8434602
Subhash Crossing,leisure:park,Prayagraj,25.4503291,81.8345316
Bharadwaj Park,leisure:park,Prayagraj,25.4575519,81.8584389
P.D. Tandon Park,leisure:park,Prayagraj,25.4488343,81.8408308
Tulsi Park,leisure:park,Prayagraj,25.4495303,81.8416596
Bhagat Singh Park,leisure:park,Prayagraj,25.4636953,81.8601192
Tikona Park,leisure:park,Prayagraj,25.4254604,81.827448
Gol Park,leisure:park,Prayagraj,25.4305927,81.8286258
Guru Nanak Park,leisure:park,Prayagraj,25.4267118,81.8287869
Kalyani Devi Park,leisure:park,Prayagraj,25.4317608,81.8332216
Saraswati Ghat,leisure:park,Prayagraj,25.4306314,81.8686376
Tiranga Park,leisure:park,Prayagraj,25.4413425,81.8675998
Lohiya Park (Crossing),leisure:park,Prayagraj,25.4496842,81.8404326
Gudiya Talab Park,leisure:park,Prayagraj,25.4400985,81.8237889
Veer Chatrasaal Park,leisure:park,Prayagraj,25.4273039,81.8294674
Chhunan Guru Park,leisure:park,Prayagraj,25.4390415,81.8340703
Swami Vivekanand Park,leisure:park,Prayagraj,25.4464465,81.8691739
Gaddha Ground,leisure:park,Prayagraj,25.4665206,81.8194051
Aam Ki Bagiya,leisure:park,Prayagraj,25.3867627,81.8813242
Ramlila Park,leisure:park,Prayagraj,25.3863285,81.8779531
Sangam Park,leisure:park,Prayagraj,25.386489,81.8804378
Shivaji Park,leisure:park,Prayagraj,25.3911963,81.8811786
Mukta Vihar Durga Puja Park,leisure:park,Prayagraj,25.3829422,81.8736462
Ekta Park,leisure:park,Prayagraj,25.387948,81.8784965
Barsana Park,leisure:park,Prayagraj,25.4278753,81.784026
Rocket Park,leisure:park,Prayagraj,25.4280612,81.7886399
Katori Park,leisure:park,Prayagraj,25.4760939,81.8576037
Vasant Vihar Park,leisure:park,Prayagraj,25.4269623,81.9107768
Central Academy/Azaad Park,leisure:park,Prayagraj,25.4274872,81.9144162
Wildlife SOS,tourism:attraction,Mathura,27.2998755,77.7937949
Vishram Ghat,tourism:attraction,Mathura,27.5057188,77.6854393
Colorful Gate,tourism:attraction,Mathura,27.5790708,77.6937297
Yellow Temple,tourism:attraction,Mathura,27.5748541,77.695223
Govardhan Leela,tourism:attraction,Mathura,27.5721281,77.6729924
Potrakund 1,tourism:attraction,Mathura,27.5040689,77.6676958
Rezwan Razack Museum of Indian Paper Money,tourism:museum,Bangalore,12.9713364,77.61411
Vimor Museum of Living Textiles,tourism:museum,Bangalore,12.9639524,77.6137479
The Registry of Sarees,tourism:museum,Bangalore,12.95618,77.6368819
Sandesha Museum of Communication,tourism:museum,Bangalore,12.9728315,77.603711
Kempegowda Museum,tourism:museum,Bangalore,12.9741606,77.6107368
Indian Music Experience,tourism:museum,Bangalore,12.8918025,77.5835797
Manjushree Museum of Packaging and Design,tourism:museum,Bangalore,12.8552347,77.6755285
NIMHANS Brain Museum,tourism:museum,Bangalore,12.9406685,77.5987087
SL Bhatia Medicine Museum,tourism:museum,Bangalore,12.9298525,77.6209523
NIMHANS Heritage Museum,tourism:museum,Bangalore,12.9399469,77.5951106
Wood Museum and Interpretation Centre,tourism:museum,Bangalore,13.0133099,77.5707878
Agricultural Science Museum,tourism:museum,Bangalore,13.0736184,77.5916301
Raman Museum,tourism:museum,Bangalore,13.0128369,77.5807741
PARSEC - Param Science Experience Centre,tourism:museum,Bangalore,12.9274278,77.5792211
"Geological Museum of Minerals, Rocks and Fossils",tourism:museum,Bangalore,12.9100722,77.5673297
Boschi India Experience Centre,tourism:museum,Bangalore,12.9460103,77.6044178
J's La Quill Museum,tourism:museum,Bangalore,12.9601741,77.5756994
Museum of Memories,tourism:museum,Bangalore,12.9723819,77.6033838
Traffic Police Museum,tourism:museum,Bangalore,12.9830719,77.5969133
Short Wave Radio Museum,tourism:museum,Bangalore,12.9842206,77.5376737
Karnataka Government Museum,tourism:museum,Bangalore,12.9748194,77.5958189
National Gallery of Modern Art,tourism:museum,Bangalore,12.9894478,77.5881204
HAL Aerospace Museum,tourism:museum,Bangalore,12.9553785,77.6813314
Visvesvaraya Industrial and Technology Museum,tourism:museum,Bangalore,12.9752241,77.5964289
Science Gallery Bengaluru,tourism:museum,Bangalore,13.0255469,77.5846207
HMT Heritage Center and Museum,tourism:museum,Bangalore,13.0533901,77.5503907
Museum of Art and Photography,tourism:museum,Bangalore,12.974527,77.5968523
CURIOUSCITY Science Center,tourism:museum,Bangalore,12.89105,77.7456789
BWSSB Heritage Park,tourism:museum,Bangalore,13.0117197,77.5666858
Bird and Rabbit park,leisure:park,Bangalore,12.9770068,77.5969363
"BBMP Park, Swimming Pool Extension",leisure:park,Bangalore,13.000713,77.5757942
Ramanjenaya Nagara Park,leisure:park,Bangalore,12.9117827,77.5468577
S T Bed Park at 5th Cross,leisure:park,Bangalore,12.9342822,77.6317632
S T Bed Park and Field at 8th Cross,leisure:park,Bangalore,12.9330379,77.6329291
Shri M Hamid Ansari - Planted Tree,leisure:park,Bangalore,13.0292739,77.5636598
Indosyke Nal,leisure:park,Bangalore,12.9448255,77.6645367
Phase 2 Park,leisure:park,Bangalore,12.9874371,77.6768454
Phase 2 park 2,leisure:park,Bangalore,12.9876923,77.6769799
ISRO Layout Children's Park,leisure:park,Bangalore,12.8973448,77.557338
Confiodent Antlia Enclave Club House,leisure:park,Bangalore,12.8493579,77.7806368
Childrens Park Tower 9,leisure:park,Bangalore,12.9950323,77.7276701
Public Park,leisure:park,Bangalore,12.7936585,77.7020065
Children's Park,leisure:park,Bangalore,12.9274741,77.6719868
Bhuvaneshwari Nagar Park,leisure:park,Bangalore,13.0544039,77.6021484
Podium 2,leisure:park,Bangalore,12.8211031,77.6573919
Fountain,leisure:park,Bangalore,13.1497994,77.6092466
Siddeshwara layout park,leisure:park,Bangalore,13.064719,77.4963174
Lawn area at Siddeshwara temple,leisure:park,Bangalore,13.0659184,77.4952395
Cumins Sports park,leisure:park,Bangalore,13.0291681,77.6691999
Basket Ball Court,leisure:park,Bangalore,13.2259793,77.5471292
Skating Ring,leisure:park,Bangalore,13.2262429,77.547405
Saiven Caesars Palace Park and Firepit,leisure:park,Bangalore,12.8841606,77.7770209
Requizza Recreation Area,leisure:park,Bangalore,12.8294745,77.6645048
Purandara Dasa Park,leisure:park,Bangalore,12.9749741,77.5366194
MPM Layout Park,leisure:park,Bangalore,12.9655089,77.50184
BBMP Park,leisure:park,Bangalore,13.0117456,77.5391611
Lalbagh Botanical Gardens,leisure:park,Bangalore,12.9488929,77.5866687
MN Krishna Rao Park,leisure:park,Bangalore,12.9421447,77.5753387
Cubbon Park,leisure:park,Bangalore,12.9741742,77.5934146
Silver Jubilee Park,leisure:park,Bangalore,12.9638755,77.5805412
Wipro Park,leisure:park,Bangalore,12.9283646,77.6334858
Putha Narasimhachar Park,leisure:park,Bangalore,12.9193523,77.5853001
Kuvempu Park,leisure:park,Bangalore,12.9147542,77.6089217
Lakshmi Devi Park,leisure:park,Bangalore,12.9390827,77.6197058
Sri SK Nataraj Park,leisure:park,Bangalore,12.9079385,77.5814156
Sidharth Park,leisure:park,Bangalore,12.9341574,77.6191922
Chamundeshwari Park,leisure:park,Bangalore,12.941095,77.6156687
Rainwater Harvesting Theme Park,leisure:park,Bangalore,12.9205319,77.5825157
Brindavana Park,leisure:park,Bangalore,12.9248876,77.5822898
Madhavan Park,leisure:park,Bangalore,12.936326,77.5857155
Richards Park,leisure:park,Bangalore,13.0040986,77.6169728
Manyata Park,leisure:park,Bangalore,13.0552468,77.6212394
Dr. Ambedkar Park,leisure:park,Bangalore,12.9592727,77.6634483
Defence Colony Park,leisure:park,Bangalore,12.9762608,77.6445025
Freedom Park,leisure:park,Bangalore,12.9774067,77.5819036
Sajjan Rao Park,leisure:park,Bangalore,12.952325,77.5768001
Jayaprakash Narayan Park,leisure:park,Bangalore,13.0348402,77.5507145
"Naadaprabhu Kempegowda Park, Mallasandra",leisure:park,Bangalore,13.0563934,77.5134138
Mariyappna Palya Park,leisure:park,Bangalore,12.9973223,77.5564063
Bashyam Park,leisure:park,Bangalore,12.9921466,77.5721822
Traffic Park,leisure:park,Bangalore,12.9734667,77.6009237
Ramana Maharshi Park,leisure:park,Bangalore,13.0121051,77.5828364
Sadashivanagar Low Level Park,leisure:park,Bangalore,13.0124497,77.5754611
Kumara Park West Park,leisure:park,Bangalore,12.9921116,77.5781507
MS Building Park,leisure:park,Bangalore,12.9784331,77.5873824
Jayamahal Park,leisure:park,Bangalore,13.0012098,77.5976652
Jayanti Garden,leisure:park,Bangalore,12.9439821,77.5732623
Madhava Rao Park,leisure:park,Bangalore,12.9440072,77.5772025
Vishnuvardhan Park,leisure:park,Bangalore,12.9251027,77.594732
Allalasandra Lake,leisure:park,Bangalore,13.09101,77.5874633
Sir M Vishvesvaraya Park,leisure:park,Bangalore,13.0981495,77.5796644
Sri Basavalingappa Udayana,leisure:park,Bangalore,13.097144,77.5805908
Shankara Nag Park,leisure:park,Bangalore,13.0959167,77.5816748
General Iyappa Park,leisure:park,Bangalore,13.0472016,77.5561007
Swamy Vivekananda Park,leisure:park,Bangalore,12.9994423,77.5416585
HMT Park,leisure:park,Bangalore,13.0488415,77.5467445
Sharadamba Nagar Park,leisure:park,Bangalore,13.0466054,77.5421813
Netaji Subash Chandra Bose Park,leisure:park,Bangalore,12.9913539,77.5442696
Vishveshwaraya Park,leisure:park,Bangalore,12.9959343,77.5413651
SKV Park,leisure:park,Bangalore,12.9977979,77.5416762
Uphill Park,leisure:park,Bangalore,12.9956433,77.5437901
Nehru Park,leisure:park,Bangalore,12.9883532,77.5757988
Krantiveera Sangolli Rayanna Park,leisure:park,Bangalore,13.0072558,77.5580358
Jawahar Bal Bhavan Childrens Park,leisure:park,Bangalore,12.9760768,77.5966542
Jawahar Bal Bhavan,leisure:park,Bangalore,12.9765448,77.5972895
Mahatma Gandhi Park,leisure:park,Bangalore,12.9772497,77.5996818
Banappa Park,leisure:park,Bangalore,12.9692305,77.5854109
Lokmanya Tilak Park,leisure:park,Bangalore,12.973735,77.5722733
Jayaprakash Narayana Park,leisure:park,Bangalore,12.9704117,77.5455182
Hampinagar Park,leisure:park,Bangalore,12.9623972,77.5410073
Aalada Mara (Banyan Tree),leisure:park,Bangalore,12.9590229,77.5364157
Dr Rajkumar Park,leisure:park,Bangalore,12.951867,77.5589753
B R Ambedkar Playground,leisure:park,Bangalore,12.9790236,77.6285473
Wood Park,leisure:park,Bangalore,12.9795107,77.6359131
Double Road Park,leisure:park,Bangalore,12.9812633,77.6375388
Indiranagar Park,leisure:park,Bangalore,12.9790665,77.6335165
VV Park,leisure:park,Bangalore,13.0285944,77.5954864
Milton Street Park,leisure:park,Bangalore,13.0009284,77.624071
Nandini Park,leisure:park,Bangalore,12.9104809,77.6115911
Dr. R. A. Bendre Park,leisure:park,Bangalore,13.0963339,77.5779574
Nethravathi Park,leisure:park,Bangalore,12.9170621,77.6531496
Kaveri Park,leisure:park,Bangalore,12.9128446,77.649784
"Circular Park, Nandini Layout",leisure:park,Bangalore,13.0114373,77.5366935
Renaissance Temple Bells Apartments,leisure:park,Bangalore,13.0132485,77.550709
Jogger's Park,leisure:park,Bangalore,12.9801381,77.6337183
Shankarnag Park,leisure:park,Bangalore,12.9629172,77.6373121
Rest House Park,leisure:park,Bangalore,12.9725986,77.6053175
GP Raja Ratnam Park,leisure:park,Bangalore,12.9733878,77.656523
Visvesvaraya Park,leisure:park,Bangalore,12.970693,77.6505595
Gandhiji Park,leisure:park,Bangalore,12.9694333,77.649265
Kumaraswamy Layout Park,leisure:park,Bangalore,12.9021504,77.5588106
Inner Circle Park,leisure:park,Bangalore,12.9714391,77.7481206
AECS Layout Park,leisure:park,Bangalore,12.9666182,77.7159876
BTM,leisure:park,Bangalore,12.9112883,77.6045664
Udupi Garden Park,leisure:park,Bangalore,12.9178254,77.6104897
BTM Park,leisure:park,Bangalore,12.9192245,77.6099548
Doopanahalli Park,leisure:park,Bangalore,12.9686326,77.6367992
BBMP Thavarkere Park,leisure:park,Bangalore,12.9286346,77.6025375
Sanjay Nagar Park,leisure:park,Bangalore,13.0319397,77.5774013
Navaranga Playground,leisure:park,Bangalore,12.9966867,77.553549
Dr Ambedkar Park,leisure:park,Bangalore,12.919261,77.5196974
Senior Citizen Park,leisure:park,Bangalore,12.9121793,77.5908618
Chenamma Kere Park,leisure:park,Bangalore,12.9268596,77.5542156
Coles Park,leisure:park,Bangalore,12.9941564,77.6090213
Uma Maheshwara park,leisure:park,Bangalore,12.928652,77.5726993
Vivekananda Park,leisure:park,Bangalore,12.9394835,77.5472653
Sir M Vishweshwaraya Park (Monkey Park),leisure:park,Bangalore,12.9897894,77.535985
Dhobi Ghat Park,leisure:park,Bangalore,12.9872218,77.5504671
SBI officers colony park,leisure:park,Bangalore,12.9911963,77.5341081
Bhuvaneswari Nagar Park,leisure:park,Bangalore,13.054544,77.6024809
Senior Citizens' Park,leisure:park,Bangalore,13.0660779,77.7446553
Green Area,leisure:park,Bangalore,13.0641651,77.742812
Balalayanna Kere Park,leisure:park,Bangalore,12.9782911,77.5278275
Kala Kesari Udayakumar,leisure:park,Bangalore,13.0026042,77.55172
Island Park,leisure:park,Bangalore,13.0126844,77.5746448
Nandanavana Udyanavana,leisure:park,Bangalore,12.9301996,77.5422679
S.F.S 208 KHB Colony Park,leisure:park,Bangalore,13.0992273,77.5749291
Dodda Alada Mara,leisure:park,Bangalore,12.9094601,77.395651
Kitturu Rani Chennamma Park,leisure:park,Bangalore,12.9510783,77.594223
RIT Entrance Garden,leisure:park,Bangalore,13.0296722,77.5657745
Veterinary College Garden,leisure:park,Bangalore,13.0291133,77.5857219
Basava Dhama Park,leisure:park,Bangalore,13.0129604,77.5540663
Gandhinagar Park,leisure:park,Bangalore,12.9783286,77.5783019
MEI Layout Park,leisure:park,Bangalore,13.0606365,77.5064898
St. Joseph's Convent Playground,leisure:park,Bangalore,12.9767075,77.7504301
SSM park (Chennammanakere park),leisure:park,Bangalore,12.9315108,77.5636909
Banashankari Brundavana Park,leisure:park,Bangalore,12.9247046,77.5662497
L.A.Perumal Childrens Park,leisure:park,Bangalore,12.9655717,77.6360749
B R Ambedkar Park,leisure:park,Bangalore,12.9405031,77.6172058
Dr. Rajkumar Park,leisure:park,Bangalore,13.0163415,77.6407229
Udani Layout Park,leisure:park,Bangalore,12.9699932,77.633458
Paramahansa Yogananda Circle,leisure:park,Bangalore,12.9663077,77.6375826
MC Layout Park,leisure:park,Bangalore,12.972681,77.5356957
NGV Park,leisure:park,Bangalore,12.9446538,77.6238972
Coffee Board Layout Park,leisure:park,Bangalore,13.0525398,77.605621
Sangameshwara Park,leisure:park,Bangalore,12.9161336,77.5218978
Ulsoor Lake Park,leisure:park,Bangalore,12.9853954,77.6221829
Manjunathnagar Park,leisure:park,Bangalore,12.992646,77.5500263
BDA Park,leisure:park,Bangalore,13.032747,77.6293274
Cariappa Memorial Park,leisure:park,Bangalore,12.9776094,77.6036679
Buddha Shanti Kanive,leisure:park,Bangalore,12.9796599,77.513564
Ramakrishna Hegde Park,leisure:park,Bangalore,12.9769572,77.5123
Line Park,leisure:park,Bangalore,12.9983963,77.5488518
Ramakrishna Paramahamsa Park,leisure:park,Bangalore,13.0176526,77.5351791
Student Lounge,leisure:park,Bangalore,12.9345346,77.5354966
Leena Park,leisure:park,Bangalore,12.937577,77.6211789
Anuroopa Park,leisure:park,Bangalore,12.9367726,77.617663
Akhila Park,leisure:park,Bangalore,12.9345461,77.6218521
Daniel Park,leisure:park,Bangalore,12.91675,77.6192237
Satish Dhawan Memorial Park,leisure:park,Bangalore,13.0548129,77.5742951
AGS Layout Recreational Park,leisure:park,Bangalore,12.9131347,77.537404
B.D.A. Park,leisure:park,Bangalore,12.942856,77.5430107
Kanakadasa Park,leisure:park,Bangalore,12.9611962,77.6414111
Domlur SAARC Park,leisure:park,Bangalore,12.9614166,77.6393795
Bhuvanagiri Park,leisure:park,Bangalore,13.0118753,77.6591927
OMBR Outer Ring Road Park,leisure:park,Bangalore,13.012982,77.661694
Hanumanthanagar Park,leisure:park,Bangalore,12.937686,77.5589287
Vidyaranyapura II Block Park,leisure:park,Bangalore,13.0712418,77.5567277
7th Block Park,leisure:park,Bangalore,13.083976,77.5615787
infosys - fountain park,leisure:park,Bangalore,12.8502435,77.6663778
Infosys Fountain,leisure:park,Bangalore,12.8502416,77.6663792
Jayashankar Park,leisure:park,Bangalore,12.918387,77.6305117
Lumbini Gardens,leisure:park,Bangalore,13.0432927,77.6097958
Green View Welfare Park,leisure:park,Bangalore,13.008287,77.6581534
Independence Park,leisure:park,Bangalore,12.907384,77.6472991
Main Park,leisure:park,Bangalore,12.9146584,77.6637767
Dr Abdul Kalam Park,leisure:park,Bangalore,12.8952439,77.5590033
Dr Satish Dhawan Park,leisure:park,Bangalore,12.8965422,77.5583021
Rastrakavi Kuvempu Playground,leisure:park,Bangalore,12.8982316,77.5605454
Triangle Park ISRO Layout,leisure:park,Bangalore,12.900548,77.5584899
Kalkere Park,leisure:park,Bangalore,13.0337969,77.6741817
Chennamma Kere Achukattu Park,leisure:park,Bangalore,12.9256691,77.5535484
ISI Park,leisure:park,Bangalore,12.9302966,77.502963
Ram Mandir Ground,leisure:park,Bangalore,12.9856441,77.5561073
Namma Park,leisure:park,Bangalore,12.9943301,77.5933937
Shantiniketan Park,leisure:park,Bangalore,12.8816232,77.6076027
Viratnagar Park,leisure:park,Bangalore,12.9036079,77.6208549
Indira Gandhi Musical Fountain Park,leisure:park,Bangalore,12.9851453,77.591501
National Military Memorial,leisure:park,Bangalore,12.9858095,77.5908885
Park at RT Nagar,leisure:park,Bangalore,13.0223671,77.5954429
Hemavati Park,leisure:park,Bangalore,12.9162888,77.6481638
Bugle Rock Park,leisure:park,Bangalore,12.9421433,77.5692538
Abbigere Park,leisure:park,Bangalore,13.0715856,77.5289245
DV Gundappa Park,leisure:park,Bangalore,12.924838,77.5692815
BM Kaval Childrens Park,leisure:park,Bangalore,12.9811042,77.647751
Sahakarnagar C Block Park,leisure:park,Bangalore,13.0629469,77.5819582
Rock Park,leisure:park,Bangalore,12.9242393,77.5623136
Madhav Rao Park,leisure:park,Bangalore,12.9866534,77.5788086
Teacher's Colony Park,leisure:park,Bangalore,12.9175448,77.6291049
Ecological Park,leisure:park,Bangalore,13.0232712,77.5235566
Children' play park,leisure:park,Bangalore,12.9898972,77.557249
Trees,leisure:park,Bangalore,12.8878405,77.578451
Rajarajeshwari Nagar Park,leisure:park,Bangalore,12.928623,77.5165144
Raj Katte Park,leisure:park,Bangalore,12.9088622,77.5610719
BEML Playground,leisure:park,Bangalore,12.974433,77.6694265
Sector 2 Park,leisure:park,Bangalore,12.9097655,77.646364
Madiwala Park,leisure:park,Bangalore,12.9246934,77.6178048
Twin park 1,leisure:park,Bangalore,12.9080574,77.640543
Twin park 2,leisure:park,Bangalore,12.9075689,77.6405148
MLA Layout Park,leisure:park,Bangalore,13.0415498,77.5645143
Richmond Town Park,leisure:park,Bangalore,12.9635291,77.6017119
BDA Public Site,leisure:park,Bangalore,12.9750556,77.6400675
Dharma Naidu Udhyanavana,leisure:park,Bangalore,12.989147,77.5576453
Anna Basavanna Park,leisure:park,Bangalore,13.0086638,77.5441278
Anjaneya Swami Gudi Udyana,leisure:park,Bangalore,13.0087591,77.5460294
Hare Krishna Park,leisure:park,Bangalore,13.0055626,77.5491087
bmtc park,leisure:park,Bangalore,13.035367,77.5026789
Defence Colony Childrens Park,leisure:park,Bangalore,12.9754282,77.6449018
Senior Citizens Park,leisure:park,Bangalore,12.974917,77.6438798
Sarvagna Park,leisure:park,Bangalore,12.999408,77.6203085
NGEF Park,leisure:park,Bangalore,13.0377598,77.5749792
Dr. Vishnuvardhan Park,leisure:park,Bangalore,12.9637364,77.6429921
Green House Park,leisure:park,Bangalore,13.0293609,77.5631302
NIAS residence Garden Area,leisure:park,Bangalore,13.0289146,77.563138
Yelahanka 5th Phase Park,leisure:park,Bangalore,13.1069246,77.5733363
Kids Playground,leisure:park,Bangalore,12.9189066,77.4819706
South City Park,leisure:park,Bangalore,12.889091,77.5904551
Maruthi Layout Park,leisure:park,Bangalore,12.9207334,77.607243
Vijaya Bank Layout Park,leisure:park,Bangalore,12.8919306,77.6081055
BBMP,leisure:park,Bangalore,12.9002135,77.5621488
New BDA Layout Park,leisure:park,Bangalore,12.9439233,77.5383902
Banagiri Nagar BBMP Park,leisure:park,Bangalore,12.9228933,77.5586199
Shamanna Park,leisure:park,Bangalore,12.9378191,77.5714966
Hanumanth Nagar Park,leisure:park,Bangalore,12.947441,77.5634781
Netaji Memorial Park,leisure:park,Bangalore,12.92941,77.5177585
Siddalingaiah Park,leisure:park,Bangalore,12.9295564,77.5212498
Vishveshwaraiah Layout 5th Block Park,leisure:park,Bangalore,12.9524677,77.4798968
Rectangle Park,leisure:park,Bangalore,12.9321809,77.6295061
Swabhimana Park,leisure:park,Bangalore,12.927514,77.6355294
Virla Children's Park,leisure:park,Bangalore,12.9760106,77.6840346
BM Kaval Park,leisure:park,Bangalore,12.9804964,77.6447792
Shivaram Karanth Park,leisure:park,Bangalore,13.0034456,77.6618892
BBMP PARK,leisure:park,Bangalore,12.9950183,77.4878637
Ganesha Temple Park,leisure:park,Bangalore,13.0160649,77.5427512
ABC Park,leisure:park,Bangalore,12.9863238,77.5572633
Jyothivana Park,leisure:park,Bangalore,13.0340583,77.5754571
Dollar's Colony Park,leisure:park,Bangalore,13.0361307,77.5693741
Journalist Colony Garden,leisure:park,Bangalore,12.958053,77.5805763
Basava Park,leisure:park,Bangalore,12.9845464,77.541172
Swami Vivekanada Park,leisure:park,Bangalore,12.9978183,77.6631974
BBMP Amarjyothi Layout Park,leisure:park,Bangalore,13.0343582,77.5940581
Swami Vivekananda Park,leisure:park,Bangalore,12.9780068,77.6412723
Kempegowda Park,leisure:park,Bangalore,13.0438849,77.5922082
Diagonal Park,leisure:park,Bangalore,12.9697188,77.6562258
Nallurahalli Park,leisure:park,Bangalore,12.9698772,77.7293319
BBPM Park Ward 27,leisure:park,Bangalore,13.0047394,77.6269836
Cooke Town Park,leisure:park,Bangalore,13.0006187,77.6214792
Garden Villas Park,leisure:park,Bangalore,12.96327,77.5190795
Laxman Rao Park,leisure:park,Bangalore,12.9185593,77.5799789
ASC War Memorial,leisure:park,Bangalore,12.9651012,77.6189349
ITI Layout Park,leisure:park,Bangalore,12.9003193,77.6408965
JJR Nagar Park,leisure:park,Bangalore,12.9640791,77.5557436
Rani Chennamma Park,leisure:park,Bangalore,12.9693436,77.6532351
Queen's Park,leisure:park,Bangalore,12.9786548,77.5979775
East park,leisure:park,Bangalore,13.0002009,77.6194417
Children's play park,leisure:park,Bangalore,12.9704892,77.6994861
Jaraganahalli Park,leisure:park,Bangalore,12.9028846,77.5755502
"Small Park, used by local residents",leisure:park,Bangalore,12.9590139,77.6535055
AGS Layout park,leisure:park,Bangalore,12.9168668,77.5424594
JIT's mini park,leisure:park,Bangalore,12.8417209,77.5122472
PSN West Side ground,leisure:park,Bangalore,12.9936529,77.7262808
Atal Bihari Vajpayee Park,leisure:park,Bangalore,12.9042459,77.5625
Ambabhavi park,leisure:park,Bangalore,12.9048447,77.5621046
Rainbow Drive Park,leisure:park,Bangalore,12.9078506,77.6877872
Igate Park,leisure:park,Bangalore,12.9724511,77.7165444
BBMP Panduranga Park,leisure:park,Bangalore,12.8952667,77.595422
Sigma Park,leisure:park,Bangalore,12.9571619,77.7439194
M C Layout Park,leisure:park,Bangalore,12.9703936,77.535139
Geleyara Balaga Association Playground,leisure:park,Bangalore,13.0746727,77.5048846
Dollars Colony Park,leisure:park,Bangalore,12.9030054,77.596625
Chandra Reddy,leisure:park,Bangalore,12.936059,77.631226
BTM Water Tank Park,leisure:park,Bangalore,12.9154665,77.6017729
RIT hostel courtyard 2,leisure:park,Bangalore,13.0324068,77.5649509
RIT Hostel courtyard 1,leisure:park,Bangalore,13.0320488,77.5648865
Maithri Layout Park,leisure:park,Bangalore,12.9844591,77.7557925
Nandanvan Childrens play Park,leisure:park,Bangalore,12.9213666,77.5892011
Makkala Koota Playground & Children Park,leisure:park,Bangalore,12.9576875,77.5725669
BMSIT,leisure:park,Bangalore,13.1330233,77.5682009
Amruth Park,leisure:park,Bangalore,12.9358415,77.6186465
Childrens Playing Park,leisure:park,Bangalore,12.981077,77.6262588
PSN Courts and forest,leisure:park,Bangalore,12.9941599,77.729763
PSN Central park,leisure:park,Bangalore,12.994113,77.7285092
Tower 17 Childrens park,leisure:park,Bangalore,12.9934064,77.7298014
Park between tower 12 and 13,leisure:park,Bangalore,12.9953687,77.7300569
Park between tower 11 and 12,leisure:park,Bangalore,12.9953188,77.7292389
Childrens Park,leisure:park,Bangalore,12.995111,77.7284621
JR Greenwich Society Park,leisure:park,Bangalore,12.8944331,77.7096331
MS Ramaiah Park,leisure:park,Bangalore,13.032091,77.5684643
BBMP Playground,leisure:park,Bangalore,13.0035496,77.5525528
MEBP Park1,leisure:park,Bangalore,13.0477493,77.6205917
The Arena,leisure:park,Bangalore,13.0505893,77.6221073
BNV Park,leisure:park,Bangalore,12.9095691,77.594765
VBHC Vaibhava Park,leisure:park,Bangalore,12.7575609,77.7031177
Dr. Puneeth Rajkumar Park,leisure:park,Bangalore,13.0229987,77.6414813
Sahakara Nagar CQAL Kids Park,leisure:park,Bangalore,13.0621911,77.5802961
Ganesh Temple Park,leisure:park,Bangalore,13.0701069,77.5778563
Padmanabhanagar Park,leisure:park,Bangalore,12.9180877,77.5576506
Tower 9 park,leisure:park,Bangalore,12.9948881,77.7277447
RK Layout park,leisure:park,Bangalore,12.9149354,77.5570101
Carmel School,leisure:park,Bangalore,12.9186872,77.5592203
BHCS Park,leisure:park,Bangalore,12.9068214,77.5504097
IBC Evacuation area park,leisure:park,Bangalore,12.9325791,77.6018233
Ananda Shetty Park,leisure:park,Bangalore,13.0827104,77.5622565
NTI Park,leisure:park,Bangalore,13.078531,77.5555057
Temple park,leisure:park,Bangalore,13.0581897,77.5912075
Kaikondrahalli Lake Park,leisure:park,Bangalore,12.9133958,77.6727771
Agara Lake Park,leisure:park,Bangalore,12.9203509,77.6431558
Bhuvaneshwari Park,leisure:park,Bangalore,12.9474276,77.5952577
Hipower hangout,leisure:park,Bangalore,12.8539155,77.6623059
Skanda Nirvana Children's Park,leisure:park,Bangalore,12.9331522,77.7058809
77 Place common park,leisure:park,Bangalore,12.9486798,77.6935747
Heble Park,leisure:park,Bangalore,12.9281426,77.6274329
Shubhodaya Park,leisure:park,Bangalore,13.0348663,77.5699823
Small Park,leisure:park,Bangalore,13.1020849,77.5738822
Butterfly Park,leisure:park,Bangalore,12.8412511,77.6519847
AIR Park,leisure:park,Bangalore,13.1016195,77.5757449
Raja Rajeshwari Apartment Common Area,leisure:park,Bangalore,12.8978289,77.6320545
TC Palya Park,leisure:park,Bangalore,13.0175958,77.6955579
Babusabpalya Park,leisure:park,Bangalore,13.0211276,77.6511902
Park#1,leisure:park,Bangalore,12.9413245,77.6959629
Park#2,leisure:park,Bangalore,12.9419271,77.6963953
E,leisure:park,Bangalore,12.8815284,77.4637824
D,leisure:park,Bangalore,12.8817044,77.4632182
C,leisure:park,Bangalore,12.8822204,77.4632645
F,leisure:park,Bangalore,12.8821375,77.4638372
B,leisure:park,Bangalore,12.8827876,77.4634114
A,leisure:park,Bangalore,12.8828019,77.4638865
Sobha Jasmine Park,leisure:park,Bangalore,12.9264524,77.6688343
School Ground,leisure:park,Bangalore,13.0157782,77.5750449
B Phase Park 1,leisure:park,Bangalore,12.8947814,77.577033
B Phase Park 2,leisure:park,Bangalore,12.8947967,77.5762675
Fossilized Tree,leisure:park,Bangalore,12.9504783,77.5838806
KPSC Layout Mini Park,leisure:park,Bangalore,12.945187,77.4871548
KPSC Layout Park,leisure:park,Bangalore,12.9451498,77.4863361
Acharya Hostel Park,leisure:park,Bangalore,13.0903405,77.4864538
Football Ground,leisure:park,Bangalore,13.0851185,77.4839238
Acharya Cottage Park,leisure:park,Bangalore,13.0903405,77.4864538
Eid Gagh,leisure:park,Bangalore,13.084236,77.4963944
Joggers Park,leisure:park,Bangalore,12.926575,77.6716971
Banni Mantapa,leisure:park,Bangalore,12.9344285,77.5507627
HSR Friends Park,leisure:park,Bangalore,12.9078887,77.6426499
Swabhiman Park,leisure:park,Bangalore,12.9110011,77.6404772
"Udyanavana, MEG Layout",leisure:park,Bangalore,12.993048,77.6771944
"Children's Park, MEG Layout",leisure:park,Bangalore,12.9916742,77.6769924
Sri Raja Ganapathi Temple park,leisure:park,Bangalore,13.0028296,77.6319981
Large Arekere Trees Park,leisure:park,Bangalore,12.8848842,77.6061833
Little Kaveri road park,leisure:park,Bangalore,12.8844328,77.6066769
Children's Play Area,leisure:park,Bangalore,13.0459482,77.6015686
Sonnenahalli Park,leisure:park,Bangalore,12.9357382,77.4836151
Balmuri Ganesh Temple Children's Park,leisure:park,Bangalore,12.925473,77.4917391
Swami Vivekananda Memorial Park,leisure:park,Bangalore,12.975776,77.5694161
Swachagraha Kalika Kendra,leisure:park,Bangalore,12.9154212,77.6391696
MEI Layout Triangular Park,leisure:park,Bangalore,13.0625547,77.5010855
Ramaiah Park,leisure:park,Bangalore,13.0489233,77.5042602
Sampangi Tank Park,leisure:park,Bangalore,12.9680211,77.5903027
Elders,leisure:park,Bangalore,12.8865066,77.4540595
Arch ground,leisure:park,Bangalore,12.8601708,77.4389307
Cumins Sports Park,leisure:park,Bangalore,13.0291464,77.669209
Sharadhanagar Park,leisure:park,Bangalore,13.0939755,77.5773897
Kids Play Area,leisure:park,Bangalore,13.094355,77.5767272
Atal Bihari Botanical Garden,leisure:park,Bangalore,13.0294519,77.7567164
Amphitheater,leisure:park,Bangalore,12.8829709,77.4644213
Playground,leisure:park,Bangalore,13.19423,77.5585938
Sundaranagar Park,leisure:park,Bangalore,13.0410007,77.5582603
GR Sun Villas Community Park,leisure:park,Bangalore,13.0669674,77.7465596
DBIT Playgroud,leisure:park,Bangalore,12.8828096,77.4456321
Badminton Court,leisure:park,Bangalore,12.8802874,77.4702063
Children Park,leisure:park,Bangalore,13.0495317,77.5296335
Paschim Udayan,leisure:park,Bangalore,13.0514322,77.5286514
Pipeline Road Park,leisure:park,Bangalore,13.0471723,77.5211748
pr walking park,leisure:park,Bangalore,12.8000828,77.7085321
Tasker Town Park,leisure:park,Bangalore,12.9844265,77.5988997
Police Memorial Park,leisure:park,Bangalore,12.96843,77.5870212
B Narayanapura Park,leisure:park,Bangalore,12.9972029,77.6837161
Navaranga Park,leisure:park,Bangalore,12.9968814,77.5533519
Canara Bank Park,leisure:park,Bangalore,12.963063,77.5852852
Netaji Subash Chandra Bose Ground,leisure:park,Bangalore,12.9905485,77.5438026
Corporation Park,leisure:park,Bangalore,13.0241957,77.5863016
Hoodi Lake Park,leisure:park,Bangalore,13.0003473,77.7166887
Oval Lawn,leisure:park,Bangalore,12.9669663,77.5975083
Gunjur Palya Children's Park,leisure:park,Bangalore,12.9248574,77.7169011
Lawn Area At Siddeshwara Temple,leisure:park,Bangalore,13.0658903,77.4953412
Pipeline Park,leisure:park,Bangalore,13.0553008,77.5104917
Kadugodi Reserved Forest,leisure:park,Bangalore,12.9872159,77.7460902
Vidyanagara Park,leisure:park,Bangalore,12.9352391,77.5395846
Swimming Pool Extension Park,leisure:park,Bangalore,12.9991751,77.574304
Chaturanga Mantapa,leisure:park,Bangalore,12.9025081,77.7057678
ETV Central Park,leisure:park,Bangalore,12.929697,77.6922799
Banavasi,leisure:park,Bangalore,13.0097146,77.5555674
BDA Sculpture Park,leisure:park,Bangalore,12.8961623,77.5252416
Nagarbavi 2nd Stage BDA Park,leisure:park,Bangalore,12.9688314,77.514486
Wild Arena,leisure:park,Bangalore,13.0420206,77.6140979
General Bipin Rawat Park,leisure:park,Bangalore,12.9213634,77.5605476
Doctor Mujahid Pasha Park,leisure:park,Bangalore,12.9450003,77.5966138
Kempegowda Statue Park,leisure:park,Bangalore,13.1990378,77.6820483
Vikas Park,leisure:park,Bangalore,12.9697936,77.6783609
Cricket Ground,leisure:park,Bangalore,13.0145337,77.5285528
4th Phase 707 Park,leisure:park,Bangalore,13.1049348,77.5755327
Malathhalli Lake Park,leisure:park,Bangalore,12.9654757,77.4948624
Vishveshwaraiah Layout 6th Block Park,leisure:park,Bangalore,12.9558074,77.4762626
Byrasandra Lake Park,leisure:park,Bangalore,12.9304914,77.5954162
Jakarbande Kaval Oxygen Park,leisure:park,Bangalore,13.1249272,77.5487542
Deverabisanahalli Lake Park,leisure:park,Bangalore,12.9234495,77.687305
Rtn. Ravi Nedungadi Biodiversity Park,leisure:park,Bangalore,12.8972131,77.8144607
Rajguru Park,leisure:park,Bangalore,12.9156772,77.5985086
Sukhdev Park,leisure:park,Bangalore,12.9137173,77.5985609
Bhagat Singh Park,leisure:park,Bangalore,12.9116507,77.5987341
Sanna Kaadu - Small Forest,leisure:park,Bangalore,12.9087483,77.5990498
2nd Block Park,leisure:park,Bangalore,13.0250122,77.6261852
Vasanthanagara Park,leisure:park,Bangalore,12.9939445,77.5906114
Bande park,leisure:park,Bangalore,12.8841259,77.618015
Kalluballu Garden and Lake Park,leisure:park,Bangalore,12.7735712,77.6213135
Nayandahalli Park,leisure:park,Bangalore,12.9396787,77.5214591
Toyota Eco Zone,leisure:park,Bangalore,12.7884581,77.4233495
Madiwala Lake Park,leisure:park,Bangalore,12.9095516,77.6137211
HAL Park,leisure:park,Bangalore,12.9583561,77.6848331
Park 1,leisure:park,Bangalore,12.8325421,77.774447
East Garden,leisure:park,Bangalore,12.9319294,77.7464143
Goshala Lake Park,leisure:park,Bangalore,12.9868126,77.6981663
Vishveshwaraiah Layout 1st Block Park,leisure:park,Bangalore,12.9295714,77.4755229
Kadugodi Park,leisure:park,Bangalore,12.9977903,77.7606679
Saul Kere Park,leisure:park,Bangalore,12.918331,77.6799254
Vishweshwaraiah Enclave Park,leisure:park,Bangalore,13.0655317,77.5336314
KIAL South Apron (u/c),leisure:park,Bangalore,13.1969888,77.7169635
Janaki Ammal Park,leisure:park,Bangalore,12.8981117,77.6713276
HRBR Park,leisure:park,Bangalore,13.0187528,77.6461709
Kittur Rani Chenamma Park,leisure:park,Bangalore,13.0245581,77.6381191
Veerasandra Lake Park,leisure:park,Bangalore,12.8399333,77.6756838
Abbigere Lake Park,leisure:park,Bangalore,13.0800739,77.5277328
Horamavu Agara Lake Park,leisure:park,Bangalore,13.0355679,77.6587929
Monkey Park,leisure:park,Bangalore,13.1292623,77.5877464
Gururaghavendra Layout Park,leisure:park,Bangalore,12.9208102,77.5581159
Kalyan Nagar Park,leisure:park,Bangalore,13.026207,77.6355179
OMBR Layout Park,leisure:park,Bangalore,13.0107611,77.6465591
Hillstone Rock park,leisure:park,Bangalore,12.8507927,77.6128294
Hillstone Park,leisure:park,Bangalore,12.8504392,77.6133384
Mahaveer Hillsotne Park,leisure:park,Bangalore,12.8515799,77.614052
Garden Park,leisure:park,Bangalore,12.9665427,77.6318997
Airforce Park,leisure:park,Bangalore,13.0601219,77.5164032
Jagadhguru Shankaracharya Udyanavana,leisure:park,Bangalore,13.0020146,77.5630513
Captain Kevin Park,leisure:park,Bangalore,13.0315745,77.5914906
RBI Colony Park,leisure:park,Bangalore,13.0293226,77.5905011
"R K gardens, BBMP Park",leisure:park,Bangalore,12.8669351,77.5446663
Vishveshwaraiah Layout 4th Block Park,leisure:park,Bangalore,12.9387915,77.4708076
Vishveshwaraiah Layout 3rd Block Park,leisure:park,Bangalore,12.941145,77.4830817
Open Area,leisure:park,Bangalore,12.9400753,77.6890487
RR Park,leisure:park,Bangalore,12.9643667,77.4843286
Ani Eco Zone Park,leisure:park,Bangalore,13.0169738,77.734897
KHB Colony Park,leisure:park,Bangalore,12.9366946,77.6191352
Shiva Sharane Akka Mahadevi Park,leisure:park,Bangalore,12.995923,77.5429281
Fahad Hafiz Park,leisure:park,Bangalore,12.9308871,77.6342939
Small Lawn,leisure:park,Bangalore,13.1693431,77.5355098
Big Lawn,leisure:park,Bangalore,13.1705086,77.5358971
Chi. Udayashankar Children's Park,leisure:park,Bangalore,12.9678035,77.6513279
Sankey Tank Park,leisure:park,Bangalore,13.0100414,77.5744486
Yediyur Lake Park,leisure:park,Bangalore,12.9336182,77.5766798
B Narayanapura Lake Park,leisure:park,Bangalore,12.9963496,77.6828458
Devasandra Lake Park,leisure:park,Bangalore,13.0016251,77.7032478
Chelekere BBMP Park,leisure:park,Bangalore,13.0262952,77.6451009
Yelahanka Lake Park,leisure:park,Bangalore,13.1122364,77.5937607
Allalasandra Lake Park,leisure:park,Bangalore,13.0908619,77.5873938
Iblur Lake Park,leisure:park,Bangalore,12.9221058,77.6667373
Mini Forest,leisure:park,Bangalore,12.9118096,77.5988617
Doddabommasandra Lake Park,leisure:park,Bangalore,13.063977,77.5638756
Kogilu Lake Park,leisure:park,Bangalore,13.109805,77.61815
Jakkur Lake Park,leisure:park,Bangalore,13.0867569,77.6103208
Rachenahalli Lake Park,leisure:park,Bangalore,13.062651,77.6140617
Thubarahalli Lake Park,leisure:park,Bangalore,12.9587754,77.7256464
Munekola Lake Park,leisure:park,Bangalore,12.9609853,77.7081583
Seetharampalya Lake Park,leisure:park,Bangalore,12.9830273,77.7135858
Narasipura Park,leisure:park,Bangalore,13.072251,77.5585309
Vidyaranyapura Park,leisure:park,Bangalore,13.0759964,77.5546746
Konanakunte Lake Park,leisure:park,Bangalore,12.8914422,77.5685036
Horamavu Lake Park,leisure:park,Bangalore,13.024268,77.6669984
Doddathogur Park,leisure:park,Bangalore,12.8566339,77.659332
Kaveri Kala Kuteera,tourism:museum,Mysore,12.2918606,76.6321792
Sand museum,tourism:museum,Mysore,12.2950285,76.6820189
Melody World Wax Museum,tourism:museum,Mysore,12.3023964,76.6777198
Indira Gandhi Rashtriya Manav Sangrahalaya,tourism:museum,Mysore,12.314503,76.6576048
House of R. K. Narayan,tourism:museum,Mysore,12.3279317,76.6407055
Sandalwood Oil Factory,tourism:museum,Mysore,12.2806165,76.6383724
Payana Car Museum,tourism:museum,Mysore,12.3898439,76.6680101
Daria Daulat Bagh Museum,tourism:museum,Mysore,12.4200124,76.696904
University Folklore Museum,tourism:museum,Mysore,12.3134034,76.6224487
Mysuru Rail Museum,tourism:museum,Mysore,12.3160655,76.6439647
Regional Museum of Natural History Mysore,tourism:museum,Mysore,12.3057045,76.6744243
Vishwam Museum,tourism:museum,Mysore,12.2841841,76.6581876
Reliance Trends,shop:clothes,Mysore,12.3118115,76.6426288
Mall of Mysore,shop:clothes,Mysore,12.2978367,76.6643044
ShowOff,shop:clothes,Mysore,12.286818,76.6247206
Jockey,shop:clothes,Mysore,12.2864407,76.6260859
Peter England,shop:clothes,Mysore,12.2866844,76.626515
Woodlands,shop:clothes,Mysore,12.2867656,76.6255414
People,shop:clothes,Mysore,12.2863673,76.6265901
Rangoli Showroom,shop:clothes,Mysore,12.2867394,76.6258096
Mega Mart,shop:clothes,Mysore,12.2961252,76.6315971
Chopra's,shop:clothes,Mysore,12.3092568,76.6469656
Big Bus,shop:clothes,Mysore,12.3098683,76.6498889
Brand Factory,shop:clothes,Mysore,12.2956241,76.6395737
Lollipop,shop:clothes,Mysore,12.3214253,76.6217523
Mysore Silk Udyog,shop:clothes,Mysore,12.3241912,76.6249254
Shoppers stop,shop:clothes,Mysore,12.2977162,76.6642695
Puma,shop:clothes,Mysore,12.3093464,76.6457144
Kauvery,shop:clothes,Mysore,12.3148329,76.6590107
Vastra - The Yoga Store,shop:clothes,Mysore,12.3334662,76.6292391
Pan America Outlet,shop:clothes,Mysore,12.2929878,76.6281499
Chandan Garments,shop:clothes,Mysore,12.2926687,76.6281117
Van Heusen,shop:clothes,Mysore,12.3094156,76.647796
Blackberrys,shop:clothes,Mysore,12.3094565,76.6479383
Westside,shop:clothes,Mysore,12.2961333,76.6236321
Kantheshwara Temple Arch,tourism:attraction,Mangalore,13.134552,74.9705239
Kudroli Temple Entrance arch,tourism:attraction,Mangalore,12.876607,74.8332695
Mangalore Clock Tower,tourism:attraction,Mangalore,12.8653616,74.8402156
Temple Square,tourism:attraction,Mangalore,12.8699054,74.8382214
Central Market,tourism:attraction,Mangalore,12.8665522,74.8389076
Fish Market,tourism:attraction,Mangalore,12.8630303,74.8368609
Chowta Palace,tourism:attraction,Mangalore,13.0717254,74.99638
1000 Pillar Jain Temple,tourism:attraction,Mangalore,13.0741758,74.997721
Bappanad Durgaparameshwari Temple,tourism:attraction,Mangalore,13.0949218,74.7861251
Sri Kantheshwara Temple,tourism:attraction,Mangalore,13.1372345,74.9700378
Shri Venkataramana Temple,tourism:attraction,Mangalore,13.093312,74.7990208
Shri 1008 Bhagwan Ananthanath Digambar Jain Temple,tourism:attraction,Mangalore,13.0533776,74.7942624
Kudroli Temple Complex,tourism:attraction,Mangalore,12.8758762,74.8313985
Artisan's Village,tourism:attraction,Mangalore,12.9294205,74.906325
Mantra Surf Club,tourism:attraction,Mangalore,13.0829373,74.7804301
Cashew Plant - Achal Industries,tourism:attraction,Mangalore,12.9528796,74.8209319
Dr Soans / diSoans Farm,tourism:attraction,Mangalore,13.0987457,75.0001094
Kanwathirtha beach,tourism:attraction,Mangalore,12.7430362,74.8705307
Ideal Ice cream,amenity:cafe,Mangalore,12.8673758,74.8406588
Ideal Ice Cream,amenity:cafe,Mangalore,12.8676725,74.8418315
Ideal Cafe,amenity:cafe,Mangalore,12.8698639,74.8406577
Cafe Coffee Day,amenity:cafe,Mangalore,12.8697715,74.8484832
Natural Ice Cream,amenity:cafe,Mangalore,12.8782166,74.851047
Padiwals,amenity:cafe,Mangalore,13.0709898,74.9998514
Ideal Ice cream ,amenity:cafe,Mangalore,13.0910364,74.7873631
Nescafe EastSide,amenity:cafe,Mangalore,13.0074646,74.7968753
Bourbon Cafe,amenity:cafe,Mangalore,13.0179915,74.7919432
Naturals,amenity:cafe,Mangalore,12.8859346,74.8328283
Bake Studio,amenity:cafe,Mangalore,12.8692003,74.8404437
Anvi Juice Centre,amenity:cafe,Mangalore,12.9852398,74.8015256
Nuts & Foods,amenity:cafe,Mangalore,12.9852558,74.8015188
Waffee House,amenity:cafe,Mangalore,12.870933,74.855527
Café Coffee Day,amenity:cafe,Mangalore,12.9507979,74.8729471
The Sailors Bistro,amenity:cafe,Mangalore,12.8799648,74.8404289
The Chocolate Confectionery,amenity:cafe,Mangalore,12.8649629,74.8453833
Whiteroom Deli,amenity:cafe,Mangalore,12.8735986,74.8527489
Cafe Udupi,amenity:cafe,Mangalore,13.1405598,74.7730257
TLC Art Cafe,amenity:cafe,Mangalore,12.898761,74.8414106
boba bhai,amenity:cafe,Mangalore,12.9509701,74.8723584
Cafe Flourista,amenity:cafe,Mangalore,12.8736423,74.8403013
Scoopz & Smilez,amenity:cafe,Mangalore,12.8095497,74.8884562
Coffee Day,amenity:cafe,Mangalore,12.8064799,74.9328332
The Cafe Lounge,amenity:cafe,Mangalore,12.8655908,74.8587352
Shake Factory - Hangout,amenity:cafe,Mangalore,12.8695818,74.8451486
DRNK Lab,amenity:cafe,Mangalore,12.87034,74.8436892
Gujarati Canteen,amenity:cafe,Mangalore,12.8750957,74.9391555
Nescafe,amenity:cafe,Mangalore,13.0116337,74.7918298
Nandhini(Boys),amenity:cafe,Mangalore,13.0067294,74.7944674
Amul EastSide,amenity:cafe,Mangalore,13.0089891,74.7967342
Sanil Complex,shop:mall,Mangalore,12.9554882,74.8073959
Bharath Mall,shop:mall,Mangalore,12.8863957,74.8409314
Saibeen Complex,shop:mall,Mangalore,12.8852147,74.8394237
City Centre Mall,shop:mall,Mangalore,12.8712704,74.8428267
Empire Mall,shop:mall,Mangalore,12.8797167,74.8403994
Fiza by Nexus,shop:mall,Mangalore,12.8576225,74.8383517
Pio Mall,shop:mall,Mangalore,12.8801395,74.8450337
Abish Mall,shop:mall,Mangalore,12.9914988,74.7988861
Dr. B R Ambedkar Statue,tourism:attraction,Hubli,15.3626106,75.1312652
Mahatma Gandhi Statue,tourism:attraction,Hubli,15.3609933,75.1270404
Sangolli Rayanna,tourism:attraction,Hubli,15.3502394,75.1389205
Potnis Galli Dharwad,tourism:attraction,Hubli,15.4603227,75.0190951
Nrupathunga Hill Park,tourism:attraction,Hubli,15.3774507,75.1279501
Navagraha Theertha,tourism:attraction,Hubli,15.214625,75.1410691
District Science Center,tourism:museum,Hubli,15.445289,74.9818036
Poet Bendre's Museum,tourism:museum,Hubli,15.4632291,74.9878783
Park Avenue,shop:clothes,Hubli,15.3500979,75.1115162
Pantaloons,shop:clothes,Hubli,15.3493995,75.111468
Reliance Trends,shop:clothes,Hubli,15.349534,75.1114733
Kanchan,shop:clothes,Hubli,15.4555545,75.0107359
L T Pujari & Sons,shop:clothes,Hubli,15.3552523,75.1411678
Soch,shop:clothes,Hubli,15.4569789,75.0114241
Vanesons NX,shop:clothes,Hubli,15.3475971,75.1420406
Kataria's,shop:clothes,Hubli,15.3476336,75.1425151
Karnataka Cloth Palace,shop:clothes,Hubli,15.3465679,75.1456325
Shoppers Shop,shop:clothes,Hubli,15.3476442,75.1428721
Cottonking,shop:clothes,Hubli,15.3464927,75.1425945
PSR Silks,shop:clothes,Hubli,15.3507566,75.1459702
Gandhi Nagar park,leisure:park,Hubli,15.3550145,75.0927544
Nehru Nagar Park,leisure:park,Hubli,15.3517452,75.0971103
Basava Vana,leisure:park,Hubli,15.3523245,75.1347623
Indira Gandhi Glass House and Park,leisure:park,Hubli,15.3514817,75.1317148
Vidhya Nagar Park,leisure:park,Hubli,15.3631577,75.1260614
Eidgah Maidan,leisure:park,Hubli,15.3506422,75.1384416
JP Nagar Park,leisure:park,Hubli,15.3470854,75.106093
Nrupathunga Betta Park,leisure:park,Hubli,15.3764682,75.128374
LIC Quarters Park,leisure:park,Hubli,15.4603138,74.9927141
Kittur Chennamma Park,leisure:park,Hubli,15.4624817,75.000771
Shantinagar Park,leisure:park,Hubli,15.4520276,75.0089173
Narayanpur Park,leisure:park,Hubli,15.4594055,74.9895236
Nirmal Nagar Park,leisure:park,Hubli,15.4408642,74.9924703
Sadhankeri Park,leisure:park,Hubli,15.4650887,74.9868819
Sanjivini Park,leisure:park,Hubli,15.4125356,75.0573134
Airhant Nagar Park,leisure:park,Hubli,15.359345,75.1530201
Tolanakere Park,leisure:park,Hubli,15.3573287,75.1035894
Sawai Gandharva Ground /deshpande Nagar Park,leisure:park,Hubli,15.3599645,75.1362692
Park,leisure:park,Hubli,15.3687569,75.1226966
Rodda Shrinivasrao Memorial Park,leisure:park,Hubli,15.4606031,74.9915233
Jayanagar Park,leisure:park,Hubli,15.4491314,74.9903043
Dollars Colony Park,leisure:park,Hubli,15.3462344,75.1152591
Sanman Colony Park,leisure:park,Hubli,15.3446909,75.1174679
"Childrens Park, Transit Plaza",leisure:park,Hubli,15.3971422,75.0819345
Belgaonkar cloth centre,shop:clothes,Belgaum,15.837075,74.5024409
Levi's Store,shop:clothes,Belgaum,15.870108,74.5121388
Soch,shop:clothes,Belgaum,15.8733459,74.5123588
Pantaloons,shop:clothes,Belgaum,15.873996,74.5127396
Crocodile,shop:clothes,Belgaum,15.8744252,74.5130298
Jockey Store,shop:clothes,Belgaum,15.8746651,74.5127052
Westside,shop:clothes,Belgaum,15.8750624,74.512952
Dimple,shop:clothes,Belgaum,15.8603505,74.5100751
Clock Tower,historic:monument,Hyderabad,17.4409014,78.4985547
shaik faiz kaman,historic:monument,Hyderabad,17.3618204,78.4864271
High Court of Telangana,historic:monument,Hyderabad,17.3691653,78.4721325
Dabeerpura darwaza,historic:monument,Hyderabad,17.3679221,78.4851691
madina building;Ajfan,historic:monument,Hyderabad,17.3684762,78.4757391
Mehboob Chowk Clock Tower,historic:monument,Hyderabad,17.3618794,78.4709135
Mozam Jahi Market Clock Tower,historic:monument,Hyderabad,17.3845613,78.4750497
gandhi bhavan,historic:monument,Hyderabad,17.3883677,78.4710398
Umesh Chandra Statue,historic:monument,Hyderabad,17.442546,78.4414688
NTR Statue,historic:monument,Hyderabad,17.4011614,78.5816384
BR Ambedkar Statue,historic:monument,Hyderabad,17.4951785,78.3918149
Moula Ali Kamaan,historic:monument,Hyderabad,17.4612532,78.5583176
tank,historic:monument,Hyderabad,17.4224031,78.4850374
Jawaharlal Nehru Statue,historic:monument,Hyderabad,17.4965616,78.3931579
"Ambedkar Statue, Boduppal",historic:monument,Hyderabad,17.4183683,78.5845626
Buddha's monument,historic:monument,Hyderabad,17.3359145,78.2895947
NTR STATUE,historic:monument,Hyderabad,17.5027658,78.3889706
Mushroom Rock,historic:monument,Hyderabad,17.4410994,78.3389869
New Hema Nagar Colony Arch,historic:monument,Hyderabad,17.4177858,78.5662056
Lord Shiva Arch,historic:monument,Hyderabad,17.4209629,78.570979
Vijaya Ganapathi Arch,historic:monument,Hyderabad,17.4120548,78.5612884
Dr B R Ambedkar Statue,historic:monument,Hyderabad,17.4423867,78.4393579
Rajiv Gandhi Statue,historic:monument,Hyderabad,17.4423732,78.4410615
Mahatma Gandhi Statue,historic:monument,Hyderabad,17.4294944,78.5129
Netaji Subash Chandra Bose Statue,historic:monument,Hyderabad,17.4198611,78.516566
Hanuman Statue,historic:monument,Hyderabad,17.5084529,78.3996686
JRD Tata Statue,historic:monument,Hyderabad,17.4173012,78.4301218
Sri. NTR & Smt. Basavatarakam Statue,historic:monument,Hyderabad,17.4170357,78.4309056
Telugu thali statue,historic:monument,Hyderabad,17.4515113,78.4841523
Nehru statue,historic:monument,Hyderabad,17.3507099,78.4729016
Vivekananda statue,historic:monument,Hyderabad,17.3039107,78.4398894
Bhagwan Das Bagh,historic:monument,Hyderabad,17.3788354,78.4394513
Raja Bhagwan Das  Bagh,historic:monument,Hyderabad,17.3787012,78.4402227
Arts College,historic:monument,Hyderabad,17.4192016,78.5263097
Moazzam Jahi Market,historic:monument,Hyderabad,17.3843955,78.4750622
Charminar,historic:monument,Hyderabad,17.361604,78.4746394
Kacheguda Railway Station,historic:monument,Hyderabad,17.389273,78.4992078
Minerva Coffee House,amenity:cafe,Hyderabad,17.4013136,78.4853821
zeeshan hotel,amenity:cafe,Hyderabad,17.3618613,78.4865451
seven star cafe,amenity:cafe,Hyderabad,17.3692876,78.4783351
ali cafe,amenity:cafe,Hyderabad,17.3653731,78.4870928
new ali cafe,amenity:cafe,Hyderabad,17.3677078,78.4857088
Farasha Cafe,amenity:cafe,Hyderabad,17.3615306,78.4739962
Lucky Hotel,amenity:cafe,Hyderabad,17.404463,78.4643425
Cafe Coffee Day,amenity:cafe,Hyderabad,17.435846,78.4016464
Diamond Point Hotel,amenity:cafe,Hyderabad,17.4623762,78.4909487
Cafe Sarvi,amenity:cafe,Hyderabad,17.4131835,78.459351
Barista,amenity:cafe,Hyderabad,17.4579701,78.3717132
Cafeteria in Krishnakanth Park,amenity:cafe,Hyderabad,17.4413822,78.4313251
Nartaki Cafe,amenity:cafe,Hyderabad,17.4943491,78.5129347
Hotel Astoria,amenity:cafe,Hyderabad,17.4048814,78.4675629
Good Luck Cafe,amenity:cafe,Hyderabad,17.4413319,78.448238
Swathi Tiffins,amenity:cafe,Hyderabad,17.3765194,78.5575132
Cafe Coffee day,amenity:cafe,Hyderabad,17.4170067,78.5439087
Turning Point,amenity:cafe,Hyderabad,17.4524881,78.5335279
Raghavendra Tiffins,amenity:cafe,Hyderabad,17.3651684,78.5568071
Cafe Latte,amenity:cafe,Hyderabad,17.4648023,78.5032716
Golden Point,amenity:cafe,Hyderabad,17.4677843,78.5066536
Vindhya Canteen,amenity:cafe,Hyderabad,17.4462731,78.3491325
Nilofer Cafe,amenity:cafe,Hyderabad,17.3996015,78.4627111
Red rose cafe,amenity:cafe,Hyderabad,17.4213813,78.4557705
Minerva,amenity:cafe,Hyderabad,17.4372461,78.4459874
Barista Lavazza,amenity:cafe,Hyderabad,17.42367,78.4125626
Coffee Tree,amenity:cafe,Hyderabad,17.4902649,78.3928719
Maitree Cafetaria,amenity:cafe,Hyderabad,17.4239569,78.5261771
Coffee Food & Art,amenity:cafe,Hyderabad,17.501725,78.550842
Rumaan Cafe,amenity:cafe,Hyderabad,17.3988889,78.4164898
NFC,amenity:cafe,Hyderabad,17.493049,78.40946
Nimrah,amenity:cafe,Hyderabad,17.361389,78.4742856
Tiffin center,amenity:cafe,Hyderabad,17.4103182,78.4855958
Cafe,amenity:cafe,Hyderabad,17.4091667,78.4900649
Chocolate Room,amenity:cafe,Hyderabad,17.4391952,78.3983227
Santhi Bakers,amenity:cafe,Hyderabad,17.3863828,78.4400604
Jalakanya Hotel,amenity:cafe,Hyderabad,17.5043639,78.415797
HeartCup Coffee,amenity:cafe,Hyderabad,17.4440522,78.4691906
Mother India,amenity:cafe,Hyderabad,17.4621741,78.4913844
Cake Exotica,amenity:cafe,Hyderabad,17.4372961,78.4414105
Cafe Ice Magic,amenity:cafe,Hyderabad,17.3940604,78.4423952
GOUSIA CAFE,amenity:cafe,Hyderabad,17.4643217,78.3759154
ganga jamuna hotel,amenity:cafe,Hyderabad,17.443833,78.5175911
Irani hotel,amenity:cafe,Hyderabad,17.3935904,78.5222355
Grand Ma Bakery,amenity:cafe,Hyderabad,17.41697,78.4384751
Hyder Cafe,amenity:cafe,Hyderabad,17.3658039,78.4807565
Adarsh Cafe,amenity:cafe,Hyderabad,17.405848,78.4729232
Aqua Cafe,amenity:cafe,Hyderabad,17.3886699,78.5036851
andhra cafe,amenity:cafe,Hyderabad,17.4111893,78.4926794
Balaji darshan,amenity:cafe,Hyderabad,17.4087261,78.4904922
Cafe Bahar,amenity:cafe,Hyderabad,17.4414545,78.4476425
Salarjung Museum Tea Stall,amenity:cafe,Hyderabad,17.3711694,78.4799305
Labonel fine baking,amenity:cafe,Hyderabad,17.4368647,78.3665736
Heavenz,amenity:cafe,Hyderabad,17.396742,78.4847267
Ciclo Café,amenity:cafe,Hyderabad,17.4336528,78.4047279
Kaficko,amenity:cafe,Hyderabad,17.4246579,78.4101163
SVK canteen,amenity:cafe,Hyderabad,17.4359971,78.3600653
Just Bake,amenity:cafe,Hyderabad,17.4038651,78.5147033
Starbucks,amenity:cafe,Hyderabad,17.4329059,78.4071232
Turning Point Cafe,amenity:cafe,Hyderabad,17.4194736,78.5196532
Sree Balaji Sweet Shop,amenity:cafe,Hyderabad,17.4198866,78.5172634
Limrah Tea & Snaks,amenity:cafe,Hyderabad,17.3568846,78.4399451
Driven Cafe,amenity:cafe,Hyderabad,17.4219679,78.3386411
Minevera Coffee Shop,amenity:cafe,Hyderabad,17.4461557,78.384665
Terrasen Cafe,amenity:cafe,Hyderabad,17.4204876,78.4410872
Chai Party,amenity:cafe,Hyderabad,17.5278976,78.4854232
Golden Special Irani Chai,amenity:cafe,Hyderabad,17.5312157,78.4875159
My Friend’s Irani Chai,amenity:cafe,Hyderabad,17.4992034,78.4771905
Hotel Skylab Irani Chai Cafe,amenity:cafe,Hyderabad,17.4359573,78.5187439
Grand 360 Irani Chai Cafe,amenity:cafe,Hyderabad,17.5030312,78.5126598
Coronation Cafe,amenity:cafe,Hyderabad,17.4059762,78.4652407
Chai Party Irani Cafe,amenity:cafe,Hyderabad,17.5280475,78.4854248
Venkataramana Irani Chai Cafe,amenity:cafe,Hyderabad,17.5430347,78.4911353
Himalaya Cafe,amenity:cafe,Hyderabad,17.3961227,78.4625614
Niloufer Bakery,amenity:cafe,Hyderabad,17.4005982,78.4628453
New Nilofer,amenity:cafe,Hyderabad,17.3996049,78.4629214
Blue Moon Irani Chai Cafe,amenity:cafe,Hyderabad,17.4404997,78.4938821
Zam Zam Cafe,amenity:cafe,Hyderabad,17.4019737,78.4695787
Cafe 555,amenity:cafe,Hyderabad,17.4029924,78.4512671
Sitara Cafe,amenity:cafe,Hyderabad,17.4014076,78.4641416
Harika Tiffins &Snacks,amenity:cafe,Hyderabad,17.4290162,78.4052452
Sangam Hotel,amenity:cafe,Hyderabad,17.3841607,78.4938074
Freak Shake,amenity:cafe,Hyderabad,17.4540505,78.3829633
AM PM Hotel,amenity:cafe,Hyderabad,17.4084627,78.492225
Dostea Chai Café,amenity:cafe,Hyderabad,17.4414944,78.3916686
Chai village,amenity:cafe,Hyderabad,17.4409109,78.4431992
tea,amenity:cafe,Hyderabad,17.3756784,78.5409623
irani,amenity:cafe,Hyderabad,17.372511,78.5442504
Good Will Hotel,amenity:cafe,Hyderabad,17.5074308,78.4076729
WAFL Café,amenity:cafe,Hyderabad,17.422361,78.3477331
Coffee Day,amenity:cafe,Hyderabad,17.5366451,78.3845617
"Sri Balaji Tiffins, Meals & Curry Point",amenity:cafe,Hyderabad,17.4203544,78.5657599
Tiffin Center,amenity:cafe,Hyderabad,17.4220289,78.565441
Masthanamma Canteen,amenity:cafe,Hyderabad,17.4211212,78.5647834
Sri Karthikeya's Turning Point Food Court,amenity:cafe,Hyderabad,17.4229644,78.5683869
Sri Sai Narmadha Tea & Tiffins,amenity:cafe,Hyderabad,17.423248,78.5678261
Crown Cafe,amenity:cafe,Hyderabad,17.396105,78.4963731
Sarvi Hotel,amenity:cafe,Hyderabad,17.3944202,78.4398023
Imroze Cafe,amenity:cafe,Hyderabad,17.4342826,78.4457999
Rio Cafe,amenity:cafe,Hyderabad,17.4404949,78.4956406
Nebraska Hotel,amenity:cafe,Hyderabad,17.4083364,78.5144366
Shine Cafe,amenity:cafe,Hyderabad,17.4254761,78.5150008
Yaqoob Ali Cafe,amenity:cafe,Hyderabad,17.355401,78.463582
Fresh And Honest Cafe Ltd,amenity:cafe,Hyderabad,17.4853,78.398959
Telangana tea stall,amenity:cafe,Hyderabad,17.4192438,78.4418493
Drunken Monkey,amenity:cafe,Hyderabad,17.367843,78.529818
"Broadway Cafe, Bakers & Tiffins",amenity:cafe,Hyderabad,17.469468,78.425618
New Banjara Cafe,amenity:cafe,Hyderabad,17.469455,78.422083
Sikander Irani Tea And Snacks Point,amenity:cafe,Hyderabad,17.4377802,78.4401942
B. DUBS,amenity:cafe,Hyderabad,17.4337768,78.4049578
DELHI WALA SWEETS,amenity:cafe,Hyderabad,17.4566065,78.4225875
Aaha Coffee Shop,amenity:cafe,Hyderabad,17.4066812,78.3903555
ram,amenity:cafe,Hyderabad,17.3946119,78.6207427
Rams,amenity:cafe,Hyderabad,17.4402465,78.361869
ramc,amenity:cafe,Hyderabad,17.3041232,78.5141196
CELEBRATIONS,amenity:cafe,Hyderabad,17.4800874,78.4754095
BAKE 2 BAKE,amenity:cafe,Hyderabad,17.4796444,78.4806952
Scidmore Park,amenity:cafe,Hyderabad,17.4177652,78.6284241
The Stop 'n Go,amenity:cafe,Hyderabad,17.457032,78.5086176
Lassi Shop,amenity:cafe,Hyderabad,17.3546889,78.4728822
the chocolate room,amenity:cafe,Hyderabad,17.4056683,78.4791361
Karma Kaapi,amenity:cafe,Hyderabad,17.4483027,78.6368688
Mumtaz,amenity:cafe,Hyderabad,17.3630966,78.477355
Tea Trails Cafe,amenity:cafe,Hyderabad,17.4373534,78.3853935
The Blender's Cafe,amenity:cafe,Hyderabad,17.4442543,78.3973902
Waffle House,amenity:cafe,Hyderabad,17.4346129,78.3939618
Ciclo Cafe & Bicycle Shop,amenity:cafe,Hyderabad,17.4336999,78.4043358
7Ten Spa,amenity:cafe,Hyderabad,17.435928,78.4029825
Zeeshan hotel,amenity:cafe,Hyderabad,17.3878813,78.3999564
Chai Point,amenity:cafe,Hyderabad,17.443382,78.3917089
Shadhab bekary & cafe,amenity:cafe,Hyderabad,17.5297619,78.2635143
Surekha Tiffins,amenity:cafe,Hyderabad,17.5333019,78.5160871
Laiba's cafe,amenity:cafe,Hyderabad,17.4314834,78.4260064
sheela cafe,amenity:cafe,Hyderabad,17.3963694,78.5031801
makers of milkshake,amenity:cafe,Hyderabad,17.4871866,78.3914828
Indian cafe,amenity:cafe,Hyderabad,17.3479666,78.547559
Coffee day,amenity:cafe,Hyderabad,17.3944076,78.4349784
Sri Siddi Chamundeshwari,amenity:cafe,Hyderabad,17.3211198,78.3713579
Ye Lo Chai,amenity:cafe,Hyderabad,17.4646797,78.3653234
Paradise,amenity:cafe,Hyderabad,17.4414151,78.4873345
Moon Bean Cafe bar,amenity:cafe,Hyderabad,17.3690624,78.5164337
Hashtag,amenity:cafe,Hyderabad,17.3743811,78.5526913
Ammamagari Illu,amenity:cafe,Hyderabad,17.4029173,78.4571119
Vindhu Tiffins,amenity:cafe,Hyderabad,17.4419954,78.4440716
HummingBird Café,amenity:cafe,Hyderabad,17.440457,78.3974255
roobaroo cafe,amenity:cafe,Hyderabad,17.3524157,78.5114738
N S Pizza Hub,amenity:cafe,Hyderabad,17.4236387,78.5077151
Amano Cafe,amenity:cafe,Hyderabad,17.3371073,78.5709175
Orient Cafe,amenity:cafe,Hyderabad,17.4440151,78.4458097
shakes N slices,amenity:cafe,Hyderabad,17.5379012,78.3641789
City Cafe,amenity:cafe,Hyderabad,17.4762955,78.4826301
tea time,amenity:cafe,Hyderabad,17.5701711,78.4319123
Cosa de Rosa,amenity:cafe,Hyderabad,17.447691,78.3919352
Zen Bowls,amenity:cafe,Hyderabad,17.3998847,78.3672763
SATYA NARAYANA CAFE,amenity:cafe,Hyderabad,17.4469498,78.5328389
cafe1,amenity:cafe,Hyderabad,17.4381232,78.5423587
Asiatic cafe,amenity:cafe,Hyderabad,17.4221402,78.4548339
McCafé,amenity:cafe,Hyderabad,17.4480798,78.3790681
Karachi Cafe,amenity:cafe,Hyderabad,17.4415605,78.3767286
Zeeshaan Cafe,amenity:cafe,Hyderabad,17.397285,78.4006455
Shazaan Cafe,amenity:cafe,Hyderabad,17.3974757,78.4009687
cafe day,amenity:cafe,Hyderabad,17.330489,78.5745238
Rose land cafe,amenity:cafe,Hyderabad,17.4321204,78.4461681
Hina J.K Point,amenity:cafe,Hyderabad,17.4557125,78.4091484
Mubarak Cafe And Restarunt,amenity:cafe,Hyderabad,17.4468771,78.4232229
A.K cafe,amenity:cafe,Hyderabad,17.4542528,78.4105217
Ali Cafe,amenity:cafe,Hyderabad,17.4542841,78.4109675
Coffee Maniac,amenity:cafe,Hyderabad,17.4294695,78.3254817
Fruzos,amenity:cafe,Hyderabad,17.4696404,78.366851
Jack & Jill,amenity:cafe,Hyderabad,17.4952063,78.544394
SUSHMA TEA POINT,amenity:cafe,Hyderabad,17.4927364,78.3843766
Harley’s,amenity:cafe,Hyderabad,17.2351878,78.4337816
Tea and Snacks,amenity:cafe,Hyderabad,17.4270007,78.4582636
Prezmo,amenity:cafe,Hyderabad,17.3936422,78.3409298
cafe coffee,amenity:cafe,Hyderabad,17.3469468,78.5509249
Roastery,amenity:cafe,Hyderabad,17.4232807,78.4315491
Third Wave Coffee,amenity:cafe,Hyderabad,17.4574395,78.372086
Autumn Leaf,amenity:cafe,Hyderabad,17.4337892,78.4020089
nio o nine,amenity:cafe,Hyderabad,17.3601769,78.544075
arch cafe,amenity:cafe,Hyderabad,17.3612924,78.544728
dlite shakes,amenity:cafe,Hyderabad,17.3587788,78.5423089
Cafe Niloufer,amenity:cafe,Hyderabad,17.413327,78.4277314
Tawakal Cafe,amenity:cafe,Hyderabad,17.4970169,78.3613839
Hangout,amenity:cafe,Hyderabad,17.4922715,78.4059143
Cafe Chit Chat Chai - Kondapur,amenity:cafe,Hyderabad,17.4676094,78.3605499
Wraps & Broast,amenity:cafe,Hyderabad,17.4504422,78.4253744
F3 Café and Bistro,amenity:cafe,Hyderabad,17.4872568,78.5438478
Cake Cafe - mallampet,amenity:cafe,Hyderabad,17.5562278,78.3626582
Cafe Coffe day,amenity:cafe,Hyderabad,17.4056483,78.515799
Sea Rock Cafe,amenity:cafe,Hyderabad,17.4196215,78.4624516
Churrolto,amenity:cafe,Hyderabad,17.4565417,78.3762981
This The Place!,amenity:cafe,Hyderabad,17.4440806,78.3847896
Isabel,amenity:cafe,Hyderabad,17.4441112,78.3847992
Chai Kings,amenity:cafe,Hyderabad,17.4484875,78.3601297
Iron Hill Cafe,amenity:cafe,Hyderabad,17.4480536,78.3611554
Millet Travels,amenity:cafe,Hyderabad,17.2355707,78.434252
Almond House,amenity:cafe,Hyderabad,17.4408488,78.503202
IRANI CAFE,amenity:cafe,Hyderabad,17.2557828,78.6109397
Zam Zam,amenity:cafe,Hyderabad,17.3682554,78.4003585
Accro,amenity:cafe,Hyderabad,17.4211321,78.4476841
Chai Club,amenity:cafe,Hyderabad,17.4414305,78.4995252
Canteen,amenity:cafe,Hyderabad,17.4406564,78.4891013
JNTU - Canteen,amenity:cafe,Hyderabad,17.4941991,78.3927806
RIO,amenity:cafe,Hyderabad,17.4405092,78.4956401
cafe shop,amenity:cafe,Hyderabad,17.4939896,78.403413
mrect canteen,amenity:cafe,Hyderabad,17.5620737,78.4552082
Mr Monk,amenity:cafe,Hyderabad,17.512074,78.5131305
Monginis Cake Shop,amenity:cafe,Hyderabad,17.4950144,78.3480072
Industrial cafe,amenity:cafe,Hyderabad,17.4913671,78.4394487
Beyond Coffee,amenity:cafe,Hyderabad,17.4296131,78.4127018
Le Vantage Cafe Bar,amenity:cafe,Hyderabad,17.4300646,78.4177907
Daffodils cafe,amenity:cafe,Hyderabad,17.4037522,78.5145879
Marjan hotel,amenity:cafe,Hyderabad,17.3954583,78.4550047
Suruchi,amenity:cafe,Hyderabad,17.3176799,78.403224
arun icecream,amenity:cafe,Hyderabad,17.35767,78.5215647
Joy cafe,amenity:cafe,Hyderabad,17.3697168,78.5397977
Lush Cafe | By the Lake,amenity:cafe,Hyderabad,17.4364458,78.3919929
Chai Shai Bar,amenity:cafe,Hyderabad,17.440315,78.4801992
white board cafe,amenity:cafe,Hyderabad,17.4460596,78.3777421
canteen,amenity:cafe,Hyderabad,17.2097574,78.6228432
ali's cafe,amenity:cafe,Hyderabad,17.3398295,78.3695992
Am- Pm cafe,amenity:cafe,Hyderabad,17.4469187,78.3532799
College Canteen,amenity:cafe,Hyderabad,17.3114777,78.7258182
Theory Cafe & Desert Bar,amenity:cafe,Hyderabad,17.4318042,78.4146938
Roast CCx,amenity:cafe,Hyderabad,17.4235417,78.4322668
Conçu,amenity:cafe,Hyderabad,17.4184299,78.364292
Cafeteria 2,amenity:cafe,Hyderabad,17.4478281,78.6325823
Cosmos Cafe,amenity:cafe,Hyderabad,17.3635046,78.544206
coffee centre,amenity:cafe,Hyderabad,17.4031028,78.4964113
Rani Rudramadevi Statue,historic:monument,Warangal,17.9877067,79.6013367
WoW Warangal,historic:monument,Warangal,17.9862584,79.5244848
Kakatiyula Veyi Stambhala Devalayam,historic:monument,Warangal,18.0035784,79.5746728
Kasam pullaiaha cloth store,shop:mall,Warangal,17.978243,79.5958467
Hnk,shop:mall,Warangal,18.0057533,79.5707299
D-Mart Hanamkonda,shop:mall,Warangal,17.9959292,79.5490818
A-Z Shopping Mall,shop:mall,Warangal,17.9959239,79.5502955
Unlimited mall,shop:mall,Warangal,17.9929515,79.591846
noorie wedding shop,shop:mall,Warangal,17.9858296,79.5997549
zudio,shop:mall,Warangal,17.9991111,79.5843253
peter england store,shop:mall,Warangal,18.0055465,79.5729523
Reliance Digital,shop:mall,Warangal,18.0203426,79.5514133
Jagadamba Silks,shop:mall,Warangal,18.00778,79.5686504
South India Shopping Mall,shop:mall,Warangal,18.0093767,79.5662664
One Shopping Mall,shop:mall,Warangal,18.0101322,79.5597472
Shopper's Stop Hanamkonda,shop:mall,Warangal,18.010313,79.5596336
Asian Sridevi Mall,shop:mall,Warangal,18.0045239,79.5629575
vibhav shooping centre,shop:mall,Warangal,17.976996,79.5979517
kasam pullaiah wedding mall,shop:mall,Warangal,17.9766813,79.5979053
westside,shop:mall,Warangal,17.9951985,79.5490084
children's Park,leisure:park,Warangal,17.9883899,79.5292348
o city park,leisure:park,Warangal,17.9791487,79.6143806
Busstand Junction Fountain,leisure:park,Warangal,18.0027683,79.565612
ekalavya park,leisure:park,Warangal,17.9836744,79.6135798
Childrens Park,leisure:park,Warangal,18.0705726,79.3510983
kallepu natural park,leisure:park,Warangal,17.961102,79.6029365
Public Garden,leisure:park,Warangal,18.0088111,79.5600877
Ekasila Park,leisure:park,Warangal,17.9988013,79.5568126
nandana gardens,leisure:park,Warangal,18.0003102,79.555156
Musical Garden,leisure:park,Warangal,17.9907354,79.5877248
Rajiv Park,leisure:park,Warangal,17.9988418,79.5427977
Ekashila Park,leisure:park,Warangal,17.9549675,79.6162401
Badrakali temple park,leisure:park,Warangal,17.9964185,79.5799698
Armoor Multiplex & Mall,shop:mall,Nizamabad,18.788366,78.291819
Venu mall,shop:mall,Nizamabad,18.669175,78.1054438
deer park,leisure:park,Karimnagar,18.4131568,79.1322343
Mahaboobabag Gardens,leisure:park,Karimnagar,18.5693354,79.3607142
DEER PARK,leisure:park,Karimnagar,18.4072063,79.1332267
Ujwala Park,leisure:park,Karimnagar,18.4040375,79.1296347
Gani Internet,amenity:cafe,Khammam,17.2557962,80.1543508
SR Internet,amenity:cafe,Khammam,17.2560519,80.1566148
India Tea,amenity:cafe,Khammam,17.248066,80.1483459
KK internet,amenity:cafe,Khammam,17.2585789,80.1589167
Raghava Sweets,amenity:cafe,Khammam,17.2452883,80.1402185
Matrix Internet,amenity:cafe,Khammam,17.2522559,80.1413529
Pola's ICE CREAM & Bakery,amenity:cafe,Khammam,17.2515817,80.164435
Ohm,amenity:cafe,Khammam,17.2596763,80.153534
City Cafe,amenity:cafe,Khammam,17.2496538,80.1458968
crazy cafe,amenity:cafe,Khammam,17.2436033,80.1388472
Tempteys,amenity:cafe,Khammam,17.2396113,80.1595426
milkshake factory,amenity:cafe,Khammam,17.2464978,80.1644432
Brewberry,amenity:cafe,Khammam,17.2461031,80.1647728
Things,amenity:cafe,Khammam,17.2492493,80.1416325
Hi,amenity:cafe,Khammam,17.2501413,80.1412771
Den,amenity:cafe,Khammam,17.2514449,80.1401503
Nkk,amenity:cafe,Khammam,17.2501469,80.1407418
KVB Complex,shop:mall,Khammam,17.247516,80.149183
new trends mens wear,shop:mall,Khammam,17.2412236,80.1488536
Unlimited Shopping Mall,shop:mall,Khammam,17.2490296,80.1670557
VRK Silks,shop:mall,Khammam,17.2481965,80.1673728
unlimited,shop:mall,Khammam,17.2490583,80.1670631
vrk silks,shop:mall,Khammam,17.2482211,80.167372
Ambedkar Memorial,tourism:attraction,Chennai,13.0193208,80.266984
Rajaji Memorial,tourism:attraction,Chennai,13.0064804,80.2391664
Bakthavachalam Memorial,tourism:attraction,Chennai,13.0067142,80.2362341
Kamaraj Memorial,tourism:attraction,Chennai,13.006922,80.2355846
Snake Park,tourism:attraction,Chennai,13.0032701,80.2384929
Thalankuppam Abandoned Pier,tourism:attraction,Chennai,13.2341687,80.3319749
Brodie Castle,tourism:attraction,Chennai,13.0158394,80.2628474
Birla Planetarium,tourism:attraction,Chennai,13.0119591,80.2440161
EGP Office,tourism:attraction,Chennai,12.970937,80.1262243
EGP Biogas Plant,tourism:attraction,Chennai,12.970893,80.1254171
chokhi Dhani,tourism:attraction,Chennai,13.011706,80.008949
Cholamandal Artists' Village,tourism:attraction,Chennai,12.9229059,80.2517281
Mayaajaal,tourism:attraction,Chennai,12.8479989,80.2407196
CHENNAI CORPORATION PARK,tourism:attraction,Chennai,13.0263685,80.2171939
CHICKEN 65 SHOP,tourism:attraction,Chennai,13.0323409,80.2200818
MLA OFFICE ,tourism:attraction,Chennai,13.0247674,80.2182663
DUGAR GROUP OF COMPANY,tourism:attraction,Chennai,13.0684992,80.2605802
BHARAT SCANS,tourism:attraction,Chennai,13.0337069,80.2122522
s.sriram,tourism:attraction,Chennai,13.0229114,80.1850132
Home Finders Estate,tourism:attraction,Chennai,13.0254529,80.183303
அக்பர் மருந்து மில்,tourism:attraction,Chennai,13.0347941,80.273749
சென்னை மெரினா கலங்கரை விளக்கம்,tourism:attraction,Chennai,13.039631,80.2794168
Former site of Binny Mills Building,tourism:attraction,Chennai,13.0908999,80.2876055
Guindy National Park,tourism:attraction,Chennai,12.9992197,80.2280289
Senmozhi Poonga,tourism:attraction,Chennai,13.050644,80.2515356
Chennai Trade Center,tourism:attraction,Chennai,13.0135764,80.190172
Periyar Science and Technology Centre,tourism:attraction,Chennai,13.0127435,80.2427845
Kart Attack Go Karting,tourism:attraction,Chennai,12.8961093,80.2460439
White Tiger,tourism:attraction,Chennai,12.883999,80.0926604
Squirrels,tourism:attraction,Chennai,12.8837415,80.0909986
Sooriamman Koil pond,tourism:attraction,Chennai,12.9726283,80.132766
Indian wild Elephant,tourism:attraction,Chennai,12.8798039,80.0904259
Nilgai Enclosure,tourism:attraction,Chennai,12.8816435,80.0882434
Lion Enclosure,tourism:attraction,Chennai,12.8813486,80.0885961
Sambar,tourism:attraction,Chennai,12.8828097,80.090026
Tiger,tourism:attraction,Chennai,12.8822684,80.0904239
Valluvar Kottam,tourism:attraction,Chennai,13.0541065,80.2417681
Vivekanandar Illam,tourism:attraction,Chennai,13.0495709,80.2802685
Kamaraj Memorial House,tourism:attraction,Chennai,13.0474137,80.23952
Victoria Technical Institute,tourism:attraction,Chennai,13.0605151,80.2605238
Fort St. George,tourism:attraction,Chennai,13.0796765,80.2849395
Annai Maniammai Statue,historic:monument,Chennai,13.0800561,80.2628411
Triumph of Labour,historic:monument,Chennai,13.0641119,80.2837484
Ashok Pillar,historic:monument,Chennai,13.0348481,80.2121781
காந்தி சிலை,historic:monument,Chennai,13.1122709,80.2378269
Kosapet 5 lights,historic:monument,Chennai,13.0931657,80.2564738
Ambedkar Statue,historic:monument,Chennai,13.1055919,80.2079346
St. Thomas Pole,historic:monument,Chennai,13.0332048,80.2787726
75th Anniversary of Independence Monument,historic:monument,Chennai,13.0678837,80.2841124
Esplanade Boundary Marker,historic:monument,Chennai,13.0889988,80.2899841
State Emblem Monument,historic:monument,Chennai,13.043153,80.2796808
Alstom Metropolis,historic:monument,Chennai,13.0323338,80.243172
T-55,historic:monument,Chennai,12.9985702,80.1919684
May Day Monument,historic:monument,Chennai,13.0734541,80.2732181
Marmalong Bridge (1728-1966) Monument,historic:monument,Chennai,13.0193927,80.2246204
Chennai Zero Mile,historic:monument,Chennai,13.0804251,80.280738
Fourbeck Bridge (Marmalong Brook Bridge) Monument,historic:monument,Chennai,13.0258864,80.2304012
The Nation Remembers,historic:monument,Chennai,13.0456353,80.2574632
Mystery of life,historic:monument,Chennai,12.8995145,80.0920683
Mylapore Kapaleeshwarar Temple Tank,historic:monument,Chennai,13.0334291,80.2686576
Kaj Schmidt Memorial,historic:monument,Chennai,12.9994247,80.272115
Marudeeswarar Temple,historic:monument,Chennai,12.9848669,80.2599418
Dr. M. G. Ramachandran Memorial Arch,historic:monument,Chennai,13.0607811,80.2826629
Tamil Nadu Legislative Assembly Diamond Jubilee Arch,historic:monument,Chennai,13.0716192,80.2851808
Cornwallis Cupola,historic:monument,Chennai,13.080352,80.2875169
Maraimalai Adigal Bridge Monument,historic:monument,Chennai,13.0188698,80.2246162
Seniamman Kovil Arch,historic:monument,Chennai,13.1252789,80.2876723
Clock Court,historic:monument,Chennai,12.8411055,80.1546962
The Great Kabab Factory,amenity:restaurant,Chennai,12.9946821,80.1874068
Tangerine,amenity:restaurant,Chennai,13.0392554,80.2556216
Ente Keralam,amenity:restaurant,Chennai,13.0421141,80.2558968
Suriyas,amenity:restaurant,Chennai,13.0383186,80.2566708
Ananda,amenity:restaurant,Chennai,13.0391641,80.247219
Midnight Express,amenity:restaurant,Chennai,13.0409358,80.2586973
Pizza Hut,amenity:restaurant,Chennai,13.0055904,80.251822
Basera,amenity:restaurant,Chennai,12.9329807,80.2517763
Ladies Mess,amenity:restaurant,Chennai,12.9875968,80.2422869
Maami's Mess,amenity:restaurant,Chennai,13.0324107,80.2704268
Mayilai Sri Karpagambal Mess,amenity:restaurant,Chennai,13.0327388,80.2712197
Sangeetha,amenity:restaurant,Chennai,13.0323689,80.2676459
Vasantha Bhavan,amenity:restaurant,Chennai,13.0322517,80.2685043
Adyar Ananda Bhavan,amenity:restaurant,Chennai,13.0340003,80.2677522
Rayer Mess,amenity:restaurant,Chennai,13.0355223,80.273014
Benjarong,amenity:restaurant,Chennai,13.0313113,80.2513502
Okadeys,amenity:restaurant,Chennai,13.0384527,80.2567668
Amaravati,amenity:restaurant,Chennai,13.0451417,80.2592552
Kalpaka,amenity:restaurant,Chennai,13.0468725,80.2605083
Madras Cafe,amenity:restaurant,Chennai,13.0008164,80.2043612
Little Italy,amenity:restaurant,Chennai,13.0609985,80.2475712
Mainland China,amenity:restaurant,Chennai,13.0659169,80.2421706
Novelty,amenity:restaurant,Chennai,13.0889622,80.2790177
Annapurna,amenity:restaurant,Chennai,13.0747305,80.2626235
Barbecue Nation,amenity:restaurant,Chennai,13.0454388,80.2331563
Sparkys Diner,amenity:restaurant,Chennai,13.0729298,80.2526113
Maharaja,amenity:restaurant,Chennai,13.0633479,80.2739101
"Don Pepe, Copper Chimney",amenity:restaurant,Chennai,13.0458581,80.258173
Paneer soda shop,amenity:restaurant,Chennai,13.0322882,80.2709135
Corner Juice Shop,amenity:restaurant,Chennai,13.0333788,80.2569388
Wangs Kitchen,amenity:restaurant,Chennai,13.0610272,80.2481523
Casa Picola,amenity:restaurant,Chennai,13.0607599,80.2512477
US Pizza,amenity:restaurant,Chennai,13.0368042,80.2553943
The Wanton,amenity:restaurant,Chennai,13.0308675,80.2547014
Bombay Halwa House,amenity:restaurant,Chennai,13.0383754,80.2674307
Mathsya,amenity:restaurant,Chennai,13.0750359,80.2581673
Hotel Sangeetha,amenity:restaurant,Chennai,13.0717149,80.2030895
Ajnabee Snacks,amenity:restaurant,Chennai,13.0677438,80.2566293
Asli Punjabi Rasoi Ghar,amenity:restaurant,Chennai,13.0650516,80.2589124
Noodle House,amenity:restaurant,Chennai,13.0654928,80.2431296
Dominoes Pizza,amenity:restaurant,Chennai,13.0316532,80.1640666
Lemongrass,amenity:restaurant,Chennai,13.0287554,80.253254
Grains of Paradise,amenity:restaurant,Chennai,13.0276871,80.2526956
Cream Centre,amenity:restaurant,Chennai,13.026914,80.2556765
In Seoul,amenity:restaurant,Chennai,13.0321755,80.2521158
The Crown,amenity:restaurant,Chennai,13.0403208,80.2437255
Paprika,amenity:restaurant,Chennai,13.0460421,80.2476349
Aqua,amenity:restaurant,Chennai,13.0529661,80.2500813
Lotus,amenity:restaurant,Chennai,13.0528789,80.2498533
Hip Asia,amenity:restaurant,Chennai,13.0630743,80.2612723
Akasaka,amenity:restaurant,Chennai,12.9881641,80.2556827
Thaali Corner,amenity:restaurant,Chennai,13.0851761,80.2447589
Sri Sarvana Bhavan,amenity:restaurant,Chennai,13.0510228,80.0944083
Cornucopia,amenity:restaurant,Chennai,13.0307571,80.2457033
Dhaba Express,amenity:restaurant,Chennai,13.0312456,80.2460431
Parvathi Bhavan,amenity:restaurant,Chennai,13.0387921,80.2570003
Cilantro,amenity:restaurant,Chennai,13.0064035,80.2057624
Navratna,amenity:restaurant,Chennai,13.0062581,80.2057624
Kayal,amenity:restaurant,Chennai,13.0061052,80.2057662
Makkhan Sweets,amenity:restaurant,Chennai,13.0311615,80.2459839
Food Village,amenity:restaurant,Chennai,12.9278334,80.2521808
By The Bay,amenity:restaurant,Chennai,13.0012892,80.2712305
Tasty Jones,amenity:restaurant,Chennai,13.0010216,80.2706983
Hotel Balaji,amenity:restaurant,Chennai,13.00057,80.2662523
Eden,amenity:restaurant,Chennai,12.9970909,80.2679346
Vasantha Bhavan Nama veedu,amenity:restaurant,Chennai,13.0492377,80.207616
Hotel Runs,amenity:restaurant,Chennai,13.00636,80.2548775
muniyandi,amenity:restaurant,Chennai,12.9462009,80.1382285
Ganesh mess,amenity:restaurant,Chennai,12.9457209,80.1382225
lakshmi,amenity:restaurant,Chennai,12.9460679,80.1382245
TOPSEE,amenity:restaurant,Chennai,12.9986633,80.2563991
Hotchips,amenity:restaurant,Chennai,13.00651,80.2442513
Sri Krishna Sweets,amenity:restaurant,Chennai,13.049367,80.2099012
Hot Chips,amenity:restaurant,Chennai,12.9427993,80.1336515
manikandan,amenity:restaurant,Chennai,12.9516523,80.1418062
Aathangudi,amenity:restaurant,Chennai,12.9401812,80.131094
hotel senthil,amenity:restaurant,Chennai,12.9424304,80.1332735
Sri Parvathy Bhavan,amenity:restaurant,Chennai,13.052763,80.192033
Thangam family resturant,amenity:restaurant,Chennai,12.9229655,80.1599956
Data Udipi Hotel,amenity:restaurant,Chennai,13.0405828,80.1725724
Dosa the Restaurant,amenity:restaurant,Chennai,12.9863717,80.2607741
Sangeeta,amenity:restaurant,Chennai,13.0070874,80.2500834
Hotel Raj Bhavan,amenity:restaurant,Chennai,13.0558502,80.248
Dhaba,amenity:restaurant,Chennai,13.0813079,80.2742022
Sangamam Chettinad Hotel,amenity:restaurant,Chennai,13.0349987,80.2163485
Anajappar,amenity:restaurant,Chennai,13.0328373,80.212066
Shankara Bhavan,amenity:restaurant,Chennai,13.051775,80.2430546
Delhi Hotel,amenity:restaurant,Chennai,13.0880874,80.2757144
Karaikudi,amenity:restaurant,Chennai,13.0448865,80.2644988
Twilight Takeout,amenity:restaurant,Chennai,13.0544491,80.2392199
Sagar Restaurant,amenity:restaurant,Chennai,13.0083726,80.2106059
shanmukas,amenity:restaurant,Chennai,13.0277769,80.2308167
Al Reef Restaurant,amenity:restaurant,Chennai,12.9712514,80.2583585
Kumarakom,amenity:restaurant,Chennai,12.9721108,80.2190709
Top City,amenity:restaurant,Chennai,12.8710593,80.2266785
Akash Bhavan Hotel,amenity:restaurant,Chennai,12.9060884,80.0965109
Hotel Mathus,amenity:restaurant,Chennai,12.9739862,80.2581256
Bella Ciao,amenity:restaurant,Chennai,12.9721533,80.2648774
Supriya Andra Mess,amenity:restaurant,Chennai,12.9821542,80.2326981
Punjabi Restaurant,amenity:restaurant,Chennai,12.9822545,80.2327044
Hot Kitchen,amenity:restaurant,Chennai,12.9086606,80.249748
Ponnusamy Hotel,amenity:restaurant,Chennai,13.0131553,80.2227101
Cascade,amenity:restaurant,Chennai,12.9961478,80.2681092
Hotel Meenakshi Bhavan,amenity:restaurant,Chennai,13.0296649,80.276637
Curries and Chutneys,amenity:restaurant,Chennai,13.0651778,80.2589417
Ratna Cafe,amenity:restaurant,Chennai,12.9805893,80.2179786
Flamingo,amenity:restaurant,Chennai,12.9841726,80.2182307
Mast Kalandar,amenity:restaurant,Chennai,12.9847606,80.2177291
Amethyst,amenity:restaurant,Chennai,13.057334,80.259754
Texas Fiesta,amenity:restaurant,Chennai,13.06004,80.253221
Murugan Idli Shop,amenity:restaurant,Chennai,13.0950704,80.174252
Ganga Sweets,amenity:restaurant,Chennai,12.975984,80.2216517
Maruthi Bhavan,amenity:restaurant,Chennai,12.9761386,80.221856
Freeze Zone,amenity:restaurant,Chennai,13.0428655,80.259599
Gangotree,amenity:restaurant,Chennai,13.0471789,80.2546452
Toscana,amenity:restaurant,Chennai,13.0290737,80.2483233
Parfait3,amenity:restaurant,Chennai,12.979042,80.2267092
Mash,amenity:restaurant,Chennai,13.061691,80.248271
Banana Leaf,amenity:restaurant,Chennai,13.0408188,80.2380816
Sri Balajee Bhavan,amenity:restaurant,Chennai,13.0408797,80.2378821
Nalas Aappakadai,amenity:restaurant,Chennai,13.0414192,80.2381571
Alreef,amenity:restaurant,Chennai,12.9538312,80.1864386
Hotel Highway,amenity:restaurant,Chennai,13.0453185,80.0710112
Dindigul Velu Biryani,amenity:restaurant,Chennai,12.969707,80.2178866
Sri balaji bavan,amenity:restaurant,Chennai,12.9577703,80.1443434
Adyar Anand Bhavan,amenity:restaurant,Chennai,12.9575007,80.1435066
Sri Anjeppar restaurant,amenity:restaurant,Chennai,12.9933742,80.2001919
Loiee,amenity:restaurant,Chennai,12.9935964,80.1997306
CUC Restaurant,amenity:restaurant,Chennai,12.9274004,80.2317217
Heaven n Home,amenity:restaurant,Chennai,12.9196464,80.2306441
PEPPER,amenity:restaurant,Chennai,12.9191392,80.2306816
Sri Sai Surya Hotel,amenity:restaurant,Chennai,12.9863102,80.1883615
Food Fiesta,amenity:restaurant,Chennai,12.9803074,80.2287613
Nandini Bakery and Restaurant,amenity:restaurant,Chennai,12.988058,80.2230137
The Farm,amenity:restaurant,Chennai,12.8670026,80.2276391
Murudi's Hotel,amenity:restaurant,Chennai,13.0755331,80.2693697
Hot Pot China,amenity:restaurant,Chennai,12.9636596,80.2463937
Cream & Fudge,amenity:restaurant,Chennai,13.0907453,80.2184356
Nalas Appakadai,amenity:restaurant,Chennai,13.0883486,80.2178412
Al Najeeb,amenity:restaurant,Chennai,13.0900655,80.2444917
KimLing,amenity:restaurant,Chennai,13.0846594,80.2126022
Savoury Sea Shell,amenity:restaurant,Chennai,13.0875854,80.2182684
Amma Canteen,amenity:restaurant,Chennai,13.0158805,80.1750645
Kailash Parbat,amenity:restaurant,Chennai,12.989057,80.2183478
Veg Haven,amenity:restaurant,Chennai,12.9905467,80.2187073
iWay Restaurant,amenity:restaurant,Chennai,12.9596032,80.2445544
Aishwarya Restaurant,amenity:restaurant,Chennai,12.9941032,80.1871212
Jeyasri Pure Veg,amenity:restaurant,Chennai,13.0659239,80.2681364
Vel Tiffin Centre,amenity:restaurant,Chennai,13.0243276,80.2212113
Fathima Cafe,amenity:restaurant,Chennai,13.0246165,80.2211984
Sangeetha Vegetarian Restaurant,amenity:restaurant,Chennai,13.0889275,80.2875692
Indian Cofee House,amenity:restaurant,Chennai,13.0348438,80.2305246
Ganambal Idly Shop,amenity:restaurant,Chennai,12.9297291,80.2316514
Metro Sagar,amenity:restaurant,Chennai,13.0213047,80.225602
Mansuk's,amenity:restaurant,Chennai,13.0355652,80.21636
Kaidhi Kitchen,amenity:restaurant,Chennai,13.0445136,80.2614492
Spoonbill,amenity:restaurant,Chennai,13.0335251,80.2534304
Gokulam,amenity:restaurant,Chennai,13.0180379,80.2412019
Home Meals,amenity:restaurant,Chennai,13.0180196,80.2411617
Madrasi Dhaba,amenity:restaurant,Chennai,13.0178837,80.2415412
E3 Pizza Shop,amenity:restaurant,Chennai,13.0065651,80.2507067
The Stop,amenity:restaurant,Chennai,13.0069508,80.2576812
Rain Forest,amenity:restaurant,Chennai,13.0069018,80.2575979
Anjappar,amenity:restaurant,Chennai,13.0065703,80.2508354
Animal Kingdom,amenity:restaurant,Chennai,13.0070694,80.2577985
Sea emperor,amenity:restaurant,Chennai,12.9640395,80.212701
Rainmaker,amenity:restaurant,Chennai,13.0547433,80.2239795
Grill Box BBQ,amenity:restaurant,Chennai,13.0455027,80.2355696
Mars Kitchen,amenity:restaurant,Chennai,12.9706984,80.1444968
Wang's Kitchen,amenity:restaurant,Chennai,12.9724479,80.1393737
Moti Mahal,amenity:restaurant,Chennai,12.8999989,80.2287926
Zaitoon,amenity:restaurant,Chennai,13.0835126,80.225507
Naidu Andhra Mess,amenity:restaurant,Chennai,13.0353775,80.2343301
Anthikkadai,amenity:restaurant,Chennai,12.9824641,80.2246365
Balan Tea,amenity:restaurant,Chennai,12.9853716,80.2312088
Sree Saiva Bhavan,amenity:restaurant,Chennai,13.0150919,80.1839551
D A Brothers food center Briyani,amenity:restaurant,Chennai,13.0161035,80.1750099
Gaurav Vada Pav Centre,amenity:restaurant,Chennai,12.9692702,80.2453673
The Rock Restaurant,amenity:restaurant,Chennai,13.091467,80.2180657
Arun Caterors (Swamys Homely Food),amenity:restaurant,Chennai,12.9781784,80.2288982
Meena Tai's,amenity:restaurant,Chennai,13.039509,80.2538071
absolute barbeques ,amenity:restaurant,Chennai,13.045426,80.2412295
Pind Restaurent,amenity:restaurant,Chennai,12.9758138,80.2220064
Amma Mess (Subsidised Food),amenity:restaurant,Chennai,12.9850891,80.2405139
TEA SHOP,amenity:restaurant,Chennai,13.0273791,80.2176024
Isabel Hospital Canteen,amenity:restaurant,Chennai,13.0387128,80.2624199
Mahamudra,amenity:restaurant,Chennai,13.0366167,80.2624809
Coal BarbeQ,amenity:restaurant,Chennai,12.9859913,80.2182482
DA Brothers Restaurant,amenity:restaurant,Chennai,13.0110341,80.1531139
Buhari Hotel,amenity:restaurant,Chennai,13.0141587,80.1934357
Barbeque Nation,amenity:restaurant,Chennai,12.9437934,80.2380696
747,amenity:restaurant,Chennai,12.9437777,80.2381152
வசந்த பவன்,amenity:restaurant,Chennai,13.0770717,80.2611367
Dindigul Thalappakatti Restaurant,amenity:restaurant,Chennai,13.0823097,80.2095947
Ganga Pure Vegetarian Restaurant,amenity:restaurant,Chennai,13.0870968,80.1880112
புஹாரி,amenity:restaurant,Chennai,13.0777234,80.2615255
Dindigul Thalapakatti,amenity:restaurant,Chennai,12.9227395,80.1431434
Balaji bhavan,amenity:restaurant,Chennai,12.9230901,80.1271614
LOIEE,amenity:restaurant,Chennai,12.9225129,80.1496278
Karandai veg restaurant,amenity:restaurant,Chennai,12.9225701,80.1410594
Aruna Bhavan vegetarian restaurant,amenity:restaurant,Chennai,12.8993075,80.2281164
Hotel Valli Murugan Veg,amenity:restaurant,Chennai,12.8989609,80.228151
Amma Unavagam,amenity:restaurant,Chennai,13.0852612,80.1989719
Day Night Restaurant,amenity:restaurant,Chennai,13.1207533,80.0660893
Kooraikadai Biriyani Center,amenity:restaurant,Chennai,12.9009495,80.2308112
al-bake,amenity:restaurant,Chennai,12.9009425,80.2322854
Hotel Sabari,amenity:restaurant,Chennai,13.0474926,80.2400944
Saardar ji Kulfi,amenity:restaurant,Chennai,12.9877999,80.2559976
Karthick Tiffen Center,amenity:restaurant,Chennai,13.0850448,80.2030227
Asif Brothers Biriyani Restaurant,amenity:restaurant,Chennai,12.9228193,80.1332233
Akshaya Bhavan,amenity:restaurant,Chennai,12.9258052,80.1025634
Nathans Cafe (Veg),amenity:restaurant,Chennai,13.0703443,80.2041894
Zaffron,amenity:restaurant,Chennai,12.8333545,80.2287966
Nivis's kitchen,amenity:restaurant,Chennai,12.8334163,80.228613
De cafe,amenity:restaurant,Chennai,12.8341413,80.2286614
Hotel Bharani (Veg),amenity:restaurant,Chennai,12.9913488,80.2561491
Sri Ganesh Bhavan (veg),amenity:restaurant,Chennai,13.0196561,80.2061789
Ananda veg restaurant,amenity:restaurant,Chennai,13.0365816,80.2511081
Sangeetha veg restaurant,amenity:restaurant,Chennai,13.0354735,80.2493101
Adayar Ananda Bhavan (A2B),amenity:restaurant,Chennai,13.0713977,80.20342
Namma Veedu Vasantha Bhavan,amenity:restaurant,Chennai,13.0572287,80.2117342
Sorgam,amenity:restaurant,Chennai,13.0113027,80.2539436
goory kitchens,amenity:restaurant,Chennai,13.0121464,80.1304949
Lakshmi chips,amenity:restaurant,Chennai,13.0119921,80.1302059
Thipikaa hotel,amenity:restaurant,Chennai,13.0120072,80.1301773
shri om hottel,amenity:restaurant,Chennai,13.0251187,80.1761226
K.k food shop,amenity:restaurant,Chennai,13.0256747,80.1759143
SRE BHAVAN,amenity:restaurant,Chennai,13.0256218,80.1759233
Goly pav no 1,amenity:restaurant,Chennai,13.0335073,80.1610851
AL MYSHIESHA RESTAURANT,amenity:restaurant,Chennai,13.0288445,80.224007
Kova Alankar Vilas,amenity:restaurant,Chennai,13.0808614,80.2675812
Rawther Restaurant,amenity:restaurant,Chennai,13.0689007,80.256646
Palmshore,amenity:restaurant,Chennai,13.0695817,80.2572161
Anjappar Chetinad Restaurant,amenity:restaurant,Chennai,12.9536862,80.1420885
Adayar Aandnda Bhavan(A2B),amenity:restaurant,Chennai,13.1705767,80.1992312
Spicy Route,amenity:restaurant,Chennai,12.8429293,80.226607
The Square,amenity:restaurant,Chennai,12.8311626,80.2303494
Food Finger,amenity:restaurant,Chennai,13.087552,80.1932926
Hotel Bhukara,amenity:restaurant,Chennai,13.0874492,80.1980697
KrishnaVillasam,amenity:restaurant,Chennai,13.0048142,80.2547297
Noodle Theory,amenity:restaurant,Chennai,13.0456112,80.2408779
பாரதி மெஸ்,amenity:restaurant,Chennai,13.0586043,80.2767198
Kaaraikudi Chettinad Restaurant,amenity:restaurant,Chennai,13.0299433,80.2422867
The Thickshake Factory,amenity:restaurant,Chennai,13.0470852,80.2453529
Muthamiz Hotel,amenity:restaurant,Chennai,13.1081205,80.2452539
The Perf Ice Candy,amenity:restaurant,Chennai,13.0879425,80.1947286
A2B,amenity:restaurant,Chennai,13.0684153,80.2041932
Blah Bistro,amenity:restaurant,Chennai,13.0654508,80.243297
Salem RR Biriyani,amenity:restaurant,Chennai,13.0195262,80.2065287
Kanchi Singu Aiyyar Bhavan,amenity:restaurant,Chennai,13.0216123,80.2066863
Indian Coffee House,amenity:restaurant,Chennai,12.937752,80.1343729
Pattukotai mess,amenity:restaurant,Chennai,13.0261003,80.1772279
Hotel Jordan,amenity:restaurant,Chennai,13.0314394,80.1805422
Kappa Chakka Kandhari,amenity:restaurant,Chennai,13.0642227,80.2479976
Thalappakatti,amenity:restaurant,Chennai,12.9546852,80.1427039
Sulthan's,amenity:restaurant,Chennai,13.0331629,80.2117295
Surabh,amenity:restaurant,Chennai,13.0568503,80.2428855
Madras Curry Cup,amenity:restaurant,Chennai,13.0533468,80.2494941
Aathirai,amenity:restaurant,Chennai,13.0585809,80.241796
Amber biriyani,amenity:restaurant,Chennai,12.93614,80.1276458
Daalchini,amenity:restaurant,Chennai,12.9563557,80.1435952
Sribsabari Dosai Corner,amenity:restaurant,Chennai,12.9054421,80.096075
Loiee Sweets & Snacks,amenity:restaurant,Chennai,12.9105732,80.1427911
Hotel Akshayam,amenity:restaurant,Chennai,12.9733427,80.2194396
Faruzzi Multi cusine restaurant,amenity:restaurant,Chennai,12.9581432,80.1434078
Yaa Mohaideen,amenity:restaurant,Chennai,12.9645381,80.1473952
Alagar Multicuisine Restaurant,amenity:restaurant,Chennai,13.0373996,80.2163947
Hotel Tiruchendur Mani Iyer,amenity:restaurant,Chennai,13.034046,80.2162828
Wheels on Fire,amenity:restaurant,Chennai,13.034045,80.2171992
Salem RR biryani Unavagam AC,amenity:restaurant,Chennai,12.9887853,80.2183072
Barbecue Hut,amenity:restaurant,Chennai,13.1179385,80.1532379
SS Hyderabad Biriyani,amenity:restaurant,Chennai,13.1157918,80.1543578
Zaika Uttar Da,amenity:restaurant,Chennai,12.9773969,80.2240566
McRennett Cakes,amenity:restaurant,Chennai,13.0364073,80.2121432
Hot Chips Veg Restaurant,amenity:restaurant,Chennai,13.0367439,80.2121821
Chennai Darbar Restaurant,amenity:restaurant,Chennai,13.0299235,80.2096111
Dindigul Thalappakatti Ashok Nagar,amenity:restaurant,Chennai,13.0312424,80.2161917
Ayya Chettinad Unavagam,amenity:restaurant,Chennai,13.0270738,80.2107079
Island Kitchen,amenity:restaurant,Chennai,13.0273546,80.2119134
Palmshore Restaurant Ashok Nagar,amenity:restaurant,Chennai,13.0297592,80.2087661
Hotel Sangeetha Pure VEG,amenity:restaurant,Chennai,13.0295669,80.2111579
Tosai Restaurant,amenity:restaurant,Chennai,12.8728366,80.2435159
GKS Santhi Bavan,amenity:restaurant,Chennai,13.1031362,80.2079955
Cool Biz,amenity:restaurant,Chennai,12.9811415,80.2430286
Kilo Biriyani,amenity:restaurant,Chennai,12.8641903,80.2067118
Alif Biryani,amenity:restaurant,Chennai,12.9728077,80.1914452
Biryani Shop,amenity:restaurant,Chennai,12.973021,80.1915414
Madurai Alagarsamy Mess,amenity:restaurant,Chennai,12.9757537,80.1925149
Kurtosshhh,amenity:restaurant,Chennai,13.0009865,80.2706996
Nellai New Ruchi Hotel,amenity:restaurant,Chennai,12.982487,80.2253583
Tamu Tamu,amenity:restaurant,Chennai,13.0475624,80.2544953
SANJEEVI UNAVAGAM,amenity:restaurant,Chennai,13.1832459,80.30835
Sanjeevi Unavagam,amenity:restaurant,Chennai,13.183236,80.3083534
Hotel Buhari,amenity:restaurant,Chennai,12.9794189,80.2264976
Osteria By That Madras Place,amenity:restaurant,Chennai,13.0059052,80.2507705
Biriyania,amenity:restaurant,Chennai,13.0354377,80.2494992
Shri Rajasthani Dhaba,amenity:restaurant,Chennai,13.0848937,80.2048073
Pumpkin Tales,amenity:restaurant,Chennai,13.0335737,80.2552947
Ek Aur Paratha,amenity:restaurant,Chennai,13.0482571,80.2534355
That Mallu Joint,amenity:restaurant,Chennai,13.0416717,80.2346309
The North View Kitchen,amenity:restaurant,Chennai,13.006018,80.2001145
Polka Pastry,amenity:restaurant,Chennai,13.0060258,80.1999482
Vasantham Canteen,amenity:restaurant,Chennai,13.0530983,80.1244772
அன்னை அடுப்பங்கரை,amenity:restaurant,Chennai,12.9662356,80.1906699
Sukkubhai Biryani,amenity:restaurant,Chennai,13.0004562,80.2005863
Sree Gupta Bhavan,amenity:restaurant,Chennai,12.9875298,80.2182192
Arasi Restaurant,amenity:restaurant,Chennai,13.0635552,80.2763834
Arusuvai Cafe,amenity:restaurant,Chennai,12.8447188,80.2263777
Sangeetha Veg Restaurant,amenity:restaurant,Chennai,12.8521866,80.2261114
Anjappar Chettinad Restaurant,amenity:restaurant,Chennai,12.9200835,80.1842749
Hot Chips Vegetarian Restaurant,amenity:restaurant,Chennai,13.0887528,80.2867827
Hotel Ezham Suvai,amenity:restaurant,Chennai,12.9738369,80.1833882
Fusili Reasons,amenity:restaurant,Chennai,13.0799423,80.2441589
Hokkaido,amenity:restaurant,Chennai,13.0330561,80.2527299
Amma mess,amenity:restaurant,Chennai,12.9411181,80.2044784
A-1 Hyderabad Biriyani & Fast Food,amenity:restaurant,Chennai,13.088904,80.286806
Suprabatham,amenity:restaurant,Chennai,13.0887415,80.2865499
Anna Viruksham Vegetarian Restaurant,amenity:restaurant,Chennai,13.0905767,80.2905767
Broadway Biriyani,amenity:restaurant,Chennai,13.0886372,80.284971
Ninan's Restaurant,amenity:restaurant,Chennai,13.0887346,80.2862359
Sea Shore,amenity:restaurant,Chennai,13.0890597,80.2852408
A2B Restaurant,amenity:restaurant,Chennai,13.0149457,80.1922065
Hotel Akshaya Bhavan,amenity:restaurant,Chennai,13.0399578,80.1320627
The Red Box,amenity:restaurant,Chennai,13.1026805,80.2905294
K7,amenity:restaurant,Chennai,13.1022825,80.2904264
Jamavar,amenity:restaurant,Chennai,13.0169477,80.2738948
Spectra,amenity:restaurant,Chennai,13.0171169,80.2739851
The Lobby Lounge,amenity:restaurant,Chennai,13.0173672,80.274099
Chennai Woodlands,amenity:restaurant,Chennai,13.0942585,80.2913537
Top Form,amenity:restaurant,Chennai,13.0944064,80.2914241
Classic Barbeque Corner,amenity:restaurant,Chennai,13.0960127,80.2911867
Alreef The Family Restaurant,amenity:restaurant,Chennai,13.0965713,80.2878998
Udipi Sri Durga Bhavan,amenity:restaurant,Chennai,13.0965119,80.2882079
Konar Kadai,amenity:restaurant,Chennai,13.07648,80.2643566
Hatimy's,amenity:restaurant,Chennai,13.0969063,80.2866796
Valima Biriyani,amenity:restaurant,Chennai,13.097062,80.2866516
Manjal,amenity:restaurant,Chennai,13.0453571,80.2555131
Hotel Farida,amenity:restaurant,Chennai,13.0968585,80.2870288
Seema,amenity:restaurant,Chennai,13.09688,80.2908894
Taste of Turkey,amenity:restaurant,Chennai,13.0964397,80.2902357
Grill Nights,amenity:restaurant,Chennai,13.0976067,80.2932418
Chef Adrian's Great Wall Chinese Restaurant,amenity:restaurant,Chennai,12.9984715,80.267535
Jonah's goes to Japan,amenity:restaurant,Chennai,12.9919466,80.2166021
Geetham Veg Restaurant,amenity:restaurant,Chennai,12.8246029,80.2403875
Omar Khayyam,amenity:restaurant,Chennai,13.0408892,80.2317501
Nic Nac,amenity:restaurant,Chennai,13.0406949,80.2322275
Six 'O' One,amenity:restaurant,Chennai,13.0528083,80.2496472
Punjab Grill,amenity:restaurant,Chennai,12.9913342,80.2169537
Pappa Roti,amenity:restaurant,Chennai,12.9918725,80.2170556
Kobe Sizzlers,amenity:restaurant,Chennai,12.9914076,80.216939
Khandani Rajdhani,amenity:restaurant,Chennai,12.9911032,80.2170766
Vasanta Bhavan,amenity:restaurant,Chennai,12.9912272,80.217063
Arabian Hut,amenity:restaurant,Chennai,12.9913743,80.2170186
Al-Arsh Hotel,amenity:restaurant,Chennai,13.1019911,80.2926089
Thai Mess,amenity:restaurant,Chennai,13.0985064,80.2923742
சங்கீதா,amenity:restaurant,Chennai,13.0771123,80.2613554
Real Biriyani,amenity:restaurant,Chennai,13.0886236,80.2847721
Hotel Shiva Sagar,amenity:restaurant,Chennai,13.0847852,80.2761096
Sri Magesh Chettinadu Restaurant,amenity:restaurant,Chennai,13.0849943,80.2760161
New Central Hotel,amenity:restaurant,Chennai,13.0835958,80.2762218
OSCAR Restaurant,amenity:restaurant,Chennai,13.0835518,80.2763247
Ahmadia,amenity:restaurant,Chennai,13.0886025,80.2823069
Plaza Biriyani,amenity:restaurant,Chennai,13.0886066,80.2822784
New Annapoorani Hotel,amenity:restaurant,Chennai,13.0916476,80.2825231
Karaikudi Chettinad Hotel,amenity:restaurant,Chennai,13.0886531,80.2755976
Seiko Grill,amenity:restaurant,Chennai,13.1046141,80.2859105
Gowri Sankar Hotel,amenity:restaurant,Chennai,13.056285,80.2116533
Majeeth Restaurant,amenity:restaurant,Chennai,13.1047537,80.2855257
Hotel Sri Lakshmi,amenity:restaurant,Chennai,13.1043444,80.2846056
Saleem Biriyani,amenity:restaurant,Chennai,13.1038579,80.2736521
Fathima Burma Athoo Shop,amenity:restaurant,Chennai,13.1038553,80.2736287
Rasoee,amenity:restaurant,Chennai,13.0930095,80.2795454
Chai Waale,amenity:restaurant,Chennai,13.0930201,80.2793527
Sri Saravan Sandwich Shop,amenity:restaurant,Chennai,13.0936496,80.279431
Om Chat,amenity:restaurant,Chennai,13.0943685,80.2794732
Sandwich Shop,amenity:restaurant,Chennai,13.0926879,80.2796221
Hotel Prayag,amenity:restaurant,Chennai,13.0908796,80.2792058
Siva Prasad Pure Vegetarian,amenity:restaurant,Chennai,13.0945745,80.2804541
Ganga 3,amenity:restaurant,Chennai,13.0966877,80.2800036
Bombay Vadapav,amenity:restaurant,Chennai,13.0961055,80.2799579
DabeliWala,amenity:restaurant,Chennai,13.0959704,80.2799538
Raj Snacks,amenity:restaurant,Chennai,13.0951485,80.2802074
Raj Sree Chats,amenity:restaurant,Chennai,13.0951634,80.2800706
Roha Wala,amenity:restaurant,Chennai,13.0954499,80.2798947
Bismillah Biriyani,amenity:restaurant,Chennai,13.0984553,80.2833342
"Prince Chat, Fresh Fruit & Juice",amenity:restaurant,Chennai,13.0960626,80.2797296
The National Lodge Tiffin,amenity:restaurant,Chennai,13.090063,80.2815014
My Grandma Foods,amenity:restaurant,Chennai,13.089712,80.2811153
Moonlight Restaurant,amenity:restaurant,Chennai,13.0619643,80.1769423
Namma Veedu Vasanta Bhavan,amenity:restaurant,Chennai,13.0774212,80.2617168
Native Tiffins,amenity:restaurant,Chennai,12.9860999,80.2619675
Ratna cafe,amenity:restaurant,Chennai,13.0079506,80.2593989
Andhra Bhavan,amenity:restaurant,Chennai,13.0809129,80.2698337
A1 Fast Food,amenity:restaurant,Chennai,13.0822821,80.278006
Kuberan Tiffin Center,amenity:restaurant,Chennai,13.0822992,80.2780088
Indian Railway Catering and Tourism Corporation,amenity:restaurant,Chennai,13.0825495,80.275948
Central Biriyani,amenity:restaurant,Chennai,13.0827709,80.2748344
Star Biryani,amenity:restaurant,Chennai,13.0824366,80.2748924
Venkateshwara restaurant,amenity:restaurant,Chennai,13.0517209,80.2302313
Hotel Sri Annapoorani Bawan,amenity:restaurant,Chennai,13.102361,80.2798963
Star Kitchen,amenity:restaurant,Chennai,13.1015647,80.2825789
New Mughal Biriyani,amenity:restaurant,Chennai,13.1002136,80.2845375
Tridev Hot 'N' Cool,amenity:restaurant,Chennai,13.1020525,80.2798533
Archana Bhavan,amenity:restaurant,Chennai,12.886228,80.1891219
Nirmala Tiffen Center,amenity:restaurant,Chennai,13.0977527,80.2842159
Vegetarian Family Restaurant,amenity:restaurant,Chennai,13.0492981,80.2076279
Vegetarian Famlily Restaurant,amenity:restaurant,Chennai,13.0492863,80.2076268
Bay6 Restobar,amenity:restaurant,Chennai,12.8831941,80.2518739
YAA MOHIDEEN BIRYANI Tambaram - யா மொகிதீன் பிரியாணி தாம்பரம்,amenity:restaurant,Chennai,12.9219301,80.0943432
New Al Madina Restaurant,amenity:restaurant,Chennai,12.9216163,80.0935766
Royal Beef Biriyani,amenity:restaurant,Chennai,12.9215614,80.0929404
AKR Brothers Biriyani & tiffin center - கர் பிரதர்ஸ் பிரியாணி & டிஃபன் சென்டர்,amenity:restaurant,Chennai,12.9221509,80.0933508
Akshaya Hotel - அக்ஷய ஹோட்டல்,amenity:restaurant,Chennai,12.9224091,80.0947871
Lakshmi Shankar Unavagam - லக்ஷ்மி ஷங்கர் உணவகம்,amenity:restaurant,Chennai,12.9220176,80.0946993
Gossip Fusion Bristo,amenity:restaurant,Chennai,12.8672541,80.2433736
Shri Ramanaas,amenity:restaurant,Chennai,12.9163361,80.1945842
Rainbow Ice Cream,amenity:restaurant,Chennai,13.0947269,80.2797805
Boys Non-veg Mess,amenity:restaurant,Chennai,12.8707963,80.2198742
Canteen,amenity:restaurant,Chennai,12.8724833,80.2194824
Boys Non-veg mess,amenity:restaurant,Chennai,12.8724671,80.2186682
Basil with a twist,amenity:restaurant,Chennai,13.0496674,80.24228
Bombaysthan,amenity:restaurant,Chennai,13.0376928,80.2642431
Chicking,amenity:restaurant,Chennai,13.0631465,80.2440699
Girls mess,amenity:restaurant,Chennai,12.8751022,80.2217535
Santrupti Fine Dine,amenity:restaurant,Chennai,13.0203079,80.1845758
Sree balajee bhavan,amenity:restaurant,Chennai,13.1240104,80.2014829
Lasaka Home Made Foods,amenity:restaurant,Chennai,13.0571704,80.128149
The Madras Grand,amenity:restaurant,Chennai,13.075221,80.2560383
Hotel Pandiyas,amenity:restaurant,Chennai,13.0456755,80.1498236
Faruuzi Multicuisine,amenity:restaurant,Chennai,12.9484704,80.1937064
broadlands hotel,amenity:restaurant,Chennai,13.0630503,80.2734469
Paati Veedu,amenity:restaurant,Chennai,13.0477044,80.2390445
Ibrahim's BBQ House,amenity:restaurant,Chennai,13.0122894,80.2238705
Jayam Andhra Mess,amenity:restaurant,Chennai,13.0122977,80.2238958
Hot Chips veg restaurant,amenity:restaurant,Chennai,12.9208368,80.1969513
Ayyanar Chettinad Restaurant,amenity:restaurant,Chennai,12.9209308,80.1969868
Arul Chettinad Hotel,amenity:restaurant,Chennai,13.0737596,80.2259631
Abid's Restaurant,amenity:restaurant,Chennai,13.0716807,80.2504038
Palimar Hotel,amenity:restaurant,Chennai,13.072631,80.2522631
The Grand Sweets & Snacks,amenity:restaurant,Chennai,13.0075596,80.2536416
Madurai Kumar Mess,amenity:restaurant,Chennai,12.9252268,80.117286
Geetham Vegetarian Restaurant,amenity:restaurant,Chennai,12.9884101,80.2182575
Rasavid,amenity:restaurant,Chennai,12.9899176,80.2186763
Haven Sampoorna,amenity:restaurant,Chennai,12.990245,80.2187592
Appu Kadai Briyani,amenity:restaurant,Chennai,13.0110882,80.2244558
Mess 2,amenity:restaurant,Chennai,13.051144,80.0739369
Curry Kitchen,amenity:restaurant,Chennai,12.983758,80.1657694
BBQ Bro's,amenity:restaurant,Chennai,13.0564212,80.2741982
SS HYDERABAD BRIYANI,amenity:restaurant,Chennai,13.1530712,80.3004988
Khalids Briyani &Aazhi,amenity:restaurant,Chennai,13.1581447,80.3008776
Hotel Sri Raj Bhavan,amenity:restaurant,Chennai,13.1287772,80.2412895
Hotel Ashok Bhavan,amenity:restaurant,Chennai,13.0148042,80.2251186
Hotel Nellai,amenity:restaurant,Chennai,12.8910186,80.1757762
Azzuri bay,amenity:restaurant,Chennai,13.0113205,80.2539306
Butterheads,amenity:restaurant,Chennai,13.0112709,80.2539592
Palmshore multi cuisine,amenity:restaurant,Chennai,13.0722272,80.1872924
Golden Dragon,amenity:restaurant,Chennai,13.0583978,80.2473021
Southern Spice,amenity:restaurant,Chennai,13.0582098,80.2470479
Anise,amenity:restaurant,Chennai,13.0581405,80.247065
Undu Magizh,amenity:restaurant,Chennai,12.9051211,80.1879357
Sri Durga Bhavan,amenity:restaurant,Chennai,12.8916911,80.1765099
Kamatchi Mess,amenity:restaurant,Chennai,12.9151701,80.194719
Khalids biriyani,amenity:restaurant,Chennai,13.0856268,80.1997052
Annai Bhavan,amenity:restaurant,Chennai,12.9157172,80.194556
Erodu Amman Mess,amenity:restaurant,Chennai,12.9966483,80.2556448
தின்னை மெஸ்,amenity:restaurant,Chennai,13.027376,80.254007
Parambriyam,amenity:restaurant,Chennai,13.088221,80.2178044
Pudukkottai Ayya Chettinadu Mess,amenity:restaurant,Chennai,13.0391705,80.2389414
Virudhunagar Biriyani,amenity:restaurant,Chennai,12.9127093,80.1920194
Spicy Kitchen,amenity:restaurant,Chennai,12.9076836,80.1429452
ஹாட் சிபஎஸ்,amenity:restaurant,Chennai,13.0413033,80.2348192
Ciclo cafe,amenity:restaurant,Chennai,13.0224413,80.2422224
Hotel Ratna,amenity:restaurant,Chennai,13.0062788,80.2573202
Ambur star biriyani,amenity:restaurant,Chennai,13.2312641,80.1604107
Nasi and Mee,amenity:restaurant,Chennai,13.0608518,80.2498334
ஆனந்த விலாஸ்,amenity:restaurant,Chennai,13.0411346,80.2121848
Gowri Krishna,amenity:restaurant,Chennai,13.0882779,80.2178099
Popeyes famouslouisian chicken,amenity:restaurant,Chennai,12.942895,80.2532251
Burger king,amenity:restaurant,Chennai,12.9430741,80.2532364
Date palm,amenity:restaurant,Chennai,12.9187133,80.187763
New sri balaji bhavan,amenity:restaurant,Chennai,13.1185604,80.1980802
Sri balaji bhavan,amenity:restaurant,Chennai,13.1185186,80.1980587
Vindhya Mess,amenity:restaurant,Chennai,12.9904552,80.2350752
Le Meridian,amenity:restaurant,Chennai,13.0066825,80.205554
CEG Canteen,amenity:restaurant,Chennai,13.0103809,80.2367412
DATA Udipi Hotel,amenity:restaurant,Chennai,13.0201576,80.2247136
IAS Officers Mess,amenity:restaurant,Chennai,13.0623407,80.2080248
Hotel Valarmathi,amenity:restaurant,Chennai,13.022326,80.2201304
Mari Hotel,amenity:restaurant,Chennai,13.0220524,80.2211126
Gowri Nivas Hotel,amenity:restaurant,Chennai,13.0222248,80.2231781
Qurubani briyani,amenity:restaurant,Chennai,13.0438367,80.1822132
Dindigul Thalappakatti,amenity:restaurant,Chennai,13.0075225,80.2069844
Pandian hotel,amenity:restaurant,Chennai,13.0425183,80.1819359
Mattas,amenity:restaurant,Chennai,13.0371808,80.2136039
D Cafe,amenity:restaurant,Chennai,13.0467936,80.2352757
Bakya Sargakhet,amenity:restaurant,Chennai,13.0380065,80.2217543
Nilgiri Mess,amenity:restaurant,Chennai,12.984345,80.2325138
Sri Venkateshwara,amenity:restaurant,Chennai,12.9603603,80.2419353
Daily Fresh Restaurant,amenity:restaurant,Chennai,12.9290186,80.1280317
Five star,amenity:restaurant,Chennai,12.9871307,80.25831
Jinove Restaurant,amenity:restaurant,Chennai,12.9593659,80.2442344
MNM jain canteen- men,amenity:restaurant,Chennai,12.9459471,80.2466587
Sri Vidhya Bhavan,amenity:restaurant,Chennai,13.036271,80.2227527
PHC Canteen,amenity:restaurant,Chennai,13.0365337,80.2222034
Ayyanar Hotel,amenity:restaurant,Chennai,12.9968601,80.2591282
One MB,amenity:restaurant,Chennai,13.0496693,80.2398122
Ibaco,amenity:restaurant,Chennai,13.0498402,80.2401224
New Mess and Guest House,amenity:restaurant,Chennai,12.9512231,80.1416935
Hotel Arunachala,amenity:restaurant,Chennai,12.9721611,80.1401262
Anandha Bhavan,amenity:restaurant,Chennai,13.0599622,80.2744408
Peaches,amenity:restaurant,Chennai,12.9896448,80.21909
Layalee,amenity:restaurant,Chennai,13.0241427,80.2071558
Asiffe Biriyani,amenity:restaurant,Chennai,12.9606322,80.2557557
CSIR Canteen,amenity:restaurant,Chennai,12.9872936,80.2451081
Chettinad Saiva Bhavan,amenity:restaurant,Chennai,13.0448051,80.2611219
Ansari Hotel,amenity:restaurant,Chennai,12.9541538,80.0429305
Fishing With Chef Jonas,amenity:restaurant,Chennai,12.9590017,80.2560534
Nattarasan,amenity:restaurant,Chennai,12.9212267,80.0925466
Anjappar Restaurant,amenity:restaurant,Chennai,12.9249351,80.1104182
Chennai Durbar,amenity:restaurant,Chennai,13.0120831,80.1306748
Hotel Raaj Bhavan,amenity:restaurant,Chennai,13.0642057,80.2433062
Senthur bhavan veg hotel,amenity:restaurant,Chennai,13.0827474,80.1701293
Annapoorna Veg Hotel,amenity:restaurant,Chennai,12.9858574,80.2608374
friends snacks,amenity:restaurant,Chennai,12.9845367,80.2616504
Buhari Royale,amenity:restaurant,Chennai,12.9584342,80.1436816
Copper Kitchen,amenity:restaurant,Chennai,12.9594128,80.1444176
Meat & Eat,amenity:restaurant,Chennai,12.9404376,80.149479
Hotel Anandha,amenity:restaurant,Chennai,12.9664612,80.188497
Mascarpone Cafe,amenity:restaurant,Chennai,12.8734116,80.2435277
Sri Sai Bhavan,amenity:restaurant,Chennai,12.974193,80.1922617
Nakshatra Pure Veg,amenity:restaurant,Chennai,12.9646728,80.2121025
Neo Rangavilas Vegetarian Restaurant,amenity:restaurant,Chennai,13.0887618,80.2872112
Quark Canteen,amenity:restaurant,Chennai,12.9854624,80.2364834
New Ramakrishna Lunch Home,amenity:restaurant,Chennai,13.0886977,80.2860983
Hotel Zum Zum,amenity:restaurant,Chennai,13.0939272,80.2912331
Hotel National,amenity:restaurant,Chennai,13.09339,80.2910532
"Tamil Nadu Police Canteen, Pudupet",amenity:restaurant,Chennai,13.0686272,80.2622518
Hotel Bright,amenity:restaurant,Chennai,13.0975091,80.2931894
Annalakshmi,amenity:restaurant,Chennai,13.071084,80.2520356
Hotel Shree Venkateshwara,amenity:restaurant,Chennai,13.0846473,80.2760987
New Prakash Bhavan Pure Vegetarian,amenity:restaurant,Chennai,13.0889218,80.2808693
Mess l,amenity:restaurant,Chennai,13.0509973,80.0744256
MNM Jain canteen- women,amenity:restaurant,Chennai,12.9459686,80.2465066
MNM Jain -Jain canteen,amenity:restaurant,Chennai,12.9459933,80.246381
MNM jain canteen,amenity:restaurant,Chennai,12.946194,80.2464587
MNM Jain - canteen,amenity:restaurant,Chennai,12.9462639,80.2461909
Bharani Bhavan,amenity:restaurant,Chennai,13.0706274,80.231578
mummy daddy andhra mess,amenity:restaurant,Chennai,12.984207,80.2389513
Himalaya Mess,amenity:restaurant,Chennai,12.9872509,80.2360077
Meenakishipuram Mangulam inscription,historic:monument,Madurai,10.0190397,78.2536716
Mangulam Tamil inscription,historic:monument,Madurai,10.0275525,78.2633287
Thamizhi inscription,historic:monument,Madurai,10.021063,78.255592
Tamil Brahmi inscriptions,historic:monument,Madurai,10.0267259,78.2620508
Udayagiriswararkoil,historic:monument,Madurai,9.9034644,78.2528518
Yaanaikal,historic:monument,Madurai,9.924483,78.123201
Nandi Statue,historic:monument,Madurai,9.9202504,78.1217676
Gandhi Memorial,historic:monument,Madurai,9.9298472,78.1377743
Vilakkuthoon,historic:monument,Madurai,9.9177832,78.1237591
Arch,historic:monument,Madurai,9.9363015,78.1446117
Brahmi Kalvettu,historic:monument,Madurai,9.9461554,77.9884314
Thorana Vayil,historic:monument,Madurai,9.9016696,78.1207747
Paththu Thungal,historic:monument,Madurai,9.9170206,78.1236811
Theerthangarar Sculptures,historic:monument,Madurai,9.9709627,78.1972981
Brahmi Kalvettugal,historic:monument,Madurai,9.9647267,78.1868419
Kovalanpottal,historic:monument,Madurai,9.9035421,78.0993415
Asthagiriswararkoil,historic:monument,Madurai,9.8796456,78.0710414
Sivan Koil,historic:monument,Madurai,10.0400972,78.2761205
Karungalakkudi Kalvettu,historic:monument,Madurai,9.9226978,78.0475677
Tamizhi Inscriptions and Theerthangara Sculpture,historic:monument,Madurai,10.0450253,78.2801353
Urn Burial Site and Habitation Sites,historic:monument,Madurai,9.8532734,78.2261596
Milan'em Mall,shop:mall,Madurai,9.927966,78.1431154
Priya Complex,shop:mall,Madurai,9.9241101,78.1406745
Vishaal de Mall,shop:mall,Madurai,9.9382517,78.1359962
GeeDee Car Museum,tourism:museum,Coimbatore,11.0072775,76.9780888
Tamil Nadu Police Museum,tourism:museum,Coimbatore,10.9969574,76.9683436
PSG GRD Museum of Science & Technology,tourism:museum,Coimbatore,11.0663812,77.0935081
Coffe Day,amenity:cafe,Coimbatore,11.01713,76.9580749
RV Bakery,amenity:cafe,Coimbatore,11.0135185,76.9864839
Aiswarya Bakery,amenity:cafe,Coimbatore,11.0409149,76.9823129
Coffee world,amenity:cafe,Coimbatore,11.0403712,76.9819973
Lakshi Iyengar Bakery,amenity:cafe,Coimbatore,11.0362691,76.9782191
Amirtha Bakery,amenity:cafe,Coimbatore,10.8843224,76.9104409
Avin Milk Shop and Store,amenity:cafe,Coimbatore,11.0164165,76.9700043
K R Bakes,amenity:cafe,Coimbatore,11.0261026,76.9424961
Cafe Coffee Day,amenity:cafe,Coimbatore,11.0095371,76.9475317
NSR Bakery,amenity:cafe,Coimbatore,11.026922,76.9454903
Balaji bakery,amenity:cafe,Coimbatore,11.0227815,76.9462056
Ragam bakery,amenity:cafe,Coimbatore,11.0231755,76.9464023
Barista,amenity:cafe,Coimbatore,11.0027663,76.9822316
Ginger cafe,amenity:cafe,Coimbatore,11.1018626,76.9957296
Sri ram bakery,amenity:cafe,Coimbatore,11.0283824,76.9803708
Avin Store,amenity:cafe,Coimbatore,11.0064076,76.9606716
breeze,amenity:cafe,Coimbatore,11.020079,76.9383163
Rajasthan Inji Tea Kadai,amenity:cafe,Coimbatore,11.005848,76.9460055
Aasai Bakery,amenity:cafe,Coimbatore,11.00785,76.9446894
Aavin,amenity:cafe,Coimbatore,11.0078487,76.9450908
Aaradhana Bakery,amenity:cafe,Coimbatore,11.0076843,76.944915
JMR cafe,amenity:cafe,Coimbatore,10.9387223,76.9566781
Calicut Biriyani,amenity:cafe,Coimbatore,11.1169381,76.7469333
Velan Tea Desk,amenity:cafe,Coimbatore,11.0003783,76.9734547
Sri Ganesh Bakery,amenity:cafe,Coimbatore,11.0172902,76.9226414
Kaapi 2.0,amenity:cafe,Coimbatore,11.0010379,77.0661236
Sri Divya Bakes,amenity:cafe,Coimbatore,11.0707144,77.1034592
Dev narayanan tea stall,amenity:cafe,Coimbatore,11.2784517,76.9824481
Tea Shop,amenity:cafe,Coimbatore,10.8302613,77.0369006
Suvadugal Cafe,amenity:cafe,Coimbatore,10.9427798,76.9332755
Oviya's,amenity:cafe,Coimbatore,10.9685098,76.8996091
Paris cafe,amenity:cafe,Coimbatore,11.0259861,77.0237033
Starbucks,amenity:cafe,Coimbatore,11.0131694,76.9869366
vimalkumar cafe,amenity:cafe,Coimbatore,11.0372248,76.9214915
food court,amenity:cafe,Coimbatore,10.9388039,76.9566325
Balaji Canteen,amenity:cafe,Coimbatore,11.03464,77.0337721
Coffee Club,amenity:cafe,Coimbatore,11.0316835,77.1162403
Sri Hari Tea Stall,amenity:cafe,Coimbatore,11.0170009,77.0911586
Coffee House,amenity:cafe,Coimbatore,10.9875309,76.9371272
Manchester club,amenity:cafe,Coimbatore,11.0357057,77.0351247
Thangu Bakery,amenity:cafe,Coimbatore,11.0134396,76.9421462
Cafe Cofee Day,amenity:cafe,Coimbatore,10.9974005,76.9996889
Akshathay Mini Hall,amenity:cafe,Coimbatore,10.9810525,77.0005329
Shanthi Social Services Canteen,amenity:cafe,Coimbatore,10.9685703,76.9556295
Exhibiton Ground,tourism:museum,Salem,11.668526,78.1409497
Manjakuttai view point,tourism:viewpoint,Salem,11.8068366,78.234884
Salem view,tourism:viewpoint,Salem,11.7637309,78.2063344
Valley View,tourism:viewpoint,Salem,11.8918799,78.2382604
karidayur view point,tourism:viewpoint,Salem,11.8388401,78.1898514
Lady's Seat,tourism:viewpoint,Salem,11.770487,78.1980835
Pagoda Point,tourism:viewpoint,Salem,11.7663145,78.2390352
Manjakuttai Sunrise View Point,tourism:viewpoint,Salem,11.8176011,78.2406706
Darling digital world,shop:mall,Salem,11.6663344,78.132388
Relaince Mall,shop:mall,Salem,11.6747667,78.1325586
Green Garden,leisure:garden,Salem,11.6596957,78.1590786
Southern Railway place,leisure:garden,Salem,11.6624258,78.1757961
Southern Railways Place,leisure:garden,Salem,11.6629668,78.1766226
Srirangam Rajagopuram,tourism:attraction,Tiruchirappalli,10.8581798,78.6897158
East White Gopuram,tourism:attraction,Tiruchirappalli,10.8623432,78.6910546
North Gopuram,tourism:attraction,Tiruchirappalli,10.8641056,78.6899038
S V R readymades and textiles,shop:mall,Tiruchirappalli,10.8327155,78.6923233
sanathana mahal,shop:mall,Tiruchirappalli,10.8152978,78.6934605
mangala mahal,shop:mall,Tiruchirappalli,10.8065059,78.6810695
Femina Shopping Mall (FSM),shop:mall,Tiruchirappalli,10.8233878,78.6917092
Jenny Plaza,shop:mall,Tiruchirappalli,10.7997736,78.6871781
TABS Complex,shop:mall,Tiruchirappalli,10.8045348,78.6863771
Aviruchi,amenity:restaurant,Kolkata,22.7955245,88.3677634
Dhaba,amenity:restaurant,Kolkata,22.528216,88.3657893
"Shiv Sai Hotel, South Indian Restaurant",amenity:restaurant,Kolkata,22.5747278,88.4140635
Banana Leaf,amenity:restaurant,Kolkata,22.5170043,88.3493188
Bar-B-Que,amenity:restaurant,Kolkata,22.5530816,88.3526293
Azad Hind Dhaba,amenity:restaurant,Kolkata,22.5807228,88.4379726
Oh! Calcutta,amenity:restaurant,Kolkata,22.5380621,88.3512175
Big Max,amenity:restaurant,Kolkata,22.5537703,88.351111
Bhikaaram,amenity:restaurant,Kolkata,22.5882154,88.4094008
Alibaba,amenity:restaurant,Kolkata,22.5721537,88.4325447
BB's,amenity:restaurant,Kolkata,22.5771253,88.4256814
Bowler's Den,amenity:restaurant,Kolkata,22.5725403,88.4213668
Oh Calcutta!,amenity:restaurant,Kolkata,22.5491395,88.4006556
Mainland China,amenity:restaurant,Kolkata,22.5491137,88.4006192
Sigree,amenity:restaurant,Kolkata,22.5490835,88.4005692
China One,amenity:restaurant,Kolkata,22.5711968,88.4342873
Red Hot Chilli Peppers,amenity:restaurant,Kolkata,22.5706247,88.431817
Lazeez,amenity:restaurant,Kolkata,22.5820149,88.449519
Penguin,amenity:restaurant,Kolkata,22.5823742,88.4500652
Monginis,amenity:restaurant,Kolkata,22.5821009,88.4537024
Aaheli,amenity:restaurant,Kolkata,22.579798,88.4598119
Eco Hub,amenity:restaurant,Kolkata,22.5855338,88.4902925
Hangout,amenity:restaurant,Kolkata,22.5856071,88.4901735
Aminia,amenity:restaurant,Kolkata,22.5168146,88.3668699
Zeeshan,amenity:restaurant,Kolkata,22.5413282,88.365897
Krazy Kebab,amenity:restaurant,Kolkata,22.5412056,88.3649509
Arsalan,amenity:restaurant,Kolkata,22.5539364,88.354238
Nalban Food Court,amenity:restaurant,Kolkata,22.5693637,88.429062
O-Zone Restaurant cum Bar,amenity:restaurant,Kolkata,22.6170413,88.4312838
Super Fried Chicken,amenity:restaurant,Kolkata,22.5579185,88.3542707
Sumalia's Restaurant,amenity:restaurant,Kolkata,22.4124207,88.331841
Kasturi,amenity:restaurant,Kolkata,22.5272299,88.3673113
Bhojohori Manna,amenity:restaurant,Kolkata,22.5940626,88.3708345
Thali,amenity:restaurant,Kolkata,22.5157564,88.3890097
Harvey's,amenity:restaurant,Kolkata,22.5145174,88.3903212
Boudir Hotel,amenity:restaurant,Kolkata,22.5150486,88.390121
Naushijaan,amenity:restaurant,Kolkata,22.5152352,88.389897
Tero Parbon,amenity:restaurant,Kolkata,22.5167773,88.362768
Bistro By The Park,amenity:restaurant,Kolkata,22.5514184,88.3523648
Peter Cat,amenity:restaurant,Kolkata,22.5524479,88.3526151
Golden City,amenity:restaurant,Kolkata,22.5803577,88.4117447
Pizza Hut,amenity:restaurant,Kolkata,22.5879437,88.4081651
Baati Chokha,amenity:restaurant,Kolkata,22.5831782,88.4093957
Haji Saheb,amenity:restaurant,Kolkata,22.4997456,88.3173187
Khalique,amenity:restaurant,Kolkata,22.5567426,88.3538825
Saima Restaurant,amenity:restaurant,Kolkata,22.5412729,88.347365
Blue Sky Cafe,amenity:restaurant,Kolkata,22.558079,88.353034
IRCTC Janaahar,amenity:restaurant,Kolkata,22.580719,88.3418438
Gaylord's,amenity:restaurant,Kolkata,22.558407,88.352278
Zaranj,amenity:restaurant,Kolkata,22.558632,88.350717
Khalsa,amenity:restaurant,Kolkata,22.558779,88.352486
MOMO PLAZA,amenity:restaurant,Kolkata,22.539183,88.347101
ZAM ZAM,amenity:restaurant,Kolkata,22.552713,88.367282
Shila,amenity:restaurant,Kolkata,22.5413075,88.3500109
Kewpie's,amenity:restaurant,Kolkata,22.5365892,88.3509509
Golden Dragon,amenity:restaurant,Kolkata,22.5529427,88.353328
Indian Coffee House,amenity:restaurant,Kolkata,22.576097,88.3638913
Tiwari Pure Vegetarian Restaurant,amenity:restaurant,Kolkata,22.5624082,88.3524888
6 Ballygunge Place,amenity:restaurant,Kolkata,22.5902422,88.4092378
Afraa,amenity:restaurant,Kolkata,22.5872971,88.4078096
Fire and Ice,amenity:restaurant,Kolkata,22.5496197,88.3493166
Bharat Biryani,amenity:restaurant,Kolkata,22.5721119,88.3524008
Mirch Masala,amenity:restaurant,Kolkata,22.5232061,88.36471
Drive Inn Vegetarian,amenity:restaurant,Kolkata,22.5492423,88.3505669
Pawan Putra,amenity:restaurant,Kolkata,22.5684922,88.3911795
Hot Kati Roll,amenity:restaurant,Kolkata,22.5548233,88.3509058
Raj's Spanish Restaurant,amenity:restaurant,Kolkata,22.5583658,88.3541137
Taj Continental Restaurant,amenity:restaurant,Kolkata,22.5580809,88.3539162
Arsalan Restaurant,amenity:restaurant,Kolkata,22.5438718,88.3659522
1658,amenity:restaurant,Kolkata,22.561284,88.3509238
Bhojohori Manna 6,amenity:restaurant,Kolkata,22.5202079,88.3608602
Teej,amenity:restaurant,Kolkata,22.5556205,88.3524059
10 Downing Street,amenity:restaurant,Kolkata,22.5690331,88.4339223
Kareem's,amenity:restaurant,Kolkata,22.5690916,88.4340607
Genuine Broaster Chicken,amenity:restaurant,Kolkata,22.5687155,88.4348793
Barbeque Nation,amenity:restaurant,Kolkata,22.5689582,88.4332261
Tea Junction,amenity:restaurant,Kolkata,22.5688496,88.4334902
One Sports Lounge,amenity:restaurant,Kolkata,22.5691178,88.4335094
Ocean Grill,amenity:restaurant,Kolkata,22.5692375,88.4333509
Tak Heng,amenity:restaurant,Kolkata,22.5148914,88.3575934
Amber,amenity:restaurant,Kolkata,22.5673829,88.3517641
Jyoti Vihar,amenity:restaurant,Kolkata,22.5471824,88.3505072
Ammini,amenity:restaurant,Kolkata,22.5208883,88.3528505
Bohemian,amenity:restaurant,Kolkata,22.5294939,88.3687965
Tasty Corner,amenity:restaurant,Kolkata,22.5245348,88.3669534
Moghal Biryani,amenity:restaurant,Kolkata,22.5528511,88.3627796
Broadway Hotel,amenity:restaurant,Kolkata,22.568302,88.3557366
Rajdhani,amenity:restaurant,Kolkata,22.5536207,88.3520567
Ruchika,amenity:restaurant,Kolkata,22.5606952,88.351802
Sea Voi Eating House,amenity:restaurant,Kolkata,22.5736239,88.3563641
Ananda,amenity:restaurant,Kolkata,22.567319,88.3545226
Balwant Singh's Eating House,amenity:restaurant,Kolkata,22.5377827,88.344129
Radhuni Restaurant,amenity:restaurant,Kolkata,22.5569289,88.3547528
My Big Fat Belly,amenity:restaurant,Kolkata,22.5349694,88.3537862
বেইজিং রেঁস্তোরা,amenity:restaurant,Kolkata,22.5465213,88.387096
The South Indian,amenity:restaurant,Kolkata,22.540289,88.3650923
Mission Vegetarian Cafe,amenity:restaurant,Kolkata,22.5154121,88.3680977
Shiraz,amenity:restaurant,Kolkata,22.5771509,88.4108575
Hard Rock Cafe,amenity:restaurant,Kolkata,22.552346,88.3533112
Machhranga Airconditioned Multi Cuisine,amenity:restaurant,Kolkata,22.4714228,88.3891649
Dawat,amenity:restaurant,Kolkata,22.545692,88.3528932
My Little Kitchen,amenity:restaurant,Kolkata,22.6214919,88.4015878
Sher-e-Punjab,amenity:restaurant,Kolkata,22.6776506,88.4466409
Zaika,amenity:restaurant,Kolkata,22.5152547,88.3654717
New Arafat Restaurant & Cat,amenity:restaurant,Kolkata,22.5563102,88.3572939
Bar-B-Q,amenity:restaurant,Kolkata,22.5529418,88.3527648
Teekha,amenity:restaurant,Kolkata,22.5328706,88.3650175
The Accord,amenity:restaurant,Kolkata,22.5529317,88.3542465
Oasis,amenity:restaurant,Kolkata,22.5532246,88.3524637
Silver Grill,amenity:restaurant,Kolkata,22.5528604,88.3524108
Sunset,amenity:restaurant,Kolkata,22.5585521,88.3521331
Tung Fong,amenity:restaurant,Kolkata,22.5533895,88.3532362
Sol,amenity:restaurant,Kolkata,22.5586286,88.350755
Floriana,amenity:restaurant,Kolkata,22.5530706,88.3512822
Gangaur,amenity:restaurant,Kolkata,22.5526466,88.3506926
Don Giovanni's Pizza,amenity:restaurant,Kolkata,22.5531757,88.3534139
Waldorf,amenity:restaurant,Kolkata,22.5531699,88.3513146
Moulin Rouge,amenity:restaurant,Kolkata,22.5533015,88.3524021
SAHA HOME DELIVERY SERVICE,amenity:restaurant,Kolkata,22.7603696,88.3227528
Gangotri 100% pure veg & pure awesome,amenity:restaurant,Kolkata,22.5721607,88.353319
Mystic Yoga Cafe & Studio,amenity:restaurant,Kolkata,22.5175261,88.3595099
Govinda's,amenity:restaurant,Kolkata,22.5437593,88.3536486
PANNA SWEETS,amenity:restaurant,Kolkata,22.499211,88.3170796
Chili's,amenity:restaurant,Kolkata,22.5387204,88.3656254
Momo I Am,amenity:restaurant,Kolkata,22.5904744,88.4082609
Santa's Fantasea,amenity:restaurant,Kolkata,22.5949904,88.4207912
Oudh 1590,amenity:restaurant,Kolkata,22.5921214,88.4118194
India Restaurant,amenity:restaurant,Kolkata,22.5388442,88.3222081
Sheesh Mahal Restaurant,amenity:restaurant,Kolkata,22.5388656,88.3224118
Cafe HQ,amenity:restaurant,Kolkata,22.5092086,88.3453238
Biswa Bangla Gate,amenity:restaurant,Kolkata,22.5788545,88.4716628
Mission Cafe,amenity:restaurant,Kolkata,22.5679992,88.355599
Hondo’s Burgers,amenity:restaurant,Kolkata,22.5021606,88.3540416
Biggies Burgers ‘n’ More,amenity:restaurant,Kolkata,22.5497952,88.3503077
FORKSTRUCK,amenity:restaurant,Kolkata,22.503073,88.3582982
Fabbrica,amenity:restaurant,Kolkata,22.5367944,88.3511606
Shree Ram Dhaba,amenity:restaurant,Kolkata,22.5793315,88.3589352
Thakur Mahal,amenity:restaurant,Kolkata,22.5810063,88.3562311
The Chutney Co.,amenity:restaurant,Kolkata,22.5689182,88.3491647
Jai Hind Dhaba,amenity:restaurant,Kolkata,22.5331803,88.3531588
Street food stalls,amenity:restaurant,Kolkata,22.5422132,88.3516251
North & South,amenity:restaurant,Kolkata,22.5128986,88.3485451
Bombay Kulfi,amenity:restaurant,Kolkata,22.5128099,88.3488742
Ozora,amenity:restaurant,Kolkata,22.5153616,88.3934151
Koshe Kosha,amenity:restaurant,Kolkata,22.5537095,88.3544382
Gabber's Bar and Kitchen,amenity:restaurant,Kolkata,22.5474409,88.3506739
Carpe Diem,amenity:restaurant,Kolkata,22.5522713,88.3522881
SN Shaw and BP Shaw,amenity:restaurant,Kolkata,22.5546358,88.3539654
Mocambo,amenity:restaurant,Kolkata,22.5532467,88.3531768
MamaGoto,amenity:restaurant,Kolkata,22.5517162,88.3535019
Bojangles,amenity:restaurant,Kolkata,22.5255315,88.3575909
Spice Of Joy,amenity:restaurant,Kolkata,22.5037538,88.3761283
Fiesta,amenity:restaurant,Kolkata,22.5800363,88.3046276
Steak Factory,amenity:restaurant,Kolkata,22.5109639,88.3482253
Zucca Lounge,amenity:restaurant,Kolkata,22.5164263,88.3604145
Captain's Deck Bar and Grill,amenity:restaurant,Kolkata,22.5142545,88.3633308
Tandoor,amenity:restaurant,Kolkata,22.5172815,88.3670507
Hotel Shyamali,amenity:restaurant,Kolkata,22.7525383,88.5347917
Ikura - Flavours of Pan Asia,amenity:restaurant,Kolkata,22.5171633,88.3347548
Loading Tummy,amenity:restaurant,Kolkata,22.5370729,88.3436743
الحبیب بریانی سینٹر,amenity:restaurant,Kolkata,22.5478268,88.2872604
KATHI JUNCTION,amenity:restaurant,Kolkata,22.643894,88.4595662
New Madras Tiffin,amenity:restaurant,Kolkata,22.5967472,88.3709013
Chowman,amenity:restaurant,Kolkata,22.4892945,88.3168949
Bhatura Singh - Kankurgachi,amenity:restaurant,Kolkata,22.5844866,88.3909972
Jaba Sweets,amenity:restaurant,Kolkata,22.3465596,88.440326
Honey da dhaba,amenity:restaurant,Kolkata,22.5849596,88.3916315
033 4044 2294,amenity:restaurant,Kolkata,22.58956,88.4084577
Jolly Jecker,amenity:restaurant,Kolkata,22.5607022,88.4937043
HONG KONG,amenity:restaurant,Kolkata,22.5823248,88.3909345
Sabir hotel,amenity:restaurant,Kolkata,22.5668511,88.3560252
Banyan tree pure veg green kitchen,amenity:restaurant,Kolkata,22.6014489,88.4071206
Rose,amenity:restaurant,Kolkata,22.6012387,88.4063093
Bengal dhaba,amenity:restaurant,Kolkata,22.5942645,88.3967592
Aminia Restaurant,amenity:restaurant,Kolkata,22.5988571,88.3726721
Aminia Restaurant - Rajarhat,amenity:restaurant,Kolkata,22.6229192,88.441754
WTF! Where's The Food,amenity:restaurant,Kolkata,22.6148933,88.411587
IRCTC RESTAURANT CUM FOOD PLAZA (SEALDAH),amenity:restaurant,Kolkata,22.5672276,88.3709187
The Irish House,amenity:restaurant,Kolkata,22.6434051,88.4393528
7 Pack Restaurant & Bar,amenity:restaurant,Kolkata,22.6431965,88.4389065
The Bengal Rowing Club (BRC),amenity:restaurant,Kolkata,22.5095539,88.3547893
Kolkata@99,amenity:restaurant,Kolkata,22.5837959,88.4351768
The Punjab Mirchi,amenity:restaurant,Kolkata,22.5836175,88.4347856
Yummy Puds,amenity:restaurant,Kolkata,22.5835442,88.434623
Prema Vilas,amenity:restaurant,Kolkata,22.5172125,88.3488896
Biryani Bhai,amenity:restaurant,Kolkata,22.6441532,88.439657
The Grub Club,amenity:restaurant,Kolkata,22.515414,88.3655724
Diner 49B,amenity:restaurant,Kolkata,22.5076826,88.3652783
Calcutta 64,amenity:restaurant,Kolkata,22.5934596,88.4059146
O Pizza,amenity:restaurant,Kolkata,22.7673018,88.3743417
ashirbad biryani,amenity:restaurant,Kolkata,22.7671631,88.3754888
dada baudi hotel,amenity:restaurant,Kolkata,22.7608839,88.3702971
south  junction,amenity:restaurant,Kolkata,22.7599779,88.3704739
Ashirvad Biriyani,amenity:restaurant,Kolkata,22.7250872,88.4789697
biswa bangla gate,amenity:restaurant,Kolkata,22.5786343,88.471698
aminia restaurant,amenity:restaurant,Kolkata,22.623332,88.4421608
Hotel Sidheshwari Ashram,amenity:restaurant,Kolkata,22.5612587,88.3552978
"Foodjet,dumdum",amenity:restaurant,Kolkata,22.6195485,88.3937234
Bamboo Shoot,amenity:restaurant,Kolkata,22.4413515,88.395734
Brothers Kitchen,amenity:restaurant,Kolkata,22.4772428,88.3817617
Kasturi Ac Resturant,amenity:restaurant,Kolkata,22.4964088,88.3679384
Katheleen,amenity:restaurant,Kolkata,22.4766369,88.3818877
Rashika South Indian Snacks,amenity:restaurant,Kolkata,22.4772364,88.3777401
Chez,amenity:restaurant,Kolkata,22.4764077,88.3761474
7th Mandeville Multi Cuisine Restro,amenity:restaurant,Kolkata,22.5249092,88.3662765
S Cuisine,amenity:restaurant,Kolkata,22.7241826,88.3418628
Benfish,amenity:restaurant,Kolkata,22.6072347,88.3828559
MOMO HUY,amenity:restaurant,Kolkata,22.6076765,88.3839103
BAKE AND GRILL PIZZA,amenity:restaurant,Kolkata,22.3908911,88.2188412
Charkol,amenity:restaurant,Kolkata,22.7230078,88.347339
Wow Momo,amenity:restaurant,Kolkata,22.7231493,88.3462199
Idlygo,amenity:restaurant,Kolkata,22.5446896,88.3552612
Mojo Pizza,amenity:restaurant,Kolkata,22.6305717,88.4241487
THE DELHI DURBAR RESTAURANT,amenity:restaurant,Kolkata,22.5948737,88.3414617
Swastineer Canteen,amenity:restaurant,Kolkata,22.5809684,88.4248515
Blue Plum,amenity:restaurant,Kolkata,22.5812978,88.4246132
Shamshiji Restaurant & Caterer,amenity:restaurant,Kolkata,22.5415255,88.3856896
idlyGo Xpress,amenity:restaurant,Kolkata,22.5917067,88.3922961
Sizzle Club n Dine Restaurant,amenity:restaurant,Kolkata,22.5723916,88.4325857
Chai Break - Foreshoreroad,amenity:restaurant,Kolkata,22.5638704,88.3269969
Bamboo (Modern Asian Cuisine),amenity:restaurant,Kolkata,22.5443742,88.3810137
Eau Chew Restaurant,amenity:restaurant,Kolkata,22.5685947,88.3543928
Sahil Kinara,amenity:restaurant,Kolkata,22.7569032,88.1754996
Trincas,amenity:restaurant,Kolkata,22.5541391,88.3515875
99 The Multi Cuisine Restaurant,amenity:restaurant,Kolkata,22.7641134,88.5533108
MISTI MUKH,amenity:restaurant,Kolkata,22.5136588,88.3927524
Hotel Indrani Restaurant,amenity:restaurant,Kolkata,22.6215947,88.4046399
"Darao, Pothik-Bor",amenity:restaurant,Kolkata,22.6201602,88.3956197
Dui Bhai Hotel,amenity:restaurant,Kolkata,22.6210968,88.4007802
Royal Biriyani,amenity:restaurant,Kolkata,22.6605147,88.3900163
Flame And Grill,amenity:restaurant,Kolkata,22.5014304,88.3610539
Riyasat,amenity:restaurant,Kolkata,22.5013968,88.3611232
OG By The Lake,amenity:restaurant,Kolkata,22.5392366,88.3928999
Agarwal's Kitchen,amenity:restaurant,Kolkata,22.5847897,88.4325866
Mitra Cafe,amenity:restaurant,Kolkata,22.6194826,88.3918249
Mayukh Restaurant,amenity:restaurant,Kolkata,22.7628942,88.1705497
Mezban biryani,amenity:restaurant,Kolkata,22.6199456,88.3944735
Peter Hu?,amenity:restaurant,Kolkata,22.5537973,88.353458
Bizarre Asia,amenity:restaurant,Kolkata,22.564648,88.4107476
Domino's Pizza,amenity:restaurant,Kolkata,22.5647042,88.4106818
Debonair Restaurant & Bar,amenity:restaurant,Kolkata,22.6359799,88.4142429
The Bhawanipur House,amenity:restaurant,Kolkata,22.5261133,88.3478009
Chowman Gouribari,amenity:restaurant,Kolkata,22.5945145,88.3773853
Foodplex,amenity:restaurant,Kolkata,22.6457527,88.3813361
Magnolia Gondhoraj,amenity:restaurant,Kolkata,22.5533178,88.3519612
One Step Up,amenity:restaurant,Kolkata,22.5529535,88.3523126
Ilish,amenity:restaurant,Kolkata,22.5501731,88.3552148
Drumstick,amenity:restaurant,Kolkata,22.5640799,88.3956536
Corona,amenity:restaurant,Kolkata,22.550843,88.3540382
Cozy Box,amenity:restaurant,Kolkata,22.5510916,88.3532285
Bombastic Supper Club,amenity:restaurant,Kolkata,22.5511267,88.3532356
Papaya,amenity:restaurant,Kolkata,22.5510609,88.353222
Punjabee Rasoi,amenity:restaurant,Kolkata,22.5158957,88.392403
Sinha's Kitchen,amenity:restaurant,Kolkata,22.589584,88.4527986
La Bongo,amenity:restaurant,Kolkata,22.5894877,88.4527986
Pow Hing express,amenity:restaurant,Kolkata,22.5683231,88.3566461
Pow Hing,amenity:restaurant,Kolkata,22.5730445,88.3545662
44,amenity:restaurant,Kolkata,22.590617,88.3985976
Jhaal Farezi,amenity:restaurant,Kolkata,22.5424984,88.3648681
Adamas,amenity:restaurant,Kolkata,22.7353782,88.4567417
Arsalan Restaurant & Caterar,amenity:restaurant,Kolkata,22.612332,88.4111401
Kowloon,amenity:restaurant,Kolkata,22.5090926,88.3337494
Tandoor Park,amenity:restaurant,Kolkata,22.5065538,88.3673187
Tym Pass,amenity:restaurant,Kolkata,22.6458815,88.3807836
Byepass Dhaba,amenity:restaurant,Kolkata,22.5527076,88.4059676
Kasturi Restaurant,amenity:restaurant,Kolkata,22.6149998,88.4115991
tandor house,amenity:restaurant,Kolkata,22.5158041,88.3487965
Banzara A. C. Restaurant,amenity:restaurant,Kolkata,22.4949352,88.3698271
NKDA Market Complex,amenity:restaurant,Kolkata,22.5732249,88.4797015
Dawat Restaurant,amenity:restaurant,Kolkata,22.5769738,88.4778933
Ekante Cottage,amenity:restaurant,Kolkata,22.5990547,88.4661159
Waffle Wallah,amenity:restaurant,Kolkata,22.5617657,88.4907294
Stadel Poolside Restaurant,amenity:restaurant,Kolkata,22.5687984,88.4110233
Aashirbaad Mistanna Bhandar,amenity:restaurant,Kolkata,22.4637196,88.4085109
Cafeteria (Panda junction),amenity:restaurant,Kolkata,22.7375558,88.4575494
Dhamsa Tribal Kitchen,amenity:restaurant,Kolkata,22.6030666,88.4659326
Dhaba Ajante,amenity:restaurant,Kolkata,22.5940281,88.4669888
v cafe,amenity:restaurant,Kolkata,22.7602125,88.3704696
punjab restaurant madras tiffin center,amenity:restaurant,Kolkata,22.7610586,88.3688944
aminia,amenity:restaurant,Kolkata,22.7611326,88.3682594
Hot and Spicy,amenity:restaurant,Kolkata,22.7410066,88.4574054
KitchenQ,amenity:restaurant,Kolkata,22.5642485,88.3887661
Sonarpur Coffee House,amenity:cafe,Kolkata,22.442406,88.4300344
Cafe Coffee Day,amenity:cafe,Kolkata,22.5827956,88.4492497
IRCTC Cafe,amenity:cafe,Kolkata,22.5798414,88.4730872
Just Baked,amenity:cafe,Kolkata,22.5164344,88.3656505
The Chocolate Room,amenity:cafe,Kolkata,22.543995,88.3583326
Cyber Cafe,amenity:cafe,Kolkata,22.7546743,88.5201548
Wise Owl,amenity:cafe,Kolkata,22.5171093,88.3609818
Barista,amenity:cafe,Kolkata,22.5528998,88.3528378
Aqua Java Air,amenity:cafe,Kolkata,22.6012625,88.4075467
Crossroad Cafe,amenity:cafe,Kolkata,22.5014712,88.3517381
Raj's Spanish Cafe,amenity:cafe,Kolkata,22.5580743,88.3541457
Nizam's,amenity:cafe,Kolkata,22.5621436,88.3535384
Amber Cafe,amenity:cafe,Kolkata,22.5516985,88.3525878
Starbucks,amenity:cafe,Kolkata,22.5524307,88.3532304
Cha Bar,amenity:cafe,Kolkata,22.5538473,88.3518492
Café Harmony,amenity:cafe,Kolkata,22.552898,88.3543572
Spices and Sauces,amenity:cafe,Kolkata,22.5473767,88.3517657
Mystic Yoga Cafe,amenity:cafe,Kolkata,22.5175878,88.3594413
Curd Corner,amenity:cafe,Kolkata,22.5581343,88.3530887
Paramount Juices & Shakes,amenity:cafe,Kolkata,22.5740334,88.3645532
Zee’s Coffeeshop,amenity:cafe,Kolkata,22.5345762,88.3669984
Artsy Coffee & Culture,amenity:cafe,Kolkata,22.5406686,88.3539831
Potboiler Coffee House,amenity:cafe,Kolkata,22.5175409,88.3578028
Sienna Store & Cafe,amenity:cafe,Kolkata,22.5175563,88.3629545
The Lighthouse Cafe,amenity:cafe,Kolkata,22.5059517,88.359076
8th Day Cafe & Bakery,amenity:cafe,Kolkata,22.5161655,88.36055
Piccadilly Square,amenity:cafe,Kolkata,22.5384486,88.3542805
Bru Mugs,amenity:cafe,Kolkata,22.5145844,88.3446875
Radu Babu's,amenity:cafe,Kolkata,22.5163409,88.3483026
Cafe Kathmandu,amenity:cafe,Kolkata,22.5115361,88.3489685
Cakes,amenity:cafe,Kolkata,22.5112214,88.3503869
Fillers,amenity:cafe,Kolkata,22.5146731,88.3606486
What's Up! Cafe,amenity:cafe,Kolkata,22.5141493,88.3624283
Tribe,amenity:cafe,Kolkata,22.5172101,88.3671686
Dawntown Cafe,amenity:cafe,Kolkata,22.533162,88.3533683
Swapan Tea Stall,amenity:cafe,Kolkata,22.4833815,88.2926461
Upen Tea Shop,amenity:cafe,Kolkata,22.4810359,88.2834848
Sanjay Tea Stall,amenity:cafe,Kolkata,22.4810536,88.2834958
Stash Cafe,amenity:cafe,Kolkata,22.6202131,88.4681187
Quick bite cafe,amenity:cafe,Kolkata,22.5849948,88.3916447
The teapot boiler,amenity:cafe,Kolkata,22.5163439,88.3613253
Eatelicious,amenity:cafe,Kolkata,22.5013429,88.3200206
The Irish Brewery,amenity:cafe,Kolkata,22.5145779,88.3476569
Cafe the Eggspresso,amenity:cafe,Kolkata,22.5139924,88.3491977
Cheese Cherry Pineapple,amenity:cafe,Kolkata,22.514424,88.3525501
Blue Tokai,amenity:cafe,Kolkata,22.5171182,88.3601391
cafe frespresso,amenity:cafe,Kolkata,22.7621073,88.3651185
Armaan's Cafe,amenity:cafe,Kolkata,22.5164432,88.3606841
Melbourne Cafe,amenity:cafe,Kolkata,22.5858469,88.4053261
Chumuke Chomok Cafe,amenity:cafe,Kolkata,22.4770654,88.3761117
Solace Cafe,amenity:cafe,Kolkata,22.4764077,88.3755584
Sushma Tea Stall,amenity:cafe,Kolkata,22.4643847,88.3774683
Sitala Cafe,amenity:cafe,Kolkata,22.4780367,88.3813299
Ubuntu Eat,amenity:cafe,Kolkata,22.5083351,88.3368964
Kolkata Tram World,amenity:cafe,Kolkata,22.5253002,88.3654384
Que Pasa,amenity:cafe,Kolkata,22.5958575,88.4067038
Tea Shop,amenity:cafe,Kolkata,22.6022704,88.3755325
Abar Boithok,amenity:cafe,Kolkata,22.5151895,88.348782
Ram Kumar Tea Stall,amenity:cafe,Kolkata,22.6280087,88.4227812
Arjun Tea Stall,amenity:cafe,Kolkata,22.6279822,88.422764
Kartick Tea Stall,amenity:cafe,Kolkata,22.6296529,88.4239291
Robi Tea,amenity:cafe,Kolkata,22.6211163,88.4009191
Celestial Cafe,amenity:cafe,Kolkata,22.4846811,88.3144072
Coffee World,amenity:cafe,Kolkata,22.5014524,88.3611346
Kulture - Specialty Coffee & Bistro,amenity:cafe,Kolkata,22.555764,88.350392
Burger & Beyond,amenity:cafe,Kolkata,22.4931654,88.3718842
বন্ধুর বাড়ি ক্যাফে,amenity:cafe,Kolkata,22.6411075,88.4302581
tea shop,amenity:cafe,Kolkata,22.6023653,88.3755298
The Daily,amenity:cafe,Kolkata,22.5159509,88.3519525
Teacher's Cafe,amenity:cafe,Kolkata,22.6151292,88.4033708
Baba Tea,amenity:cafe,Kolkata,22.543876,88.3649966
National Economic Restaurant,amenity:cafe,Kolkata,22.6017038,88.3738693
Lille,amenity:cafe,Kolkata,22.5529768,88.3523341
Blue Tokai Coffee Roasters,amenity:cafe,Kolkata,22.5546698,88.3506052
Arbeu cafe,amenity:cafe,Kolkata,22.6338099,88.4606822
Bean Stop,amenity:cafe,Kolkata,22.475751,88.3913921
Special Fruit Salad and Juice Corner,amenity:cafe,Kolkata,22.6091409,88.4648281
IIMC Coffee Shop,amenity:cafe,Kolkata,22.4451144,88.2976024
Legendz Cafe Terrace,amenity:cafe,Kolkata,22.5994107,88.4721209
King's Bakery,amenity:cafe,Kolkata,22.5618553,88.4906362
Star Cafe,amenity:cafe,Haldia,22.0584632,88.0754731
Coronation Bridge,tourism:viewpoint,Siliguri,26.9028244,88.4731217
Ayabari rent,tourism:viewpoint,Siliguri,26.649437,88.1375021
view point of Kurseong,tourism:viewpoint,Siliguri,26.8621313,88.2846663
Chimney Heritage Park,leisure:park,Siliguri,26.9141606,88.3061979
Dowhill Pine Forest,leisure:park,Siliguri,26.8880175,88.2873965
Arboretum,leisure:park,Siliguri,26.8879327,88.2904914
Siliguri Science City,leisure:park,Siliguri,26.7245095,88.385704
Forest Complex Play Ground,leisure:park,Siliguri,26.7319687,88.4387383
Devkota Park,leisure:park,Siliguri,26.6470021,88.1569831
Bagha Jatin Park,leisure:park,Siliguri,26.7083541,88.4319514
Childrens Park,leisure:park,Siliguri,26.711557,88.4288604
Sericulture Nursery 1,leisure:park,Siliguri,26.7238626,88.377673
Sericulture Nursery 2,leisure:park,Siliguri,26.7250649,88.3770179
Sericulture Nursery 3,leisure:park,Siliguri,26.7251326,88.3801591
Mayadevi Club Football Ground,leisure:park,Siliguri,26.7209908,88.3802778
khemki park,leisure:park,Siliguri,26.6852335,88.207546
Padmaja Park,leisure:park,Siliguri,26.707362,88.3537484
Surya Sen Park,leisure:park,Siliguri,26.7220803,88.4235939
Play Ground,leisure:park,Siliguri,26.7131972,88.4143378
Siliguri Park,leisure:park,Siliguri,26.7022048,88.4424046
Senior Citizen Park,leisure:park,Siliguri,26.7054812,88.4463912
Oodlabari Park,leisure:park,Siliguri,26.8714283,88.6168666
Mahananda Barage Park,leisure:park,Siliguri,26.6460939,88.4027501
Chhotoder Ashor Shishu Udyan,leisure:park,Siliguri,26.7081514,88.4371412
College Para Shishu Udyan,leisure:park,Siliguri,26.7105425,88.433419
Children's Park,leisure:park,Siliguri,26.8881295,88.1858305
Community Park,leisure:park,Siliguri,26.8889644,88.1846557
NBU Garden 1,leisure:garden,Siliguri,26.7105566,88.3569227
NBU Garden 2,leisure:garden,Siliguri,26.7081828,88.3572292
NBU Tea Garden,leisure:garden,Siliguri,26.7114045,88.3471144
Chand Moni Tea Garden,leisure:garden,Siliguri,26.7230252,88.3963971
SMG,shop:clothes,Darjeeling,27.0446255,88.2667443
Chowrasta,leisure:park,Darjeeling,27.0446884,88.267737
Mall Road,leisure:park,Darjeeling,27.0448617,88.267652
Nightingale Park,leisure:park,Darjeeling,27.0537171,88.259824
Namchi Rock Garden,leisure:park,Darjeeling,27.1806911,88.374195
Chimney Heritage Park,leisure:park,Darjeeling,26.9141606,88.3061979
Dowhill Pine Forest,leisure:park,Darjeeling,26.8880175,88.2873965
Arboretum,leisure:park,Darjeeling,26.8879327,88.2904914
Shrubbery Park,leisure:park,Darjeeling,27.0534731,88.260115
Children's Park,leisure:park,Darjeeling,27.0388777,88.2645639
Batasia,leisure:park,Darjeeling,27.016657,88.2471348
Rabdentse,leisure:park,Darjeeling,27.3018619,88.2563987
Community Park,leisure:park,Darjeeling,26.8889644,88.1846557
"Stromatolite Park, Mamley-Geoheritage Spot",leisure:park,Darjeeling,27.188626,88.3793664
Central Park,leisure:park,Darjeeling,27.1658826,88.3619648
Jardim Garcia de Orta,leisure:park,Panaji,15.4996207,73.8283234
Bhagwan Mahavir Children Park,leisure:park,Panaji,15.4977086,73.8189851
Kranti Garden,leisure:park,Panaji,15.498755,73.8249396
Margão Muncipal Garden,leisure:park,Panaji,15.2734929,73.9580548
Mermaid Garden,leisure:park,Panaji,15.5002585,73.8312437
Azad Maidan,leisure:park,Panaji,15.5001287,73.8261516
Ambedkar Garden,leisure:park,Panaji,15.4974918,73.8366068
"Jogger's Park, La Campala Colony",leisure:park,Panaji,15.4846245,73.8142244
Francisco Luis Gomes Garden,leisure:park,Panaji,15.495961,73.8192989
Joggers Park,leisure:park,Panaji,15.4865807,73.8265396
Caranzalem Children's park,leisure:park,Panaji,15.4620143,73.8035241
Muncipal Park,leisure:park,Panaji,15.3977977,73.8132803
Municipal Park,leisure:park,Panaji,15.3966819,74.0025624
Children's Park,leisure:park,Panaji,15.5912016,73.7431905
Menezes Braganza Garden,leisure:park,Panaji,15.500703,73.8245811
Mandrem Park Garden,leisure:park,Panaji,15.6729289,73.708872
Anna Fonte Garden,leisure:park,Panaji,15.277742,73.9596221
Heritage Park,leisure:park,Panaji,15.3793005,74.0363244
Jogger's Park,leisure:park,Panaji,15.3933695,73.8374357
HBC Children Park,leisure:park,Panaji,15.5613173,74.0246794
Bicholim Municipal Garden,leisure:park,Panaji,15.5877913,73.9463859
Nakshatra Garden,leisure:park,Panaji,15.5628087,74.0014701
Simoes Garden,leisure:park,Panaji,15.6327665,73.7365855
Gunu Park,leisure:park,Panaji,15.4504127,74.0131483
Childrens Park,leisure:park,Panaji,15.5902194,73.945124
HBC Joggers Park,leisure:park,Panaji,15.5622767,74.0250532
Smt. Indira Gandhi Children's Park,leisure:park,Panaji,15.6013146,73.8120512
Gogol Childrens Park,leisure:park,Panaji,15.2853582,73.979628
Mangrove Boardwalk,leisure:park,Panaji,15.4935038,73.8326656
Childrens Park Porvorim,leisure:park,Panaji,15.5183501,73.8290678
Dr. Ram Manohar Lohia Garden,leisure:park,Panaji,15.5906076,73.81052
Children's Park Mapusa,leisure:park,Panaji,15.5932613,73.8154925
gunus park,leisure:park,Panaji,15.4507487,74.0132566
kari park 1,leisure:park,Panaji,15.7209164,73.7085749
Morjim Khind park,leisure:park,Panaji,15.6295615,73.7467752
Aldona Childrens' Play Area,leisure:park,Panaji,15.5892197,73.873902
Kala Acadamy Garden,leisure:park,Panaji,15.49451,73.8171548
Triangular Park,leisure:park,Panaji,15.4994581,73.8273548
Miramar Recreational Area,leisure:park,Panaji,15.4822558,73.8087572
abandoned park,leisure:park,Panaji,15.2723582,73.9198109
Sodiem Childrens Park,leisure:park,Panaji,15.6235081,73.7856939
Down Mangor Park,leisure:park,Panaji,15.3901053,73.8172316
MMC Park,leisure:park,Panaji,15.6170128,73.8104826
Khadpabandh Garden,leisure:park,Panaji,15.3986941,74.0001013
Madani,leisure:park,Panaji,15.5769803,73.7843235
Defence Colony Park,leisure:park,Panaji,15.5339746,73.8258538
Prorvorim Water Park,leisure:park,Panaji,15.5242348,73.831577
Japanese garden,leisure:park,Panaji,15.4070481,73.7872105
Patto Plaza Park,leisure:park,Panaji,15.4952228,73.834622
Candolim Park,leisure:park,Panaji,15.517803,73.7641396
Porvorim Science and Community Park,leisure:park,Panaji,15.51513,73.8369133
New Pundalik Nagar Garden,leisure:park,Panaji,15.5166005,73.8387613
SMALL PARK WITH LOTUS FOUNTAIN,leisure:park,Panaji,15.5256296,73.8352855
Art Park,leisure:park,Panaji,15.4989109,73.8191923
Gandhi Park Children Play Ground,leisure:park,Panaji,15.5306255,73.9060416
"Mystic Meadows - A conservatory for Bees , Birds & Butterflies",tourism:attraction,Margao,15.4297676,74.012586
Ponso,tourism:attraction,Margao,15.4422791,73.9186701
Udear Springs,tourism:attraction,Margao,15.3479781,73.9464745
Nagesh Gardens,tourism:attraction,Margao,15.242618,74.03319
Abyss Marine Fish Aquarium,tourism:attraction,Margao,15.3741003,73.9259669
DSouza Mansion,tourism:attraction,Margao,15.248037,73.950905
Sonia Shirsat,tourism:attraction,Margao,15.391854,73.996923
Aquasail 360 Sailing,tourism:attraction,Margao,15.452024,73.84492
Nuem Beach,tourism:attraction,Margao,15.112057,73.935524
Milsim Goa PaintBall,tourism:attraction,Margao,15.32193,73.939759
Ambora Spring,tourism:attraction,Margao,15.336471,73.9889
Maison Rodesa,tourism:attraction,Margao,15.3502289,73.8919606
Curdi,tourism:attraction,Margao,15.1650599,74.1867386
Kuskem Waterfall,tourism:attraction,Margao,15.2992143,74.1240471
Crocodile Station Kamat Kingfisher,tourism:attraction,Margao,15.408196,73.9085
Paradise Farm,tourism:attraction,Margao,15.2927611,73.9623458
Go Green Spice Plantation,tourism:attraction,Margao,15.1797467,73.9498494
Virginkar Park,tourism:attraction,Margao,15.27455,73.98199
Sailabhatt Childrens Park,tourism:attraction,Margao,15.25924,74.03401
Eden Gardens,tourism:attraction,Margao,15.31028,73.91052
Cris Cruises,tourism:attraction,Margao,15.17315,73.9472
Pandavas Cave,tourism:attraction,Margao,15.4995414,74.0245458
Bhagwan Mahaveer Wildlife sanctuary,tourism:attraction,Margao,15.3401129,74.2495669
Perpetual Gardens,tourism:attraction,Margao,15.3087004,73.9048479
Wayside cross,tourism:attraction,Margao,15.3012061,73.920764
Roadside Cross,tourism:attraction,Margao,15.1819594,73.9703074
Confetti wedding hall,tourism:attraction,Margao,15.165283,73.986055
Assolna Heritage Mansion,tourism:attraction,Margao,15.1820201,73.9693367
Louisa by the sea,tourism:attraction,Margao,15.1728057,73.9466716
Socos Farm,tourism:attraction,Margao,15.2172809,73.9784491
Siridao Beach,tourism:attraction,Margao,15.4309011,73.8620418
The village,tourism:attraction,Margao,15.3223772,73.951471
Floating Rock,tourism:attraction,Margao,15.0174093,74.0171682
Mannawaall Waterfall,tourism:attraction,Margao,15.3616745,74.0429699
Sahakari Spice Farms,tourism:attraction,Margao,15.4081501,74.0238233
Rock Formations,tourism:attraction,Margao,15.0288626,73.9864354
Samdarshi Ashram,tourism:attraction,Margao,15.0272842,74.0254403
elephant ferm,tourism:attraction,Margao,15.4070934,74.0234672
Headless Nandi,tourism:attraction,Margao,15.2581367,74.0549648
Tropical Spice Plantation,tourism:attraction,Margao,15.4513924,74.0132466
Savoi Plantation,tourism:attraction,Margao,15.49274,73.9999815
Grandmother's Hole Beach,tourism:attraction,Margao,15.4059885,73.786356
Dona Paula Pier,tourism:attraction,Margao,15.4511643,73.8035179
Panjim Fisheries Jetty,tourism:attraction,Margao,15.501565,73.828389
Shankar Parvati Temple,tourism:attraction,Margao,15.3963667,73.9973274
Gate of St. Paul's College,tourism:attraction,Margao,15.4993004,73.9182525
Agro-Ecotourism Center,tourism:attraction,Margao,15.5000464,73.9160251
Arch of Viceroys,tourism:attraction,Margao,15.5057726,73.9136199
Science Center,tourism:attraction,Margao,15.4778172,73.8089378
Deltin Casino,tourism:attraction,Margao,15.5023932,73.8274682
Rachol Fort Gate,tourism:attraction,Margao,15.3085528,74.0009205
Birla Radha Krishna Mandir,tourism:attraction,Margao,15.3878947,73.8753688
Casa Araujo Alvares,tourism:attraction,Margao,15.3394153,73.9864729
Figueiredo Mansion,tourism:attraction,Margao,15.3465673,73.9788269
Santa Monica Boat Jetty,tourism:attraction,Margao,15.4999122,73.8364687
Freedom Fighters Memorial Park.,leisure:park,Margao,15.1820353,73.9976076
Jardim Garcia de Orta,leisure:park,Margao,15.4996207,73.8283234
Bhagwan Mahavir Children Park,leisure:park,Margao,15.4977086,73.8189851
Kranti Garden,leisure:park,Margao,15.498755,73.8249396
Margão Muncipal Garden,leisure:park,Margao,15.2734929,73.9580548
Mermaid Garden,leisure:park,Margao,15.5002585,73.8312437
Azad Maidan,leisure:park,Margao,15.5001287,73.8261516
Ambedkar Garden,leisure:park,Margao,15.4974918,73.8366068
"Jogger's Park, La Campala Colony",leisure:park,Margao,15.4846245,73.8142244
Francisco Luis Gomes Garden,leisure:park,Margao,15.495961,73.8192989
Joggers Park,leisure:park,Margao,15.4865807,73.8265396
Caranzalem Children's park,leisure:park,Margao,15.4620143,73.8035241
Muncipal Park,leisure:park,Margao,15.3977977,73.8132803
Municipal Park,leisure:park,Margao,15.3966819,74.0025624
Menezes Braganza Garden,leisure:park,Margao,15.500703,73.8245811
Anna Fonte Garden,leisure:park,Margao,15.277742,73.9596221
Heritage Park,leisure:park,Margao,15.3793005,74.0363244
Jogger's Park,leisure:park,Margao,15.3933695,73.8374357
Gunu Park,leisure:park,Margao,15.4504127,74.0131483
Children's Park,leisure:park,Margao,15.3972011,73.8136755
Nehru Park,leisure:park,Margao,15.2284197,74.1518253
Gogol Childrens Park,leisure:park,Margao,15.2853582,73.979628
Mangrove Boardwalk,leisure:park,Margao,15.4935038,73.8326656
gunus park,leisure:park,Margao,15.4507487,74.0132566
lions park,leisure:park,Margao,15.2595949,74.1071179
Kala Acadamy Garden,leisure:park,Margao,15.49451,73.8171548
Triangular Park,leisure:park,Margao,15.4994581,73.8273548
Miramar Recreational Area,leisure:park,Margao,15.4822558,73.8087572
abandoned park,leisure:park,Margao,15.2723582,73.9198109
small children park,leisure:park,Margao,15.2574636,74.1157178
Childrens Park,leisure:park,Margao,15.226797,73.9730052
Down Mangor Park,leisure:park,Margao,15.3901053,73.8172316
Khadpabandh Garden,leisure:park,Margao,15.3986941,74.0001013
playing area,leisure:park,Margao,15.2151962,74.0899453
Japanese garden,leisure:park,Margao,15.4070481,73.7872105
Patto Plaza Park,leisure:park,Margao,15.4952228,73.834622
Colourful Childrens Park,leisure:park,Margao,15.1753975,74.0051
Cuncolim Children's Park,leisure:park,Margao,15.1812822,74.0002839
Art Park,leisure:park,Margao,15.4989109,73.8191923
Gandhi Park Children Play Ground,leisure:park,Margao,15.5306255,73.9060416
Central Lawns,leisure:garden,Margao,15.3908125,73.8782931
Flag Lawns,leisure:garden,Margao,15.3921531,73.8796814
Farmagudi Circle,leisure:garden,Margao,15.4134471,73.9883792
Salaulim Garden,leisure:garden,Margao,15.2152161,74.1787722
Rosary Garden,leisure:garden,Margao,15.2565033,73.9666698
Royal Enfield Mural Circle,leisure:garden,Margao,15.4218836,73.9814754
Central Library Garden,leisure:garden,Margao,15.4228368,73.9810768
Satpal Arboretum,leisure:garden,Margao,15.4073062,74.1957834
Cafe Coffee Day,amenity:cafe,Vasco da Gama,15.4822637,73.809043
Vee Restaurant,amenity:cafe,Vasco da Gama,15.5969938,73.7413017
Babaji Cafeteria,amenity:cafe,Vasco da Gama,15.5909807,73.8100237
The German Bakery,amenity:cafe,Vasco da Gama,15.5738317,73.7477301
Cafe Delish,amenity:cafe,Vasco da Gama,15.5765525,73.7459118
Cafe Diogo,amenity:cafe,Vasco da Gama,15.5776302,73.7469874
Cafe Orange Boom,amenity:cafe,Vasco da Gama,15.5774513,73.7465531
Пинаколада,amenity:cafe,Vasco da Gama,15.2818071,73.9118019
Café Chocolatti,amenity:cafe,Vasco da Gama,15.510479,73.7689328
Susse,amenity:cafe,Vasco da Gama,15.5024172,73.7712252
Mama Cecelia's Beach Cafe,amenity:cafe,Vasco da Gama,15.5280836,73.7600619
Bonds Beach Cafe,amenity:cafe,Vasco da Gama,15.5282193,73.7600602
German Bakery Café,amenity:cafe,Vasco da Gama,15.5279986,73.7654989
Rodcy Café,amenity:cafe,Vasco da Gama,15.5388673,73.7619278
Cafe H2O,amenity:cafe,Vasco da Gama,15.5857479,73.7413757
Nirvana Cafe,amenity:cafe,Vasco da Gama,15.6001634,73.73653
"Juices centre ""Ganesh""",amenity:cafe,Vasco da Gama,15.6035831,73.7419653
Hot Pot,amenity:cafe,Vasco da Gama,15.4674756,73.8072813
Nescafe,amenity:cafe,Vasco da Gama,15.4837079,73.8092568
Bodega,amenity:cafe,Vasco da Gama,15.4937962,73.8275984
"Juice Centre ""Scarlett""",amenity:cafe,Vasco da Gama,15.6037243,73.7420247
Tato,amenity:cafe,Vasco da Gama,15.2914113,73.9539513
Cafe Real,amenity:cafe,Vasco da Gama,15.50032,73.8268071
Cafe de Goa,amenity:cafe,Vasco da Gama,15.5473292,73.7709301
The Temptation,amenity:cafe,Vasco da Gama,15.3970658,73.8113096
Sainath,amenity:cafe,Vasco da Gama,15.3945944,74.0018975
"Spice Works / Кафе, У Кируши.",amenity:cafe,Vasco da Gama,15.5120047,73.7664485
Cold Corner,amenity:cafe,Vasco da Gama,15.5890268,73.8108795
Trufles Cafe,amenity:cafe,Vasco da Gama,15.471838,73.8111322
Cream Choc,amenity:cafe,Vasco da Gama,15.4851333,73.8109462
Cremeux,amenity:cafe,Vasco da Gama,15.5005663,73.8284346
Tato's,amenity:cafe,Vasco da Gama,15.4937137,73.8358411
Cafe Basil,amenity:cafe,Vasco da Gama,15.4831079,73.8109885
Aunty Maria,amenity:cafe,Vasco da Gama,15.4972302,73.8248028
Lilly's Flower,amenity:cafe,Vasco da Gama,15.4728345,73.8116205
Hang Outz,amenity:cafe,Vasco da Gama,15.4727268,73.8114401
Fruitilicious,amenity:cafe,Vasco da Gama,15.4939208,73.8357882
Chai Pani,amenity:cafe,Vasco da Gama,15.497561,73.8259899
Rare Republic,amenity:cafe,Vasco da Gama,15.615615,73.7586734
Chickoo Tree,amenity:cafe,Vasco da Gama,15.278653,73.95846
Kitchen Country Best Cafe,amenity:cafe,Vasco da Gama,15.5851525,73.7405282
Coffee Day,amenity:cafe,Vasco da Gama,15.2768667,73.9583505
Flavours Restaurant,amenity:cafe,Vasco da Gama,15.2761297,73.9171533
Casa dos Gamas,amenity:cafe,Vasco da Gama,15.349524,73.9297
Cafe Fiori,amenity:cafe,Vasco da Gama,15.545276,73.76055
Anugraha Udupi Cafe,amenity:cafe,Vasco da Gama,15.272892,73.9560158
Bharat,amenity:cafe,Vasco da Gama,15.270825,73.9589
SEAROM CYBER,amenity:cafe,Vasco da Gama,15.261613,73.938705
Perseker cafe,amenity:cafe,Vasco da Gama,15.2560132,73.9667861
Barbosa Cafe,amenity:cafe,Vasco da Gama,15.370739,73.9265717
Cafe Ashirwad,amenity:cafe,Vasco da Gama,15.2771898,73.9621125
Sushant Vihar Hotel & Dairy,amenity:cafe,Vasco da Gama,15.2714124,73.9653174
prakash cafe,amenity:cafe,Vasco da Gama,15.3134492,73.9122347
masterchef,amenity:cafe,Vasco da Gama,15.315381,73.91803
Cafe De Republica,amenity:cafe,Vasco da Gama,15.39201,73.86103
The Chocolate Room,amenity:cafe,Vasco da Gama,15.40015,73.816363
Bread & More,amenity:cafe,Vasco da Gama,15.398448,73.814549
Neelam,amenity:cafe,Vasco da Gama,15.507937,73.809881
Cafe Samrat restaurant,amenity:cafe,Vasco da Gama,15.545999,73.79033
Eater's den,amenity:cafe,Vasco da Gama,15.515349,73.960779
Lila cafe,amenity:cafe,Vasco da Gama,15.586424,73.760192
Vivenda,amenity:cafe,Vasco da Gama,15.513904,73.768627
Baskin Robbins,amenity:cafe,Vasco da Gama,15.261395,73.956644
Santosh  Cafe,amenity:cafe,Vasco da Gama,15.396378,73.915232
ट 4 Tasty !,amenity:cafe,Vasco da Gama,15.517116,73.959869
Juice Center Little Hiya,amenity:cafe,Vasco da Gama,15.631335,73.760464
Souza Coffee,amenity:cafe,Vasco da Gama,15.273382,73.927444
Cafe Coffee Day - Colva Beach Road,amenity:cafe,Vasco da Gama,15.276404,73.915907
Cheddar's Casual Cafe,amenity:cafe,Vasco da Gama,15.453609,73.846344
Soft Rock Cafe,amenity:cafe,Vasco da Gama,15.4594302,73.811492
Cafe Corte Real,amenity:cafe,Vasco da Gama,15.466414,73.84697
Cafe Porvorim,amenity:cafe,Vasco da Gama,15.519177,73.83293
"Джус центр ""Sonam""",amenity:cafe,Vasco da Gama,15.6313,73.76308
Cafe Kalaprasad,amenity:cafe,Vasco da Gama,15.48228,73.85407
Neon Cafe,amenity:cafe,Vasco da Gama,15.452002,73.86388
Cafe Siddhi (Bappa),amenity:cafe,Vasco da Gama,15.482471,73.85366
Trevor Cafe,amenity:cafe,Vasco da Gama,15.615166,73.757789
Cafe Bharat,amenity:cafe,Vasco da Gama,15.426859,73.898674
Rosena Cafeteria,amenity:cafe,Vasco da Gama,15.2762607,73.9153664
Nescafe- The Coffee Shop,amenity:cafe,Vasco da Gama,15.2767696,73.914554
Prakash cafe,amenity:cafe,Vasco da Gama,15.569295,74.00066
Cafe Deli,amenity:cafe,Vasco da Gama,15.49543,73.83179
Bharat Cafe,amenity:cafe,Vasco da Gama,15.2114134,73.9770083
Cheezee Munchy's,amenity:cafe,Vasco da Gama,15.255913,73.944311
Udupi Coffee House,amenity:cafe,Vasco da Gama,15.4999054,73.8268222
Cuppa Coffee,amenity:cafe,Vasco da Gama,15.53391,73.764147
Kasim cafe,amenity:cafe,Vasco da Gama,15.2032442,73.9341216
Waterfalls cafe,amenity:cafe,Vasco da Gama,15.2262402,73.9312973
Marliz,amenity:cafe,Vasco da Gama,15.2735376,73.9584494
Cafe 15,amenity:cafe,Vasco da Gama,15.273144,73.9544237
Tashi Delek,amenity:cafe,Vasco da Gama,15.6264554,73.7420379
Rainbow,amenity:cafe,Vasco da Gama,15.624887,73.7295853
Sea Green Beach Shack,amenity:cafe,Vasco da Gama,15.6394881,73.7200264
Saffron,amenity:cafe,Vasco da Gama,15.633462,73.7307719
Delicieux,amenity:cafe,Vasco da Gama,15.6375741,73.7256987
Samsung Smartcafe,amenity:cafe,Vasco da Gama,15.5274996,73.8263282
Inspirations,amenity:cafe,Vasco da Gama,15.5274302,73.8263688
Moon shine,amenity:cafe,Vasco da Gama,15.5347332,73.7657232
Cafe Devata,amenity:cafe,Vasco da Gama,15.5001692,73.9009028
Madgaum Cafe,amenity:cafe,Vasco da Gama,15.2702346,73.9591746
Cafe Kalpana,amenity:cafe,Vasco da Gama,15.5343498,73.8241302
Yogesh Cafe,amenity:cafe,Vasco da Gama,15.3976521,73.9106379
Sachin Cafe,amenity:cafe,Vasco da Gama,15.473143,73.8499336
Ruta's Roadhouse Cafe,amenity:cafe,Vasco da Gama,15.5911166,73.7708223
Laxmi cafe,amenity:cafe,Vasco da Gama,15.4445698,73.9214632
Niraj,amenity:cafe,Vasco da Gama,15.500174,73.9134616
Cafe Sanchita,amenity:cafe,Vasco da Gama,15.6025301,73.8155686
Preva Cafe,amenity:cafe,Vasco da Gama,15.5509416,73.8180229
Cafe Borkar,amenity:cafe,Vasco da Gama,15.4898712,73.8197848
Choco craze,amenity:cafe,Vasco da Gama,15.283086,73.9696758
Sunanda Cafe,amenity:cafe,Vasco da Gama,15.2911826,73.9640722
Sita,amenity:cafe,Vasco da Gama,15.5962767,73.7504922
Faiz's Fresh Fruit Juise And,amenity:cafe,Vasco da Gama,15.6334361,73.7306858
Ramola Cafeteria,amenity:cafe,Vasco da Gama,15.2485914,73.9373643
Geeta Hotel,amenity:cafe,Vasco da Gama,15.2485375,73.937399
Seventeenth Avenue Cafe,amenity:cafe,Vasco da Gama,15.2783256,73.9283937
Pirates Cafe,amenity:cafe,Vasco da Gama,15.5783913,73.739345
Ganesh Cafe,amenity:cafe,Vasco da Gama,15.2778845,73.9207672
The Tibet Cafe,amenity:cafe,Vasco da Gama,15.6360517,73.7268782
Club 21,amenity:cafe,Vasco da Gama,15.5123516,73.764413
Cafe Premanand,amenity:cafe,Vasco da Gama,15.6311289,73.7606642
Coffee Cove,amenity:cafe,Vasco da Gama,15.5342913,73.8217111
Glad's Cafe,amenity:cafe,Vasco da Gama,15.3544213,73.890047
Hoffman cafe,amenity:cafe,Vasco da Gama,15.6039876,73.7432453
Town Cafe,amenity:cafe,Vasco da Gama,15.5565799,73.7542646
Cuppa coffee,amenity:cafe,Vasco da Gama,15.5342182,73.7641669
Samsung smart cafe,amenity:cafe,Vasco da Gama,15.5277349,73.8262259
Menino jesus,amenity:cafe,Vasco da Gama,15.2783287,73.9302348
Roadside dhaba,amenity:cafe,Vasco da Gama,15.2919369,73.9539018
Cafe Morjim,amenity:cafe,Vasco da Gama,15.6386938,73.7203416
Cafe Tanya,amenity:cafe,Vasco da Gama,15.3980664,73.8178826
Cookies corner,amenity:cafe,Vasco da Gama,15.3895032,73.8163845
Shack,amenity:cafe,Vasco da Gama,15.3111348,73.9027271
Top Kash,amenity:cafe,Vasco da Gama,15.5080323,73.7699313
Suraj mini stall,amenity:cafe,Vasco da Gama,15.5245652,73.8279141
Tanvi Cafe,amenity:cafe,Vasco da Gama,15.6237141,73.7374465
The Nest Jenny's kitchen,amenity:cafe,Vasco da Gama,15.6208049,73.737345
Big boss,amenity:cafe,Vasco da Gama,15.2865157,73.9106388
Shri Ganesh Cafe Corner,amenity:cafe,Vasco da Gama,15.562194,74.0121797
Cremeux Express Cafe,amenity:cafe,Vasco da Gama,15.5618375,74.0118484
Juice center,amenity:cafe,Vasco da Gama,15.6266277,73.7421112
Eva Cafe,amenity:cafe,Vasco da Gama,15.5801561,73.7382072
D Cafe,amenity:cafe,Vasco da Gama,15.5755174,73.7416633
Maharaja cafe,amenity:cafe,Vasco da Gama,15.5589303,73.7547187
Moonshot Cafe,amenity:cafe,Vasco da Gama,15.4958903,73.8307974
La Cucina,amenity:cafe,Vasco da Gama,15.640146,73.7229408
Shining Star Snack,amenity:cafe,Vasco da Gama,15.5587023,73.7505773
Cafe Maharaj,amenity:cafe,Vasco da Gama,15.5588335,73.7547685
Tin Tin in Tibet,amenity:cafe,Vasco da Gama,15.5819694,73.7510886
Goan Kitchen,amenity:cafe,Vasco da Gama,15.6294673,73.7361321
Honey,amenity:cafe,Vasco da Gama,15.5634863,73.7642139
Oasis,amenity:cafe,Vasco da Gama,15.5853151,73.7403415
Cafe Central,amenity:cafe,Vasco da Gama,15.4980268,73.8269364
Vege Deli Cafe,amenity:cafe,Vasco da Gama,15.5195571,73.8290343
Cafe Lazy Days,amenity:cafe,Vasco da Gama,15.542513,73.7610333
Relish Fusion Cuisine And Bar,amenity:cafe,Vasco da Gama,15.56399,73.7648697
Cafe Chopsticks,amenity:cafe,Vasco da Gama,15.6200359,73.7371536
Das.s juice centre,amenity:cafe,Vasco da Gama,15.3079479,73.9113404
Rina's corner,amenity:cafe,Vasco da Gama,15.2122481,73.9315792
Anorah's oceans edge cafe,amenity:cafe,Vasco da Gama,15.1571221,73.9454578
Blue Flame,amenity:cafe,Vasco da Gama,15.5765587,73.7614742
Double D,amenity:cafe,Vasco da Gama,15.633316,73.7309277
Cremeux Nagoa,amenity:cafe,Vasco da Gama,15.5592231,73.7774062
BOOM BOOM CAFÈ,amenity:cafe,Vasco da Gama,15.6269617,73.7404267
Café DoNa,amenity:cafe,Vasco da Gama,15.5895707,73.8636506
Himalyai cafe,amenity:cafe,Vasco da Gama,15.626663,73.7421388
Cafe unplugged,amenity:cafe,Vasco da Gama,15.6275086,73.7281417
Por do Sol,amenity:cafe,Vasco da Gama,15.6414873,73.7184462
Bombay coffee roasters,amenity:cafe,Vasco da Gama,15.4950615,73.8309137
Kombo,amenity:cafe,Vasco da Gama,15.5342829,73.7644813
Tropicana,amenity:cafe,Vasco da Gama,15.535861,73.7576647
WHITE CRAB,amenity:cafe,Vasco da Gama,15.2665306,73.9163817
Garage,amenity:cafe,Vasco da Gama,15.6299006,73.7361658
Travellers Cafe,amenity:cafe,Vasco da Gama,15.6295295,73.736033
8,amenity:cafe,Vasco da Gama,15.2700241,73.9285775
Billys,amenity:cafe,Vasco da Gama,15.2701381,73.9285287
Base cafe-lounge,amenity:cafe,Vasco da Gama,15.63786,73.725601
Laxmi,amenity:cafe,Vasco da Gama,15.2838922,73.9719661
Sanjay Shambhavi,amenity:cafe,Vasco da Gama,15.5013394,73.9147485
Black Vanilla,amenity:cafe,Vasco da Gama,15.5963426,73.7797587
Food truck,amenity:cafe,Vasco da Gama,15.5859767,73.7416858
The Dragon Tibet Bar & Restraunt,amenity:cafe,Vasco da Gama,15.6179275,73.7376325
The Cafe Virgin Land,amenity:cafe,Vasco da Gama,15.6379188,73.7253767
@nata,amenity:cafe,Vasco da Gama,15.5764048,73.745792
Ca,amenity:cafe,Vasco da Gama,15.5403629,73.765094
The Place,amenity:cafe,Vasco da Gama,15.6381783,73.725271
Jane in Tribe,amenity:cafe,Vasco da Gama,15.6297565,73.7296642
Bombay Coffee Roasters,amenity:cafe,Vasco da Gama,15.5994343,73.7409726
Aai family restaurant veg & non veg,amenity:cafe,Vasco da Gama,15.5854359,73.7414339
Annu cafe veg & non veg,amenity:cafe,Vasco da Gama,15.6309285,73.7457273
Kafe Krish - Juice center,amenity:cafe,Vasco da Gama,15.6312512,73.7605283
you and me,amenity:cafe,Vasco da Gama,15.563647,73.7630979
TEREM'OK,amenity:cafe,Vasco da Gama,15.6265336,73.7415554
blue tokai coffee,amenity:cafe,Vasco da Gama,15.4989836,73.8326504
La-Mira,amenity:cafe,Vasco da Gama,15.1864441,73.9479059
Omsai,amenity:cafe,Vasco da Gama,15.618635,73.8390064
Cafe Candolim,amenity:cafe,Vasco da Gama,15.5086832,73.7697057
Café Aguada,amenity:cafe,Vasco da Gama,15.4986271,73.7701453
Dolce Amore Cafe and Bakery,amenity:cafe,Vasco da Gama,15.5011868,73.7711469
Pandurang Cafe,amenity:cafe,Vasco da Gama,15.5099806,73.7662369
Balaji Tea Stall,amenity:cafe,Vasco da Gama,15.499521,73.7715606
Baskin Robbins Sinquerim,amenity:cafe,Vasco da Gama,15.5005399,73.7715995
Yummy Tummy,amenity:cafe,Vasco da Gama,15.4999629,73.7715125
Centre cafe,amenity:cafe,Vasco da Gama,15.1805115,73.9712759
Vihan,amenity:cafe,Vasco da Gama,15.2366477,73.942908
Mo's cafe,amenity:cafe,Vasco da Gama,15.4991459,73.8326347
Brewed Black,amenity:cafe,Vasco da Gama,15.4660993,73.8069959
Taapu,amenity:cafe,Vasco da Gama,15.5627204,73.7448381
BO Tai,amenity:cafe,Vasco da Gama,15.5941992,73.7356564
Starbucks,amenity:cafe,Vasco da Gama,15.4874484,73.8130213
Sabor Cafe,amenity:cafe,Vasco da Gama,15.5962202,73.7794431
Drill Press Cafe,amenity:cafe,Vasco da Gama,15.595022,73.8341625
Bloom & Brew NOFC,amenity:cafe,Vasco da Gama,15.5914689,73.7730991
The Caravella Cafe And Bistro,amenity:cafe,Vasco da Gama,15.4996342,73.8316796
Confetaria 31de Janerio,amenity:cafe,Vasco da Gama,15.4973305,73.8312338
Deryls Cafe,amenity:cafe,Vasco da Gama,15.6151604,73.7982491
Palykar Brothers Food Court,amenity:cafe,Vasco da Gama,15.5989451,73.7445132
प्राणा कैफे,amenity:cafe,Vasco da Gama,15.5803114,73.7528665
Aunty tea shop,amenity:cafe,Vasco da Gama,15.5844512,73.7465053
Cafe We By Okapi,amenity:cafe,Vasco da Gama,15.5931724,73.7520981
Kookaburra Cafe,amenity:cafe,Vasco da Gama,15.6000342,73.7363546
Cafe Tatu And General Stores,amenity:cafe,Vasco da Gama,15.5960646,73.8203329
Cafe Corner,amenity:cafe,Vasco da Gama,15.5889995,73.8109554
Cafe Aurora,amenity:cafe,Vasco da Gama,15.5889742,73.8110274
Pradeep Cold Drinks,amenity:cafe,Vasco da Gama,15.5883802,73.8117273
Cafe St Xavier,amenity:cafe,Vasco da Gama,15.5885332,73.8121339
Cafe Dhakuli,amenity:cafe,Vasco da Gama,15.5885551,73.8120706
Prana Anjuna,amenity:cafe,Vasco da Gama,15.5797764,73.7530153
Babka Goa,amenity:cafe,Vasco da Gama,15.5876675,73.7622863
Lourdes Cafe,amenity:cafe,Vasco da Gama,15.3121627,73.9830493
GShot Cafe,amenity:cafe,Vasco da Gama,15.598766,73.772071
Cafe Aditya,amenity:cafe,Vasco da Gama,15.6031047,73.8176233
Creek Cafe,amenity:cafe,Vasco da Gama,15.4963037,73.8313816
La Di Da,amenity:cafe,Vasco da Gama,15.543651,73.8124373
Mimosu Cafesserie,amenity:cafe,Vasco da Gama,15.6138511,73.8031188
cafe zelo,amenity:cafe,Vasco da Gama,15.2899504,73.9550766
Cafe prassan,amenity:cafe,Vasco da Gama,15.4992966,73.8330145
Greenr,amenity:cafe,Vasco da Gama,15.4973397,73.8317495
Good Karma,amenity:cafe,Vasco da Gama,15.5931005,73.7519528
The Rice Mill,amenity:cafe,Vasco da Gama,15.6350724,73.7390762
Bombay Coffee House,amenity:cafe,Vasco da Gama,15.4985136,73.8330489
The Flying Goat,amenity:cafe,Vasco da Gama,15.582929,73.741484
Haus Of Caffeine,amenity:cafe,Vasco da Gama,15.5843463,73.8033955
Rubys Organic Codfee,amenity:cafe,Vasco da Gama,15.5217949,73.7640616
Alag Coffee,amenity:cafe,Vasco da Gama,15.6122905,73.7728698
Good Luck Cafe,amenity:cafe,Vasco da Gama,15.5702029,73.7442681
Soul By The Beach,amenity:cafe,Vasco da Gama,15.5701597,73.742504
Larder & Folk,amenity:cafe,Vasco da Gama,15.4988105,73.8322499
Cage Cotinga,amenity:cafe,Vasco da Gama,15.5886551,73.7646112
sabr,amenity:cafe,Vasco da Gama,15.6172152,73.7626411
alag,amenity:cafe,Vasco da Gama,15.6126204,73.7722609
The Musafir Coworking Cafe,amenity:cafe,Vasco da Gama,15.5760618,73.7467289
Cafe Mango Shade,amenity:cafe,Vasco da Gama,15.573685,73.7473376
Friends Corner Cafe,amenity:cafe,Vasco da Gama,15.5912845,73.8061162
Cafe Deepak,amenity:cafe,Vasco da Gama,15.5882238,73.8191448
Prabhat Restaurant,amenity:cafe,Vasco da Gama,15.5898511,73.8112731
Cold Drink House,amenity:cafe,Vasco da Gama,15.5888138,73.8118472
Sai Cafe,amenity:cafe,Vasco da Gama,15.595419,73.7511873
Maria Lobos Cafe,amenity:cafe,Vasco da Gama,15.5719294,73.7431447
HOOPS Coffee,amenity:cafe,Vasco da Gama,15.6232189,73.7675303
Hotel Raj Cafe,amenity:cafe,Vasco da Gama,15.5917598,73.8559616
Susegad Siolim,amenity:cafe,Vasco da Gama,15.6137133,73.7696385
Conchi's cafe,amenity:cafe,Vasco da Gama,15.2698899,73.9286381
Aurawell,amenity:cafe,Vasco da Gama,15.4819598,73.813968
Classic Cafe,amenity:cafe,Vasco da Gama,15.5889493,73.8144144
Madras Cafe,amenity:cafe,Vasco da Gama,15.5895702,73.8143461
Goa Coffee.com,amenity:cafe,Vasco da Gama,15.5950431,73.7404359
Cafe Chandrakant,amenity:cafe,Vasco da Gama,15.5942474,73.7415373
Cafe Prashant,amenity:cafe,Vasco da Gama,15.5905586,73.8148005
Ambika Cold Drinks,amenity:cafe,Vasco da Gama,15.5903605,73.8114194
Sandesh Chicken Centre,amenity:cafe,Vasco da Gama,15.5901853,73.8104187
Hotel Shree Ganeshpuri,amenity:cafe,Vasco da Gama,15.6026254,73.8044001
Dolce Dias,amenity:cafe,Vasco da Gama,15.5822807,73.8264487
Hotel Sandesh,amenity:cafe,Vasco da Gama,15.5808953,73.8366627
Divya Hotel,amenity:cafe,Vasco da Gama,15.5434282,73.7934477
Walke’s Hotel Laxmi,amenity:cafe,Vasco da Gama,15.5996007,73.8154759
Niji,amenity:cafe,Vasco da Gama,15.6161266,73.791195
Cafe Niharika,amenity:cafe,Vasco da Gama,15.5817993,73.8206799
Cafe Shree,amenity:cafe,Vasco da Gama,15.5972657,73.821649
Vithal Hotel,amenity:cafe,Vasco da Gama,15.6021931,73.7517126
Shiva Hotel,amenity:cafe,Vasco da Gama,15.5940341,73.8137254
Costa Cafe,amenity:cafe,Vasco da Gama,15.2714875,73.927932
Bus Stand Canteen,amenity:cafe,Vasco da Gama,15.5884467,73.8096384
CesKaz Deli,amenity:cafe,Vasco da Gama,15.2774271,73.9593099
Laxmi Tea Stall,amenity:cafe,Vasco da Gama,15.6126839,73.8059935
Cafe Soopoo,amenity:cafe,Vasco da Gama,15.4394519,73.901813
Sai Sadanand Veg,amenity:cafe,Vasco da Gama,15.5885131,73.8121772
Oya's Umami Cafe,amenity:cafe,Vasco da Gama,15.4812934,73.8129515
Cafe Prakash,amenity:cafe,Vasco da Gama,15.5825554,73.8247013
Swaad Upahargruh,amenity:cafe,Vasco da Gama,15.5892088,73.8143695
Vaman General Stores And Hotel,amenity:cafe,Vasco da Gama,15.5888841,73.8192079
Cream Choc Café,amenity:cafe,Vasco da Gama,15.5925775,73.8545496
Velvet Scoops Gelateria & Cafe,amenity:cafe,Vasco da Gama,15.6296798,73.7601072
Hotel Shilpa,amenity:cafe,Vasco da Gama,15.5895154,73.8119715
Cafe Papa,amenity:cafe,Vasco da Gama,15.5897155,73.8126678
Artjuna Panjim,amenity:cafe,Vasco da Gama,15.497847,73.8258291
Sateri Cafe,amenity:cafe,Vasco da Gama,15.5883892,73.8113929
Sai Hotel,amenity:cafe,Vasco da Gama,15.5882538,73.8109868
Mapusa Cafe,amenity:cafe,Vasco da Gama,15.5881953,73.811128
Cafe Shiv Malhar,amenity:cafe,Vasco da Gama,15.5878694,73.8124571
Vasant Cold Drink,amenity:cafe,Vasco da Gama,15.5881231,73.8113108
Cafe Shantadurga,amenity:cafe,Vasco da Gama,15.588563,73.811065
Hotel Samadhan,amenity:cafe,Vasco da Gama,15.591632,73.8114879
Kastache Cafe,amenity:cafe,Vasco da Gama,15.2598751,73.9254284
Pradeepa South Indian Veg Tiffin,amenity:cafe,Vasco da Gama,15.6177376,73.7697493
Laxmi Restaurant,amenity:cafe,Vasco da Gama,15.5912513,73.8132409
Maverick & Farmer Coffee,amenity:cafe,Vasco da Gama,15.499219,73.8321784
Hotel Manjunath,amenity:cafe,Vasco da Gama,15.6318318,73.7644321
Karma Cafe,amenity:cafe,Vasco da Gama,15.6303254,73.7651106
Casa De Cha,amenity:cafe,Vasco da Gama,15.6316896,73.7646001
Hotel Ruchik,amenity:cafe,Vasco da Gama,15.5871116,73.812755
Om Sai Hotel,amenity:cafe,Vasco da Gama,15.5872441,73.812899
Cafe Forever,amenity:cafe,Vasco da Gama,15.5872322,73.8129309
Aamche Cafe,amenity:cafe,Vasco da Gama,15.6159083,73.7878222
Barefoot Coworking,amenity:cafe,Vasco da Gama,15.5664218,73.7774522
Cafe Morongo,amenity:cafe,Vasco da Gama,15.4983503,73.8314374
VEG O’GOA,amenity:cafe,Vasco da Gama,15.54153,73.7609862
Rayan Cafe,amenity:cafe,Vasco da Gama,15.6200361,73.7315773
Why Not Morjim Beach Shack,amenity:cafe,Vasco da Gama,15.6197038,73.7317132
The Harrd Rock Beach Shack,amenity:cafe,Vasco da Gama,15.620412,73.7314219
Happy Turtle,amenity:cafe,Vasco da Gama,15.6207071,73.7312931
Boom Shack,amenity:cafe,Vasco da Gama,15.6194348,73.7318472
Café Osa,amenity:cafe,Vasco da Gama,15.6324328,73.733612
French Bakery,amenity:cafe,Vasco da Gama,15.6329371,73.7314457
Hungry Hippies,amenity:cafe,Vasco da Gama,15.622634,73.7308818
Gurushri Veg Hotel,amenity:cafe,Vasco da Gama,15.2691304,73.9558799
Del Mar Cafe,amenity:cafe,Vasco da Gama,15.6209138,73.7311731
Vision Hospital Cafe,amenity:cafe,Vasco da Gama,15.604825,73.8202753
Cafe Gaures,amenity:cafe,Vasco da Gama,15.588628,73.8132284
Chandrakant Delux's,amenity:cafe,Vasco da Gama,15.5886412,73.8131905
Greenr Assagao,amenity:cafe,Vasco da Gama,15.5934846,73.7759776
la maison,amenity:cafe,Vasco da Gama,15.5820177,73.7529183
Assumption Tea Place,amenity:cafe,Vasco da Gama,15.24382,73.972842
Cafe Flashback,amenity:cafe,Vasco da Gama,15.5301819,73.9040969
Anris Cafe,amenity:cafe,Vasco da Gama,15.3009705,73.9055405
Casanova,amenity:cafe,Vasco da Gama,15.5980135,73.7448982
malyali cafe,amenity:cafe,Vasco da Gama,15.3879483,73.8642789
Baskin Robins,amenity:cafe,Vasco da Gama,15.5974749,73.7416849
Moonlight,amenity:cafe,Vasco da Gama,15.5967662,73.7354077
Laxmi's Home,tourism:attraction,Mapusa,15.5135064,73.7656839
Banian Tree,tourism:attraction,Mapusa,15.70205,73.700887
"Mystic Meadows - A conservatory for Bees , Birds & Butterflies",tourism:attraction,Mapusa,15.4297676,74.012586
Ponso,tourism:attraction,Mapusa,15.4422791,73.9186701
Snow Park,tourism:attraction,Mapusa,15.557472,73.7553
Abyss Marine Fish Aquarium,tourism:attraction,Mapusa,15.3741003,73.9259669
Harvalem Caves,tourism:attraction,Mapusa,15.5525614,74.0230363
Sonia Shirsat,tourism:attraction,Mapusa,15.391854,73.996923
Aquasail 360 Sailing,tourism:attraction,Mapusa,15.452024,73.84492
Maison Rodesa,tourism:attraction,Mapusa,15.3502289,73.8919606
Banyan,tourism:attraction,Mapusa,15.6566659,73.7218568
Crocodile Station Kamat Kingfisher,tourism:attraction,Mapusa,15.408196,73.9085
Pandavas Cave,tourism:attraction,Mapusa,15.4995414,74.0245458
Shiva's face,tourism:attraction,Mapusa,15.592392,73.7337345
Ash,tourism:attraction,Mapusa,15.6786859,73.7063915
Amoeba Bowling Alley,tourism:attraction,Mapusa,15.5255485,73.8273761
Bossa Nova,tourism:attraction,Mapusa,15.5255534,73.8273089
Thrill zone,tourism:attraction,Mapusa,15.5351324,73.7644423
Siridao Beach,tourism:attraction,Mapusa,15.4309011,73.8620418
Earth Bowl,tourism:attraction,Mapusa,15.5942946,73.7339229
Miraculous Cross,tourism:attraction,Mapusa,15.5853904,73.763101
Big Banyan Tree,tourism:attraction,Mapusa,15.7004062,73.741807
Big Banyan,tourism:attraction,Mapusa,15.7003765,73.715229
Banyan Tree,tourism:attraction,Mapusa,15.7128799,73.7019031
La Casita Helicopter,tourism:attraction,Mapusa,15.586408,73.7473479
Milagres Feast (May),tourism:attraction,Mapusa,15.589234,73.8189116
Milagres Feast Flea Market (May),tourism:attraction,Mapusa,15.5903889,73.8167819
Mapusa Mela (December),tourism:attraction,Mapusa,15.5855473,73.8066673
Historic Inscription Stone,tourism:attraction,Mapusa,15.5850564,74.0255678
Bridge of Dreams,tourism:attraction,Mapusa,15.5305974,73.8411015
Dolphin Boat Tours,tourism:attraction,Mapusa,15.4973396,73.7815853
Sinquerim beach,tourism:attraction,Mapusa,15.5013628,73.767299
Aguada Fortress,tourism:attraction,Mapusa,15.4980546,73.7664788
Reis Magos Fort,tourism:attraction,Mapusa,15.4964846,73.8091247
Tropical Spice Plantation,tourism:attraction,Mapusa,15.4513924,74.0132466
Savoi Plantation,tourism:attraction,Mapusa,15.49274,73.9999815
Candolim Beach,tourism:attraction,Mapusa,15.5178808,73.7628995
Yashwantgad Redi Fort,tourism:attraction,Mapusa,15.7529034,73.6654291
Grandmother's Hole Beach,tourism:attraction,Mapusa,15.4059885,73.786356
Dona Paula Pier,tourism:attraction,Mapusa,15.4511643,73.8035179
Arpora Saturday Night Market,tourism:attraction,Mapusa,15.5671216,73.7661097
Panjim Fisheries Jetty,tourism:attraction,Mapusa,15.501565,73.828389
Shankar Parvati Temple,tourism:attraction,Mapusa,15.3963667,73.9973274
Kerim Dam,tourism:attraction,Mapusa,15.6153151,74.077138
Anjuna Seafront Plaza,tourism:attraction,Mapusa,15.5844564,73.7372719
Gate of St. Paul's College,tourism:attraction,Mapusa,15.4993004,73.9182525
Agro-Ecotourism Center,tourism:attraction,Mapusa,15.5000464,73.9160251
Arch of Viceroys,tourism:attraction,Mapusa,15.5057726,73.9136199
Science Center,tourism:attraction,Mapusa,15.4778172,73.8089378
Deltin Casino,tourism:attraction,Mapusa,15.5023932,73.8274682
Birla Radha Krishna Mandir,tourism:attraction,Mapusa,15.3878947,73.8753688
Fort Aguada,tourism:attraction,Mapusa,15.4924157,73.7739318
Baga Beach,tourism:attraction,Mapusa,15.5575058,73.7504905
Calangute Beach,tourism:attraction,Mapusa,15.5423823,73.7555215
Santa Monica Boat Jetty,tourism:attraction,Mapusa,15.4999122,73.8364687
Panjim city view point,tourism:viewpoint,Mapusa,15.4900856,73.828682
Miramar beach,tourism:viewpoint,Mapusa,15.4828903,73.8067245
Arambol Beach Mountain,tourism:viewpoint,Mapusa,15.6928174,73.6988541
Bridge to Mansher,tourism:viewpoint,Mapusa,15.445798,73.9325517
Near Chapora Fort,tourism:viewpoint,Mapusa,15.6074052,73.7321763
Onyx Beach,tourism:viewpoint,Mapusa,15.4930465,73.7777712
Sinquerim Fort view Point,tourism:viewpoint,Mapusa,15.4975941,73.7649039
Sunset point,tourism:viewpoint,Mapusa,15.5683215,73.7423574
Caranzalem Bay View Point,tourism:viewpoint,Mapusa,15.4596344,73.7975788
Fontainhas Viewpoint,tourism:viewpoint,Mapusa,15.4966124,73.8305403
Vagator Sunset Viewpoint,tourism:viewpoint,Mapusa,15.5993978,73.7335655
Badem Sunset Viewpoint,tourism:viewpoint,Mapusa,15.6078966,73.7512609
Chapora River Viewpoint,tourism:viewpoint,Mapusa,15.6510156,73.7896622
Old Ferry Point,tourism:viewpoint,Mapusa,15.6471824,73.8400029
Aldona Teen Manos,tourism:viewpoint,Mapusa,15.6007647,73.8682656
Marna Khazans,tourism:viewpoint,Mapusa,15.6161299,73.7731073
Anjuna Valley Viewpoint,tourism:viewpoint,Mapusa,15.5934748,73.7473331
Mandovi River Viewpoint,tourism:viewpoint,Mapusa,15.5018725,73.9045076
Sunset Viewpoint,tourism:viewpoint,Mapusa,15.5845203,73.7371485
SunRiSet,tourism:viewpoint,Mapusa,15.7218726,73.6833431
water tower,tourism:viewpoint,Mapusa,15.8155053,73.6536199
Mapusa Town Viewpoint,tourism:viewpoint,Mapusa,15.5957167,73.7981828
Marna River View,tourism:viewpoint,Mapusa,15.6171744,73.7731196
Visarjan Ghat,tourism:viewpoint,Mapusa,15.5328253,73.8489417
"Crocodile Point, Insuli",tourism:viewpoint,Mapusa,15.839976,73.8502991
Cafe Coffee Day,amenity:cafe,Mapusa,15.4822637,73.809043
Vee Restaurant,amenity:cafe,Mapusa,15.5969938,73.7413017
Babaji Cafeteria,amenity:cafe,Mapusa,15.5909807,73.8100237
The German Bakery,amenity:cafe,Mapusa,15.5738317,73.7477301
Cafe Delish,amenity:cafe,Mapusa,15.5765525,73.7459118
Cafe Diogo,amenity:cafe,Mapusa,15.5776302,73.7469874
Cafe Orange Boom,amenity:cafe,Mapusa,15.5774513,73.7465531
Café Nu,amenity:cafe,Mapusa,15.665066,73.7143413
Blue Diamond,amenity:cafe,Mapusa,15.6890258,73.7038104
Pacha,amenity:cafe,Mapusa,15.6851883,73.7038382
Sunset Point,amenity:cafe,Mapusa,15.6501197,73.7157834
Café Chocolatti,amenity:cafe,Mapusa,15.510479,73.7689328
Susse,amenity:cafe,Mapusa,15.5024172,73.7712252
Mama Cecelia's Beach Cafe,amenity:cafe,Mapusa,15.5280836,73.7600619
Bonds Beach Cafe,amenity:cafe,Mapusa,15.5282193,73.7600602
German Bakery Café,amenity:cafe,Mapusa,15.5279986,73.7654989
Rodcy Café,amenity:cafe,Mapusa,15.5388673,73.7619278
Cafe H2O,amenity:cafe,Mapusa,15.5857479,73.7413757
Nirvana Cafe,amenity:cafe,Mapusa,15.6001634,73.73653
"Juices centre ""Ganesh""",amenity:cafe,Mapusa,15.6035831,73.7419653
Hot Pot,amenity:cafe,Mapusa,15.4674756,73.8072813
Nescafe,amenity:cafe,Mapusa,15.4837079,73.8092568
Bodega,amenity:cafe,Mapusa,15.4937962,73.8275984
"Juice Centre ""Scarlett""",amenity:cafe,Mapusa,15.6037243,73.7420247
Cafe Real,amenity:cafe,Mapusa,15.50032,73.8268071
Cafe de Goa,amenity:cafe,Mapusa,15.5473292,73.7709301
Shanti Cafe,amenity:cafe,Mapusa,15.6848214,73.7064956
The Temptation,amenity:cafe,Mapusa,15.3970658,73.8113096
"Spice Works / Кафе, У Кируши.",amenity:cafe,Mapusa,15.5120047,73.7664485
Tibetian Momo Cafe,amenity:cafe,Mapusa,15.6839229,73.70731
Cold Corner,amenity:cafe,Mapusa,15.5890268,73.8108795
Trufles Cafe,amenity:cafe,Mapusa,15.471838,73.8111322
Cream Choc,amenity:cafe,Mapusa,15.4851333,73.8109462
Cremeux,amenity:cafe,Mapusa,15.5005663,73.8284346
Tato's,amenity:cafe,Mapusa,15.4937137,73.8358411
Cafe Basil,amenity:cafe,Mapusa,15.4831079,73.8109885
Aunty Maria,amenity:cafe,Mapusa,15.4972302,73.8248028
Lilly's Flower,amenity:cafe,Mapusa,15.4728345,73.8116205
Hang Outz,amenity:cafe,Mapusa,15.4727268,73.8114401
Fruitilicious,amenity:cafe,Mapusa,15.4939208,73.8357882
Chai Pani,amenity:cafe,Mapusa,15.497561,73.8259899
Rare Republic,amenity:cafe,Mapusa,15.615615,73.7586734
Kitchen Country Best Cafe,amenity:cafe,Mapusa,15.5851525,73.7405282
Casa dos Gamas,amenity:cafe,Mapusa,15.349524,73.9297
Cafe Fiori,amenity:cafe,Mapusa,15.545276,73.76055
Barbosa Cafe,amenity:cafe,Mapusa,15.370739,73.9265717
Cafe De Republica,amenity:cafe,Mapusa,15.39201,73.86103
The Chocolate Room,amenity:cafe,Mapusa,15.40015,73.816363
Bread & More,amenity:cafe,Mapusa,15.398448,73.814549
Neelam,amenity:cafe,Mapusa,15.507937,73.809881
Cafe Samrat restaurant,amenity:cafe,Mapusa,15.545999,73.79033
Eater's den,amenity:cafe,Mapusa,15.515349,73.960779
Lila cafe,amenity:cafe,Mapusa,15.586424,73.760192
Vivenda,amenity:cafe,Mapusa,15.513904,73.768627
Santosh  Cafe,amenity:cafe,Mapusa,15.396378,73.915232
ट 4 Tasty !,amenity:cafe,Mapusa,15.517116,73.959869
Juice Center Little Hiya,amenity:cafe,Mapusa,15.631335,73.760464
Cheddar's Casual Cafe,amenity:cafe,Mapusa,15.453609,73.846344
Soft Rock Cafe,amenity:cafe,Mapusa,15.4594302,73.811492
Cafe Corte Real,amenity:cafe,Mapusa,15.466414,73.84697
Cafe Porvorim,amenity:cafe,Mapusa,15.519177,73.83293
"Джус центр ""Sonam""",amenity:cafe,Mapusa,15.6313,73.76308
Cafe Kalaprasad,amenity:cafe,Mapusa,15.48228,73.85407
Neon Cafe,amenity:cafe,Mapusa,15.452002,73.86388
Cafe Siddhi (Bappa),amenity:cafe,Mapusa,15.482471,73.85366
Trevor Cafe,amenity:cafe,Mapusa,15.615166,73.757789
Cafe Bharat,amenity:cafe,Mapusa,15.426859,73.898674
Prakash cafe,amenity:cafe,Mapusa,15.569295,74.00066
Cafe Deli,amenity:cafe,Mapusa,15.49543,73.83179
Udupi Coffee House,amenity:cafe,Mapusa,15.4999054,73.8268222
Cuppa Coffee,amenity:cafe,Mapusa,15.53391,73.764147
Tashi Delek,amenity:cafe,Mapusa,15.6264554,73.7420379
Achintya Juice Center,amenity:cafe,Mapusa,15.6877652,73.7116134
Rainbow,amenity:cafe,Mapusa,15.624887,73.7295853
Sea Green Beach Shack,amenity:cafe,Mapusa,15.6394881,73.7200264
Saffron,amenity:cafe,Mapusa,15.633462,73.7307719
Delicieux,amenity:cafe,Mapusa,15.6375741,73.7256987
Samsung Smartcafe,amenity:cafe,Mapusa,15.5274996,73.8263282
Inspirations,amenity:cafe,Mapusa,15.5274302,73.8263688
Moon shine,amenity:cafe,Mapusa,15.5347332,73.7657232
Junas9,amenity:cafe,Mapusa,15.6681347,73.7134882
Cafe Devata,amenity:cafe,Mapusa,15.5001692,73.9009028
Buddha,amenity:cafe,Mapusa,15.6841384,73.7073968
Tanzi Bar and restaurant,amenity:cafe,Mapusa,15.6834176,73.7073205
Sunshine Cafe,amenity:cafe,Mapusa,15.675966,73.707461
Cafe Kalpana,amenity:cafe,Mapusa,15.5343498,73.8241302
Yogesh Cafe,amenity:cafe,Mapusa,15.3976521,73.9106379
Sachin Cafe,amenity:cafe,Mapusa,15.473143,73.8499336
Ruta's Roadhouse Cafe,amenity:cafe,Mapusa,15.5911166,73.7708223
Laxmi cafe,amenity:cafe,Mapusa,15.4445698,73.9214632
Niraj,amenity:cafe,Mapusa,15.500174,73.9134616
Twice in nature,amenity:cafe,Mapusa,15.6933977,73.7044135
Cafe Sanchita,amenity:cafe,Mapusa,15.6025301,73.8155686
Preva Cafe,amenity:cafe,Mapusa,15.5509416,73.8180229
Jannat Palace,amenity:cafe,Mapusa,15.6691073,73.7131551
Anu Mama's,amenity:cafe,Mapusa,15.6680782,73.7131984
Cafe Borkar,amenity:cafe,Mapusa,15.4898712,73.8197848
Mona Cafe,amenity:cafe,Mapusa,15.6712328,73.714371
Kathmandu,amenity:cafe,Mapusa,15.6715311,73.7147254
Sita,amenity:cafe,Mapusa,15.5962767,73.7504922
Mandhi,amenity:cafe,Mapusa,15.6875563,73.7104327
Faiz's Fresh Fruit Juise And,amenity:cafe,Mapusa,15.6334361,73.7306858
Shantaram,amenity:cafe,Mapusa,15.69122,73.7047052
Pirates Cafe,amenity:cafe,Mapusa,15.5783913,73.739345
The Tibet Cafe,amenity:cafe,Mapusa,15.6360517,73.7268782
A1 Food And Beverages,amenity:cafe,Mapusa,15.6774132,73.7112615
Morjim in Arambol,amenity:cafe,Mapusa,15.6875432,73.7096135
Club 21,amenity:cafe,Mapusa,15.5123516,73.764413
Cafe Premanand,amenity:cafe,Mapusa,15.6311289,73.7606642
Dolphin shack,amenity:cafe,Mapusa,15.7080774,73.6934114
Kinara,amenity:cafe,Mapusa,15.6875671,73.7053099
Mona,amenity:cafe,Mapusa,15.67142,73.71452
Coffee Cove,amenity:cafe,Mapusa,15.5342913,73.8217111
Glad's Cafe,amenity:cafe,Mapusa,15.3544213,73.890047
Hoffman cafe,amenity:cafe,Mapusa,15.6039876,73.7432453
Koleso 24/7,amenity:cafe,Mapusa,15.652315,73.716022
Town Cafe,amenity:cafe,Mapusa,15.5565799,73.7542646
Zodiak resraurant,amenity:cafe,Mapusa,15.6894002,73.7044505
Hangry Eye,amenity:cafe,Mapusa,15.6575885,73.7167311
Cuppa coffee,amenity:cafe,Mapusa,15.5342182,73.7641669
Samsung smart cafe,amenity:cafe,Mapusa,15.5277349,73.8262259
Cafe Morjim,amenity:cafe,Mapusa,15.6386938,73.7203416
Cafe Tanya,amenity:cafe,Mapusa,15.3980664,73.8178826
Cookies corner,amenity:cafe,Mapusa,15.3895032,73.8163845
Top Kash,amenity:cafe,Mapusa,15.5080323,73.7699313
Suraj mini stall,amenity:cafe,Mapusa,15.5245652,73.8279141
Krishna,amenity:cafe,Mapusa,15.683913,73.7110797
Tanvi Cafe,amenity:cafe,Mapusa,15.6237141,73.7374465
The Nest Jenny's kitchen,amenity:cafe,Mapusa,15.6208049,73.737345
Om Siddheshwar,amenity:cafe,Mapusa,15.6926164,73.6995411
Himalayan cafe,amenity:cafe,Mapusa,15.6837212,73.7073536
Shri Ganesh Cafe Corner,amenity:cafe,Mapusa,15.562194,74.0121797
Nidhi,amenity:cafe,Mapusa,15.6616389,73.7343703
Cremeux Express Cafe,amenity:cafe,Mapusa,15.5618375,74.0118484
Boris,amenity:cafe,Mapusa,15.6549252,73.7159821
Buddha Tasty Way,amenity:cafe,Mapusa,15.6880236,73.7166269
Love you Arambol,amenity:cafe,Mapusa,15.6868886,73.7063449
Alladin,amenity:cafe,Mapusa,15.6831724,73.706067
Mountain miles cafe,amenity:cafe,Mapusa,15.6836027,73.7073304
Mohan chai,amenity:cafe,Mapusa,15.687688,73.7054265
Food Planet 2.0,amenity:cafe,Mapusa,15.6778187,73.7112633
Malla Cafe,amenity:cafe,Mapusa,15.6907095,73.7020832
Saloni Hotel,amenity:cafe,Mapusa,15.7167029,73.6959453
Sai Upasana Juice Center,amenity:cafe,Mapusa,15.69026,73.7040357
Juice center,amenity:cafe,Mapusa,15.6266277,73.7421112
Eva Cafe,amenity:cafe,Mapusa,15.5801561,73.7382072
D Cafe,amenity:cafe,Mapusa,15.5755174,73.7416633
Maharaja cafe,amenity:cafe,Mapusa,15.5589303,73.7547187
Bakery cafe,amenity:cafe,Mapusa,15.666213,73.7139482
Karma Corner,amenity:cafe,Mapusa,15.688953,73.702784
Dream’n’land,amenity:cafe,Mapusa,15.6892564,73.704948
Wa-blue,amenity:cafe,Mapusa,15.6902693,73.7041375
Milan Ice Cream,amenity:cafe,Mapusa,15.6874572,73.7115582
Diya Café Restaurant,amenity:cafe,Mapusa,15.6912958,73.7045049
Sea Terrasse,amenity:cafe,Mapusa,15.6951587,73.6982749
The Norling Cafe,amenity:cafe,Mapusa,15.6699538,73.7134087
Moonshot Cafe,amenity:cafe,Mapusa,15.4958903,73.8307974
Garden of dreams,amenity:cafe,Mapusa,15.6880578,73.7062727
La Cucina,amenity:cafe,Mapusa,15.640146,73.7229408
Shining Star Snack,amenity:cafe,Mapusa,15.5587023,73.7505773
Cafe Maharaj,amenity:cafe,Mapusa,15.5588335,73.7547685
Tin Tin in Tibet,amenity:cafe,Mapusa,15.5819694,73.7510886
Tom Yam Thai,amenity:cafe,Mapusa,15.664481,73.7140257
Goan Kitchen,amenity:cafe,Mapusa,15.6294673,73.7361321
Honey,amenity:cafe,Mapusa,15.5634863,73.7642139
Oasis,amenity:cafe,Mapusa,15.5853151,73.7403415
Cafe Central,amenity:cafe,Mapusa,15.4980268,73.8269364
Vege Deli Cafe,amenity:cafe,Mapusa,15.5195571,73.8290343
Roadhouse blues,amenity:cafe,Mapusa,15.688473,73.714183
Samarth,amenity:cafe,Mapusa,15.6881972,73.7233125
Cafe Lazy Days,amenity:cafe,Mapusa,15.542513,73.7610333
пирожки,amenity:cafe,Mapusa,15.6772155,73.7110484
My Shack,amenity:cafe,Mapusa,15.6877811,73.7066794
Road House Blues,amenity:cafe,Mapusa,15.6883862,73.7144358
Lama's place,amenity:cafe,Mapusa,15.6715947,73.7080865
Lovers Corner,amenity:cafe,Mapusa,15.6759932,73.7061733
Relish Fusion Cuisine And Bar,amenity:cafe,Mapusa,15.56399,73.7648697
Cafe Chopsticks,amenity:cafe,Mapusa,15.6200359,73.7371536
Lavish,amenity:cafe,Mapusa,15.6853689,73.7110779
ARGO Art Cafe,amenity:cafe,Mapusa,15.6878702,73.7067254
Because,amenity:cafe,Mapusa,15.6576439,73.7167679
Lion Lazy's,amenity:cafe,Mapusa,15.6678764,73.713504
SHO,amenity:cafe,Mapusa,15.6585149,73.7172946
Blue Flame,amenity:cafe,Mapusa,15.5765587,73.7614742
Feel good café,amenity:cafe,Mapusa,15.6759784,73.7081098
Samarat Mo-Mo Place,amenity:cafe,Mapusa,15.6858105,73.7111254
Double D,amenity:cafe,Mapusa,15.633316,73.7309277
Local (local food),amenity:cafe,Mapusa,15.6888838,73.7270885
Cremeux Nagoa,amenity:cafe,Mapusa,15.5592231,73.7774062
Cheeky Monkey,amenity:cafe,Mapusa,15.6903807,73.7022239
BOOM BOOM CAFÈ,amenity:cafe,Mapusa,15.6269617,73.7404267
Terra & Mare,amenity:cafe,Mapusa,15.6655494,73.7123193
Café DoNa,amenity:cafe,Mapusa,15.5895707,73.8636506
Himalyai cafe,amenity:cafe,Mapusa,15.626663,73.7421388
Beach vally,amenity:cafe,Mapusa,15.7078025,73.6934575
GoodWin's Coffeeshop,amenity:cafe,Mapusa,15.6872722,73.7093418
Coffee Day,amenity:cafe,Mapusa,15.5857033,73.7437991
Ambika,amenity:cafe,Mapusa,15.6882333,73.711772
Cafe unplugged,amenity:cafe,Mapusa,15.6275086,73.7281417
Por do Sol,amenity:cafe,Mapusa,15.6414873,73.7184462
Bombay coffee roasters,amenity:cafe,Mapusa,15.4950615,73.8309137
Kombo,amenity:cafe,Mapusa,15.5342829,73.7644813
Tropicana,amenity:cafe,Mapusa,15.535861,73.7576647
Harmony cafe,amenity:cafe,Mapusa,15.6835367,73.7072939
Bed Rock,amenity:cafe,Mapusa,15.6678561,73.7136116
Cafe Lisa Cake,amenity:cafe,Mapusa,15.6688768,73.7183496
Dali bar,amenity:cafe,Mapusa,15.6842717,73.7079387
Garage,amenity:cafe,Mapusa,15.6299006,73.7361658
Travellers Cafe,amenity:cafe,Mapusa,15.6295295,73.736033
Base cafe-lounge,amenity:cafe,Mapusa,15.63786,73.725601
Sanjay Shambhavi,amenity:cafe,Mapusa,15.5013394,73.9147485
Black Vanilla,amenity:cafe,Mapusa,15.5963426,73.7797587
Food truck,amenity:cafe,Mapusa,15.5859767,73.7416858
The Dragon Tibet Bar & Restraunt,amenity:cafe,Mapusa,15.6179275,73.7376325
Ganesha Inn,amenity:cafe,Mapusa,15.6493579,73.7168411
The Cafe Virgin Land,amenity:cafe,Mapusa,15.6379188,73.7253767
HOOPS Coffee,amenity:cafe,Mapusa,15.6509997,73.7164384
@nata,amenity:cafe,Mapusa,15.5764048,73.745792
Open heart cafe,amenity:cafe,Mapusa,15.6903144,73.7040869
Ca,amenity:cafe,Mapusa,15.5403629,73.765094
Cafe Red Cabinn,amenity:cafe,Mapusa,15.6838849,73.7071453
Manjunajh,amenity:cafe,Mapusa,15.6878823,73.7053749
Taste and Coffee,amenity:cafe,Mapusa,15.6883021,73.7050001
Juice Cafe,amenity:cafe,Mapusa,15.7860642,73.6559995
Phoenix Restro Bar,amenity:cafe,Mapusa,15.6905064,73.7021293
The Place,amenity:cafe,Mapusa,15.6381783,73.725271
Jane in Tribe,amenity:cafe,Mapusa,15.6297565,73.7296642
Hoops,amenity:cafe,Mapusa,15.6714335,73.7146877
LayerCake,amenity:cafe,Mapusa,15.6675362,73.7136511
Momo House,amenity:cafe,Mapusa,15.7107152,73.697227
Simpson's cafe,amenity:cafe,Mapusa,15.6836655,73.7072638
индийская забегаловка,amenity:cafe,Mapusa,15.6657528,73.722693
Artjuna,amenity:cafe,Mapusa,15.6660621,73.7141618
Bombay Coffee Roasters,amenity:cafe,Mapusa,15.5994343,73.7409726
Cookie walla,amenity:cafe,Mapusa,15.6900161,73.7048284
Aai family restaurant veg & non veg,amenity:cafe,Mapusa,15.5854359,73.7414339
Simpson's,amenity:cafe,Mapusa,15.6835545,73.7072692
Café Milega,amenity:cafe,Mapusa,15.6901261,73.704347
Negi Shack,amenity:cafe,Mapusa,15.6842916,73.7039303
Dajl's kitchen,amenity:cafe,Mapusa,15.6650616,73.7233187
Annu cafe veg & non veg,amenity:cafe,Mapusa,15.6309285,73.7457273
Ajoba God Gift,amenity:cafe,Mapusa,15.7078878,73.6935006
Taste & Coffee,amenity:cafe,Mapusa,15.6884037,73.7049919
Kafe Krish - Juice center,amenity:cafe,Mapusa,15.6312512,73.7605283
you and me,amenity:cafe,Mapusa,15.563647,73.7630979
Nepali Cakes,amenity:cafe,Mapusa,15.6926102,73.7011827
Granthik,amenity:cafe,Mapusa,15.688841,73.7269967
TEREM'OK,amenity:cafe,Mapusa,15.6265336,73.7415554
blue tokai coffee,amenity:cafe,Mapusa,15.4989836,73.8326504
Sai Deep,amenity:cafe,Mapusa,15.6888517,73.7099771
Omsai,amenity:cafe,Mapusa,15.618635,73.8390064
Cafe Candolim,amenity:cafe,Mapusa,15.5086832,73.7697057
Café Aguada,amenity:cafe,Mapusa,15.4986271,73.7701453
Dolce Amore Cafe and Bakery,amenity:cafe,Mapusa,15.5011868,73.7711469
Pandurang Cafe,amenity:cafe,Mapusa,15.5099806,73.7662369
Balaji Tea Stall,amenity:cafe,Mapusa,15.499521,73.7715606
Baskin Robbins Sinquerim,amenity:cafe,Mapusa,15.5005399,73.7715995
Yummy Tummy,amenity:cafe,Mapusa,15.4999629,73.7715125
Mo's cafe,amenity:cafe,Mapusa,15.4991459,73.8326347
ARGO ART CAFE,amenity:cafe,Mapusa,15.6879241,73.706866
Brewed Black,amenity:cafe,Mapusa,15.4660993,73.8069959
Baked by Andaz,amenity:cafe,Mapusa,15.6924456,73.7007448
coconut inn juice center,amenity:cafe,Mapusa,15.6904715,73.7259699
Taapu,amenity:cafe,Mapusa,15.5627204,73.7448381
BO Tai,amenity:cafe,Mapusa,15.5941992,73.7356564
Starbucks,amenity:cafe,Mapusa,15.4874484,73.8130213
Black Pearl,amenity:cafe,Mapusa,15.6924046,73.7033662
Om Sai Juice Center,amenity:cafe,Mapusa,15.690316,73.7140846
Grantik - Juice Center,amenity:cafe,Mapusa,15.6854626,73.7264731
Cafe Granthik,amenity:cafe,Mapusa,15.6854442,73.7262597
вкусная и не дорогая кафешка,amenity:cafe,Mapusa,15.6609787,73.738735
U Me & Handi Cafe,amenity:cafe,Mapusa,15.6853886,73.7091459
Sabor Cafe,amenity:cafe,Mapusa,15.5962202,73.7794431
Drill Press Cafe,amenity:cafe,Mapusa,15.595022,73.8341625
Bloom & Brew NOFC,amenity:cafe,Mapusa,15.5914689,73.7730991
The Caravella Cafe And Bistro,amenity:cafe,Mapusa,15.4996342,73.8316796
Cafe ShunyaWellness,amenity:cafe,Mapusa,15.6832254,73.7205472
Confetaria 31de Janerio,amenity:cafe,Mapusa,15.4973305,73.8312338
Omkar Wellness,amenity:cafe,Mapusa,15.6896064,73.7044433
Deryls Cafe,amenity:cafe,Mapusa,15.6151604,73.7982491
Palykar Brothers Food Court,amenity:cafe,Mapusa,15.5989451,73.7445132
प्राणा कैफे,amenity:cafe,Mapusa,15.5803114,73.7528665
Aunty tea shop,amenity:cafe,Mapusa,15.5844512,73.7465053
Cafe We By Okapi,amenity:cafe,Mapusa,15.5931724,73.7520981
cafeccino,amenity:cafe,Mapusa,15.7326095,73.8675587
#nourish,amenity:cafe,Mapusa,15.7324917,73.8687762
Kookaburra Cafe,amenity:cafe,Mapusa,15.6000342,73.7363546
Cafe Tatu And General Stores,amenity:cafe,Mapusa,15.5960646,73.8203329
Cafe Corner,amenity:cafe,Mapusa,15.5889995,73.8109554
Cafe Aurora,amenity:cafe,Mapusa,15.5889742,73.8110274
Pradeep Cold Drinks,amenity:cafe,Mapusa,15.5883802,73.8117273
Cafe St Xavier,amenity:cafe,Mapusa,15.5885332,73.8121339
Cafe Dhakuli,amenity:cafe,Mapusa,15.5885551,73.8120706
Prana Anjuna,amenity:cafe,Mapusa,15.5797764,73.7530153
Junas 9,amenity:cafe,Mapusa,15.6737358,73.7070078
Babka Goa,amenity:cafe,Mapusa,15.5876675,73.7622863
GShot Cafe,amenity:cafe,Mapusa,15.598766,73.772071
Cafe Aditya,amenity:cafe,Mapusa,15.6031047,73.8176233
Creek Cafe,amenity:cafe,Mapusa,15.4963037,73.8313816
La Di Da,amenity:cafe,Mapusa,15.543651,73.8124373
Mimosu Cafesserie,amenity:cafe,Mapusa,15.6138511,73.8031188
Affogato,amenity:cafe,Mapusa,15.6882979,73.7173347
Why Not?,amenity:cafe,Mapusa,15.6844106,73.7078529
Early Bird's,amenity:cafe,Mapusa,15.682806,73.7071651
Jai Ganesh,amenity:cafe,Mapusa,15.6884393,73.71362
Chai,amenity:cafe,Mapusa,15.6915545,73.7044116
Cafe prassan,amenity:cafe,Mapusa,15.4992966,73.8330145
LaVeda. Nice on  the rooftop. clean toilets. relaxing,amenity:cafe,Mapusa,15.6911419,73.7044979
Greenr,amenity:cafe,Mapusa,15.4973397,73.8317495
Good Karma,amenity:cafe,Mapusa,15.5931005,73.7519528
The Rice Mill,amenity:cafe,Mapusa,15.6350724,73.7390762
Bombay Coffee House,amenity:cafe,Mapusa,15.4985136,73.8330489
Lisa Partisserie French Cafe,amenity:cafe,Mapusa,15.6905642,73.7605176
The Flying Goat,amenity:cafe,Mapusa,15.582929,73.741484
Haus Of Caffeine,amenity:cafe,Mapusa,15.5843463,73.8033955
Rubys Organic Codfee,amenity:cafe,Mapusa,15.5217949,73.7640616
Alag Coffee,amenity:cafe,Mapusa,15.6122905,73.7728698
Good Luck Cafe,amenity:cafe,Mapusa,15.5702029,73.7442681
Soul By The Beach,amenity:cafe,Mapusa,15.5701597,73.742504
Larder & Folk,amenity:cafe,Mapusa,15.4988105,73.8322499
Cage Cotinga,amenity:cafe,Mapusa,15.5886551,73.7646112
sabr,amenity:cafe,Mapusa,15.6172152,73.7626411
alag,amenity:cafe,Mapusa,15.6126204,73.7722609
The Musafir Coworking Cafe,amenity:cafe,Mapusa,15.5760618,73.7467289
Cafe Mango Shade,amenity:cafe,Mapusa,15.573685,73.7473376
Zeitgeist,amenity:cafe,Mapusa,15.685247,73.7064585
Friends Corner Cafe,amenity:cafe,Mapusa,15.5912845,73.8061162
Cafe Deepak,amenity:cafe,Mapusa,15.5882238,73.8191448
Prabhat Restaurant,amenity:cafe,Mapusa,15.5898511,73.8112731
Zamanukha Dacha,amenity:cafe,Mapusa,15.6650122,73.7191951
Juju Bay,amenity:cafe,Mapusa,15.688033,73.7279057
Cold Drink House,amenity:cafe,Mapusa,15.5888138,73.8118472
Sai Cafe,amenity:cafe,Mapusa,15.595419,73.7511873
Maria Lobos Cafe,amenity:cafe,Mapusa,15.5719294,73.7431447
Hotel Raj Cafe,amenity:cafe,Mapusa,15.5917598,73.8559616
Susegad Siolim,amenity:cafe,Mapusa,15.6137133,73.7696385
Aurawell,amenity:cafe,Mapusa,15.4819598,73.813968
Classic Cafe,amenity:cafe,Mapusa,15.5889493,73.8144144
Madras Cafe,amenity:cafe,Mapusa,15.5895702,73.8143461
Goa Coffee.com,amenity:cafe,Mapusa,15.5950431,73.7404359
Cafe Chandrakant,amenity:cafe,Mapusa,15.5942474,73.7415373
Cafe Prashant,amenity:cafe,Mapusa,15.5905586,73.8148005
Ambika Cold Drinks,amenity:cafe,Mapusa,15.5903605,73.8114194
Sandesh Chicken Centre,amenity:cafe,Mapusa,15.5901853,73.8104187
Hotel Shree Ganeshpuri,amenity:cafe,Mapusa,15.6026254,73.8044001
Dolce Dias,amenity:cafe,Mapusa,15.5822807,73.8264487
Hotel Sandesh,amenity:cafe,Mapusa,15.5808953,73.8366627
Divya Hotel,amenity:cafe,Mapusa,15.5434282,73.7934477
Walke’s Hotel Laxmi,amenity:cafe,Mapusa,15.5996007,73.8154759
Niji,amenity:cafe,Mapusa,15.6161266,73.791195
Cafe Niharika,amenity:cafe,Mapusa,15.5817993,73.8206799
Cafe Shree,amenity:cafe,Mapusa,15.5972657,73.821649
Vithal Hotel,amenity:cafe,Mapusa,15.6021931,73.7517126
Shiva Hotel,amenity:cafe,Mapusa,15.5940341,73.8137254
Bus Stand Canteen,amenity:cafe,Mapusa,15.5884467,73.8096384
Laxmi Tea Stall,amenity:cafe,Mapusa,15.6126839,73.8059935
Cafe Soopoo,amenity:cafe,Mapusa,15.4394519,73.901813
Sai Sadanand Veg,amenity:cafe,Mapusa,15.5885131,73.8121772
Oya's Umami Cafe,amenity:cafe,Mapusa,15.4812934,73.8129515
Cafe Prakash,amenity:cafe,Mapusa,15.5825554,73.8247013
Swaad Upahargruh,amenity:cafe,Mapusa,15.5892088,73.8143695
Vaman General Stores And Hotel,amenity:cafe,Mapusa,15.5888841,73.8192079
Cream Choc Café,amenity:cafe,Mapusa,15.5925775,73.8545496
Velvet Scoops Gelateria & Cafe,amenity:cafe,Mapusa,15.6296798,73.7601072
Hotel Shilpa,amenity:cafe,Mapusa,15.5895154,73.8119715
Cafe Papa,amenity:cafe,Mapusa,15.5897155,73.8126678
Artjuna Panjim,amenity:cafe,Mapusa,15.497847,73.8258291
Sateri Cafe,amenity:cafe,Mapusa,15.5883892,73.8113929
Sai Hotel,amenity:cafe,Mapusa,15.5882538,73.8109868
Mapusa Cafe,amenity:cafe,Mapusa,15.5881953,73.811128
Cafe Shiv Malhar,amenity:cafe,Mapusa,15.5878694,73.8124571
Vasant Cold Drink,amenity:cafe,Mapusa,15.5881231,73.8113108
Cafe Shantadurga,amenity:cafe,Mapusa,15.588563,73.811065
Hotel Samadhan,amenity:cafe,Mapusa,15.591632,73.8114879
Pradeepa South Indian Veg Tiffin,amenity:cafe,Mapusa,15.6177376,73.7697493
Laxmi Restaurant,amenity:cafe,Mapusa,15.5912513,73.8132409
Maverick & Farmer Coffee,amenity:cafe,Mapusa,15.499219,73.8321784
Hotel Manjunath,amenity:cafe,Mapusa,15.6318318,73.7644321
Karma Cafe,amenity:cafe,Mapusa,15.6303254,73.7651106
Casa De Cha,amenity:cafe,Mapusa,15.6316896,73.7646001
Hotel Ruchik,amenity:cafe,Mapusa,15.5871116,73.812755
Om Sai Hotel,amenity:cafe,Mapusa,15.5872441,73.812899
Cafe Forever,amenity:cafe,Mapusa,15.5872322,73.8129309
Aamche Cafe,amenity:cafe,Mapusa,15.6159083,73.7878222
Barefoot Coworking,amenity:cafe,Mapusa,15.5664218,73.7774522
Awani Plant Based,amenity:cafe,Mapusa,15.6887069,73.7080406
Cafe Morongo,amenity:cafe,Mapusa,15.4983503,73.8314374
VEG O’GOA,amenity:cafe,Mapusa,15.54153,73.7609862
Garden of Dreams,amenity:cafe,Mapusa,15.6944444,73.7227452
Lucky Cafe,amenity:cafe,Mapusa,15.6902877,73.7040188
Patrems Pizzeria & Bakery,amenity:cafe,Mapusa,15.6901959,73.7041494
7am Cafe,amenity:cafe,Mapusa,15.6901025,73.7040641
Rayan Cafe,amenity:cafe,Mapusa,15.6200361,73.7315773
Why Not Morjim Beach Shack,amenity:cafe,Mapusa,15.6197038,73.7317132
The Harrd Rock Beach Shack,amenity:cafe,Mapusa,15.620412,73.7314219
Happy Turtle,amenity:cafe,Mapusa,15.6207071,73.7312931
Boom Shack,amenity:cafe,Mapusa,15.6194348,73.7318472
Café Osa,amenity:cafe,Mapusa,15.6324328,73.733612
French Bakery,amenity:cafe,Mapusa,15.6329371,73.7314457
Hungry Hippies,amenity:cafe,Mapusa,15.622634,73.7308818
Del Mar Cafe,amenity:cafe,Mapusa,15.6209138,73.7311731
Vision Hospital Cafe,amenity:cafe,Mapusa,15.604825,73.8202753
Cafe Gaures,amenity:cafe,Mapusa,15.588628,73.8132284
Chandrakant Delux's,amenity:cafe,Mapusa,15.5886412,73.8131905
Greenr Assagao,amenity:cafe,Mapusa,15.5934846,73.7759776
la maison,amenity:cafe,Mapusa,15.5820177,73.7529183
Cafe Flashback,amenity:cafe,Mapusa,15.5301819,73.9040969
Cafe Кафе Вертолетка,amenity:cafe,Mapusa,15.6745988,73.709121
Casanova,amenity:cafe,Mapusa,15.5980135,73.7448982
malyali cafe,amenity:cafe,Mapusa,15.3879483,73.8642789
Baskin Robins,amenity:cafe,Mapusa,15.5974749,73.7416849
Moonlight,amenity:cafe,Mapusa,15.5967662,73.7354077
Furtado House,tourism:museum,Calangute,15.5872846,73.7604163
Indian Customs & Central Excise Museum,tourism:museum,Calangute,15.501018,73.82824
Museum of Goa,tourism:museum,Calangute,15.5256419,73.7953062
Archeological Museum,tourism:museum,Calangute,15.5030859,73.9108979
Moda Goa Museum & Research Centre,tourism:museum,Calangute,15.6449534,73.8335967
Museum of Christian Art,tourism:museum,Calangute,15.5012472,73.9069533
Benz Wax Museum,tourism:museum,Calangute,15.5608751,73.7634328
Archiepiscopal Palace,tourism:museum,Calangute,15.5038839,73.9116483
Naval Aviation Museum,tourism:museum,Calangute,15.374619,73.8388383
Goa Museum,tourism:museum,Calangute,15.5006707,73.8300332
Wax World Museum,tourism:museum,Calangute,15.5002535,73.9138255
Houses of Goa,tourism:museum,Calangute,15.5303209,73.8406214
Solar Souto Maior,tourism:museum,Calangute,15.4997162,73.8940879
Aguada Port and Jail Complex,tourism:museum,Calangute,15.4915951,73.7758171
Panjim city view point,tourism:viewpoint,Calangute,15.4900856,73.828682
Miramar beach,tourism:viewpoint,Calangute,15.4828903,73.8067245
Arambol Beach Mountain,tourism:viewpoint,Calangute,15.6928174,73.6988541
Bridge to Mansher,tourism:viewpoint,Calangute,15.445798,73.9325517
Near Chapora Fort,tourism:viewpoint,Calangute,15.6074052,73.7321763
Onyx Beach,tourism:viewpoint,Calangute,15.4930465,73.7777712
Sinquerim Fort view Point,tourism:viewpoint,Calangute,15.4975941,73.7649039
Sunset point,tourism:viewpoint,Calangute,15.5683215,73.7423574
Caranzalem Bay View Point,tourism:viewpoint,Calangute,15.4596344,73.7975788
Fontainhas Viewpoint,tourism:viewpoint,Calangute,15.4966124,73.8305403
Vagator Sunset Viewpoint,tourism:viewpoint,Calangute,15.5993978,73.7335655
Badem Sunset Viewpoint,tourism:viewpoint,Calangute,15.6078966,73.7512609
Chapora River Viewpoint,tourism:viewpoint,Calangute,15.6510156,73.7896622
Old Ferry Point,tourism:viewpoint,Calangute,15.6471824,73.8400029
Aldona Teen Manos,tourism:viewpoint,Calangute,15.6007647,73.8682656
Marna Khazans,tourism:viewpoint,Calangute,15.6161299,73.7731073
Anjuna Valley Viewpoint,tourism:viewpoint,Calangute,15.5934748,73.7473331
Mandovi River Viewpoint,tourism:viewpoint,Calangute,15.5018725,73.9045076
Sunset Viewpoint,tourism:viewpoint,Calangute,15.5845203,73.7371485
SunRiSet,tourism:viewpoint,Calangute,15.7218726,73.6833431
Mapusa Town Viewpoint,tourism:viewpoint,Calangute,15.5957167,73.7981828
Marna River View,tourism:viewpoint,Calangute,15.6171744,73.7731196
Visarjan Ghat,tourism:viewpoint,Calangute,15.5328253,73.8489417
Nike,shop:clothes,Calangute,15.5003424,73.8271272
Lacoste,shop:clothes,Calangute,15.5005858,73.8271877
United Colors of Benetton,shop:clothes,Calangute,15.5005961,73.8271285
Vishakha Sarees,shop:clothes,Calangute,15.586895,73.81203
New Yorker,shop:clothes,Calangute,15.516874,73.95584
Baburao Cloth Corner,shop:clothes,Calangute,15.665054,73.72318
Silk Tesori,shop:clothes,Calangute,15.398317,73.83245
Madgaonkar Selection,shop:clothes,Calangute,15.396163,73.81004
Mustafa collection,shop:clothes,Calangute,15.398437,73.811584
Al Javeed Garments,shop:clothes,Calangute,15.40009,73.80283
Mark & Spencer's,shop:clothes,Calangute,15.5256214,73.8273512
Levi's,shop:clothes,Calangute,15.5258606,73.8274497
Lee,shop:clothes,Calangute,15.5255701,73.8272457
Tommy Hilfiger,shop:clothes,Calangute,15.525782,73.8271029
Sisley,shop:clothes,Calangute,15.35334,73.891868
Chocolate Leather,shop:clothes,Calangute,15.6387567,73.7245525
mukhtagar,shop:clothes,Calangute,15.5348043,73.8249621
Gini and jony,shop:clothes,Calangute,15.5005407,73.8284841
Triveni collections,shop:clothes,Calangute,15.5007357,73.8293031
Bharne,shop:clothes,Calangute,15.5004848,73.8281045
Peter England,shop:clothes,Calangute,15.5003987,73.8288716
Cotton cottage,shop:clothes,Calangute,15.49988,73.8266191
Ninja Shoes,shop:clothes,Calangute,15.6885866,73.7051301
Jyo Fashion Studio,shop:clothes,Calangute,15.5442359,73.8206186
Welfits Silhouettes,shop:clothes,Calangute,15.4979273,73.8322681
T&A,shop:clothes,Calangute,15.4973845,73.8270038
Linen Club,shop:clothes,Calangute,15.4987059,73.8238282
PR Enterprises,shop:clothes,Calangute,15.5612624,73.7498237
Wills lifestyle,shop:clothes,Calangute,15.5256544,73.8271906
Ed Hardy,shop:clothes,Calangute,15.5259101,73.827197
Van Heusen,shop:clothes,Calangute,15.5260245,73.827239
Manyavar,shop:clothes,Calangute,15.5256821,73.8274374
U.S. Polo Assn.,shop:clothes,Calangute,15.5259659,73.8272861
Park Avenue,shop:clothes,Calangute,15.5259436,73.8270177
Aurelia,shop:clothes,Calangute,15.5258856,73.8272334
Sus,shop:clothes,Calangute,15.526083,73.8272766
Blackberrys,shop:clothes,Calangute,15.5259593,73.8271739
Puma,shop:clothes,Calangute,15.5260287,73.8273253
Mufti,shop:clothes,Calangute,15.5258363,73.8270599
Soch,shop:clothes,Calangute,15.5258736,73.827263
Fabindia,shop:clothes,Calangute,15.5260622,73.8271941
Auroville Express,shop:clothes,Calangute,15.5258361,73.8271002
Calvin Klein,shop:clothes,Calangute,15.525807,73.8272835
Louis Filipe,shop:clothes,Calangute,15.5257735,73.8272294
Pepe Jeans,shop:clothes,Calangute,15.5259822,73.8273998
colorplus,shop:clothes,Calangute,15.5258342,73.8271577
Benz Nx designer,shop:clothes,Calangute,15.5257604,73.8273561
Very,shop:clothes,Calangute,15.525742,73.8274549
Max,shop:clothes,Calangute,15.5256195,73.8274186
Lee Cooper,shop:clothes,Calangute,15.5342081,73.7642942
And,shop:clothes,Calangute,15.5260266,73.8274837
Zibaish creations,shop:clothes,Calangute,15.3917074,73.8166753
En Vogue,shop:clothes,Calangute,15.3986133,73.8169441
Sayani fashions,shop:clothes,Calangute,15.3962382,73.8098703
Mario gallery,shop:clothes,Calangute,15.5000903,73.8277539
Tarini,shop:clothes,Calangute,15.4969525,73.8197635
Mr. Textiles,shop:clothes,Calangute,15.5621513,74.0091927
Billy Leather Shop,shop:clothes,Calangute,15.5962128,73.7444142
Ali leather butique,shop:clothes,Calangute,15.539121,73.7645785
Levi’s,shop:clothes,Calangute,15.5324604,73.7644025
Sana fashion point,shop:clothes,Calangute,15.5454313,73.7588478
Cottons Jaipur,shop:clothes,Calangute,15.4977745,73.8270494
Swimming Shoppee,shop:clothes,Calangute,15.5430933,73.8211539
Wendell Rodericks Design Space,shop:clothes,Calangute,15.4952523,73.8194327
Chintamani Alchemistry,shop:clothes,Calangute,15.6660941,73.7139207
Dean Alan,shop:clothes,Calangute,15.6658439,73.7147825
Shop,shop:clothes,Calangute,15.6916505,73.7044064
Max Fashion,shop:clothes,Calangute,15.3973082,73.8091274
Bean Me UP,shop:clothes,Calangute,15.5960301,73.747738
Poshak Enterprises,shop:clothes,Calangute,15.5868164,73.8129559
Just Casuals,shop:clothes,Calangute,15.4995584,73.8264537
XTEND,shop:clothes,Calangute,15.497403,73.8358414
Goan Beach Wear,shop:clothes,Calangute,15.4984375,73.7703044
Yes Helping Hands Pashmina,shop:clothes,Calangute,15.5054909,73.7703938
Antra Sarees & Boutique,shop:clothes,Calangute,15.5101798,73.7666872
Vanshika,shop:clothes,Calangute,15.5462976,73.7956
Indian project,shop:clothes,Calangute,15.5821993,73.75264
Mall De Goa,shop:clothes,Calangute,15.5259327,73.826916
Manvi,shop:clothes,Calangute,15.5271027,73.7657198
Shantam Textiles,shop:clothes,Calangute,15.4985682,73.8280709
Desi Heritage,shop:clothes,Calangute,15.5909083,73.8117284
Go Colors,shop:clothes,Calangute,15.732477,73.8676864
Custom Tees,shop:clothes,Calangute,15.4978438,73.8650317
Dress for less,shop:clothes,Calangute,15.4970471,73.8259526
Ella de sire,shop:clothes,Calangute,15.4970074,73.8258865
Orange Oregano,shop:clothes,Calangute,15.5909052,73.7700644
SA Brand United,shop:clothes,Calangute,15.545884,73.803236
Clothing Atore,shop:clothes,Calangute,15.5694273,73.7426848
Zudio,shop:clothes,Calangute,15.5345998,73.8235131
Villa Mor Village Shop,shop:clothes,Calangute,15.5971944,73.8507119
Step In Style,shop:clothes,Calangute,15.5884969,73.812007
Cross Road,shop:clothes,Calangute,15.5888893,73.8118322
United colors og benneton,shop:clothes,Calangute,15.5322745,73.8243902
Grab For Less,shop:clothes,Calangute,15.5838938,73.8117204
Ram Mala Wala,shop:clothes,Calangute,15.6921811,73.704292
Jockey,shop:clothes,Calangute,15.5891059,73.8134616
Saroj Saree Emporium,shop:clothes,Calangute,15.5888949,73.8132061
Palm Flair,shop:clothes,Calangute,15.5873049,73.7582694
Hirve Saree Shop,shop:clothes,Calangute,15.5891488,73.8111465
Chafa Clothing Antiques And Accessories,shop:clothes,Calangute,15.6020768,73.8132817
SV Suits,shop:clothes,Calangute,15.5900881,73.8179319
Salwar,shop:clothes,Calangute,15.5886064,73.8119079
Sawant Stores,shop:clothes,Calangute,15.5885237,73.8117695
Dhankar Garments,shop:clothes,Calangute,15.5887169,73.8117159
1st Look Collection,shop:clothes,Calangute,15.5881465,73.8124515
Glamour Fashion Boutique,shop:clothes,Calangute,15.5881162,73.8124409
Jeans Corner,shop:clothes,Calangute,15.5884222,73.8125602
Shree Bhavani Collections,shop:clothes,Calangute,15.588269,73.8124965
Shambu Vithal Gaad,shop:clothes,Calangute,15.589009,73.8118449
Dhekne And Sons Cloth Merchant,shop:clothes,Calangute,15.5893204,73.8110338
Mishal Brothers Cloth Merchant,shop:clothes,Calangute,15.5892705,73.8111827
J.K. Kavlekar And Sons,shop:clothes,Calangute,15.5892462,73.8112349
Shirodkar Cloth Merchants,shop:clothes,Calangute,15.5892245,73.8113054
Malsons,shop:clothes,Calangute,15.5889673,73.8119471
Casa Siolcar,shop:clothes,Calangute,15.5893041,73.8110881
Siolcar Sons,shop:clothes,Calangute,15.5892854,73.8111339
Shreeji Sadiwala,shop:clothes,Calangute,15.5894896,73.8108995
Superdry,shop:clothes,Calangute,15.7321575,73.8676691
Amara Boutique,shop:clothes,Calangute,15.6696535,73.7134031
Wyna's Collection,shop:clothes,Calangute,15.5869526,73.8127686
Pattu Sarees,shop:clothes,Calangute,15.5871753,73.8128206
My Choice,shop:clothes,Calangute,15.6297773,73.8772853
Nizamis Classic,shop:clothes,Calangute,15.5873971,73.8131672
Westside,shop:clothes,Calangute,15.5336717,73.8217734
Valery Co,shop:clothes,Calangute,15.5329768,73.8220891
Cosmetic Culture,shop:clothes,Calangute,15.5329493,73.8220406
Dangui Matching Center,shop:clothes,Calangute,15.5880027,73.8124863
Robaldo Womens Clothing,shop:clothes,Calangute,15.5878243,73.8127772
Comforts,shop:clothes,Calangute,15.5879234,73.8125684
Fashion Palace,shop:clothes,Calangute,15.4993457,73.831452
Ethnicnari,shop:clothes,Calangute,15.5200085,73.8326205
D.R.C Collection,shop:clothes,Calangute,15.5886328,73.8132189
Shantadurga Matching Center,shop:clothes,Calangute,15.5890311,73.8112283
Bharat Collection Western Wear,shop:clothes,Calangute,15.5890918,73.8110618
Matching Center,shop:clothes,Calangute,15.5890071,73.8111385
Falti Store,shop:clothes,Calangute,15.5887118,73.8113054
R.M.Selection,shop:clothes,Calangute,15.5887562,73.811601
CottonFab,shop:clothes,Calangute,15.588958,73.8113027
Kurta Hub,shop:clothes,Calangute,15.5886226,73.8115606
Vasudev Vithal Pai,shop:clothes,Calangute,15.5887213,73.8114652
Moye's Kids Center,shop:clothes,Calangute,15.5886802,73.8115939
Anushree Selection,shop:clothes,Calangute,15.5885898,73.811645
Raul Hoisery Mart,shop:clothes,Calangute,15.5887039,73.8115166
Falari Collection Ethnic Wear,shop:clothes,Calangute,15.5886678,73.8114386
Loja Bharat Matching Center,shop:clothes,Calangute,15.5887595,73.8113849
Mustafas Honesty,shop:clothes,Calangute,15.5886632,73.8116372
Karpe Cloth Center,shop:clothes,Calangute,15.58868,73.8114021
S.V.  Bandodkar,shop:clothes,Calangute,15.589296,73.8108261
Mahabaleshwar Prabhu Verlekar Cloth Merchant,shop:clothes,Calangute,15.5893686,73.8111881
S.D. Prabhu Salgaobkar Silk And Cloth Dealers,shop:clothes,Calangute,15.5893898,73.8111292
Lucky 7,shop:clothes,Calangute,15.5873376,73.8121233
Fiza Garments,shop:clothes,Calangute,15.5873577,73.8116937
X-Pose Garment Bazaar,shop:clothes,Calangute,15.5870915,73.8117264
Shaana Traders,shop:clothes,Calangute,15.5872064,73.8116188
Open Hand,tourism:attraction,Chandigarh,30.7590932,76.807404
Buddha statue,tourism:attraction,Chandigarh,30.7384137,76.8301369
Dewsun,tourism:attraction,Chandigarh,30.7599505,76.7825261
"SCO-22, Sector 33-D",tourism:attraction,Chandigarh,30.7134135,76.7687024
2620,tourism:attraction,Chandigarh,30.7292339,76.7688072
3131,tourism:attraction,Chandigarh,30.7323539,76.7651536
Park,tourism:attraction,Chandigarh,30.7296328,76.7677765
2624,tourism:attraction,Chandigarh,30.7292093,76.7691104
Garden of springs,tourism:attraction,Chandigarh,30.7236921,76.7362306
SCO-21,tourism:attraction,Chandigarh,30.7134964,76.7688512
SCO-22,tourism:attraction,Chandigarh,30.7134564,76.7687524
DLF,tourism:attraction,Chandigarh,30.7354516,76.7962179
Monkey point (entry),tourism:attraction,Chandigarh,30.8839747,76.974465
Sunset point,tourism:attraction,Chandigarh,30.8917716,76.971174
Monkey Point Kasauli,tourism:attraction,Chandigarh,30.8785422,76.9749487
Rose Garden,tourism:attraction,Chandigarh,30.7461071,76.781557
Secretariat Building,tourism:attraction,Chandigarh,30.7611986,76.8005804
Punjab and Haryana High Court,tourism:attraction,Chandigarh,30.7572731,76.8066089
Palace of Assembly,tourism:attraction,Chandigarh,30.761021,76.8031982
Gandhi Bhavan,tourism:attraction,Chandigarh,30.7618149,76.7713896
Yadavindra Gardens,tourism:attraction,Chandigarh,30.7925518,76.9121165
Rock Garden,tourism:attraction,Chandigarh,30.7531591,76.8061529
Panjab University Market,tourism:attraction,Chandigarh,30.755926,76.767653
Kalagram,tourism:attraction,Chandigarh,30.7100925,76.8262292
Connaught Place Extension- CPX,shop:mall,Chandigarh,30.680122,76.6677825
Piccadily Square Mall,shop:mall,Chandigarh,30.7235216,76.7675899
Cosmo Mall,shop:mall,Chandigarh,30.6372939,76.8219275
Nexus Elante Mall,shop:mall,Chandigarh,30.7053278,76.8011451
Paras Downtown Square Mall,shop:mall,Chandigarh,30.6603146,76.8220926
Bestech Square,shop:mall,Chandigarh,30.6734723,76.7401984
Shopping Complex,shop:mall,Chandigarh,30.6637876,76.7256205
North Country Mall,shop:mall,Chandigarh,30.736666,76.678832
Shalimaar Mall,shop:mall,Chandigarh,30.702365,76.8511123
Dhillon Plaza,shop:mall,Chandigarh,30.6199789,76.8230829
Luxurio Sukh Plaza,shop:mall,Chandigarh,30.7632097,76.6045892
Centra Mall,shop:mall,Chandigarh,30.7068939,76.7966158
Kala Emporium,shop:clothes,Chandigarh,30.7600914,76.7824244
Fabindia,shop:clothes,Chandigarh,30.7437237,76.7843156
Amar Fabrics,shop:clothes,Chandigarh,30.7306557,76.7902776
Fila,shop:clothes,Chandigarh,30.741187,76.7797447
Zara Showroom,shop:clothes,Chandigarh,30.7049228,76.8018167
Vishal Handloom,shop:clothes,Chandigarh,30.6944613,76.8449965
Lifestyle Needs,shop:clothes,Chandigarh,30.6697647,76.8848486
Sai Garments,shop:clothes,Chandigarh,30.7172922,76.8493655
Hare Krishna Garments,shop:clothes,Chandigarh,30.66977,76.8846183
Shri Durga Garments,shop:clothes,Chandigarh,30.6697796,76.8842785
Gomti Fashion Mall,shop:clothes,Chandigarh,30.6698109,76.8863447
Sachdeva Trends,shop:clothes,Chandigarh,30.6943355,76.8459357
My Shoppee Fashion Centre,shop:clothes,Chandigarh,30.6861593,76.8534288
Players,shop:clothes,Chandigarh,30.6116047,76.8429108
Biba,shop:clothes,Chandigarh,30.6359401,76.8234557
Shiv Garments Kids store,shop:clothes,Chandigarh,30.7342582,76.7698932
Amayra,shop:clothes,Chandigarh,30.7403819,76.7804234
La Pinoz,amenity:cafe,Mohali,30.7543603,76.7702174
CDX,amenity:cafe,Mohali,30.686198,76.6652685
Barista,amenity:cafe,Mohali,30.759609,76.7827465
Coffee Day,amenity:cafe,Mohali,30.7596395,76.7827205
TQ,amenity:cafe,Mohali,30.5147739,76.660105
The Crown Patisserie,amenity:cafe,Mohali,30.7401374,76.7806591
Cafe Coffee Day,amenity:cafe,Mohali,30.8820798,76.5528352
Chaayos,amenity:cafe,Mohali,30.7301713,76.7735395
Barista Gharuan,amenity:cafe,Mohali,30.7789663,76.5510262
Vinnie's Bakery,amenity:cafe,Mohali,30.7186543,76.7659887
Sree Annam Cafe,amenity:cafe,Mohali,30.7225076,76.8752538
Vinty Cafe,amenity:cafe,Mohali,30.6937025,76.8798759
Sips & Giggles,amenity:cafe,Mohali,30.6951149,76.8799319
Woods cafe,amenity:cafe,Mohali,30.7511308,76.8123752
Dialogue cafe,amenity:cafe,Mohali,30.7258327,76.7668732
Sunvik Cafe,amenity:cafe,Mohali,30.7776235,76.7833595
Bakers Oven,amenity:cafe,Mohali,30.6396647,76.823111
Grapewine,amenity:cafe,Mohali,30.7302106,76.7735059
Beige cafe & bakery,amenity:cafe,Mohali,30.7325473,76.7994039
HR CAFE,amenity:cafe,Mohali,30.7712358,76.5702397
Starbucks,amenity:cafe,Mohali,30.6966851,76.8575962
Retro Mocha,amenity:cafe,Mohali,30.6846572,76.7223668
Dara Singh Chowk,leisure:garden,Mohali,30.7353405,76.7092823
Mango Tree Farm,leisure:garden,Mohali,30.7092276,76.7972399
National Cactus and Succulent Botanical Garden and Research Centre,leisure:garden,Mohali,30.6974509,76.8512333
Mango Groove Garden,leisure:garden,Mohali,30.7669132,76.7845593
Rock Garden,leisure:garden,Mohali,30.7531591,76.8061529
Herbel Garden,leisure:garden,Mohali,30.6853109,76.6648495
NCC Ground,leisure:garden,Mohali,30.7666217,76.7870462
Rose Garden,leisure:garden,Mohali,30.6815443,76.6054096
Shawa Shawa Dhaba,amenity:restaurant,Amritsar,31.6167324,74.690317
Neelam's,amenity:restaurant,Amritsar,31.6214506,74.8791946
Bharawan Da Dhaba,amenity:restaurant,Amritsar,31.6259603,74.8777736
Bade Bhai Ka Brothers' Dhaba,amenity:restaurant,Amritsar,31.6258351,74.8776194
Café Kebab,amenity:restaurant,Amritsar,31.644322,74.8766634
Shahi Rasoi,amenity:restaurant,Amritsar,31.624174,74.8796216
Kesar Da Dhaba,amenity:restaurant,Amritsar,31.624196,74.8728244
Haveli,amenity:restaurant,Amritsar,31.5714873,75.0191445
Balle Balle Dhaba,amenity:restaurant,Amritsar,31.61673,74.6901765
Punjabi Dhaba,amenity:restaurant,Amritsar,31.6217294,74.8799726
Indian Resturant,amenity:restaurant,Amritsar,31.6265111,74.8599909
Brother’s Amritsari Dhaba,amenity:restaurant,Amritsar,31.6224683,74.8795697
Raj Punjabi Dhaba,amenity:restaurant,Amritsar,31.6266175,74.8782182
Birjwasi Chat,amenity:restaurant,Amritsar,31.6349929,74.8757926
Domino's,amenity:restaurant,Amritsar,31.6225952,74.8796221
Tasty Bite,amenity:restaurant,Amritsar,31.6206823,74.8792143
Arts Cafe,amenity:restaurant,Amritsar,31.6369177,74.8270245
Electronics Canteen,amenity:restaurant,Amritsar,31.6352878,74.8236226
The Amritsar Haveli,amenity:restaurant,Amritsar,31.6242013,74.8787162
A.C. Chicken,amenity:restaurant,Amritsar,31.6276867,74.8827576
Novelty Restaurant,amenity:restaurant,Amritsar,31.6416008,74.8752483
Haweli Restaurant,amenity:restaurant,Amritsar,31.6225843,74.7476008
Unique Kulcha Land,amenity:restaurant,Amritsar,31.6224635,74.8781732
Saroj Vaishno Dhaba,amenity:restaurant,Amritsar,31.6430282,74.896105
The Pisa Pizza,amenity:restaurant,Amritsar,31.6456665,74.8919178
IRCTC Food Plaza,amenity:restaurant,Amritsar,31.633461,74.8680892
Khalsa Kulchya Wale,amenity:restaurant,Amritsar,31.6125198,74.8795115
Aadhar Restaurant,amenity:restaurant,Amritsar,31.6303574,74.8730872
Pehelwan Kulcha Shop,amenity:restaurant,Amritsar,31.6144143,74.8761102
crafty bean(Amritsar),amenity:restaurant,Amritsar,31.6572897,74.8552441
Crystal Restaurant,amenity:restaurant,Amritsar,31.6354389,74.8758265
Zyka,amenity:restaurant,Amritsar,31.6216361,74.8792663
South Indian Madrasi Dosa Wali,amenity:restaurant,Amritsar,31.6382334,74.8754492
Laavista Cafe & Restaurant,amenity:restaurant,Amritsar,31.6677577,74.8927519
New Kundan Dhaba,amenity:restaurant,Amritsar,31.6351079,74.8651144
Daawat,amenity:restaurant,Amritsar,31.6079819,74.8808531
Langar Ghar Free Community Kitchen,amenity:restaurant,Amritsar,31.6195207,74.8778821
Arora Restaurant,amenity:restaurant,Amritsar,31.7001276,74.821815
SHAHI QILA,amenity:restaurant,Amritsar,31.6057316,74.5768656
The Eternity,amenity:restaurant,Amritsar,31.6567737,74.8669136
Bansal Bakers,amenity:restaurant,Amritsar,31.6414661,74.8760833
Maharaja Ranjit Singh War Museum,tourism:museum,Ludhiana,30.9576446,75.8228704
Singhpura colony,tourism:viewpoint,Ludhiana,30.912044,75.7754481
"56,Singhpura colony, Ludhiana",tourism:viewpoint,Ludhiana,30.9117487,75.7766411
"Vill. Ayali Khurd, Ludhiana",tourism:viewpoint,Ludhiana,30.9175845,75.7712724
"Vill. Bagge Khurd, Ludhiana",tourism:viewpoint,Ludhiana,30.9499112,75.7657966
Kochar Market Chowk,tourism:viewpoint,Ludhiana,30.8969455,75.8386246
Cheema Chowk,tourism:viewpoint,Ludhiana,30.8978799,75.8721054
Samrala Chowk,tourism:viewpoint,Ludhiana,30.9106098,75.8795735
#4500,tourism:viewpoint,Ludhiana,30.8661889,75.8645247
Garden,leisure:garden,Ludhiana,30.7740486,75.6499042
Pharmacy Park,leisure:garden,Ludhiana,30.7743542,75.6518651
Aarti Chowk,leisure:garden,Ludhiana,30.9004221,75.82687
Moti Bagh Palace (Old),tourism:attraction,Patiala,30.3055454,76.394099
Chawla's Chicken Treat,amenity:restaurant,Patiala,30.3386465,76.3815716
Multani Dhaba,amenity:restaurant,Patiala,30.566162,76.4581174
Maan Vaishno Dhaba,amenity:restaurant,Patiala,30.5711397,76.4489723
Gill Tourist Dhaba,amenity:restaurant,Patiala,30.5435513,76.4968859
Fauji Dhaba,amenity:restaurant,Patiala,30.5212416,76.5347452
Kanwal Palce,amenity:restaurant,Patiala,30.4794629,76.6060147
Haveli,amenity:restaurant,Patiala,30.5493415,76.4874553
Kaka Dhaba,amenity:restaurant,Patiala,30.4935266,76.5898519
Simran Dhaba,amenity:restaurant,Patiala,30.4935547,76.5892903
My Village Dhaba,amenity:restaurant,Patiala,30.4730539,76.6177907
Midway Dhaba,amenity:restaurant,Patiala,30.4774004,76.6084903
Gopal Sweets,amenity:restaurant,Patiala,30.3307848,76.3896039
Chawlas,amenity:restaurant,Patiala,30.6076238,76.392879
Gyani dhaba,amenity:restaurant,Patiala,30.6047804,76.3926194
Royal Castle,amenity:restaurant,Patiala,30.297233,76.2875343
Corner Hotel & Restaurant,amenity:restaurant,Patiala,30.3411347,76.4009599
Mohan Continental Hotel,amenity:restaurant,Patiala,30.3344886,76.3868783
Hotel Jiwan Plaza,amenity:restaurant,Patiala,30.3446879,76.3784884
Manglam Dhaba,amenity:restaurant,Patiala,30.4610424,76.6364436
Casba Resort,amenity:restaurant,Patiala,30.3821552,76.4877669
Wrapchik,amenity:restaurant,Patiala,30.3543873,76.3620755
Gurpreet Vaishno Dhaba,amenity:restaurant,Patiala,30.4430452,76.4066336
Pizza Nation,amenity:restaurant,Patiala,30.3541779,76.3622927
Jaggi Restaurant,amenity:restaurant,Patiala,30.3436359,76.3785014
COOL N FIRE,amenity:restaurant,Patiala,30.3348931,76.3835331
The Dessert Club,amenity:restaurant,Patiala,30.3357004,76.3829249
THE YELLOW STONE,amenity:restaurant,Patiala,30.3772765,76.3524339
Hotel Narain Continental,amenity:restaurant,Patiala,30.3316443,76.3929687
EC•CO Cafe & Alehouse,amenity:restaurant,Patiala,30.3454151,76.3801213
Ahaar,amenity:restaurant,Patiala,30.3530144,76.3721792
Sips and Bites,amenity:restaurant,Patiala,30.3542207,76.362246
Patiala House,amenity:restaurant,Patiala,30.3260868,76.3914183
Club -16,amenity:restaurant,Patiala,30.3234273,76.3892689
Churi House,amenity:restaurant,Patiala,30.3350326,76.3831143
Kravings,amenity:restaurant,Patiala,30.3536108,76.3671026
Canteen(G Block),amenity:restaurant,Patiala,30.3527978,76.3689367
Rahul Graphics,tourism:attraction,Jalandhar,31.2886261,75.7657092
aas di kiran (Diyalpur),tourism:attraction,Jalandhar,31.4528487,75.4543568
Jang-e-Azadi Memorial,tourism:museum,Jalandhar,31.4335013,75.5055678
Midway,amenity:cafe,Jalandhar,31.3679632,75.4114094
ChaiObite,amenity:cafe,Jalandhar,31.3026552,75.5965462
Bittu Di Chaa,amenity:cafe,Jalandhar,31.3038321,75.5958453
Barista,amenity:cafe,Jalandhar,31.3178849,75.5849352
Zoca Cafe,amenity:cafe,Jalandhar,31.2885922,75.5893307
APNA CHAIWALA,amenity:cafe,Jalandhar,31.214412,75.776322
NINETEEN23,amenity:cafe,Jalandhar,31.2981687,75.5879099
Tea Steam Cafe,amenity:cafe,Jalandhar,31.2977906,75.5807554
Kulhad Masti,amenity:cafe,Jalandhar,31.2542847,75.6995371
Ansal Plaza,shop:mall,Jalandhar,31.2778071,75.6755378
Best Price,shop:mall,Jalandhar,31.2912943,75.6567381
Ansal plaza,shop:mall,Jalandhar,31.2776088,75.6752176
Down town fashion,shop:mall,Jalandhar,31.2223653,75.7606523
Bittoo School Dresses,shop:clothes,Bathinda,30.4475077,74.8817646
City Craze,shop:clothes,Bathinda,30.2129101,74.9355752
Turbans,shop:clothes,Bathinda,30.2129047,74.9356477
Denim Library,shop:clothes,Bathinda,30.2129055,74.9358618
Peter England,shop:clothes,Bathinda,30.225384,75.0630958
Sportking,shop:clothes,Bathinda,30.2108119,74.9387648
Tower of Shadows,historic:monument,Panchkula,30.7596107,76.8040942
Geometric Hill,historic:monument,Panchkula,30.7589661,76.8037743
Martyrs Memorial,historic:monument,Panchkula,30.7594636,76.8048905
Tank Monument,historic:monument,Panchkula,30.7495416,76.7867251
La Pinoz,amenity:cafe,Panchkula,30.7543603,76.7702174
CDX,amenity:cafe,Panchkula,30.686198,76.6652685
Barista,amenity:cafe,Panchkula,30.759609,76.7827465
Coffee Day,amenity:cafe,Panchkula,30.7596395,76.7827205
TQ,amenity:cafe,Panchkula,30.5147739,76.660105
The Crown Patisserie,amenity:cafe,Panchkula,30.7401374,76.7806591
Chaayos,amenity:cafe,Panchkula,30.7301713,76.7735395
Cafe Coffee Day,amenity:cafe,Panchkula,30.658343,76.7368144
Vinnie's Bakery,amenity:cafe,Panchkula,30.7186543,76.7659887
Sree Annam Cafe,amenity:cafe,Panchkula,30.7225076,76.8752538
Vinty Cafe,amenity:cafe,Panchkula,30.6937025,76.8798759
Sips & Giggles,amenity:cafe,Panchkula,30.6951149,76.8799319
Woods cafe,amenity:cafe,Panchkula,30.7511308,76.8123752
Dialogue cafe,amenity:cafe,Panchkula,30.7258327,76.7668732
Sunvik Cafe,amenity:cafe,Panchkula,30.7776235,76.7833595
Bakers Oven,amenity:cafe,Panchkula,30.6396647,76.823111
Grapewine,amenity:cafe,Panchkula,30.7302106,76.7735059
Beige cafe & bakery,amenity:cafe,Panchkula,30.7325473,76.7994039
HR CAFE,amenity:cafe,Panchkula,30.7712358,76.5702397
Starbucks,amenity:cafe,Panchkula,30.6966851,76.8575962
Retro Mocha,amenity:cafe,Panchkula,30.6846572,76.7223668
Dara Singh Chowk,leisure:garden,Panchkula,30.7353405,76.7092823
Mango Tree Farm,leisure:garden,Panchkula,30.7092276,76.7972399
National Cactus and Succulent Botanical Garden and Research Centre,leisure:garden,Panchkula,30.6974509,76.8512333
Mango Groove Garden,leisure:garden,Panchkula,30.7669132,76.7845593
Rock Garden,leisure:garden,Panchkula,30.7531591,76.8061529
Herbel Garden,leisure:garden,Panchkula,30.6853109,76.6648495
NCC Ground,leisure:garden,Panchkula,30.7666217,76.7870462
Rose Garden,leisure:garden,Panchkula,30.6815443,76.6054096
TQ,amenity:cafe,Ambala,30.5147739,76.660105
Bakers Oven,amenity:cafe,Ambala,30.6396647,76.823111
Swastika Mansion,amenity:cafe,Ambala,30.3300707,76.8373553
Starbucks,amenity:cafe,Ambala,30.6197603,76.824177
Avinav Gambhir,amenity:cafe,Ambala,30.4049475,76.7850559
Kurukshetra Panorama and Science Centre,tourism:museum,Kurukshetra,29.965844,76.8334216
Shri Krishna Museum,tourism:museum,Kurukshetra,29.9653383,76.8341588
Science Museum,tourism:museum,Kurukshetra,29.9660171,76.8341224
Dharohar,tourism:museum,Kurukshetra,29.9611067,76.8192691
H-4 DRONACHARYA BHAVAN,leisure:park,Kurukshetra,29.9476429,76.8203295
THEME PARK,leisure:park,Kurukshetra,29.9675945,76.8322667
Rose Garden,leisure:park,Kurukshetra,29.9614318,76.8165943
O.P. Jindal Park,leisure:park,Kurukshetra,29.979413,76.8301603
NIT Kurukshetra Park,leisure:park,Kurukshetra,29.9481228,76.8169032
"AE Lawns, NIT Kurukshetra",leisure:park,Kurukshetra,29.9475669,76.8163708
Sector 3 Park,leisure:park,Kurukshetra,29.9635247,76.8889665
Harshverdhan Park,leisure:park,Kurukshetra,29.9773252,76.8281972
Maharana Pratap Park,leisure:park,Kurukshetra,30.0319214,77.1499148
Athletic Ground,leisure:park,Kurukshetra,29.9592151,76.7125529
Tubewell Park,leisure:park,Kurukshetra,30.1564176,76.8715157
Model Town Park,leisure:park,Kurukshetra,29.9887669,76.5824866
entrance gate of park,leisure:park,Rishikesh,30.1147992,78.2905208
slide,leisure:park,Rishikesh,30.1035161,78.2949179
entrance gate 1,leisure:park,Rishikesh,30.1039632,78.2952117
gate no. 2,leisure:park,Rishikesh,30.1028211,78.2942136
gate of park,leisure:park,Rishikesh,30.1187626,78.3070423
shiv  park gate,leisure:park,Rishikesh,30.1103477,78.2975767
shankar vatika gate,leisure:park,Rishikesh,30.110174,78.2976141
Shaheed park,leisure:park,Rishikesh,29.9589319,78.1764572
ashutosh nagar park,leisure:park,Rishikesh,30.114666,78.2895329
Dhalwala park,leisure:park,Rishikesh,30.1183018,78.2863133
garden park,leisure:park,Rishikesh,30.1202409,78.2826166
Herbal park,leisure:park,Rishikesh,30.1255811,78.2959903
shiv fair park,leisure:park,Rishikesh,30.1103181,78.2978381
railway vatika,leisure:park,Rishikesh,30.1064396,78.2870883
nagar palika park,leisure:park,Rishikesh,30.1034504,78.2948737
Panna Lal Bhalla Park,leisure:park,Rishikesh,29.9513791,78.1630547
THDC Park,leisure:park,Rishikesh,30.1084222,78.2820246
THDC Park 1,leisure:park,Rishikesh,30.1088592,78.2814704
Rasmanjari Ground,leisure:park,Rishikesh,30.1101311,78.2823515
Saka Park,leisure:park,Rishikesh,30.0893686,78.2870756
Shivaaye Park,leisure:park,Rishikesh,30.0901492,78.2840078
Rajaji National Park,leisure:park,Rishikesh,30.1106515,78.3298052
शिवालिक तितली पार्क और हर्बल गार्डन,leisure:garden,Rishikesh,30.2167691,78.1350212
Blue Shiva,historic:monument,Haridwar,30.1212361,78.3131661
Lord Shiva Statue,historic:monument,Haridwar,29.9587458,78.1748113
Vindhya Wasini Temple,historic:monument,Haridwar,29.9962282,78.3181619
Shiva Cave,historic:monument,Haridwar,30.1607234,78.3183569
KIH Lawn,leisure:garden,Haridwar,29.8619814,77.8986206
AN Khosla lawn,leisure:garden,Haridwar,29.8618447,77.8992983
Mechanical Department lawn,leisure:garden,Haridwar,29.86257,77.8972949
Civil Department lawn,leisure:garden,Haridwar,29.8632039,77.8981904
Wellness Centre Lawn,leisure:garden,Haridwar,29.8636194,77.8950957
Hydrology department Lawn,leisure:garden,Haridwar,29.8684655,77.895477
Saraswati Kunj Lawn,leisure:garden,Haridwar,29.869838,77.8982118
Architecture And planning Lawn,leisure:garden,Haridwar,29.8639605,77.8997856
Agro-Homeopathy Based Organic Botanical Herbal Garden (AHOBHAG),leisure:garden,Haridwar,29.85483,77.8757151
Children,historic:monument,Dehradun,30.4598513,78.0645327
Lal Tibba,tourism:viewpoint,Mussoorie,30.4667435,78.0950534
George Everest House,tourism:viewpoint,Mussoorie,30.4586221,78.0232815
Benog Tibba,tourism:viewpoint,Mussoorie,30.4763493,78.0139689
Periscope Point,tourism:viewpoint,Mussoorie,30.4592339,78.0750892
chitra sadan,tourism:viewpoint,Mussoorie,30.275178,77.9962847
Viewdeck,tourism:viewpoint,Mussoorie,30.4594878,78.0642675
Sai vihar colony,tourism:viewpoint,Mussoorie,30.3432759,77.9288512
point of view,tourism:viewpoint,Mussoorie,30.4288965,78.2361039
Lane No. 10 Shaheed Bhagat Singh Marg,tourism:viewpoint,Mussoorie,30.2750702,77.996309
Nautiyal's,tourism:viewpoint,Mussoorie,30.2753333,77.9920758
Thappi View point,tourism:viewpoint,Mussoorie,30.4100253,78.0953755
Kappu View Point,tourism:viewpoint,Mussoorie,30.406332,78.0963752
Chirmiri Top,tourism:viewpoint,Mussoorie,30.6695512,77.8828921
George Everest Peak,tourism:viewpoint,Mussoorie,30.4562253,78.0284468
Mehla Viewpoint (Kipling Trail),tourism:viewpoint,Mussoorie,30.4167637,78.0868923
Rocky Point-Trek,tourism:viewpoint,Mussoorie,30.4178043,78.0851114
Doon Valley Viewpoint,tourism:viewpoint,Mussoorie,30.4182032,78.0845079
Jharipani Waterfall,tourism:viewpoint,Mussoorie,30.4271965,78.0931219
View point of Katapathar Barrage,tourism:viewpoint,Mussoorie,30.5102351,77.8700222
boys hostel;peace park,leisure:park,Mussoorie,30.3439407,77.883459
Guru Ram Rai Garden,leisure:park,Mussoorie,30.3184819,78.0324932
Navdanya,leisure:park,Mussoorie,30.3266135,77.8752488
Sailok Park,leisure:park,Mussoorie,30.3098758,78.0014403
Salawala Park,leisure:park,Mussoorie,30.3413734,78.0564928
IT PARK,leisure:park,Mussoorie,30.3563451,78.0854279
Highh Fly Adventure,leisure:park,Mussoorie,30.4456413,78.1614057
ईको पार्क,leisure:park,Mussoorie,30.4284319,78.2422026
ईको पार्क अम्बर,leisure:park,Mussoorie,30.4234201,78.2480298
Ashu ka Ghar,leisure:park,Mussoorie,30.373538,78.064211
doon park,leisure:park,Mussoorie,30.3758749,78.0652608
Mahatma Gandhi Park,leisure:park,Mussoorie,30.3259625,78.0458007
MDDA park,leisure:park,Mussoorie,30.3905895,78.0945248
Healing farm,leisure:park,Mussoorie,30.3434901,77.8818033
Not Known,leisure:park,Mussoorie,30.3031871,78.0692372
SOI PARK,leisure:park,Mussoorie,30.3462814,78.0534701
Shastri Nagar Park,leisure:park,Mussoorie,30.287517,78.0578047
Kandoli Park,leisure:park,Mussoorie,30.3484082,78.066814
Chironwali Park,leisure:park,Mussoorie,30.348313,78.070699
Siddharth Vihar park,leisure:park,Mussoorie,30.3445554,78.0661369
Mayur Vihar Park,leisure:park,Mussoorie,30.3411171,78.0678374
Khalanga Park,leisure:park,Mussoorie,30.3366234,78.0676084
Buddha Park,leisure:park,Mussoorie,30.3219097,78.0453876
Deckyiling park,leisure:park,Mussoorie,30.3698965,78.0988704
Aketa Avenue Park,leisure:park,Mussoorie,30.3473503,78.0639188
Gangotri Vihar Park,leisure:park,Mussoorie,30.3561219,78.07257
IIRS Park,leisure:park,Mussoorie,30.3399316,78.0440972
Doon Vihar Park,leisure:park,Mussoorie,30.3640174,78.067012
Central Park,leisure:park,Mussoorie,30.3643072,78.0660376
Classic Appartments play grounds,leisure:park,Mussoorie,30.3548523,78.0722837
Nehru Garden,leisure:park,Mussoorie,30.3275203,78.0457536
Pandit Deen Dayal Upadyay Park,leisure:park,Mussoorie,30.321459,78.0419368
F.R.I,leisure:park,Mussoorie,30.3440876,77.99779
D.A.V,leisure:park,Mussoorie,30.3293702,78.057094
Sardar Patel Park,leisure:park,Mussoorie,30.3248737,78.0421444
Park #2,leisure:park,Mussoorie,30.3306544,77.9962382
Park #1,leisure:park,Mussoorie,30.3314255,77.9968437
mangal park,leisure:park,Mussoorie,30.3487359,78.0695371
c park,leisure:park,Mussoorie,30.3488003,78.0706381
Selaqui community park,leisure:park,Mussoorie,30.3723563,77.8625322
Sahastradhara Hill Park,leisure:park,Mussoorie,30.3833006,78.1310481
Jim Corbett Museum,tourism:museum,Nainital,29.2927866,79.3381992
Folk Museum And Art Gallery,tourism:museum,Nainital,29.3652823,79.5473458
Himalayan Museum,tourism:museum,Nainital,29.3836822,79.4583502
Prof Govind Balapant,historic:monument,Nainital,29.3363822,79.5579595
Kilmora Shop,shop:clothes,Nainital,29.4677393,79.6496554
UTDC showroom,shop:clothes,Nainital,29.3776821,79.4311053
Bhagwati Garments,shop:clothes,Nainital,29.2075924,79.4994402
Sanjay Garments,shop:clothes,Nainital,29.2078276,79.4944474
Dress Up,shop:clothes,Nainital,29.2038261,79.4905776
Joshi And Sons (Saries),shop:clothes,Nainital,29.2037925,79.4902191
Lakshmi Collections,shop:clothes,Nainital,29.2037342,79.4901104
Fashion Hub,shop:clothes,Nainital,29.2020038,79.4882417
B Collection,shop:clothes,Nainital,29.2013887,79.4875832
Durga Sari Collection,shop:clothes,Nainital,29.2012463,79.4876986
Sri Radhe Krishna Kids Collection,shop:clothes,Nainital,29.2009419,79.4874466
Paragi,shop:clothes,Nainital,29.2009784,79.4872551
Ashish Garments,shop:clothes,Nainital,29.1998857,79.4869507
JM Fashion And Designer,shop:clothes,Nainital,29.196996,79.4863992
Plus Point,shop:clothes,Nainital,29.1962193,79.4884462
Navanya Fashion,shop:clothes,Nainital,29.2004544,79.4871763
Shubham Garments,shop:clothes,Nainital,29.1988272,79.4827414
Bani Traders,shop:clothes,Nainital,29.2039453,79.4813787
Fashion House,shop:clothes,Nainital,29.2085382,79.4942281
Jai Krishna Garments,shop:clothes,Nainital,29.1943463,79.4998967
Venus Traders,shop:clothes,Nainital,29.2121751,79.5175035
Reliance Trends,shop:clothes,Nainital,29.2166684,79.5229071
V2 Kart,shop:clothes,Nainital,29.2168352,79.5224329
Botanic Garden,leisure:garden,Nainital,29.3842005,79.4359767
"Government Silk Farn (Resham Baag), Kusumkhera",leisure:garden,Nainital,29.2124719,79.4944452
Biodiversity Park,leisure:garden,Nainital,29.1992421,79.5157491
"Government Silk Farm (Resham Bagh), Kamaluwaganja",leisure:garden,Nainital,29.2094788,79.4640429
Chaitanya Garden,leisure:garden,Nainital,29.288841,79.5502242
Vatika Banque Garden,leisure:garden,Nainital,29.2475388,79.5396477
Van Vihar Manali (Gate 1),leisure:park,Manali,32.2424756,77.1893434
HP Manali Wild Nature Park,leisure:park,Manali,32.2631528,77.1805371
Nature Park,leisure:park,Manali,32.011002,77.3149517
Bantony Castle,tourism:attraction,Shimla,31.1061523,77.1695597
Railway Board Building,tourism:attraction,Shimla,31.1053166,77.1648594
Hamberg 40rp,tourism:attraction,Shimla,31.1054254,77.1683782
Kali Tibba,tourism:attraction,Shimla,30.9339888,77.2047625
Cave of Nightmares,tourism:attraction,Shimla,30.9943394,77.2126006
Kufri,tourism:attraction,Shimla,31.0944598,77.276164
Chail Palace,tourism:attraction,Shimla,30.9736376,77.1990546
Stone Kumbh,tourism:attraction,Shimla,30.9941964,77.2125863
jp,leisure:park,Shimla,30.9074397,77.1028231
Children Park,leisure:park,Shimla,31.1165794,77.361043
Indira Gandhi Park,leisure:park,Shimla,31.1043931,77.1751235
JP,leisure:park,Shimla,30.9073841,77.1026666
jakhu park,leisure:park,Shimla,31.1005532,77.184017
Friends Corner,amenity:restaurant,Dharamshala,32.2222133,76.3178329
Hotel Nirvana,amenity:restaurant,Dharamshala,32.2350778,76.3281155
Fauji Dhaba,amenity:restaurant,Dharamshala,32.1507781,76.4184608
Paras,amenity:restaurant,Dharamshala,32.1555292,76.4153482
Café and Restro,amenity:restaurant,Dharamshala,32.2371714,76.3241288
Hotel Tibet,amenity:restaurant,Dharamshala,32.238668,76.324162
Common Ground,amenity:restaurant,Dharamshala,32.2392826,76.3242235
Norling Restaurant,amenity:restaurant,Dharamshala,32.2372363,76.3242365
Lungta Japanese Restaurant,amenity:restaurant,Dharamshala,32.235603,76.3270237
Ashoka Restaurant,amenity:restaurant,Dharamshala,32.2373867,76.3243067
Dokebi Restaurant,amenity:restaurant,Dharamshala,32.2357688,76.3272627
Woeser Cafe & Bakery,amenity:restaurant,Dharamshala,32.2368374,76.325369
Bhim Sen Punjabi Dhaba,amenity:restaurant,Dharamshala,32.2368672,76.3250033
Raku's Restaurant and German Bakery,amenity:restaurant,Dharamshala,32.2452645,76.3325746
Nicks Italian Kitchen,amenity:restaurant,Dharamshala,32.2389104,76.3250964
Radha Krishna Cafe,amenity:restaurant,Dharamshala,32.2461611,76.3258826
Heena Cafe,amenity:restaurant,Dharamshala,32.2511986,76.3290727
(Not so) German Bakery,amenity:restaurant,Dharamshala,32.2436685,76.332925
Baba Café,amenity:restaurant,Dharamshala,32.2459839,76.3317839
Trimurti Garden Cafe,amenity:restaurant,Dharamshala,32.2464217,76.329648
Shiva Cafe,amenity:restaurant,Dharamshala,32.2482546,76.3393708
Athithi,amenity:restaurant,Dharamshala,32.2202953,76.3184605
Hotel Midtown,amenity:restaurant,Dharamshala,32.2195875,76.3186553
Rajinder Vaishnav Dhaba,amenity:restaurant,Dharamshala,32.2207619,76.3190954
Shree Ram,amenity:restaurant,Dharamshala,32.2201528,76.3183998
Shangri-la,amenity:restaurant,Dharamshala,32.1856389,76.366854
Yangzom,amenity:restaurant,Dharamshala,32.1971318,76.3584533
Chab Do,amenity:restaurant,Dharamshala,32.1970898,76.3583259
Gobind Sweets,amenity:restaurant,Dharamshala,32.1093069,76.5357204
Kangdol Tibetan Restaurant,amenity:restaurant,Dharamshala,32.2005511,76.3611733
Crepe Pancake,amenity:restaurant,Dharamshala,32.2366559,76.3254498
Satyam Restaurant,amenity:restaurant,Dharamshala,32.2057738,76.3696153
Moonlight Cafe,amenity:restaurant,Dharamshala,32.2472789,76.3261655
Malka Cafe,amenity:restaurant,Dharamshala,32.2485144,76.3285054
Buddha Delight Cafe,amenity:restaurant,Dharamshala,32.2482833,76.3293086
Peace Restaurant,amenity:restaurant,Dharamshala,32.1986983,76.3593479
Taste of Tibet,amenity:restaurant,Dharamshala,32.198672,76.3594366
Once in nature,amenity:restaurant,Dharamshala,32.2475644,76.3305484
Taste 2 Taste,amenity:restaurant,Dharamshala,32.185297,76.3676522
Chawla's Cafe,amenity:restaurant,Dharamshala,32.2021303,76.3678077
Food Paradise,amenity:restaurant,Dharamshala,32.1883598,76.3595669
VJ Dhaba,amenity:restaurant,Dharamshala,32.1854283,76.3672437
Trek & Dine,amenity:restaurant,Dharamshala,32.2468373,76.3259319
The friendly planet,amenity:restaurant,Dharamshala,32.2470649,76.3264194
Morgans place,amenity:restaurant,Dharamshala,32.2456569,76.3262421
Punjabi tadka pure veg,amenity:restaurant,Dharamshala,32.2440412,76.3347017
Amritsari Rasoi,amenity:restaurant,Dharamshala,32.1102895,76.5397359
Sood Agency;Sood Agencies,amenity:restaurant,Dharamshala,32.1207799,76.5390041
Karma Café,amenity:restaurant,Dharamshala,32.2471952,76.3303503
The Birdhouse Cakery,amenity:restaurant,Dharamshala,32.2506722,76.3294654
भोजनालय,amenity:restaurant,Dharamshala,32.1886334,76.3579915
Moonpeak Thali,amenity:restaurant,Dharamshala,32.2361041,76.3238373
Japanese Restraunt Lung Ta,amenity:restaurant,Dharamshala,32.2356716,76.326768
Chabad house Bhagsu,amenity:restaurant,Dharamshala,32.2445973,76.3332568
Tibet Kitchen,amenity:restaurant,Dharamshala,32.2385738,76.3238425
Sangam Cafe,amenity:restaurant,Dharamshala,32.2480342,76.330134
Divine Nature,amenity:restaurant,Dharamshala,32.246783,76.3293668
Green,amenity:restaurant,Dharamshala,32.2396603,76.3260908
Hungry Birds,amenity:restaurant,Dharamshala,32.2387939,76.3239389
Rana @ 32 Mile,amenity:restaurant,Dharamshala,32.2282329,76.082203
Domino's,amenity:restaurant,Dharamshala,32.2210033,76.3200152
Lungta restaurant,amenity:restaurant,Dharamshala,32.2355881,76.3269454
Karma Restaurant,amenity:restaurant,Dharamshala,32.2018653,76.3673475
Balas homely south cuisine,amenity:restaurant,Dharamshala,32.2342271,76.3247631
Ashu's Kitchen,amenity:restaurant,Dharamshala,32.2414631,76.3324847
Sandy's kitchen,amenity:restaurant,Dharamshala,32.2442662,76.3349607
Evergreen Cafe,amenity:restaurant,Dharamshala,32.2485837,76.3290839
Abhinandan,amenity:restaurant,Dharamshala,32.243195,76.3321431
Hanging Hut Café,amenity:restaurant,Dharamshala,32.2418158,76.3323787
Unity Bistro,amenity:restaurant,Dharamshala,32.2460964,76.3318442
Good Eats,amenity:restaurant,Dharamshala,32.1949667,76.3445857
Tibetan Baby Restaurant,amenity:restaurant,Dharamshala,32.1853955,76.3673692
Tashi Delek Cafe,amenity:restaurant,Dharamshala,32.2400609,76.3265294
Food eating point,amenity:restaurant,Dharamshala,32.2400907,76.3267488
Kailash restaurant,amenity:restaurant,Dharamshala,32.2383297,76.3241018
Himalayan Kitchen,amenity:restaurant,Dharamshala,32.2388874,76.3240444
Vaishno punjabi Dhaba,amenity:restaurant,Dharamshala,32.2389128,76.3240899
Taj Restaurant,amenity:restaurant,Dharamshala,32.1106461,76.536029
paragliding takeoff,amenity:restaurant,Dharamshala,32.2561342,76.3431689
The canteen,amenity:restaurant,Dharamshala,32.2263874,76.3256925
Illiterati Cafe,amenity:restaurant,Dharamshala,32.2310709,76.3268002
View cafe restaurant,amenity:restaurant,Dharamshala,32.2458722,76.3328694
Malabar restaurant,amenity:restaurant,Dharamshala,32.2385044,76.3238397
Four Seasons Cafe,amenity:restaurant,Dharamshala,32.237564,76.3242268
Bikaner Sweets,amenity:restaurant,Dharamshala,32.1118696,76.530761
Jungle calling,amenity:restaurant,Dharamshala,32.2476755,76.3335108
Sunset Cafe,amenity:restaurant,Dharamshala,32.2584494,76.3245611
The Manoor,amenity:restaurant,Dharamshala,32.2311848,76.0555859
Angithi,amenity:restaurant,Dharamshala,32.1203873,76.5396521
Shri Nangli Sweets,amenity:restaurant,Dharamshala,32.1101039,76.5399839
Kalingpong restaurant,amenity:restaurant,Dharamshala,32.2387933,76.3244876
Seven Hills Of Do-Kkae-Bi,amenity:restaurant,Dharamshala,32.2355787,76.327225
Boti Dhaba,amenity:restaurant,Dharamshala,32.1854985,76.3669753
The lodge restaurant,amenity:restaurant,Dharamshala,32.2459555,76.3267835
The Clay Oven,amenity:restaurant,Dharamshala,32.2385701,76.3243511
Munchies,amenity:restaurant,Dharamshala,32.2460036,76.331967
Sharma Punjabi Dhaba,amenity:restaurant,Dharamshala,32.0190281,76.229295
The Willow Tree,amenity:restaurant,Dharamshala,32.1853085,76.3668904
Pathankotia da Dhaba,amenity:restaurant,Dharamshala,32.2208321,76.1180532
Magic Mountain,amenity:restaurant,Dharamshala,32.2475319,76.3318894
Jeewan Restaurant,amenity:restaurant,Dharamshala,32.0989722,76.1458544
Monal Restaurant,amenity:restaurant,Dharamshala,32.2196693,76.3183614
RK Restaurant,amenity:restaurant,Dharamshala,32.1747546,76.3594303
Gatheround - Lebanese,amenity:restaurant,Dharamshala,32.2514323,76.3309234
Kora Restaurant,amenity:restaurant,Dharamshala,32.2327188,76.3247448
Trekkers Cafe,amenity:restaurant,Dharamshala,32.2394671,76.325649
Organic Thali,amenity:restaurant,Dharamshala,32.2477633,76.3261112
Good cheap easy,amenity:restaurant,Dharamshala,32.2255454,76.1542162
Rodeway Inn,amenity:restaurant,Dharamshala,32.1106323,76.3061906
Morgan's Place,amenity:restaurant,Dharamshala,32.2511736,76.3285486
Dzen Den,amenity:restaurant,Dharamshala,32.2480383,76.3332484
Dreamwoods - Restaurant & Café,amenity:restaurant,Dharamshala,32.1951771,76.2868368
Tin Tin Café,amenity:restaurant,Dharamshala,32.2508847,76.3292644
Retreat Restaurant and Bar,amenity:restaurant,Dharamshala,32.207207,76.3218724
Pizza Hut,amenity:restaurant,Dharamshala,32.2140888,76.3171964
Bhagsu Fast Food and Bakers,amenity:restaurant,Dharamshala,32.2045878,76.323223
The Punjabi Dhaba,amenity:restaurant,Dharamshala,32.2354556,76.3240763
Govinda Dhaba,amenity:restaurant,Dharamshala,32.2369857,76.3248614
Ananda Dhaba,amenity:restaurant,Dharamshala,32.2368033,76.3250937
Jaitu Dhaba,amenity:restaurant,Dharamshala,32.2391774,76.3237972
Punjabi Dhaba,amenity:restaurant,Dharamshala,32.2367846,76.3254845
Nomad Kitchen,amenity:restaurant,Dharamshala,32.2388574,76.3243374
Sai Pure Veg Dhaba,amenity:restaurant,Dharamshala,32.2381731,76.3239123
Desi Tadka,amenity:restaurant,Dharamshala,32.2432835,76.3319629
Himachali Dham,amenity:restaurant,Dharamshala,32.2393956,76.3255273
Doljam Kitchen,amenity:restaurant,Dharamshala,32.2390661,76.3249572
R K Food Point,amenity:restaurant,Dharamshala,32.3319895,76.0665931
The Old German Bakery,amenity:restaurant,Dharamshala,32.2450129,76.3326895
Drumstick,amenity:restaurant,Dharamshala,32.2365882,76.3259334
Yangsel,amenity:restaurant,Dharamshala,32.2401674,76.3262094
Annapurna,amenity:restaurant,Dharamshala,32.2442197,76.3331798
3 Trees Cafe,amenity:restaurant,Dharamshala,32.249387,76.3294796
YiYi Cafe,amenity:restaurant,Dharamshala,32.2382743,76.3240659
ZomZom,amenity:restaurant,Dharamshala,32.2401291,76.3267888
Dolma's Kitchen,amenity:restaurant,Dharamshala,32.2400991,76.3260009
Jimmys Italian Kitchen,amenity:restaurant,Dharamshala,32.2391214,76.3254804
Sher-E-Punjab,amenity:restaurant,Dharamshala,32.2441557,76.3342653
Dawat,amenity:restaurant,Dharamshala,32.2159354,76.3175712
Charli's place,amenity:restaurant,Dharamshala,32.2510223,76.3292103
Dream Catcher,amenity:restaurant,Dharamshala,32.2510883,76.3307895
Honey's Falafel,amenity:restaurant,Dharamshala,32.2513914,76.3291428
Family pizzeria,amenity:restaurant,Dharamshala,32.248563,76.329337
The Coy's Café,amenity:restaurant,Dharamshala,32.2441187,76.3337958
Meeting point Dhaba,amenity:restaurant,Dharamshala,32.2453019,76.3328046
Rana Tea Shop,amenity:restaurant,Dharamshala,32.2505834,76.3294494
Lhasa Tibetan kitchen,amenity:restaurant,Dharamshala,32.2485327,76.3276598
Bodhi Greens,amenity:restaurant,Dharamshala,32.2484574,76.3273893
Salvation,amenity:restaurant,Dharamshala,32.2513504,76.3289799
Pinku family place,amenity:restaurant,Dharamshala,32.2508033,76.3297011
Dechen Himalayan Kitchen,amenity:restaurant,Dharamshala,32.2467113,76.3105591
Udgam Cafe,amenity:restaurant,Dharamshala,32.2501118,76.327395
Om nom greens,amenity:restaurant,Dharamshala,32.2447281,76.3294717
Khanabadosh,amenity:restaurant,Dharamshala,32.2457425,76.3260567
Joy Food,amenity:restaurant,Dharamshala,32.2469517,76.325975
Joyful Restaurant,amenity:restaurant,Dharamshala,32.1991561,76.3595334
Park Restaurant,amenity:restaurant,Dharamshala,32.2109343,76.3213635
COMMON PLOT,leisure:park,Dharamshala,32.1158671,76.2873958
Saurabh Van Vihar,leisure:park,Dharamshala,32.1287534,76.5316807
Kunawar Sita Ram Park,leisure:park,Dharamshala,32.1133046,76.5368716
Neugal Park Palampur,leisure:park,Dharamshala,32.1245919,76.5284369
Nandan Park,leisure:park,Dharamshala,32.1160871,76.5395946
Zen Tea Estate,leisure:park,Dharamshala,32.1463643,76.4398925
Jawahar Smriti Vatika,leisure:park,Dharamshala,32.2157394,76.3174561
Gandhi Smriti Vatika,leisure:park,Dharamshala,32.215392,76.3171204
Field trip,leisure:park,Dharamshala,32.21647,76.3305047
Urusvati Folk & Art Museum,tourism:museum,Kullu,32.1157162,77.1691833
Roerich Museum and Art Gallery,tourism:museum,Kullu,32.1167365,77.1676665
Nature Park,leisure:park,Kullu,32.011002,77.3149517
Dhalpur ground,leisure:park,Kullu,31.9573892,77.1097894
Monkey point (entry),tourism:attraction,Solan,30.8839747,76.974465
Sunset point,tourism:attraction,Solan,30.8917716,76.971174
Bantony Castle,tourism:attraction,Solan,31.1061523,77.1695597
Railway Board Building,tourism:attraction,Solan,31.1053166,77.1648594
Hamberg 40rp,tourism:attraction,Solan,31.1054254,77.1683782
Kali Tibba,tourism:attraction,Solan,30.9339888,77.2047625
Monkey Point Kasauli,tourism:attraction,Solan,30.8785422,76.9749487
Cave of Nightmares,tourism:attraction,Solan,30.9943394,77.2126006
Yadavindra Gardens,tourism:attraction,Solan,30.7925518,76.9121165
Kufri,tourism:attraction,Solan,31.0944598,77.276164
Chail Palace,tourism:attraction,Solan,30.9736376,77.1990546
Stone Kumbh,tourism:attraction,Solan,30.9941964,77.2125863
Cafe Sol,amenity:restaurant,Solan,31.1021875,77.1773851
Indian Coffee House,amenity:restaurant,Solan,31.1053541,77.1708591
Aashiyana Restaurant,amenity:restaurant,Solan,31.1045815,77.1742858
Sher-e-Punjab,amenity:restaurant,Solan,31.103322,77.1767895
Sharma Dhaba,amenity:restaurant,Solan,31.1055648,77.1641573
Wake & Bake Café,amenity:restaurant,Solan,31.1046518,77.1731921
HPTDC Restaurant & Cafe,amenity:restaurant,Solan,31.0964213,77.2631961
Alfa restaurant,amenity:restaurant,Solan,31.1051903,77.1725179
Domino's,amenity:restaurant,Solan,31.1049625,77.1726476
Amrit Dhaba,amenity:restaurant,Solan,31.1037896,77.169511
Himchi bar and kitchen,amenity:restaurant,Solan,31.1063073,77.1780575
Dim sum Chinese restaurant,amenity:restaurant,Solan,31.1048801,77.1727356
Devicos Restaurant & Bar,amenity:restaurant,Solan,31.1053536,77.1707206
Aasam,amenity:restaurant,Solan,30.7556637,76.907169
Cafe Under Tree,amenity:restaurant,Solan,31.1009448,77.1848558
Aunty's Chinese Food,amenity:restaurant,Solan,31.104746,77.1724888
Jashan,amenity:restaurant,Solan,31.1040385,77.1754578
pizza pinos,amenity:restaurant,Solan,31.1040587,77.1755014
Punjab Dhaba,amenity:restaurant,Solan,30.8394749,76.9355639
Krishna Cafe,amenity:restaurant,Solan,30.8389948,76.936469
Embassy cafe,amenity:restaurant,Solan,31.1015152,77.1769095
Sol the brew house,amenity:restaurant,Solan,31.1020798,77.177218
Lake View Restaurant,amenity:restaurant,Solan,30.6578509,77.0825478
Thadi Hills,amenity:restaurant,Solan,30.8348442,77.1871772
Pahadi Zayka,amenity:restaurant,Solan,30.9907169,77.2093081
Hotel Kapital,amenity:restaurant,Solan,31.1061808,77.1657626
Kamal Bar & Restaurant,amenity:restaurant,Solan,31.1016318,77.1214121
ilika estates,amenity:restaurant,Solan,30.8296354,77.1228233
Cafe Nook,amenity:restaurant,Solan,31.1038265,77.1768301
Amar Bhojnalaya,amenity:restaurant,Solan,31.101297,77.1767813
Ajay Dhaba,amenity:restaurant,Solan,31.1013162,77.1768054
Tripti Restaurant,amenity:restaurant,Solan,31.1014283,77.1768585
Shimla QoH Food Court,amenity:restaurant,Solan,31.1021725,77.1764692
Barog Valley FoodPoint,amenity:restaurant,Solan,30.8910154,77.0660145
"Durgapuja Mandap, Ruchika Market ",historic:monument,Bhubaneswar,20.2780578,85.7957472
Barabati Fort,historic:monument,Bhubaneswar,20.484203,85.865097
Biju Patnaik's Dakota,historic:monument,Bhubaneswar,20.2545865,85.8173296
Brahmeswar Temple,historic:monument,Bhubaneswar,20.2396589,85.8518745
Pillars of Sisupalgarh,historic:monument,Bhubaneswar,20.226484,85.852295
Sisupalgarh Northwest Gate,historic:monument,Bhubaneswar,20.2293909,85.8478136
Swami Parvananda Museum,tourism:museum,Puri,19.7948645,85.8184055
"Archeological Museum, Konark",tourism:museum,Puri,19.8911414,86.0944779
Arka Kshetra,tourism:museum,Puri,19.8872313,86.0980671
Jayadev Batika,leisure:park,Cuttack,20.2648191,85.7808502
CKL's Garden and Park,leisure:park,Cuttack,20.3111559,85.8609903
Children Park,leisure:park,Cuttack,20.3109882,85.8611911
Refreshment Park,leisure:park,Cuttack,20.3342376,85.8208605
Nandankanan Park,leisure:park,Cuttack,20.3952761,85.8224749
CHIEF JUSTICE HOUSE,leisure:park,Cuttack,20.4810104,85.8753757
Anant Vihar Park (Phase-3),leisure:park,Cuttack,20.2421891,85.8061647
Ekamra Kshetra,leisure:park,Cuttack,20.2557024,85.8317369
Akshaya Monahty Memorial Park,leisure:park,Cuttack,20.4802459,85.8593648
Satyajit,leisure:park,Cuttack,20.3879023,85.6163071
Forest Park (Biju Patnaik Park),leisure:park,Cuttack,20.2580726,85.8252748
Indira Gandhi Park,leisure:park,Cuttack,20.2697293,85.8328035
Small Park,leisure:park,Cuttack,20.25352,85.844775
Square Park,leisure:park,Cuttack,20.2839058,85.7956081
Jai Prakash Narayan Park,leisure:park,Cuttack,20.2683804,85.8418031
Nehru Park,leisure:park,Cuttack,20.2677894,85.8414367
Jayadev Vatika,leisure:park,Cuttack,20.261083,85.7818989
Biju Pattnaik Energy Park,leisure:park,Cuttack,20.2543678,85.7840503
Kharavela Park,leisure:park,Cuttack,20.2566148,85.7849278
N-4 BDA Community Park,leisure:park,Cuttack,20.2929273,85.8109473
Brahmeswar Temple,leisure:park,Cuttack,20.2396589,85.8518745
Bhaskaraswar temple,leisure:park,Cuttack,20.2445927,85.8529267
Biju Pattanaik Park,leisure:park,Cuttack,20.4842708,85.8125672
Memorial Park,leisure:park,Cuttack,20.5517138,85.9008497
Birat Gaadi,leisure:park,Cuttack,20.537486,85.9171659
Master Canteen Park,leisure:park,Cuttack,20.2684582,85.8409422
Kabi Samrat Upendra Bhanja BDA Park,leisure:park,Cuttack,20.2745933,85.8289776
BDA City Centre (NICCO Park),leisure:park,Cuttack,20.2855,85.8320128
Ravana Park,leisure:park,Cuttack,20.2868364,85.8487847
Saheed Nagar Children Park,leisure:park,Cuttack,20.288711,85.8516719
IMFA Park,leisure:park,Cuttack,20.2918073,85.851075
Saheed Sporting Club,leisure:park,Cuttack,20.2886721,85.8445136
Dr Shyam Prasad Mukherjee Park,leisure:park,Cuttack,20.2963595,85.8487408
Utkal University Stadium,leisure:park,Cuttack,20.2980717,85.8391943
IMMT Park,leisure:park,Cuttack,20.2998047,85.8266821
Ekamra Kanan,leisure:park,Cuttack,20.3034389,85.800282
Children's Park,leisure:park,Cuttack,20.2684115,85.8145482
Triangular Park,leisure:park,Cuttack,20.283999,85.7942269
BDA Park,leisure:park,Cuttack,20.2926969,85.8064804
N3 BDA Park,leisure:park,Cuttack,20.2965071,85.8073408
N-3 Park,leisure:park,Cuttack,20.2965468,85.8104547
Swami Vivekananda Park,leisure:park,Cuttack,20.2557692,85.847861
BJB Nagar Park,leisure:park,Cuttack,20.2568906,85.846416
Indradhanu Market Park,leisure:park,Cuttack,20.2942347,85.8153985
Baramunda Duplex Park,leisure:park,Cuttack,20.2761413,85.7935206
CMC Park,leisure:park,Cuttack,20.4535973,85.8779751
Ramadevi Mahila Udyan,leisure:park,Cuttack,20.4580937,85.8658553
Justice Jugal Kishore Mohanty Park,leisure:park,Cuttack,20.4795753,85.8325153
Jaya Prakash Park,leisure:park,Cuttack,20.4777218,85.8410971
Biren Mitra Park,leisure:park,Cuttack,20.4764889,85.8210622
Buddha Jayanti Park,leisure:park,Cuttack,20.324061,85.8081795
Baimundi Park,leisure:park,Cuttack,20.4660733,85.9112571
Netaji Park,leisure:park,Cuttack,20.4589285,85.9180273
Colony Park CDA,leisure:park,Cuttack,20.4642962,85.9068649
Police Park,leisure:park,Cuttack,20.4596513,85.9066071
Satyabrata park,leisure:park,Cuttack,20.4830338,85.8653828
Jobra Park,leisure:park,Cuttack,20.4787171,85.901206
Gouri Shankar Park,leisure:park,Cuttack,20.4665261,85.8675563
MACHHUA BAZAR PARK,leisure:park,Cuttack,20.4756548,85.8835989
Devi Padahara Park,leisure:park,Cuttack,20.2385214,85.8356018
Ekamra Bana,leisure:park,Cuttack,20.2433218,85.8345526
Deer Park,leisure:park,Cuttack,20.4882755,85.8631012
Anshupa Lake Park,leisure:park,Cuttack,20.4489784,85.5987144
Janta Maidan Park,leisure:park,Cuttack,20.3060363,85.8222788
Janta Maidan exhibition centre,leisure:park,Cuttack,20.3059935,85.8243884
Bhimeswar Park,leisure:park,Cuttack,20.2371122,85.8208427
Madhusudan Das Park,leisure:park,Cuttack,20.2455544,85.8108442
Personal Garden and Park,leisure:park,Cuttack,20.311161,85.860992
Gopabandhu Park,leisure:park,Cuttack,20.4762729,85.8726838
Mini Park,leisure:park,Cuttack,20.3114865,85.8607353
kalarahanga volly ground,leisure:park,Cuttack,20.3686133,85.832774
vss play area,leisure:park,Cuttack,20.3045327,85.847383
vss park,leisure:park,Cuttack,20.3042796,85.8477799
VSS Statue Bda,leisure:park,Cuttack,20.3035698,85.8484196
Bhagwat tungi,leisure:park,Cuttack,20.3028168,85.8491073
ihm playground,leisure:park,Cuttack,20.302443,85.8487956
Satsang Park,leisure:park,Cuttack,20.2973,85.8484409
tarini mandir,leisure:park,Cuttack,20.2986828,85.8508026
Bsnl Playgrounds,leisure:park,Cuttack,20.2987028,85.8497042
Prabhujee Grounds,leisure:park,Cuttack,20.3032856,85.8467387
Vss water tank area,leisure:park,Cuttack,20.306748,85.8479377
Lotus Park,leisure:park,Cuttack,20.3090022,85.8463296
Bira surendra sai playarea,leisure:park,Cuttack,20.3089761,85.8453078
AE park,leisure:park,Cuttack,20.3094522,85.8439746
B-L Grounds,leisure:park,Cuttack,20.307563,85.8441852
AE udyan1,leisure:park,Cuttack,20.3087668,85.8432212
ae udyan extention,leisure:park,Cuttack,20.3076467,85.8434125
Ananta Vihar Park,leisure:park,Cuttack,20.2422263,85.8061737
Tulsipur Park Cuttack,leisure:park,Cuttack,20.4867523,85.8616129
Barabati Fort Park Area,leisure:park,Cuttack,20.4855545,85.8651034
Phase-7 Children's Park,leisure:park,Cuttack,20.3373607,85.8127169
Phase-6 Children's Park,leisure:park,Cuttack,20.3362413,85.808944
Community Park,leisure:park,Cuttack,20.3364062,85.8075655
Local Park,leisure:park,Cuttack,20.3311479,85.8068981
Neeladri Central Park,leisure:park,Cuttack,20.329042,85.8064261
Kelucharan Park,leisure:park,Cuttack,20.3306858,85.8295337
N1 Park,leisure:park,Cuttack,20.2889115,85.807395
Rental Colony Park,leisure:park,Cuttack,20.2892944,85.7987127
Jayadev N-6 Park,leisure:park,Cuttack,20.2948489,85.8205858
Netaji Subash chandra Bose Park,leisure:park,Cuttack,20.2549768,85.806055
Ananda Nagar Park,leisure:park,Cuttack,20.2845491,85.8612462
Shiva Mandir park,leisure:park,Cuttack,20.2902917,85.8617246
New Ag Park,leisure:park,Cuttack,20.279399,85.8302559
Jharpada Mandir & Park,leisure:park,Cuttack,20.288152,85.8628012
Durga Mandap,leisure:park,Cuttack,20.2904082,85.8430942
Municipality park,leisure:park,Cuttack,20.2290002,85.8419047
Indira park,leisure:park,Cuttack,20.2178584,85.8483552
Kathjodi Riverfront Park,leisure:park,Cuttack,20.465293,85.8547943
Durga Mandap Park,leisure:park,Cuttack,20.4743246,85.8391809
Mandir Park,leisure:park,Cuttack,20.4776717,85.8419578
ravanna park,leisure:park,Cuttack,20.2869831,85.8500173
OMC park,leisure:park,Cuttack,20.286998,85.8500125
Jaydurga Nagar Park,leisure:park,Cuttack,20.2811888,85.8592567
RT park,leisure:park,Cuttack,20.2963203,85.8505723
Utkala Nagar Park,leisure:park,Cuttack,20.3040001,85.8363901
Mahatma Gandhi Memorial Park,leisure:park,Cuttack,20.3023367,85.8398724
Rock garden,leisure:park,Cuttack,20.302858,85.8397222
Pharmacy ground,leisure:park,Cuttack,20.3063802,85.8421344
Utkala playground,leisure:park,Cuttack,20.302057,85.8365165
Dhirikuti Sahi football Ground,leisure:park,Cuttack,20.3164495,85.8443746
pollutech park,leisure:park,Cuttack,20.2985328,85.8519461
Annapurna park,leisure:park,Cuttack,20.2996201,85.8540254
MSD Park,leisure:park,Cuttack,20.2455544,85.810841
IMFA Park extension,leisure:park,Cuttack,20.2909895,85.8505442
Railway Children's Park,leisure:park,Cuttack,20.3223983,85.8271782
CDA Park,leisure:park,Cuttack,20.479585,85.8219353
Bhagabat sandhan new renovated park,leisure:park,Cuttack,20.2900144,85.8630893
Chahata Nagat Lane-4 Park,leisure:park,Cuttack,20.4896304,85.8417768
Gautam Nursery,leisure:garden,Cuttack,20.369094,85.8326598
Rose Garden,leisure:garden,Cuttack,20.2711908,85.8198711
SBI staff quarters ground,leisure:garden,Cuttack,20.2809726,85.8272676
Medicinal Gardens,leisure:garden,Cuttack,20.246463,85.7603442
Charak Udyan,leisure:garden,Cuttack,20.2442335,85.7568494
Assembly Ground,leisure:garden,Cuttack,20.2711755,85.7671735
Jagannath Vatika,leisure:garden,Cuttack,20.3030172,85.8049257
KIIT Garden Library/KSOM Gardens,leisure:garden,Cuttack,20.349722,85.8198201
Indira Gandhi Park,leisure:park,Rourkela,22.2404977,84.8742452
Childrens Park,leisure:park,Rourkela,22.2390193,84.825282
Ispat Nehru Park,leisure:park,Rourkela,22.2606866,84.8657549
Traffic Park,leisure:park,Rourkela,22.2547909,84.868996
Child Play & Gym Equipment Park,leisure:park,Rourkela,22.2399675,84.8069224
Department of Forestry Nursery,leisure:garden,Srinagar,33.9101537,75.0324063
"Horticulture Nursery, Midoora",leisure:garden,Srinagar,33.9334198,75.0445233
Cheshme Shahi,leisure:garden,Srinagar,34.0858234,74.8867829
Nishat Bagh,leisure:garden,Srinagar,34.1251962,74.8815649
Shalimar Bagh,leisure:garden,Srinagar,34.1495805,74.8729526
Indira Gandhi Memorial Tulip Garden,leisure:garden,Srinagar,34.0966884,74.8808794
Jawaharlal Nehru Memorial Botanical Garden,leisure:garden,Srinagar,34.0913354,74.8822323
Naseem Bagh,leisure:garden,Srinagar,34.1380127,74.8382954
Chrysanthemum Garden,leisure:garden,Srinagar,34.1475778,74.8787267
Daliha Garden,leisure:garden,Srinagar,34.0750288,74.82609
Mansar Lake,tourism:attraction,Jammu,32.6923148,75.1487036
Valley Viewpoint,tourism:attraction,Jammu,32.7772901,74.981216
Shiva Temple,tourism:attraction,Jammu,32.6957853,75.0609414
War Memorial,tourism:attraction,Jammu,32.7178087,74.8775596
KC Plaza,amenity:restaurant,Jammu,32.7292899,74.8657893
Amam Vaishnav Dhaba,amenity:restaurant,Jammu,32.7302465,74.8402484
Mughlai Chuisen,amenity:restaurant,Jammu,32.6763043,74.906626
Zamindara vaishno dhaba,amenity:restaurant,Jammu,32.5982434,74.9557629
Khaana Khazana,amenity:restaurant,Jammu,32.7290472,74.8586958
ANUTHAM,amenity:restaurant,Jammu,32.6706543,74.8828583
CHASKA RESTRAUNT,amenity:restaurant,Jammu,32.6696553,74.8800537
Mahajan Provisional Store,amenity:cafe,Jammu,32.7478844,74.8576311
Kunjwani Park,leisure:park,Jammu,32.6672643,74.8751922
Ram Leela Ground,leisure:park,Jammu,32.7671397,74.8495803
Park,leisure:park,Jammu,32.6989578,74.8537961
Sada Park,leisure:park,Jammu,32.7070233,74.8638996
Sector 5 Park,leisure:park,Jammu,32.6980721,74.8768915
Sector 7 park,leisure:park,Jammu,32.700053,74.8787515
Maharaja Hari Singh Park,leisure:park,Jammu,32.74723,74.8694
Mansar Park,leisure:park,Jammu,32.692587,75.1488607
Bua Datti Park,leisure:park,Jammu,32.7529629,74.8312713
Municipal Park Paloura (Palourka),leisure:park,Jammu,32.7586256,74.8340659
Park Lohan Paloura,leisure:park,Jammu,32.7574816,74.8399385
MA Stadium Park,leisure:park,Jammu,32.7229327,74.8554517
Yashokaran Park,leisure:park,Jammu,32.7349793,74.8646834
Gole Market,leisure:park,Jammu,32.7019909,74.8596123
Baag - e - Bahu Park,leisure:park,Jammu,32.7262466,74.8792115
Hari Niwas Park,leisure:park,Jammu,32.7473534,74.8714211
Manda Deer Park,leisure:park,Jammu,32.7504529,74.8675641
JDA Park,leisure:park,Jammu,32.7566517,74.8446976
Electronic Park,leisure:park,Jammu,32.7254104,74.8517959
Oval Garden,leisure:park,Jammu,32.7252146,74.8523055
Coffee stall,amenity:cafe,Gulmarg,34.0182672,74.3458683
Chaikash,amenity:cafe,Gulmarg,34.042897,74.385298
Punjabi Dhaba,amenity:cafe,Gulmarg,34.0521869,74.3982752
Gulmarg coffee house,amenity:cafe,Gulmarg,34.045557,74.3860622
bangtan cafe,amenity:cafe,Pahalgam,33.7800029,75.2400268
Ladakh House,tourism:museum,Leh,34.17546,77.5851025
Ladakh Rocks & Minerals museum,tourism:museum,Leh,34.1742835,77.5856883
Central Asian Museum,tourism:museum,Leh,34.1652367,77.5848945
Thiksey Museum,tourism:museum,Leh,34.0563614,77.6672279
Spituk Parka lookout,tourism:viewpoint,Leh,34.1070341,77.5420307
Indus valley viewpoint,tourism:viewpoint,Leh,34.1474554,77.4708339
Zanskar-Indus joint viewpoint,tourism:viewpoint,Leh,34.1667487,77.33508
Chham Kangri,tourism:viewpoint,Leh,34.1853897,77.567228
Gandala Pass 4900m,tourism:viewpoint,Leh,34.0417303,77.3627241
Chardi Kala,tourism:viewpoint,Leh,34.1907302,77.3759213
Ice Hockey Lake,tourism:viewpoint,Leh,34.1363206,77.504447
View on Shey Palace,tourism:viewpoint,Leh,33.9949344,77.6998763
Snow Mountain View Point,tourism:viewpoint,Leh,34.2253208,77.6162144
KHAR,tourism:viewpoint,Leh,34.2371895,77.6142467
SlynteR la Pass (5007m),tourism:viewpoint,Leh,33.9834574,77.5277767
Stupa Viewpoint,tourism:viewpoint,Leh,34.1880022,77.5936166
Indus Valley,tourism:viewpoint,Leh,34.1409483,77.4831011
Network Point,tourism:viewpoint,Leh,34.0261463,77.5038262
Deepor Beel viewing point,tourism:viewpoint,Guwahati,26.1131717,91.6556097
Northbroke Gate,historic:monument,Guwahati,26.1873999,91.7406065
Lachit Borphukan,historic:monument,Guwahati,26.1802789,91.7338855
sericulture department,leisure:park,Guwahati,26.1219579,91.8130554
Gol Park,leisure:park,Guwahati,26.1608894,91.6932203
terrace garden,leisure:park,Guwahati,26.1670169,91.7389315
Dr. Bhupen Hazarika Samadhi Kshetra,leisure:park,Guwahati,26.1565894,91.6718226
KAMALA KANTA BARUAH CHILDREN PARK,leisure:park,Guwahati,26.1365785,91.7977288
Kalakshetra,leisure:park,Guwahati,26.1315563,91.8231603
birthday celebration place,leisure:park,Guwahati,26.1893864,91.6947411
Shraddhanjali Kanan,leisure:park,Guwahati,26.1644719,91.7801047
Sudhakantha Dr.Bhupen Hazarika Children's Park,leisure:park,Guwahati,26.1726378,91.7735813
War Memorial,leisure:park,Guwahati,26.1897688,91.7510497
Nehru Park,leisure:park,Guwahati,26.1887396,91.7471084
Sukreshwar Ghat Park,leisure:park,Guwahati,26.1873673,91.7407286
Shradhanjali Kanan,leisure:park,Guwahati,26.1643602,91.7788926
Shuttle Gate Park,leisure:park,Guwahati,26.1567485,91.7034501
Goal park,leisure:park,Guwahati,26.1538844,91.7038642
Kalibari Park,leisure:park,Guwahati,26.1622894,91.6917133
garden,leisure:park,Guwahati,26.1616797,91.6917764
Bidya Mandir Ground,leisure:park,Guwahati,26.1631432,91.6933293
College Gate Park,leisure:park,Guwahati,26.1648552,91.690171
Pandu College Ground,leisure:park,Guwahati,26.1648591,91.6924292
Park,leisure:park,Guwahati,26.1631403,91.6920677
Sonaram Feild,leisure:park,Guwahati,26.1728884,91.7284503
Children's Park,leisure:park,Guwahati,26.1986187,91.6949657
Food stalls place,leisure:park,Guwahati,26.190157,91.6937923
Children Park,leisure:park,Guwahati,26.1418489,91.7929215
Dighalipukhuri War Memorial,leisure:park,Guwahati,26.1893759,91.7509763
Silpukhuri Park,leisure:park,Guwahati,26.1845511,91.7636322
"WATER PARK ACCOLAND, PATGAON",leisure:park,Guwahati,26.0797747,91.6111241
Kamala Kanta Baruah Children park,leisure:park,Guwahati,26.1366108,91.7976383
Bishnu Rabha udyan,leisure:park,Guwahati,26.1364181,91.7557618
Bagharbari Children's Park,leisure:park,Guwahati,26.1393055,91.8288027
maghal garden,leisure:garden,Guwahati,26.1802807,91.7599958
tea garden,leisure:garden,Guwahati,26.1175092,91.9693613
Maghal Garden,leisure:garden,Guwahati,26.1802655,91.7600541
Matilang Park,leisure:park,Shillong,25.5404115,91.8213333
Lady Hydari Park,leisure:park,Shillong,25.5658824,91.8811377
Mercury Environmental Lake,leisure:park,Shillong,25.5170245,91.8791565
Tea Garden,leisure:park,Shillong,25.5476781,91.8413499
Botanical Gardens,leisure:garden,Shillong,25.5766126,91.8869749
SANGAITHAL PARK & RESORT,leisure:park,Imphal,24.8089144,93.787812
Olympian Park,leisure:park,Imphal,24.8206032,93.787345
Nobap forest,leisure:park,Imphal,24.9434675,93.9049305
Lilong Chingjao Nungei Idgah Park,leisure:park,Imphal,24.6695686,93.9461188
Niranjan Chhetri Playground,leisure:park,Imphal,24.9693559,93.8897148
Waroi Garden,leisure:park,Imphal,24.7274964,93.7730079
Leimaram picnic park,leisure:park,Imphal,24.7127987,93.7726324
Agape Garden,leisure:park,Imphal,24.7382307,93.7473925
Bir Tikendrajit Park,leisure:park,Imphal,24.8063649,93.936925
Soudongbung Lampak,leisure:park,Imphal,24.7857875,93.9603919
Umang Leikol Ground,leisure:park,Imphal,24.5883611,94.067254
Bamon Lampak,leisure:park,Imphal,24.7658349,93.8927091
Dzüko Valley Base Camp,tourism:attraction,Kohima,25.6263886,94.0020548
Dzuko Valley,tourism:attraction,Kohima,25.6068108,94.0008121
Kohima Village Gate,tourism:attraction,Kohima,25.675403,94.1095955
"Rusoma, Nagavillage",tourism:attraction,Kohima,25.7284782,94.1445133
zeliang,tourism:attraction,Kohima,25.6157739,94.1144531
chakhesang,tourism:attraction,Kohima,25.6159913,94.1140535
garo,tourism:attraction,Kohima,25.6156335,94.1140884
Konyak,tourism:attraction,Kohima,25.6159402,94.1133043
khiamniungan,tourism:attraction,Kohima,25.6160775,94.1135202
chang,tourism:attraction,Kohima,25.615929,94.1136166
kachari,tourism:attraction,Kohima,25.6156616,94.1142486
sangtam,tourism:attraction,Kohima,25.6160932,94.113766
rengma,tourism:attraction,Kohima,25.6157664,94.1141353
pochury,tourism:attraction,Kohima,25.6161067,94.1139605
angami,tourism:attraction,Kohima,25.6157777,94.1142919
yimkhiung khiangyam,tourism:attraction,Kohima,25.6161751,94.1136528
phom morung,tourism:attraction,Kohima,25.6158665,94.1134963
Ao,tourism:attraction,Kohima,25.615913,94.1138622
kuki,tourism:attraction,Kohima,25.6156696,94.1144609
Sumi,tourism:attraction,Kohima,25.6158631,94.1139135
chumpo,tourism:attraction,Kohima,25.6157452,94.1139343
Nagaland State Museum,tourism:museum,Kohima,25.6843986,94.1075248
State Museum,tourism:museum,Kohima,25.6847162,94.1044968
Zapami Heritage Museum,tourism:museum,Kohima,25.5352674,94.2475864
Battle of Kohima Museum,tourism:museum,Kohima,25.6163516,94.1152757
State museum,tourism:museum,Kohima,25.6848193,94.1045187
