osm_id,place,city,lat,lon,kind,subtype,category,has_wiki,heritage,tag_count,description,opening_hours,fee,important
w175844355,Dolphin Water Park,Agra,27.238351,77.867403,activity,water_park,Activity,0,0,3,,,,0
w668738801,Soor Sarovar Bird WLS,Agra,27.250522,77.85153,activity,nature_reserve,Activity,0,0,4,,,,0
n4306071195,Taj Nature Walk,Agra,27.170296,78.048576,activity,zoo,Activity,0,0,7,,Mo-Su 06:00-19:00,yes,0
n3078451545,Balkeshwar Ghat,Agra,27.220224,78.032169,nature,beach,Beach,0,0,2,,,,0
r1765313,Keetham Lake,Agra,27.252956,77.841811,nature,lake,Nature,0,0,7,,,,0
w310318567,Agra Fort,Agra,27.179822,78.021043,sight,fort,Heritage,1,0,39,,,,1
w1537668805,Akbar's Church,Agra,27.197322,78.010349,sight,place_of_worship,Temple,1,0,13,,,,1
w175509938,Akbar's tomb and mausoleum,Agra,27.22042,77.950398,sight,monument,Heritage,1,0,10,,,,1
n10676068580,Akhbari Mahal,Agra,27.176987,78.023238,sight,attraction,Heritage,0,0,2,,,,0
n5931059706,Angori Bagh,Agra,27.178418,78.023057,sight,attraction,Heritage,0,0,2,,,,0
n3079683136,Bhagat Villa,Agra,27.199727,78.002828,sight,attraction,Heritage,0,0,2,,,,0
w1537668806,Cathedral of the Immaculate Conception,Agra,27.197746,78.009749,sight,place_of_worship,Temple,1,0,10,,,,1
n1468368074,Chauburji,Agra,27.190121,78.032562,sight,monument,Heritage,0,0,2,,,,0
n1468361056,Chausath Khamba,Agra,27.212106,77.975484,sight,monument,Heritage,0,0,2,,,,0
w59156688,Darwaza-i-Rauza,Agra,27.171683,78.042189,sight,monument,Heritage,0,0,7,,,,0
w490103297,Diwan-i-Aam,Agra,27.178974,78.022541,sight,attraction,Heritage,0,0,5,,,,0
n6243460887,Diwan-i-Khas,Agra,27.178897,78.023365,sight,attraction,Heritage,0,0,3,,,,0
w898464100,Hathi Ghat,Agra,27.18571,78.024491,sight,attraction,Heritage,0,0,3,Hathi Ghat one of renowned Yamuna Bank of Agra,,,0
n7515256508,Hathi Pol,Agra,27.180374,78.018646,sight,attraction,Heritage,0,0,3,,,,0
w378105192,I'timād-ud-Daulah's Tomb,Agra,27.192868,78.030995,sight,monument,Heritage,1,0,14,,Fr-Th 08:00-24:00,,1
n10676100462,Jahangir's Hauz,Agra,27.177663,78.022519,sight,attraction,Heritage,0,0,5,,,,0
n3893485491,Jahangir's Palace,Agra,27.177765,78.023139,sight,attraction,Heritage,0,0,4,,,,0
w346806298,Jal Mahal,Agra,27.173145,78.040634,sight,castle,Heritage,0,0,5,,,,0
w59281879,Jama Masjid,Agra,27.182038,78.016153,sight,place_of_worship,Temple,1,0,8,,,,1
n2340032986,Jhalkaribai Statue,Agra,27.175305,78.026337,sight,monument,Heritage,1,0,4,,,,1
n3533066370,Jhansi Rani Laxmibhai Statue,Agra,27.163552,78.003826,sight,monument,Heritage,1,0,3,,,,1
n6243483685,Khas Mahal,Agra,27.178468,78.023562,sight,attraction,Heritage,0,0,4,,,,0
w175659413,Mariam's Tomb,Agra,27.215302,77.942721,sight,monument,Heritage,1,0,5,,,,1
w50288686,Mehtab Bagh,Agra,27.17967,78.042034,sight,archaeological_site,Heritage,1,0,7,,,,1
n6655840089,Musammun Burj,Agra,27.178838,78.023608,sight,attraction,Heritage,0,0,2,,,,0
w50284168,Ram Bagh,Agra,27.205381,78.038445,sight,archaeological_site,Heritage,0,0,5,,,,0
n3080078638,Sahil Royal Garden,Agra,27.182477,77.962311,sight,castle,Heritage,0,0,3,,,,0
w490321400,Sheesh Mahal,Agra,27.17876,78.023134,sight,attraction,Heritage,0,0,3,,,,0
w375257537,Taj Mahal,Agra,27.175009,78.04209,sight,tomb,Heritage,1,0,61,,,,1
w27044943,Taj Mahal Mughal Garden,Agra,27.17244,78.042135,sight,attraction,Heritage,0,0,5,,,,0
n4430094389,Taj Mahal Museum,Agra,27.173138,78.040632,sight,museum,Museum,0,0,6,,Mo-Su 00:00-00:00,,0
n14181618210,Taj View Point,Agra,27.171654,78.046066,sight,viewpoint,Viewpoint,0,0,4,,,,0
w50284165,Tomb of Itimad ud Daulah,Agra,27.192809,78.031433,sight,archaeological_site,Heritage,1,0,5,,,,1
n1468361506,Tomb of Sadiq Khan,Agra,27.210731,77.977823,sight,monument,Heritage,0,0,2,,,,0
n10262123109,View Point Taj Mahal 50 INR,Agra,27.178506,78.040562,sight,attraction,Heritage,0,0,2,,,,0
w1019588817,Adventure Park,Ahmedabad,23.039144,72.529512,activity,theme_park,Activity,0,0,2,,,,0
n4637029925,Butterfly Park,Ahmedabad,23.004238,72.598531,activity,theme_park,Activity,0,0,2,,,,0
w244342863,Indroda Nature Park,Ahmedabad,23.192804,72.650527,activity,zoo,Activity,1,0,8,,,,1
n440360564,Kankaria Zoo,Ahmedabad,23.008161,72.603879,activity,zoo,Activity,0,0,4,,,,0
w530525406,Science City,Ahmedabad,23.077678,72.494372,activity,theme_park,Activity,1,0,8,,Tu-Su 10:00-19:00,,1
w793320580,Sundarvan,Ahmedabad,23.02654,72.521064,activity,zoo,Activity,0,0,10,A nature discovery center,Tu-Su 09:00-18:30,,0
r9283027,Thol Lake WLS,Ahmedabad,23.142162,72.410631,activity,nature_reserve,Activity,1,0,7,,,,1
w1200946272,Adalaj Lake,Ahmedabad,23.168835,72.580747,nature,lake,Nature,0,0,3,,,,0
w1026135343,Ambapur Lake,Ahmedabad,23.150219,72.607311,nature,lake,Nature,0,0,3,,,,0
w988821262,Ambli Lake,Ahmedabad,23.028737,72.481686,nature,lake,Nature,0,0,3,,,,0
w1244944043,Attreshwar Mahadev Lake,Ahmedabad,22.90165,72.366307,nature,lake,Nature,0,0,4,,,,0
w297316929,Auda Lake,Ahmedabad,23.087682,72.563264,nature,lake,Nature,0,0,3,,,,0
w1004349574,Balva Lake,Ahmedabad,23.353662,72.663054,nature,lake,Nature,0,0,3,,,,0
w366778319,Bopal Lake,Ahmedabad,23.038593,72.458354,nature,lake,Nature,0,0,3,,,,0
w297225637,Chandlodia Lake,Ahmedabad,23.083818,72.552126,nature,lake,Nature,0,0,4,,,,0
w986289292,Chharodi Lake,Ahmedabad,23.123018,72.540466,nature,lake,Nature,1,0,5,,,,1
w1192008348,Chharodi Park,Ahmedabad,23.122959,72.540606,nature,park,Nature,1,0,5,,,,1
w553677194,Ecology Park,Ahmedabad,23.046115,72.454563,nature,park,Nature,1,0,5,,,,1
w1008655803,Ghatlodiya Lake,Ahmedabad,23.084822,72.530279,nature,lake,Nature,0,0,5,,,,0
w378365064,Ghuma Lake,Ahmedabad,23.032595,72.448825,nature,lake,Nature,0,0,3,,,,0
w993792327,Gota Lake,Ahmedabad,23.096098,72.537599,nature,lake,Nature,0,0,3,,,,0
w1539775940,Jagatpur Lake,Ahmedabad,23.114429,72.547785,nature,lake,Nature,0,0,3,,,,0
w1032926403,Kaneti Lake,Ahmedabad,23.00385,72.401256,nature,lake,Nature,0,0,3,,,,0
w29340465,Kankaria Lake,Ahmedabad,23.006265,72.601205,nature,lake,Nature,1,0,7,,,,1
w462610903,Kapileswar Tank,Ahmedabad,23.244072,72.490554,nature,lake,Nature,0,0,3,,,,0
w1457782748,Khatraj Lake,Ahmedabad,23.138693,72.445355,nature,lake,Nature,0,0,4,,,,0
w1200779816,Khoraj Lake,Ahmedabad,23.15191,72.555025,nature,lake,Nature,0,0,3,,,,0
r13498663,Lapkaman Lake,Ahmedabad,23.13151,72.498509,nature,lake,Nature,0,0,5,,,,0
w172153337,Law Garden,Ahmedabad,23.026449,72.560956,nature,park,Nature,1,0,9,,"Mo-Su 05:00-12:00,14:00-22:00",,1
w314446428,Lokmanya Tilak Garden (Victoria Garden),Ahmedabad,23.021148,72.579064,nature,park,Nature,1,0,10,,"06:00-12:30, 14:00-22:30",,1
w340401815,Lotus Pond,Ahmedabad,23.188579,72.628893,nature,lake,Nature,0,0,4,,,,0
w458979912,Maghiya Lake,Ahmedabad,22.716751,72.433703,nature,lake,Nature,0,0,3,,,,0
w972664075,Manipur Lake,Ahmedabad,23.03554,72.422818,nature,lake,Nature,0,0,3,,,,0
n12367142018,Metweld,Ahmedabad,23.078191,72.503121,nature,beach,Beach,0,0,3,,,,0
w1135177875,Mirror Lake,Ahmedabad,23.207817,72.68567,nature,lake,Nature,0,0,3,,,,0
w326493488,Mumatpura Lake,Ahmedabad,23.015733,72.489287,nature,lake,Nature,0,0,3,,,,0
w1304027700,Ognaj Lake,Ahmedabad,23.11981,72.51511,nature,lake,Nature,0,0,3,,,,0
w1273603789,"Oxygen Park, Sindhu Bhavan Road",Ahmedabad,23.041368,72.486846,nature,park,Nature,1,0,9,"Spanning over 28,000 sqm the park consists of 59,000 trees with 75 plant species, 400m running track passing through forest trails, playground, outdoor gym, dynamic pavillion, yoga space and vibrant bandstand","Mo-Su 7:00-10:00, 16:00-18:00; Mar-Sep Mo-Su 6:30-9:30, 17:00-19:00",,1
w312551684,Parimal Garden,Ahmedabad,23.020428,72.55613,nature,park,Nature,1,0,8,,Mo-Su 06:00-22:00,,1
w420552944,Punit Van,Ahmedabad,23.217067,72.667599,nature,park,Nature,1,0,9,People use this park mainly for walk and doing exercise. There is a trail inside it. It consists of variety of plants as well.,,no,1
w360830122,Rancharda Lake,Ahmedabad,23.073134,72.437743,nature,lake,Nature,0,0,4,,,,0
w1349775590,Ratanpura lake,Ahmedabad,22.993449,72.657372,nature,lake,Nature,0,0,4,,,,0
w321978190,Ratna Lake,Ahmedabad,23.016427,72.447362,nature,lake,Nature,0,0,3,,,,0
w176322583,Sanathal Lake,Ahmedabad,22.968426,72.468754,nature,lake,Nature,0,0,3,,,,0
w655923300,Sargasan Lake,Ahmedabad,23.187017,72.616884,nature,lake,Nature,0,0,4,,,,0
w986297013,Shela Lake,Ahmedabad,23.01085,72.442861,nature,lake,Nature,0,0,3,,,,0
w1052743149,Shiholi Lake,Ahmedabad,23.243928,72.731359,nature,lake,Nature,0,0,4,,,,0
w172152761,St Poet Narsinh Mehta Lake,Ahmedabad,23.038502,72.528905,nature,park,Nature,1,0,6,,,,1
w420550103,Suryajyot Lake,Ahmedabad,23.199901,72.649406,nature,lake,Nature,0,0,3,,,,0
w174746375,Thaltej Lake,Ahmedabad,23.051204,72.512073,nature,lake,Nature,0,0,3,,,,0
w577908733,Thol Lake,Ahmedabad,23.132648,72.380096,nature,lake,Nature,0,0,3,,,,0
w1368330303,Tragad Lake,Ahmedabad,23.129094,72.553604,nature,lake,Nature,0,0,4,,,,0
n9620968438,Vaghvat Waterfall,Ahmedabad,23.028849,72.958682,nature,waterfall,Nature,0,0,5,,,,0
w1198134753,Vastral Lake,Ahmedabad,22.999455,72.668021,nature,lake,Nature,0,0,3,,,,0
w135070029,Vastrapur Lake,Ahmedabad,23.038437,72.528888,nature,lake,Nature,0,0,3,,,,0
w993784183,Zundal Lake,Ahmedabad,23.135832,72.583432,nature,lake,Nature,0,0,3,,,,0
n2477174077,AKHBAR NAGAR CIRCLE,Ahmedabad,23.067425,72.564572,sight,monument,Heritage,0,0,5,,,,0
w1026135342,Ambapur Stepwell,Ahmedabad,23.152042,72.611,sight,monument,Heritage,1,0,8,15th century stepwell.,,,1
n4937816350,Amritavarshini Vav,Ahmedabad,23.024664,72.597106,sight,monument,Heritage,1,0,7,,,,1
n4674327795,Anupam estate,Ahmedabad,23.015553,72.635197,sight,attraction,Heritage,0,0,4,,,,0
n5287024422,Arvind aircon ltd,Ahmedabad,22.964254,72.65066,sight,attraction,Heritage,0,0,3,,,,0
n4671479591,Ashapura Industrial Estate,Ahmedabad,22.968738,72.651376,sight,attraction,Heritage,0,0,4,,,,0
w1307897103,Ashram Building,Ahmedabad,23.01607,72.566883,sight,museum,Museum,0,0,4,,,,0
w605638940,Azam and Muazzam Khan's Tomb,Ahmedabad,23.001978,72.549786,sight,tomb,Heritage,1,0,7,,,,1
w605637928,Baba Lului's Mosque,Ahmedabad,23.008844,72.575787,sight,place_of_worship,Temple,1,0,7,,,,1
n4487897592,Bhadaj,Ahmedabad,23.096244,72.465734,sight,attraction,Heritage,0,0,3,,,,0
w843168356,Bhadra Fort,Ahmedabad,23.023971,72.5812,sight,fort,Heritage,1,0,8,,,,1
n632533513,Bird Feeder,Ahmedabad,23.023616,72.590768,sight,attraction,Heritage,0,0,2,,,,0
w322218324,Calico Textile Museum,Ahmedabad,23.054233,72.592478,sight,museum,Museum,1,0,13,,,,1
n5407346984,Citizens Exchange,Ahmedabad,23.012703,72.506528,sight,monument,Heritage,0,0,3,"Elevated walkway, looks cool, claim cultural victory.",,,0
n3195844534,Dada Harir Stepwell,Ahmedabad,23.040696,72.605471,sight,attraction,Heritage,1,0,8,,,,1
n3195844535,Dai Halima tomb,Ahmedabad,23.040987,72.604989,sight,attraction,Heritage,0,0,2,,,,0
w522357001,Deewanji Ni Haveli,Ahmedabad,23.022701,72.59124,sight,attraction,Heritage,0,0,5,"A 250 years old traditional wooden Haveli. The origin of this magnificent heritage building traces back to Ahmedabad's Mughal Era. The architecture, intricate wooden carving, lime stucco and stonework epitomize the splendor of our Cullture and Traditions",,,0
n4457351094,Divine child circle,Ahmedabad,23.122123,72.582556,sight,attraction,Heritage,0,0,3,,,,0
w185804908,Gandhi Memorial Museum,Ahmedabad,23.060661,72.580893,sight,museum,Museum,0,0,8,,09:00-18:00,yes,0
n695661929,Handmade Paper Shop,Ahmedabad,23.063572,72.579895,sight,attraction,Heritage,0,0,2,,,,0
w49396521,Harkuvar Setanin Haveli,Ahmedabad,23.025164,72.590663,sight,attraction,Heritage,0,0,2,,,,0
n7159077261,Hazrat Makhdum Shah Dargah,Ahmedabad,23.013937,72.584438,sight,tomb,Heritage,0,0,5,,,,0
w776683594,Hridaya Kunj,Ahmedabad,23.059925,72.580792,sight,attraction,Heritage,0,0,4,,,,0
w322229926,Hutheesing Jain Temple,Ahmedabad,23.04083,72.589663,sight,place_of_worship,Temple,1,0,7,,,,1
n695661928,Imam Manzil - Khadi Weaving and Gramodhyog,Ahmedabad,23.061588,72.580332,sight,attraction,Heritage,0,0,2,,,,0
n3293762463,Jain temple,Ahmedabad,23.03966,72.550231,sight,monument,Heritage,0,0,4,,,,0
r6807853,Jama Masjid,Ahmedabad,23.02383,72.586952,sight,place_of_worship,Temple,1,0,10,,,,1
n4460013790,Jamalpur Darwaja,Ahmedabad,23.012425,72.581461,sight,attraction,Heritage,1,0,7,,,,1
n4943463370,Jethabhai's Stepwell,Ahmedabad,22.974469,72.603359,sight,monument,Heritage,1,0,6,Monument of National Importance. ASI Monument No. N-GJ-45,,,1
n5717204521,Josh chemical,Ahmedabad,23.100655,72.6827,sight,attraction,Heritage,0,0,2,,,,0
n885247897,Kalupur Darwaza,Ahmedabad,23.030843,72.597937,sight,ruins,Heritage,0,0,2,,,,0
w547227515,Kankaria Lake - Public Park,Ahmedabad,23.00635,72.601437,sight,attraction,Heritage,0,0,3,,,,0
w1307897101,Kochrab Ashram,Ahmedabad,23.01577,72.566724,sight,museum,Museum,1,0,4,,,,1
n695666625,Kochrab Satyagraha Ashram,Ahmedabad,23.01589,72.566751,sight,attraction,Heritage,0,0,2,,,,0
n4738144322,Lalbhai Dalpatbhai Museum,Ahmedabad,23.033172,72.549898,sight,museum,Museum,1,0,7,,,,1
n1561520747,Logo Wall,Ahmedabad,23.010891,72.569217,sight,attraction,Heritage,0,0,2,,,,0
w605629475,Manek Burj,Ahmedabad,23.022075,72.577339,sight,monument,Heritage,1,0,6,,,,1
n4907922528,Mini kankriya,Ahmedabad,23.075923,72.657756,sight,attraction,Heritage,0,0,3,,,,0
n4674318998,Mottotech industries,Ahmedabad,22.968662,72.651302,sight,attraction,Heritage,0,0,4,,,,0
r6807854,Mughli Bibi's Tomb,Ahmedabad,23.023752,72.589109,sight,attraction,Heritage,1,0,6,,,,1
n4738181422,NC Mehta Gallery,Ahmedabad,23.033272,72.549868,sight,museum,Museum,0,0,3,,,,0
n6116432955,NSIC,Ahmedabad,23.041066,72.568004,sight,attraction,Heritage,0,0,6,,,,0
w776718456,Narendra Modi Stadium,Ahmedabad,23.091794,72.597333,sight,attraction,Heritage,1,0,11,,,,1
n440418330,Narol Circle,Ahmedabad,22.972819,72.588352,sight,attraction,Heritage,0,0,2,,,,0
n885244320,Panch Kua Dawaza,Ahmedabad,23.026969,72.600195,sight,ruins,Heritage,0,0,2,,,,0
n695661921,Prathana Bhoomi - Prayers ground,Ahmedabad,23.060029,72.58111,sight,attraction,Heritage,0,0,2,,,,0
n3335472847,Prem Darwaza,Ahmedabad,23.035003,72.596888,sight,ruins,Heritage,0,0,2,,,,0
n440367265,Raipur Gate,Ahmedabad,23.017436,72.594781,sight,attraction,Heritage,1,0,6,,,,1
w776683602,Sabarmati Ashram,Ahmedabad,23.060142,72.580716,sight,attraction,Heritage,1,0,9,,,,1
n440015517,Sakar 2,Ahmedabad,23.022966,72.572502,sight,attraction,Heritage,0,0,2,,,,0
n440015518,Sakar 4,Ahmedabad,23.023519,72.57179,sight,attraction,Heritage,0,0,2,,,,0
n440019102,Sanskar Kendra - City Museum,Ahmedabad,23.013095,72.569404,sight,museum,Museum,1,0,6,,,,1
w322223567,Sardar Patel National Memorial,Ahmedabad,23.061338,72.591197,sight,museum,Museum,1,0,11,,,,1
w499625055,Sarkhej Roza,Ahmedabad,22.993415,72.50539,sight,place_of_worship,Temple,1,0,5,,,,1
n4486861230,Shah E Alam Roza,Ahmedabad,22.994097,72.589579,sight,place_of_worship,Temple,1,0,6,,,,1
n4671537490,Shree hari fiber product p ltd,Ahmedabad,23.02889,72.682104,sight,attraction,Heritage,0,0,4,,,,0
w323895535,Sidi Saiyad Mosque,Ahmedabad,23.026847,72.581017,sight,monument,Heritage,1,0,6,Monument of National Importance. N-GJ-3.,,,1
n4485384993,Sola,Ahmedabad,23.057541,72.543509,sight,attraction,Heritage,0,0,3,,,,0
w1218446324,Swaminarayan Museum,Ahmedabad,23.05538,72.550718,sight,museum,Museum,1,0,6,,,,1
n4674327794,Swastic Center,Ahmedabad,22.971858,72.588564,sight,attraction,Heritage,0,0,4,,,,0
n5065508094,Talavadi Circle,Ahmedabad,23.081591,72.616364,sight,attraction,Heritage,0,0,4,,,,0
n4585303199,Temple,Ahmedabad,23.096968,72.470328,sight,attraction,Heritage,0,0,3,,,,0
n5653514221,The Mill Owner's Building of Le Corbusier,Ahmedabad,23.032623,72.570989,sight,attraction,Heritage,0,0,3,,Mo-Fr 10:30-15:00; Sa 10:30-11:30,,0
w460817473,Tomb of Ahmad Shah,Ahmedabad,23.023794,72.587925,sight,attraction,Heritage,1,0,7,,,,1
n631780433,Vechaar: Utensils Museum,Ahmedabad,22.994438,72.535732,sight,museum,Museum,0,0,4,,Tu-Su 08:00-15:00; Sa 08:00-12:00,yes,0
n5274771822,Villa Shodhan,Ahmedabad,23.024933,72.567362,sight,attraction,Heritage,1,0,5,,,,1
n4486542598,Zoolta Minara,Ahmedabad,23.027986,72.601009,sight,attraction,Heritage,0,0,2,,,,0
n695652807,ashram-managers guesthouse,Ahmedabad,23.061685,72.579377,sight,attraction,Heritage,0,0,2,,,,0
n4487915191,science city road,Ahmedabad,23.080999,72.498311,sight,attraction,Heritage,0,0,3,,,,0
r2522792,Ana Sagar,Ajmer,26.477872,74.622734,nature,lake,Nature,1,0,9,,,,1
n4806285415,Kishangarh,Ajmer,26.588559,74.861097,nature,park,Nature,1,0,13,,,,1
n9074701720,Badshah building,Ajmer,26.461394,74.631204,sight,monument,Heritage,0,0,2,,,,0
w319619324,Dargah-e-Khawaja Garib Nawaz Hazrat Moinuddin Chishti (RAH) - Ajmer Sharif,Ajmer,26.456293,74.627847,sight,place_of_worship,Temple,1,0,11,,,,1
n4306153989,Taragarh Fort,Ajmer,26.441927,74.617863,sight,attraction,Heritage,1,0,5,,,,1
n8849057188,Galilii Aquarium,Alleppey,9.59618,76.509729,activity,aquarium,Activity,0,0,2,,,,0
w965661846,Kumarakom Bird Sanctury,Alleppey,9.630033,76.423624,activity,nature_reserve,Activity,0,0,2,,,,0
w18757723,Pathiramanal,Alleppey,9.618149,76.384787,activity,nature_reserve,Activity,1,0,8,,,,1
w798527097,Police Parade Ground,Alleppey,9.591129,76.533807,activity,camp_site,Activity,0,0,8,,,,0
n7479597339,Ponnus fish farm,Alleppey,9.552473,76.579962,activity,aquarium,Activity,0,0,2,,,,0
w922381025,Prince Aquarium,Alleppey,9.394482,76.353368,activity,aquarium,Activity,0,0,3,,,,0
n13448389411,Sea View Adventure park,Alleppey,9.492161,76.319159,activity,theme_park,Activity,0,0,2,,,,0
n9312598065,Thottuparambil Colony Lein Changanessry,Alleppey,9.441164,76.541868,activity,camp_site,Activity,0,0,3,,,,0
n7465973024,alan aquarium,Alleppey,9.441001,76.576075,activity,aquarium,Activity,0,0,5,,,,0
n7465941665,aquactic world,Alleppey,9.441763,76.576311,activity,aquarium,Activity,0,0,6,,Mo-Fr 08:00-18:00,,0
n8563043837,che boys,Alleppey,9.389386,76.364851,activity,camp_site,Activity,0,0,5,,,,0
w1217498167,crystal aquarium & DTP center,Alleppey,9.634472,76.514234,activity,aquarium,Activity,0,0,7,,,,0
w1234415228,Alappuzha Beach,Alleppey,9.483788,76.319527,nature,beach,Beach,1,0,6,,,,1
w1086497139,Arthunkal beach,Alleppey,9.661329,76.291513,nature,beach,Beach,1,0,6,,,,1
n4753835024,Aruvikkuzhi Waterfalls,Alleppey,9.602908,76.667132,nature,waterfall,Nature,1,0,5,,,,1
w1254659395,Azheekkal Chennam,Alleppey,9.650602,76.293372,nature,beach,Beach,0,0,2,,,,0
w1229941952,Charankattu Beach,Alleppey,9.645102,76.294034,nature,beach,Beach,0,0,3,,,,0
w1412643014,Cheriyapozhi Beach,Alleppey,9.554133,76.306087,nature,beach,Beach,0,0,4,,,,0
n12041819841,Chethy beach,Alleppey,9.623056,76.295221,nature,beach,Beach,0,0,2,,,,0
n7339645215,Kanjirathanam Cave,Alleppey,9.745643,76.53033,nature,cave_entrance,Nature,0,0,4,,,no,0
n12041691145,Kattady Beach Chethy,Alleppey,9.619294,76.295768,nature,beach,Beach,0,0,3,,,,0
w1092518450,Kattoor Beach,Alleppey,9.567036,76.303636,nature,beach,Beach,0,0,4,,,,0
w622418623,Marari Beach,Alleppey,9.603532,76.297947,nature,beach,Beach,1,0,6,,,,1
n7305639711,Mathrumala,Alleppey,9.596341,76.640924,nature,peak,Nature,0,0,3,,,,0
n7290786625,Parathodu Meenmuttypara Falls,Alleppey,9.42504,76.68498,nature,waterfall,Nature,0,0,5,,,,0
n10012654526,Perumpally,Alleppey,9.166844,76.449369,nature,beach,Beach,0,0,2,,,,0
w1093286192,Perumpally Beach,Alleppey,9.167838,76.44859,nature,beach,Beach,0,0,3,,,,0
w133597341,Punnamada Lake,Alleppey,9.501573,76.357198,nature,lake,Nature,1,0,5,,,,1
w467777623,Punnapra Beach,Alleppey,9.446338,76.329353,nature,beach,Beach,1,0,4,,,,1
r9051433,Thaikal Beach,Alleppey,9.707875,76.287937,nature,beach,Beach,1,0,7,,,,1
w1229941953,Thiruvizha Beach,Alleppey,9.640537,76.294535,nature,beach,Beach,1,0,3,,,,1
w615519183,Thottappally Beach,Alleppey,9.315971,76.379791,nature,beach,Beach,1,0,4,,,,1
w1086791367,Thumpoly Beach,Alleppey,9.519692,76.311743,nature,beach,Beach,1,0,3,,,,1
w203630447,Vattakayal Kayalpuram,Alleppey,9.485145,76.423865,nature,lake,Nature,0,0,4,,,,0
r17066401,Vattakkaayal,Alleppey,9.491041,76.377071,nature,lake,Nature,0,0,4,,,,0
n7461738270,kattoor beach,Alleppey,9.55822,76.305469,nature,beach,Beach,0,0,2,,,,0
w857749402,kavalipuzha mini beach,Alleppey,9.682172,76.624582,nature,beach,Beach,0,0,2,,,,0
w743547068,kavilpuzha mini beach,Alleppey,9.684354,76.615497,nature,beach,Beach,0,0,3,,,,0
n13621219501,Alappuzha Boat Club,Alleppey,9.5,76.35,sight,attraction,Heritage,0,0,8,Alappuzha Boat Club in Alappuzha is a popular boating attraction.,8:00 AM - 6:00 PM,yes,0
n13621220001,Alleppey Backwaters,Alleppey,9.4981,76.3388,sight,attraction,Heritage,0,0,7,,8:00 AM - 6:00 PM,yes,0
w252115107,"Alleppey Lighthouse & Museum, Alappuzha",Alleppey,9.493913,76.320959,sight,museum,Museum,0,0,3,,"Tu-Su 9:00-11:45, 14:00-17:30",,0
r17618014,Amabalappuzha Sree Krishna Temple,Alleppey,9.383287,76.369518,sight,place_of_worship,Temple,1,0,11,,,,1
n5037185722,AmazeWorld,Alleppey,9.496411,76.317634,sight,attraction,Heritage,0,0,3,,,,0
n13591855001,Ambalapuzha Sree Krishna Temple,Alleppey,9.3833,76.3667,sight,attraction,Heritage,0,0,7,Ambalapuzha Sree Krishna Temple in Alappuzha is a sacred place of worship with rich architectural heritage.,5:00 AM - 9:00 PM,no,0
w1238921119,Aryattuparambu Nagaraja Temple,Alleppey,9.395174,76.369746,sight,place_of_worship,Temple,1,0,5,,,,1
w894965672,Bishop Kuraliacherry Museum,Alleppey,9.414618,76.410675,sight,museum,Museum,0,0,6,,,,0
w389860683,Deivajanamatha Church,Alleppey,9.462671,76.331863,sight,place_of_worship,Temple,1,0,5,,,,1
w1254966815,Dheemahi Nagaraja Temple,Alleppey,9.580001,76.438988,sight,place_of_worship,Temple,1,0,5,,,,1
n11515791753,Elippanam Paddy Fields,Alleppey,9.591444,76.358683,sight,attraction,Heritage,0,0,2,,,,0
w798813353,Global Peace Palace,Alleppey,9.521849,76.327362,sight,monument,Heritage,1,0,5,,,,1
n5647527031,Hanuman Swami Temple,Alleppey,9.567103,76.31726,sight,place_of_worship,Temple,1,0,4,,,,1
n7473576373,International coir museum,Alleppey,9.56307,76.328373,sight,museum,Museum,1,0,3,,,,1
n12041691144,Kadal Paalam,Alleppey,9.62229,76.29367,sight,attraction,Heritage,0,0,2,,,,0
w1188041790,Kalarcode Mahadeva Temple,Alleppey,9.466505,76.343817,sight,place_of_worship,Temple,1,0,6,,,,1
w795912209,Kanichukulangara Devi Temple,Alleppey,9.629241,76.313681,sight,place_of_worship,Temple,1,0,7,,,,1
r8596730,Kavunkal temple,Alleppey,9.588205,76.352288,sight,place_of_worship,Temple,1,0,6,,,,1
w619937054,Kochanakulangara Temple,Alleppey,9.627662,76.363398,sight,place_of_worship,Temple,1,0,5,,,,1
w644470012,Krishnapuram Temple,Alleppey,9.468421,76.46544,sight,place_of_worship,Temple,1,0,6,,,,1
w619665260,Lutheran Church,Alleppey,9.607409,76.346295,sight,place_of_worship,Temple,1,0,6,,,,1
n5656944493,Marankulangara Devi Temple,Alleppey,9.569422,76.320595,sight,place_of_worship,Temple,1,0,4,,,,1
w798631766,Maria Goretti Church Chettikad,Alleppey,9.530885,76.315454,sight,place_of_worship,Temple,1,0,5,,,,1
w623900361,Maruthachikkal Temple,Alleppey,9.439621,76.351117,sight,place_of_worship,Temple,1,0,5,,,,1
w623149973,Mekkad Bhagavathi Temple,Alleppey,9.47883,76.386974,sight,place_of_worship,Temple,1,0,8,,,,1
w133876368,Mullakkal Temple,Alleppey,9.497007,76.343083,sight,place_of_worship,Temple,1,0,6,,,,1
r17273307,Muthante Nada,Alleppey,9.570414,76.423121,sight,place_of_worship,Temple,1,0,7,,,,1
r19013543,Naalpaalam,Alleppey,9.494447,76.322159,sight,attraction,Heritage,0,0,8,,,,0
w913108668,Nava Nazareth,Alleppey,9.581347,76.423544,sight,place_of_worship,Temple,1,0,5,,,,1
n1470573322,Nehru Trophy Boat race Finishing point,Alleppey,9.500726,76.353348,sight,viewpoint,Viewpoint,0,0,2,,,,0
w619938958,Njandirickal Sree Krishna temple,Alleppey,9.569463,76.339053,sight,place_of_worship,Temple,1,0,5,,,,1
w620583769,Noorul Islam,Alleppey,9.583847,76.35219,sight,place_of_worship,Temple,1,0,5,,,,1
w649481260,Our Lady of Mount Carmel Cathedral,Alleppey,9.496419,76.329302,sight,place_of_worship,Temple,1,0,5,,Mo-Su 08:00-18:00,,1
w1426012672,Punnamada Footbridge,Alleppey,9.512032,76.354216,sight,attraction,Heritage,0,0,11,,,,0
w133849312,Ravi Karunakaran Museum,Alleppey,9.499011,76.329028,sight,museum,Museum,1,0,3,,,,1
n8521463825,Riverside sunset view,Alleppey,9.577622,76.442548,sight,viewpoint,Viewpoint,0,0,2,,,,0
n3966700267,Saukar Masjid,Alleppey,9.495092,76.337015,sight,place_of_worship,Temple,1,0,4,,,,1
w1254966807,Shekhareth Gurunatha Badrakali Temple,Alleppey,9.576529,76.448863,sight,place_of_worship,Temple,1,0,6,,,,1
n14259256701,Spice Routes,Alleppey,9.459668,76.394342,sight,attraction,Heritage,0,0,5,,,,0
w136548812,Sree Kumaramangalam Subramanyaswamy Temple,Alleppey,9.596315,76.431476,sight,place_of_worship,Temple,1,0,7,,,,1
w801001634,St Xavier's Chapel Church,Alleppey,9.49686,76.318192,sight,place_of_worship,Temple,1,0,5,,,,1
w798624450,St. Francis Xaviers Church,Alleppey,9.539646,76.313594,sight,place_of_worship,Temple,1,0,8,,,,1
w799108466,St. Joseph Church,Alleppey,9.554215,76.328805,sight,place_of_worship,Temple,1,0,5,,,,1
w389740069,St. Mary’s Basilica,Alleppey,9.408607,76.411238,sight,attraction,Heritage,0,0,12,,,,0
w1223242558,St. Peter's Church Kumarakom,Alleppey,9.597882,76.426121,sight,place_of_worship,Temple,1,0,9,,,,1
w798624462,St. Thomas Church Thumpoly,Alleppey,9.520295,76.31833,sight,place_of_worship,Temple,1,0,6,,,,1
r21197608,Thiruvambadi Sree Krishnaswamy Temple,Alleppey,9.482354,76.339554,sight,place_of_worship,Temple,1,0,8,,,,1
n11001077306,Vattakayal Sunset Point,Alleppey,9.460528,76.43002,sight,viewpoint,Viewpoint,0,0,3,,,,0
r11784147,Boating Lake,Amritsar,31.572048,74.468565,nature,lake,Nature,0,0,8,,,,0
w39800812,Jallianwala Bagh,Amritsar,31.620533,74.880311,nature,park,Nature,1,0,7,,,,1
n1195357167,Central Sikh Museum,Amritsar,31.620627,74.877167,sight,museum,Museum,1,0,7,,Tu-Su,no,1
w30055082,Company Bagh,Amritsar,31.638532,74.879414,sight,attraction,Heritage,0,0,5,,,,0
n1004684767,Gobindgarh Fort,Amritsar,31.627112,74.860408,sight,fort,Heritage,1,0,11,,,,1
w643460689,Golden Gate,Amritsar,31.605755,74.93317,sight,attraction,Heritage,0,0,4,,,,0
n5093950623,Maharaja Ranjit Singh,Amritsar,31.623851,74.879565,sight,monument,Heritage,0,0,3,,,,0
w253313914,Maharaja Ranjit Singh Panorama,Amritsar,31.640568,74.876423,sight,museum,Museum,0,0,4,,,,0
n5419504322,Partition Museum,Amritsar,31.625702,74.87905,sight,museum,Museum,0,0,7,,Tu-Su 10:00-18:00,,0
n4599752652,Sadda Pind,Amritsar,31.643733,74.812824,sight,attraction,Heritage,0,0,6,Recreated Punjabi village with activities and food,,,0
w102949771,Shri Durgiana Mandir,Amritsar,31.627224,74.867414,sight,place_of_worship,Temple,1,0,7,,,,1
w705233057,Shri Harmandir Sahib,Amritsar,31.619979,74.876527,sight,attraction,Heritage,1,0,19,,,,1
w845155418,Sri Akal Takht Sahib,Amritsar,31.620703,74.875388,sight,place_of_worship,Temple,1,0,6,,,,1
n7419264785,Summer Palace of Maharaja Ranjit Singh,Amritsar,31.637785,74.87886,sight,castle,Heritage,0,0,9,,,,0
n2592595804,The Martyr's Gallery,Amritsar,31.621165,74.880471,sight,attraction,Heritage,0,0,2,,,,0
n6069938985,Town Hall,Amritsar,31.625512,74.87883,sight,monument,Heritage,0,0,3,,,,0
r15551559,Devagiri Fort,Aurangabad,19.943497,75.216682,activity,hiking_route,Activity,0,0,4,,,,0
w323874972,H2O Waterpark,Aurangabad,19.955367,75.221988,activity,water_park,Activity,0,0,3,,,,0
n2525048886,Cave 1,Aurangabad,20.020028,75.179438,nature,cave_entrance,Nature,0,0,4,,,,0
n2525049421,Cave 11,Aurangabad,20.021334,75.179637,nature,cave_entrance,Nature,0,0,3,,,,0
n2525049417,Cave 12,Aurangabad,20.021823,75.179589,nature,cave_entrance,Nature,0,0,4,,,,0
n2525047464,Cave 13,Aurangabad,20.02214,75.179302,nature,cave_entrance,Nature,0,0,4,,,,0
n2525049414,Cave 15,Aurangabad,20.02281,75.179508,nature,cave_entrance,Nature,0,0,4,,,,0
n3306484870,Cave 16,Aurangabad,20.023698,75.178873,nature,cave_entrance,Nature,0,0,4,,,,0
n2525039390,Cave 16B,Aurangabad,20.024228,75.178775,nature,cave_entrance,Nature,0,0,3,,,,0
n2525039395,Cave 17,Aurangabad,20.0252,75.178242,nature,cave_entrance,Nature,0,0,3,,,,0
n2525039397,Cave 18,Aurangabad,20.025397,75.178179,nature,cave_entrance,Nature,0,0,3,,,,0
n2525048883,Cave 2,Aurangabad,20.020089,75.179561,nature,cave_entrance,Nature,0,0,4,,,,0
n2525039388,Cave 20,Aurangabad,20.025735,75.177922,nature,cave_entrance,Nature,0,0,3,,,,0
n2525039391,Cave 23,Aurangabad,20.026423,75.177557,nature,cave_entrance,Nature,0,0,3,,,,0
n2525036907,Cave 28,Aurangabad,20.028209,75.177585,nature,cave_entrance,Nature,0,0,3,,,,0
n2525048887,Cave 3,Aurangabad,20.020145,75.179687,nature,cave_entrance,Nature,0,0,4,,,,0
n2525031209,Cave 31,Aurangabad,20.033188,75.174103,nature,cave_entrance,Nature,0,0,2,,,,0
n2525032273,Cave 34,Aurangabad,20.0328,75.17343,nature,cave_entrance,Nature,0,0,3,,,,0
n2525048888,Cave 4,Aurangabad,20.020231,75.179794,nature,cave_entrance,Nature,0,0,4,,,,0
n2525048885,Cave 5,Aurangabad,20.020356,75.179905,nature,cave_entrance,Nature,0,0,4,,,,0
n2525048890,Cave 6,Aurangabad,20.020612,75.179889,nature,cave_entrance,Nature,0,0,4,,,,0
n2525048884,Cave 7,Aurangabad,20.020687,75.179864,nature,cave_entrance,Nature,0,0,4,,,,0
n2525048891,Cave 8,Aurangabad,20.020754,75.179809,nature,cave_entrance,Nature,0,0,4,,,,0
n2525048882,Cave 9,Aurangabad,20.020819,75.179766,nature,cave_entrance,Nature,0,0,4,,,,0
n2525035644,Dumar Lena,Aurangabad,20.02869,75.176759,nature,cave_entrance,Nature,0,0,4,,,,0
n4463327687,Gogababa tekdi,Aurangabad,19.906483,75.304506,nature,peak,Nature,0,0,2,,,,0
n2525036906,Gopi Lena,Aurangabad,20.027824,75.177656,nature,cave_entrance,Nature,0,0,4,,,,0
n2525031210,Indra Sabha,Aurangabad,20.032971,75.173787,nature,cave_entrance,Nature,0,0,4,,,,0
n2525031211,Jaganatha Sabha,Aurangabad,20.032901,75.173513,nature,cave_entrance,Nature,0,0,4,,,,0
n2525036908,Janavasa,Aurangabad,20.027542,75.177536,nature,cave_entrance,Nature,0,0,4,,,,0
n4496600609,Khavda Dongar,Aurangabad,19.868621,75.249238,nature,peak,Nature,0,0,2,,,,0
n2525036909,Kumbharvada,Aurangabad,20.027286,75.177354,nature,cave_entrance,Nature,0,0,4,,,,0
w257931935,Nehru Lake,Aurangabad,19.888893,75.359066,nature,lake,Nature,0,0,5,"One of the oldest lakes in the city, Nehru Lake is a place where locals come for boating, canoeing and many other activities. It has also been on the spearhead of a few waterbody conservation projects conducted in Chhatrapati Sambhajinagar in the past.",,,0
n2525039393,Nilakantha,Aurangabad,20.026309,75.177694,nature,cave_entrance,Nature,0,0,4,,,,0
n2525039385,Ramesvara,Aurangabad,20.026042,75.177804,nature,cave_entrance,Nature,0,0,4,,,,0
n2525046176,Ravan Ki Khai,Aurangabad,20.022367,75.179256,nature,cave_entrance,Nature,0,0,5,,,,0
w317146450,Salim Ali Lake,Aurangabad,19.899025,75.341198,nature,lake,Nature,0,0,3,,,,0
n2525039394,Telika Ghana,Aurangabad,20.026563,75.177477,nature,cave_entrance,Nature,0,0,4,,,,0
n2525048889,Vishvakarma,Aurangabad,20.021006,75.179659,nature,cave_entrance,Nature,0,0,5,,,,0
n1350351865,Aurangabad Caves,Aurangabad,19.917221,75.311995,sight,attraction,Heritage,0,0,7,,,,0
n4488818530,Aurangabad caves (1-5),Aurangabad,19.917221,75.31144,sight,archaeological_site,Heritage,0,0,3,,,,0
n4488821215,Aurangabad caves (6-9),Aurangabad,19.921644,75.318447,sight,attraction,Heritage,0,0,5,,,,0
w317146372,Bhadkal Gate,Aurangabad,19.888705,75.321615,sight,monument,Heritage,0,0,4,,,,0
w118729421,Bibi Ka Maqbara,Aurangabad,19.901442,75.320233,sight,attraction,Heritage,1,0,7,,,,1
n3242143836,Chatrapati Shivaji Raje Museum,Aurangabad,19.894703,75.335846,sight,museum,Museum,0,0,2,,,,0
n14046218368,Hazrat Baba Shah Musafir,Aurangabad,19.889364,75.315278,sight,tomb,Heritage,0,0,3,,,,0
n14046229022,Hazrat Baba Shah Pilang Posh,Aurangabad,19.889359,75.31531,sight,tomb,Heritage,0,0,3,,,,0
n3409958623,Hilltop (good view of Bibi-ka-maqbara),Aurangabad,19.90755,75.326064,sight,viewpoint,Viewpoint,0,0,2,,,,0
r21092176,Jama Mosque,Aurangabad,19.891551,75.326416,sight,place_of_worship,Temple,1,0,9,,,,1
w318140177,Makai Gate,Aurangabad,19.894042,75.318454,sight,monument,Heritage,0,0,3,,,,0
w257908745,Multipurpose Society,Aurangabad,19.896161,75.307923,sight,ruins,Heritage,0,0,2,,,,0
n647459607,Panchakki,Aurangabad,19.889804,75.315549,sight,attraction,Heritage,1,0,5,ancient water mill,,,1
n4435987899,Roshan Gate,Aurangabad,19.887892,75.345161,sight,monument,Heritage,0,0,2,,,,0
w519831844,Soneri Mahal,Aurangabad,19.906672,75.309323,sight,monument,Heritage,0,0,2,,,,0
n1350351866,Sunehari Mahal,Aurangabad,19.906702,75.309966,sight,museum,Museum,0,0,2,,,,0
n2633537764,Tomb,Aurangabad,19.896647,75.306223,sight,attraction,Heritage,0,0,2,,,,0
n12636311495,Aqua Lounge,Bangalore,12.863825,77.553352,activity,aquarium,Activity,0,0,2,,,,0
n13031535410,Aquarium Paradise,Bangalore,13.006213,77.592127,activity,aquarium,Activity,0,0,6,,,,0
n12006306501,Aquatic Kingdom,Bangalore,12.97737,77.569636,activity,aquarium,Activity,0,0,5,,,yes,0
n4272948387,Aquaverse,Bangalore,12.977042,77.632832,activity,aquarium,Activity,0,0,4,,,,0
w52059213,Bangalore Aquarium,Bangalore,12.976475,77.598613,activity,aquarium,Activity,1,0,10,,,yes,1
w1252541716,Bangalore Boulder,Bangalore,13.005369,77.563962,activity,climbing,Activity,0,0,6,,,yes,0
w223375231,"Bannerghatta Rescue Center, WRRC",Bangalore,12.801511,77.587058,activity,zoo,Activity,0,0,2,,,,0
w154481140,Bannerghatta Zoo,Bangalore,12.80093,77.574642,activity,zoo,Activity,0,0,6,,,yes,0
n10978900735,Bounce,Bangalore,13.011794,77.555105,activity,theme_park,Activity,0,0,4,,,,0
w378406360,Butterfly Park,Bangalore,12.796725,77.576135,activity,zoo,Activity,0,0,5,,,,0
w1340013955,Camp Monk Bannerghatta - Base Area,Bangalore,12.782816,77.5366,activity,camp_site,Activity,0,0,13,,,yes,0
w1428242509,Discovate Studios,Bangalore,12.871188,77.72612,activity,theme_park,Activity,0,0,3,,,,0
w1065763489,Elevate,Bangalore,12.88088,77.673167,activity,climbing,Activity,0,0,7,,,yes,0
n10633402099,Equilibrium Climbing Station,Bangalore,12.978128,77.637902,activity,climbing,Activity,0,0,46,,"Mo-Fr 08:00-11:00, 15:00-22:00; Sa-Su 09:00-22:00",yes,0
n4503735501,Fever Pitch Base Camp',Bangalore,12.910227,77.326112,activity,camp_site,Activity,0,0,2,,,,0
n4286285518,FiveM aquarium,Bangalore,12.977596,77.632234,activity,aquarium,Activity,0,0,5,aquarium,,,0
w38872969,Fun World,Bangalore,13.0066,77.591261,activity,theme_park,Activity,0,0,4,,,,0
n12289470928,Funcity,Bangalore,12.841667,77.67641,activity,theme_park,Activity,0,0,2,,,,0
w37692459,Hennur Biodiversity Park,Bangalore,13.035277,77.626404,activity,nature_reserve,Activity,0,0,5,,,,0
w230960990,Innovative Film City,Bangalore,12.776768,77.415724,activity,theme_park,Activity,0,0,2,,,,0
r14296602,Krishi Vihara Trails,Bangalore,12.759318,77.518147,activity,hiking_route,Activity,0,0,4,,,,0
n12839749631,Living Colours Aqua Gallery,Bangalore,12.874731,77.766346,activity,aquarium,Activity,0,0,4,,,,0
w1172709288,Loco Bear,Bangalore,12.927191,77.640876,activity,theme_park,Activity,0,0,5,,"Mo-Fr 12:00-23:00, Sa-Su 11:00-23:00",,0
n3632677649,Rock Climbing,Bangalore,12.911657,77.67532,activity,climbing,Activity,0,0,3,,,,0
w766601991,Rock Climbing,Bangalore,12.973169,77.563308,activity,climbing,Activity,0,0,2,,,,0
n12532233223,Snow City,Bangalore,13.006403,77.592074,activity,theme_park,Activity,0,0,2,,,,0
n12532233224,Star City,Bangalore,13.006808,77.590183,activity,theme_park,Activity,0,0,2,,,,0
n4849618950,Tropical Sea Angels,Bangalore,12.943352,77.594709,activity,aquarium,Activity,0,0,2,,,,0
n12532233225,Water World,Bangalore,13.00721,77.591452,activity,theme_park,Activity,0,0,2,,,,0
w1117549392,Wings Elim Camping And Convention Centre,Bangalore,12.980189,77.744623,activity,camp_site,Activity,0,0,2,,,,0
w124801357,Wonderla Amusement Park,Bangalore,12.834746,77.399966,activity,theme_park,Activity,0,0,5,,,,0
w726086470,Acharya Lake,Bangalore,13.08661,77.482653,nature,lake,Nature,0,0,4,,,,0
w1303226404,Adde Vishwanathapura Lake,Bangalore,13.184985,77.55407,nature,lake,Nature,0,0,4,,,,0
r8469370,Agara Lake,Bangalore,12.920229,77.641936,nature,lake,Nature,0,0,6,,,,0
w124797587,Agara Lake,Bangalore,12.85064,77.491196,nature,lake,Nature,0,0,4,,,,0
n4614721554,Akkayyamma Betta Hill,Bangalore,13.166353,77.641801,nature,peak,Nature,0,0,4,,,,0
w41206188,Allalasandra Lake,Bangalore,13.09101,77.587463,nature,lake,Nature,0,0,6,,,,0
w232981265,Ambalipura Lower Lake,Bangalore,12.917028,77.664962,nature,lake,Nature,0,0,5,,,,0
w27993889,Ambalipura Upper Lake,Bangalore,12.913079,77.663467,nature,lake,Nature,0,0,5,,,,0
w42655050,Amruthalli Lake,Bangalore,13.061441,77.598172,nature,lake,Nature,0,0,4,,,,0
w1114982303,Anchepalya Lake,Bangalore,12.890338,77.45815,nature,lake,Nature,0,0,3,,,,0
w1118844142,Andapura Lake,Bangalore,12.821682,77.701822,nature,lake,Nature,0,0,3,,,,0
w145513549,Andrahalli Lake,Bangalore,13.010931,77.486236,nature,lake,Nature,0,0,3,,,,0
n13954228064,Annamma Betta,Bangalore,12.918389,77.537694,nature,peak,Nature,0,0,3,,,,0
r19509700,Arekere Lake,Bangalore,12.883093,77.598849,nature,lake,Nature,0,0,5,,,,0
w1165025353,Aruvanahalli Tank,Bangalore,13.305628,77.626694,nature,lake,Nature,0,0,4,,,,0
r15989751,Attur Lake,Bangalore,13.111349,77.562798,nature,lake,Nature,0,0,5,,,,0
w118415657,Avalahalli Lake,Bangalore,12.864951,77.566307,nature,lake,Nature,0,0,4,,,,0
w1395880731,B Channasandra Lake,Bangalore,13.006345,77.661631,nature,lake,Nature,0,0,6,,,,0
w135398428,B Narayanapura Lake,Bangalore,12.996298,77.682845,nature,lake,Nature,0,0,4,,,,0
w472975375,Bagalagunte Lake,Bangalore,13.058753,77.499369,nature,lake,Nature,0,0,4,,,,0
w111871728,Basapura Lake,Bangalore,12.868613,77.643937,nature,lake,Nature,0,0,4,,,,0
w137539703,Basavanapura Kere,Bangalore,13.010261,77.713054,nature,lake,Nature,0,0,4,,,,0
w41669925,Basthi Lake,Bangalore,12.743255,77.840451,nature,lake,Nature,0,0,6,,,,0
w111871740,Begur Kere,Bangalore,12.878602,77.641859,nature,lake,Nature,0,0,3,,,,0
r19509697,Begur Lake,Bangalore,12.873347,77.630412,nature,lake,Nature,0,0,5,,,,0
r19751547,Bellandur Lake,Bangalore,12.936231,77.661487,nature,lake,Nature,1,0,11,,,,1
w1349913931,Beratena Agrahara Lake,Bangalore,12.860112,77.666326,nature,lake,Nature,0,0,4,,,,0
w41667624,Bettakote Lake,Bangalore,13.211917,77.726469,nature,lake,Nature,0,0,5,,,,0
w1092941893,Bhaktarahalli Lake,Bangalore,13.014726,77.787436,nature,lake,Nature,0,0,4,,,,0
w295768621,Bheemanakatte Lake,Bangalore,12.915066,77.528764,nature,lake,Nature,0,0,5,,,,0
w790389588,Bhoganahalli Lake,Bangalore,12.9233,77.699056,nature,lake,Nature,0,0,4,,,,0
w326284776,Bidaraguppe Lake,Bangalore,12.801835,77.77329,nature,lake,Nature,0,0,4,,,,0
w35927607,Bidarahalli Lake,Bangalore,13.06565,77.722961,nature,lake,Nature,0,0,4,,,,0
r19470051,Bidare Agrahara Lake,Bangalore,13.033164,77.746809,nature,lake,Nature,0,0,4,,,,0
w147025870,Big Banyan Tree,Bangalore,12.90946,77.395651,nature,park,Nature,1,0,8,,,,1
w1173737831,Biijaji Lake,Bangalore,13.132073,77.46673,nature,lake,Nature,0,0,3,,,,0
n682012190,Biligudda,Bangalore,12.916451,77.288663,nature,peak,Nature,0,0,3,,,,0
w412929449,Bingipura Lake,Bangalore,12.83267,77.631005,nature,lake,Nature,0,0,5,lake restored near electronic city. Flora and fauna found. Nearly 28 Acres of lake water.,,,0
w555922194,Block 4 Lake,Bangalore,12.86167,77.439025,nature,lake,Nature,0,0,3,,,,0
w299877333,Bugle Rock Park,Bangalore,12.942143,77.569254,nature,park,Nature,1,0,7,,,,1
w1308260487,Byalakere Lake,Bangalore,13.11086,77.53301,nature,lake,Nature,0,0,4,,,,0
w1254929807,Bylakere Lake,Bangalore,13.103491,77.52581,nature,lake,Nature,0,0,4,,,,0
w28126428,Byrasandra Lake,Bangalore,12.930352,77.595662,nature,lake,Nature,0,0,4,,,,0
w27993527,Carmelaram Lake,Bangalore,12.917872,77.710427,nature,lake,Nature,0,0,3,,,,0
w1199400889,Chandrasekhar Layout Lake,Bangalore,12.86296,77.607853,nature,lake,Nature,0,0,4,,,,0
w1075569433,Channenahalli Lake,Bangalore,12.979801,77.428185,nature,lake,Nature,0,0,4,,,,0
w1298349248,Cheemasandra Lake,Bangalore,13.043321,77.740573,nature,lake,Nature,0,0,4,,,,0
w1062555441,Chikkabelanduru Kere,Bangalore,12.90433,77.712963,nature,lake,Nature,0,0,4,,,,0
w1181417682,Chikkabettahalli Lake,Bangalore,13.091867,77.554797,nature,lake,Nature,0,0,5,,,,0
w1283528231,Chikkadasarahalli Lake,Bangalore,12.893922,77.786837,nature,lake,Nature,0,0,6,,,,0
w740925682,Chikkalasandra lake,Bangalore,12.915245,77.553079,nature,lake,Nature,0,0,8,Dried,,,0
r15055978,Chikkanagamangala Lake,Bangalore,12.855253,77.696267,nature,lake,Nature,0,0,5,,,,0
w289598913,Chikkere,Bangalore,12.685347,77.471726,nature,lake,Nature,0,0,4,,,,0
r6183523,Chinnappanahalli Lake,Bangalore,12.965856,77.707124,nature,lake,Nature,0,0,5,,,,0
w1178402476,Chittekarepalya Lake,Bangalore,12.83235,77.612282,nature,lake,Nature,0,0,3,,,,0
w43825194,Chokkanahalli Lake,Bangalore,13.08473,77.62907,nature,lake,Nature,0,0,4,,,,0
r19427514,Choodasandra Lake,Bangalore,12.886946,77.678822,nature,lake,Nature,0,0,4,,,,0
w33541358,Chunchagatta Lake,Bangalore,12.888303,77.575562,nature,lake,Nature,0,0,4,,,,0
w22895320,Cubbon Park,Bangalore,12.974174,77.593415,nature,park,Nature,1,0,17,,,,1
w408879476,Devanahalli Chikka Amani Kere,Bangalore,13.252028,77.709067,nature,lake,Nature,0,0,3,,,,0
w1421748891,Devara Kere,Bangalore,12.898195,77.729707,nature,lake,Nature,0,0,3,,,,0
n3710998049,Devarabetta,Bangalore,12.625538,77.625988,nature,peak,Nature,0,0,3,,,,0
w44999246,Devasandra lake,Bangalore,13.001788,77.703211,nature,lake,Nature,0,0,4,,,,0
r17083842,Deverabisanahalli Lake,Bangalore,12.923447,77.687292,nature,lake,Nature,0,0,6,,,,0
w597564903,Doddabidirakallu Kere,Bangalore,13.042838,77.495379,nature,lake,Nature,0,0,6,,,,0
r19063723,Doddabommasandra Kere,Bangalore,13.064816,77.56371,nature,lake,Nature,0,0,5,,,,0
r17083906,Doddakannelli Lake,Bangalore,12.911595,77.693432,nature,lake,Nature,0,0,6,,,,0
r20742762,Doddanekundi Lake,Bangalore,12.975337,77.687863,nature,lake,Nature,0,0,5,,,,0
w227097881,Doddkammanahalli Lake,Bangalore,12.855885,77.60337,nature,lake,Nature,0,0,4,,,,0
w1092941881,Dommasandra Lake,Bangalore,12.874725,77.748959,nature,lake,Nature,0,0,3,,,,0
w37351655,Dore Kere,Bangalore,12.902649,77.551053,nature,lake,Nature,0,0,7,,"Mo-Su 05:00-09:00,16:00-20:00",,0
w555922208,Dove Lake,Bangalore,12.861671,77.439594,nature,lake,Nature,0,0,3,,,,0
w712309876,Fossilized Tree,Bangalore,12.950478,77.583881,nature,park,Nature,1,0,6,"A 20 million year old petrified wood fossil from Thiruvakkarai, Tamil Nadu, India",,,1
w1272472572,Foyez Lake,Bangalore,13.199051,77.712806,nature,lake,Nature,0,0,4,,,,0
w36884560,Freedom Park,Bangalore,12.977407,77.581904,nature,park,Nature,1,0,5,,,,1
w45921942,Gangondanahalli Lake,Bangalore,13.018487,77.473771,nature,lake,Nature,0,0,4,,,,0
w457633317,Ganigarahalli Lake,Bangalore,13.091867,77.511396,nature,lake,Nature,0,0,3,,,,0
w41667649,Gantiganahalli Kere,Bangalore,13.140932,77.592632,nature,lake,Nature,0,0,6,,,,0
w41667650,Gantiganahalli Lake,Bangalore,13.137971,77.577964,nature,lake,Nature,0,0,6,,,,0
w95639129,Garudacharpalya Lake,Bangalore,12.99093,77.695701,nature,lake,Nature,0,0,4,,,,0
w125758396,Gattahalli Lake,Bangalore,12.875644,77.691285,nature,lake,Nature,0,0,5,,,,0
w555922211,Goose Lake,Bangalore,12.86154,77.441318,nature,lake,Nature,0,0,3,,,,0
w148213771,Gudahatti Lake,Bangalore,12.799141,77.740274,nature,lake,Nature,0,0,3,,,,0
w41667619,Gummanahalli Lake,Bangalore,13.139693,77.688898,nature,lake,Nature,0,0,4,,,,0
w148216683,Gunjuru Lake,Bangalore,12.916832,77.74069,nature,lake,Nature,0,0,5,,,,0
w1088209009,Gunjuru Palya Lake,Bangalore,12.918801,77.721609,nature,lake,Nature,0,0,4,,,,0
w477154739,Hadosiddapura Lake,Bangalore,12.891091,77.702228,nature,lake,Nature,0,0,5,,,,0
w1092680608,Hagondahalli Lake,Bangalore,12.899954,77.745651,nature,lake,Nature,0,0,3,,,,0
w1069600852,Halanayakanahalli Lake,Bangalore,12.898995,77.691578,nature,lake,Nature,0,0,7,,,,0
n10979388386,Hanumagiri Hill,Bangalore,12.918065,77.53637,nature,peak,Nature,0,0,3,,,,0
n11799833197,Hare Krishna Hill,Bangalore,13.009723,77.55137,nature,peak,Nature,0,0,2,,,,0
w28076109,Hebbagodi Lake,Bangalore,12.830969,77.674467,nature,lake,Nature,0,0,4,,,,0
r8754543,Hebbal Lake,Bangalore,13.04719,77.586362,nature,lake,Nature,0,0,7,,,,0
r19579350,Heelalige Lake,Bangalore,12.817231,77.702596,nature,lake,Nature,0,0,4,,,,0
w1092680606,Hegondanahalli Lake,Bangalore,12.907838,77.740948,nature,lake,Nature,0,0,3,,,,0
r6586695,Herohalli Kere,Bangalore,12.98867,77.490257,nature,lake,Nature,0,0,5,,,,0
w1178402477,Hommadevanahalli Lake,Bangalore,12.837507,77.610305,nature,lake,Nature,0,0,3,,,,0
w33300618,Hoodi Lake,Bangalore,12.987173,77.722887,nature,lake,Nature,0,0,5,,,,0
w135051892,Hoodi Lake,Bangalore,13.000349,77.716752,nature,lake,Nature,0,0,4,,,,0
r17390866,Horamavu Agara Lake,Bangalore,13.035459,77.65877,nature,lake,Nature,0,0,5,,,,0
w44707273,Horamavu Lake,Bangalore,13.024078,77.667234,nature,lake,Nature,0,0,4,,,,0
w1077021235,Hosahalli Lake,Bangalore,12.845287,77.766906,nature,lake,Nature,0,0,3,,,,0
w41196197,Hosakerahalli Lake,Bangalore,12.926961,77.534541,nature,lake,Nature,0,0,4,,,,0
w133729401,Hosakere,Bangalore,12.885274,77.66529,nature,lake,Nature,0,0,5,,,,0
w41667728,Hosakote lake,Bangalore,13.074401,77.766499,nature,lake,Nature,0,0,7,,,,0
w560578739,Hulimangala Lake,Bangalore,12.817633,77.631329,nature,lake,Nature,0,0,4,80+ Acres of lake water,,,0
w23000626,Hulimavu Lake,Bangalore,12.870093,77.604751,nature,lake,Nature,0,0,4,,,,0
w133125939,Hunasemaranahalli Lake,Bangalore,13.140249,77.615817,nature,lake,Nature,0,0,5,,,,0
w1182812730,Huvinayakanahalli Lake,Bangalore,13.149091,77.693934,nature,lake,Nature,0,0,4,,,,0
r18077304,ITI Layout Lake,Bangalore,12.902166,77.639402,nature,lake,Nature,0,0,4,,,,0
w1119637974,Icchanguru Lake,Bangalore,12.777118,77.737907,nature,lake,Nature,0,0,3,,,,0
w1425365486,Idle Lake,Bangalore,12.903627,77.506652,nature,lake,Nature,0,0,6,,,,0
w1119637970,Iggaluru Lake,Bangalore,12.780436,77.704958,nature,lake,Nature,0,0,3,,,,0
w1283528234,Ittangur Lake,Bangalore,12.885708,77.788101,nature,lake,Nature,0,0,5,,,,0
r9321012,Jakkur Lake,Bangalore,13.086726,77.610501,nature,lake,Nature,0,0,5,,,,0
w1118946148,Jogi Kere,Bangalore,12.862946,77.538407,nature,lake,Nature,0,0,5,,,,0
w987608929,Kachanayakanahalli lake,Bangalore,12.80187,77.676587,nature,lake,Nature,0,0,3,,,,0
w172954317,Kacharakanahalli Lake,Bangalore,13.017851,77.626283,nature,lake,Nature,0,0,4,,,,0
w1512678693,Kadiganahalli Tank,Bangalore,13.163617,77.626889,nature,lake,Nature,0,0,4,,,,0
w182177278,Kadiranpalaya Kere,Bangalore,12.983951,77.636053,nature,lake,Nature,0,0,4,,,,0
r6820030,Kaikondrahalli Lake,Bangalore,12.913201,77.672765,nature,lake,Nature,0,0,5,,,,0
w1293616839,Kakolu Lake,Bangalore,13.198671,77.512277,nature,lake,Nature,0,0,4,,,,0
r19509702,Kalena Agrahara lake,Bangalore,12.86555,77.590175,nature,lake,Nature,0,0,6,,,,0
r17390865,Kalkere Lake,Bangalore,13.048305,77.665239,nature,lake,Nature,0,0,5,,,,0
w135267829,Kammagondanahalli Lake,Bangalore,13.068414,77.523842,nature,lake,Nature,0,0,4,,,,0
r19422828,Kammasandra Lake,Bangalore,12.824768,77.694915,nature,lake,Nature,0,0,5,,,,0
r17368637,Kannuru Lake,Bangalore,13.099858,77.65098,nature,lake,Nature,0,0,7,,,,0
n1577761240,Kaolin Hill,Bangalore,12.975587,77.749771,nature,peak,Nature,0,0,2,,,,0
n682012201,Karigudda,Bangalore,12.920715,77.294329,nature,peak,Nature,0,0,3,,,,0
w62381586,Kasavanahalli Lake,Bangalore,12.904841,77.668026,nature,lake,Nature,0,0,4,,,,0
w193671225,Katamanallur Lake,Bangalore,13.048211,77.761789,nature,lake,Nature,0,0,3,,,,0
w1107054021,Keerangere Lake,Bangalore,12.656533,77.448614,nature,lake,Nature,0,0,3,,,,0
r15546653,Kitthiganahalli Bommasandra Lake,Bangalore,12.808541,77.689982,nature,lake,Nature,0,0,4,,,,0
w1092680603,Kodathi Kere,Bangalore,12.889096,77.721453,nature,lake,Nature,0,0,3,,,,0
r16071328,Kodigehalli Lake,Bangalore,13.000417,77.727747,nature,lake,Nature,0,0,5,,,,0
w41667656,Kogilu Lake,Bangalore,13.109877,77.618238,nature,lake,Nature,0,0,6,,,,0
w560721005,Komapana Agrahara Lake,Bangalore,12.85752,77.671943,nature,lake,Nature,0,0,5,,,,0
r6586696,Kommagatta Lake,Bangalore,12.930687,77.467242,nature,lake,Nature,0,0,5,,,,0
w870802287,Konadasapura lake,Bangalore,13.047452,77.755807,nature,lake,Nature,0,0,4,,,,0
w403081764,Konanakunte Lake,Bangalore,12.891389,77.568455,nature,lake,Nature,0,0,4,,,,0
w172671192,Konasandra Lake,Bangalore,12.892414,77.4837,nature,lake,Nature,0,0,4,,,,0
w1092941895,Koralur Lake,Bangalore,13.001181,77.782567,nature,lake,Nature,0,0,4,,,,0
w118415616,Krishna Nagara Lake,Bangalore,12.874057,77.579878,nature,lake,Nature,0,0,3,,,,0
r18077303,Kudlu Lake/Kere,Bangalore,12.892062,77.655177,nature,lake,Nature,0,0,10,,,,0
w41668451,Kuluvanahally Kere,Bangalore,13.176803,77.303911,nature,lake,Nature,0,0,5,,,,0
w796365624,Kumbalagodu Lake,Bangalore,12.878647,77.439874,nature,lake,Nature,0,0,3,,,,0
w469279276,Kuppareddi Kere,Bangalore,12.84506,77.523634,nature,lake,Nature,0,0,4,,,,0
w1094215989,Kyalasanahalli Lake,Bangalore,12.804679,77.655305,nature,lake,Nature,0,0,3,,,,0
w1254929805,Lakshmipura Lake,Bangalore,13.085376,77.530371,nature,lake,Nature,0,0,4,,,,0
r8250847,Lal Bahadur Shastri Nagar Lake,Bangalore,12.967896,77.678203,nature,lake,Nature,1,0,7,,,,1
w1344973950,Lingadeeranahalli Lake,Bangalore,12.871874,77.514039,nature,lake,Nature,0,0,4,,,,0
w1353178339,Linganahalli Lake,Bangalore,13.327481,77.6344,nature,lake,Nature,0,0,3,,,,0
w232780058,Lumbini Gardens,Bangalore,13.043293,77.609796,nature,park,Nature,1,0,7,,,,1
r2310417,Madiwala Lake,Bangalore,12.906437,77.616168,nature,lake,Nature,0,0,6,,,,0
r17426667,Mahadevapura Lake,Bangalore,12.987199,77.692144,nature,lake,Nature,0,0,7,Nice lake view for all age groups to go for morning walking jogging and also evening walking jogging,,,0
w37898906,Mallathahalli Lake,Bangalore,12.964992,77.494639,nature,lake,Nature,0,0,4,,,,0
w1092941890,Manduru Lake,Bangalore,13.077849,77.745011,nature,lake,Nature,0,0,3,,,,0
w146752354,Manganahalli Lake,Bangalore,12.957891,77.472603,nature,lake,Nature,0,0,3,,,,0
w28076168,Maragondanahalli Lake,Bangalore,12.827387,77.662247,nature,lake,Nature,0,0,3,,,,0
w326284773,Marsur Lake,Bangalore,12.754212,77.714674,nature,lake,Nature,0,0,3,,,,0
w1039322029,Medi Agrahara Lake,Bangalore,13.102943,77.520591,nature,lake,Nature,0,0,6,,,,0
w41667655,Mylappanahalli Lake,Bangalore,13.134478,77.536496,nature,lake,Nature,0,0,3,,,,0
w1178402479,Mylasandra Chikka Kere,Bangalore,12.849131,77.614194,nature,lake,Nature,0,0,3,,,,0
w172651060,Mylasandra Tank,Bangalore,12.908185,77.492878,nature,lake,Nature,0,0,4,,,,0
w41667648,Nagadasanahalli Lake,Bangalore,13.161179,77.572032,nature,lake,Nature,0,0,5,,,,0
w779078393,Nagaraesh Nagenahalli Lake,Bangalore,13.075741,77.643039,nature,lake,Nature,0,0,4,,,,0
w775470790,Nagarbhavi Lake,Bangalore,12.965113,77.509054,nature,lake,Nature,0,0,4,,,,0
w30414489,Nagawara Lake,Bangalore,13.044916,77.60714,nature,lake,Nature,0,0,5,,,,0
w130111880,Nallurahalli Lake,Bangalore,12.974383,77.736617,nature,lake,Nature,0,0,5,,,,0
w1092941855,Nanjapura Lake,Bangalore,12.810294,77.643199,nature,lake,Nature,0,0,3,,,,0
w477222112,Narayanapura Kere,Bangalore,12.996735,77.68409,nature,lake,Nature,0,0,4,,,,0
r16075392,Narsipura Lake,Bangalore,13.072178,77.558949,nature,lake,Nature,0,0,6,,,,0
w41662648,Navrathna Agrahara Lake,Bangalore,13.199543,77.627108,nature,lake,Nature,0,0,3,,,,0
r17379150,Nayandahalli Lake,Bangalore,12.93972,77.521555,nature,lake,Nature,0,0,5,,,,0
w442736486,Nelligudde Kere,Bangalore,12.823867,77.372002,nature,lake,Nature,0,0,4,,,,0
w326284753,Neraluru Lake,Bangalore,12.798593,77.722344,nature,lake,Nature,0,0,3,,,,0
w1147126248,Neriga Lake,Bangalore,12.90966,77.78027,nature,lake,Nature,0,0,3,,,,0
w185479477,Nimbekaipura Lake,Bangalore,13.054635,77.753718,nature,lake,Nature,0,0,3,,,,0
n10245038178,Omkar Hill,Bangalore,12.898478,77.505235,nature,peak,Nature,0,0,2,,,,0
w555922191,PU Lake,Bangalore,12.861303,77.438503,nature,lake,Nature,0,0,4,,,,0
r18077305,Panathur Chikka Kere,Bangalore,12.931425,77.70871,nature,lake,Nature,0,0,4,,,,0
r17062035,Panathuru Kere,Bangalore,12.931778,77.706826,nature,lake,Nature,0,0,5,,,,0
w122129754,Pattandur Agrahara Kunte,Bangalore,12.979858,77.737994,nature,lake,Nature,0,0,4,,,,0
w866148184,Pattandur Agrahara Lake,Bangalore,12.976262,77.745934,nature,lake,Nature,0,0,5,,,,0
w579281807,Prestige Tranquility Lake,Bangalore,13.066838,77.745675,nature,lake,Nature,0,0,3,,,,0
r15989750,Puttenahalli Lake,Bangalore,13.11198,77.575978,nature,lake,Nature,1,0,8,,,,1
w1353178338,Rabbanahalli Lake,Bangalore,13.323501,77.643932,nature,lake,Nature,0,0,3,,,,0
r6041559,Rachenahalli Lake,Bangalore,13.062478,77.61403,nature,lake,Nature,0,0,5,,,,0
n8994102639,Ramadevara Betta Vulture Sanctuary (Sholay Shooting spot),Bangalore,12.753107,77.303161,nature,peak,Nature,0,0,5,,,,0
w412909369,Ramagondanahalli Lake,Bangalore,13.118464,77.554011,nature,lake,Nature,0,0,3,,,,0
w136190748,Ramanathapura Lake,Bangalore,13.312862,77.637625,nature,lake,Nature,0,0,3,,,,0
r19353942,Ramapura Lake,Bangalore,13.047083,77.685986,nature,lake,Nature,0,0,6,,,,0
w675685126,Ramasandra Lake,Bangalore,12.946907,77.471068,nature,lake,Nature,0,0,3,,,,0
w119132391,Rayasandra Lake,Bangalore,12.870429,77.677003,nature,lake,Nature,0,0,4,,,,0
w1178402458,Sakalavara Lake,Bangalore,12.826332,77.606413,nature,lake,Nature,0,0,4,,,,0
w1157366535,Sampigehalli Lake,Bangalore,13.07745,77.623639,nature,lake,Nature,0,0,4,,,,0
w1186908539,Sarjapur Doddakere Lake,Bangalore,12.871989,77.780081,nature,lake,Nature,0,0,5,,,,0
w251505658,Sarjapura Lake,Bangalore,12.852448,77.790145,nature,lake,Nature,0,0,5,,,,0
w350098022,Saul Kere,Bangalore,12.918326,77.679945,nature,lake,Nature,0,0,5,,,,0
w1076391825,Savakanahalli,Bangalore,13.263662,77.701307,nature,lake,Nature,0,0,3,,,,0
n10763170459,Savanadurga,Bangalore,12.919419,77.292089,nature,peak,Nature,0,0,7,,,,0
r18077307,Seetharampalya Lake,Bangalore,12.982361,77.713348,nature,lake,Nature,0,0,5,,,,0
w146767843,Sheegehalli Lake,Bangalore,12.977178,77.449821,nature,lake,Nature,0,0,3,,,,0
w45860708,Sheelavathana Kere,Bangalore,12.964416,77.743701,nature,lake,Nature,0,0,6,,,,0
w1110949290,Shikaripalya Lake,Bangalore,12.834918,77.651468,nature,lake,Nature,0,0,4,,,,0
w1066603079,Shingena Agrahara Lake,Bangalore,12.845905,77.717803,nature,lake,Nature,0,0,3,,,,0
w750685724,Shivapura Old Lake,Bangalore,13.026797,77.504767,nature,lake,Nature,0,0,3,,,,0
w1144246453,Singanayakanahalli Lake,Bangalore,13.140078,77.567993,nature,lake,Nature,0,0,3,,,,0
w41667653,Singapura Kere,Bangalore,13.081872,77.535283,nature,lake,Nature,0,0,5,,,,0
w1283528233,Sompura Lake,Bangalore,12.869843,77.769483,nature,lake,Nature,0,0,5,,,,0
w1390079362,Srigandakaval Lake,Bangalore,12.984066,77.500642,nature,lake,Nature,0,0,3,,,,0
w994901676,Subedharana Lake,Bangalore,12.859792,77.616755,nature,lake,Nature,0,0,3,,,,0
w1082360487,Subrayana Lake,Bangalore,12.863627,77.584968,nature,lake,Nature,0,0,4,,,,0
w1092680601,Sulakunte Lake,Bangalore,12.87995,77.730026,nature,lake,Nature,0,0,3,,,,0
w675685139,Sulikere/ Herekere Lake,Bangalore,12.951071,77.458087,nature,lake,Nature,0,0,3,,,,0
w1421748910,Sulikunte Chikka Kere,Bangalore,12.88899,77.734597,nature,lake,Nature,0,0,3,,,,0
w41662647,Tarabanahalli Lake,Bangalore,13.183561,77.623114,nature,lake,Nature,0,0,4,,,,0
r19470041,Thalaghattapura Lake,Bangalore,12.867217,77.531346,nature,lake,Nature,0,0,5,,,,0
w54168589,Tharalu Estate Lake,Bangalore,12.784471,77.536128,nature,lake,Nature,0,0,4,,,,0
w1237972006,Thathaguni Agara Kere,Bangalore,12.841726,77.519508,nature,lake,Nature,0,0,3,,,,0
w1092941882,Thiagalara Chowdenahalli Lake,Bangalore,12.886283,77.761931,nature,lake,Nature,0,0,3,,,,0
n7160212801,Thimmarayaswamy hills,Bangalore,13.307147,77.711534,nature,peak,Nature,0,0,2,,,,0
r16673800,Thimmasandra,Bangalore,13.170472,77.58768,nature,lake,Nature,0,0,5,,,,0
w1176579509,Thippasandra Lake,Bangalore,12.870728,77.555661,nature,lake,Nature,0,0,4,,,,0
w43609776,Thirumenahalli Lake,Bangalore,13.092669,77.628424,nature,lake,Nature,0,0,4,,,,0
r19556136,Thirupalya Lake,Bangalore,12.826634,77.667436,nature,lake,Nature,0,0,4,,,,0
n4352464545,Thottikallu falls,Bangalore,12.80604,77.53839,nature,waterfall,Nature,0,0,4,,,,0
r14671536,Thubarahalli Lake,Bangalore,12.958394,77.725615,nature,lake,Nature,0,0,6,,,,0
r1857615,Ulsoor Lake,Bangalore,12.982472,77.619301,nature,lake,Nature,1,0,12,,,,1
w172651048,Uttarahalli Lake,Bangalore,12.908047,77.541551,nature,lake,Nature,0,0,4,,,,0
w1094218614,Vabasandra Lake,Bangalore,12.81075,77.654477,nature,lake,Nature,0,0,4,aquatic life & Lots of Birds,,,0
n1577755422,Vaikunta Hill,Bangalore,12.89262,77.548789,nature,peak,Nature,0,0,3,,,,0
r19306126,Varthur Lake,Bangalore,12.948369,77.734642,nature,lake,Nature,0,0,6,,,,0
w118910873,Vasanthapura Lake,Bangalore,12.891274,77.556226,nature,lake,Nature,0,0,3,,,,0
w469890675,Vidyaranyapura Kere,Bangalore,13.076128,77.554712,nature,lake,Nature,0,0,4,,,,0
w175396211,Virasandra,Bangalore,12.840932,77.670848,nature,lake,Nature,0,0,4,,,,0
w170447464,Vittasandra Lake,Bangalore,12.853164,77.632973,nature,lake,Nature,0,0,4,,,,0
n11870935913,Vivekananda Gudda,Bangalore,12.867154,77.60791,nature,peak,Nature,0,0,2,,,,0
w1283528232,Yamare Lake,Bangalore,12.874867,77.757786,nature,lake,Nature,0,0,5,,,,0
r17431112,Yelachenahalli Kere,Bangalore,12.899605,77.565627,nature,lake,Nature,0,0,5,,,,0
r10179602,Yelahanka Lake,Bangalore,13.112074,77.593746,nature,lake,Nature,0,0,6,,,,0
w259175023,Yelenahalli Lake,Bangalore,12.866594,77.613865,nature,lake,Nature,0,0,4,,,,0
w1226525966,Yerappanahalli Lake,Bangalore,13.087801,77.683334,nature,lake,Nature,0,0,3,,,,0
w403474874,ASC War Memorial,Bangalore,12.965101,77.618935,sight,attraction,Heritage,0,0,3,,,,0
n11471931588,Agricultural Science Museum,Bangalore,13.073618,77.59163,sight,museum,Museum,0,0,7,,,,0
n1614268619,Ameoba Bowling Alley,Bangalore,12.933109,77.585137,sight,attraction,Heritage,0,0,4,,,,0
w1319188512,BWSSB Heritage Park,Bangalore,13.01172,77.566686,sight,museum,Museum,0,0,3,,,,0
w38751029,Bangalore Fort,Bangalore,12.962903,77.575784,sight,fort,Heritage,1,0,6,,,,1
w143384387,Bangalore Palace,Bangalore,12.998608,77.591988,sight,castle,Heritage,1,1,15,,,,1
n5820280254,Bangalore World Trade Center,Bangalore,13.012293,77.556212,sight,attraction,Heritage,0,0,6,,,,0
w128222249,Begur Fort,Bangalore,12.870842,77.62273,sight,archaeological_site,Heritage,0,0,3,,,,0
w575099726,Bengaluru Santhe,Bangalore,12.985277,77.643293,sight,attraction,Heritage,0,0,4,,,,0
n9922802696,Big White Silk Tree,Bangalore,12.949972,77.582868,sight,attraction,Heritage,0,0,8,"It seems that the identification of this remarkable tree is controversial: the signs indicate ‘Ceiba pentandra,’ but some believe it to be ‘Bombax ceiba.’",,,0
n11789306897,Boschi India Experience Centre,Bangalore,12.94601,77.604418,sight,museum,Museum,0,0,2,,,,0
n3393508235,Bust of Dr. Rajkumar,Bangalore,12.910458,77.585575,sight,monument,Heritage,0,0,3,,,,0
n320647357,Chickpet Cross,Bangalore,12.968003,77.578642,sight,attraction,Heritage,0,0,5,The junction of Doddapet and Chikkapet is said to be the heart of Bangalore Pete that was founded by Kempe Gowda in 1537 AD,,,0
n5808823853,City Viewpoint,Bangalore,12.905369,77.532717,sight,viewpoint,Viewpoint,0,0,2,,,,0
n14255879174,Dhaatu Puppet Museum,Bangalore,12.863739,77.530203,sight,museum,Museum,0,0,9,,Tue-Sun 10 Am - 5 pm,,0
w161984944,Dharmaraya Swamy Temple,Bangalore,12.965465,77.583362,sight,place_of_worship,Temple,1,0,7,,,,1
n4691598844,"Dr. BR Ambedkar, Constitution of India",Bangalore,12.960376,77.601542,sight,monument,Heritage,0,0,3,,,,0
w348134392,Dwadasha Jyotirlinga Temple,Bangalore,12.899864,77.505932,sight,place_of_worship,Temple,1,0,9,,,,1
w133881879,East Parade Church,Bangalore,12.973994,77.614484,sight,place_of_worship,Temple,1,0,10,,,,1
n13934923401,Eiffel Tower of Bengaluru,Bangalore,13.056356,77.602211,sight,attraction,Heritage,0,0,2,,,,0
n4029938933,GTS Baseline Survey Point,Bangalore,13.012591,77.582336,sight,attraction,Heritage,0,0,2,,,,0
n11774110691,"Geological Museum of Minerals, Rocks and Fossils",Bangalore,12.910072,77.56733,sight,museum,Museum,0,0,5,,,,0
w144989738,HAL Aerospace Museum,Bangalore,12.955379,77.681331,sight,museum,Museum,0,0,4,,Mo-Su 09:00-17:00,,0
w1467492976,HAL Marut HF-24,Bangalore,12.975049,77.59675,sight,attraction,Heritage,0,0,4,,,,0
w1095440452,HMT Heritage Center and Museum,Bangalore,13.05339,77.550391,sight,museum,Museum,0,0,4,,,,0
w29459362,ISKCON Sri Radha Krishna-Chandra Temple,Bangalore,13.01008,77.551132,sight,place_of_worship,Temple,1,0,14,,,,1
n10238264062,Indian Music Experience,Bangalore,12.891803,77.58358,sight,museum,Museum,0,0,23,,Tu-Fr 10:00-18:00; Sa-Su 11:00-19:00,yes,0
w273780384,Indira Gandhi Musical Fountain,Bangalore,12.98521,77.591858,sight,attraction,Heritage,0,0,4,,19:00-20:30,,0
w112580278,Infant Jesus Church,Bangalore,12.953636,77.618807,sight,place_of_worship,Temple,1,0,8,,,,1
n12059144982,J's La Quill Museum,Bangalore,12.960174,77.575699,sight,museum,Museum,0,0,5,,10:00-17:00,,0
w38871248,Jawaharlal Nehru Planetarium,Bangalore,12.984569,77.590104,sight,attraction,Heritage,0,0,8,,,,0
w1062372961,Kadu Malleshwara Temple,Bangalore,13.005076,77.57174,sight,place_of_worship,Temple,1,0,10,State protected ancient monument,,,1
n6419051485,Kannada Flag,Bangalore,12.969018,77.577983,sight,attraction,Heritage,0,0,4,,,,0
w52032467,Karnataka Government Museum,Bangalore,12.974819,77.595819,sight,museum,Museum,0,0,14,,Mo-Su 10:00-18:00,yes,0
n665062640,Kempe Gowda Tower,Bangalore,12.967776,77.588931,sight,monument,Heritage,0,0,6,,,,0
n9984551450,Kempegowda Museum,Bangalore,12.974161,77.610737,sight,museum,Museum,0,0,3,,,,0
n5250142957,Kempegowda Tower,Bangalore,12.947947,77.563401,sight,monument,Heritage,0,0,4,,,,0
n5250122790,Kempegowda Tower,Bangalore,12.979787,77.621112,sight,monument,Heritage,0,0,3,,,,0
n2910306405,Kempegowda Tower,Bangalore,13.012427,77.582456,sight,monument,Heritage,0,0,3,,,,0
n5237321921,Kota Venkataramana Swamy Temple,Bangalore,12.952049,77.577424,sight,attraction,Heritage,0,0,3,,,,0
n442437989,Krishnarajapuram Hanging Bridge,Bangalore,13.001038,77.677863,sight,attraction,Heritage,0,0,2,,,,0
w582562267,Kundalahalli Gate,Bangalore,12.970255,77.712487,sight,monument,Heritage,0,0,3,,,,0
w347446474,Lakshmi Venkateshwara Temple,Bangalore,12.959582,77.574121,sight,place_of_worship,Temple,1,1,15,,,,1
w15802464,Lalbagh Botanical Gardens,Bangalore,12.948893,77.586679,sight,attraction,Heritage,1,0,8,,,,1
n347241683,Lalbagh Glasshouse,Bangalore,12.9498,77.586561,sight,attraction,Heritage,0,0,3,,,,0
n12000106440,Monument Inside Lalbagh,Bangalore,12.949765,77.584014,sight,monument,Heritage,0,0,2,,,,0
n3980403402,Muscle Power Exhibit,Bangalore,12.984307,77.59138,sight,attraction,Heritage,0,0,2,,,,0
w1124083558,Museum of Art and Photography,Bangalore,12.974527,77.596852,sight,museum,Museum,1,0,15,,,yes,1
n12102879362,Museum of Memories,Bangalore,12.972382,77.603384,sight,museum,Museum,0,0,5,,,,0
w1023657482,Mysore Lancer's Haifa Memorial,Bangalore,13.012084,77.593796,sight,attraction,Heritage,0,0,3,,,,0
n10238264069,NIMHANS Brain Museum,Bangalore,12.940668,77.598709,sight,museum,Museum,0,0,9,,,,0
n11295254832,NIMHANS Heritage Museum,Bangalore,12.939947,77.595111,sight,museum,Museum,0,0,6,,Mo-Fr 09:00-16:30,,0
w37238703,"Naadaprabhu Kempegowda Park, Mallasandra",Bangalore,13.056393,77.513414,sight,fort,Heritage,0,0,10,,,,0
w1261422222,Naganatheshwara Temple,Bangalore,12.877063,77.626656,sight,attraction,Heritage,0,0,5,,,,0
w121883110,National Gallery of Modern Art,Bangalore,12.989448,77.58812,sight,museum,Museum,1,1,19,,Tu-Su 11:00-18:00,yes,1
n14154914301,National Horticulture Library and Museum,Bangalore,12.952836,77.586031,sight,museum,Museum,0,0,5,,,,0
w273786646,National Military Memorial,Bangalore,12.98581,77.590889,sight,attraction,Heritage,0,0,4,,,,0
n11680849403,PARSEC - Param Science Experience Centre,Bangalore,12.927428,77.579221,sight,museum,Museum,0,0,17,,"Tu-Fr 10:00-18:00, Sa-Su 11:00-19:00",yes,0
w114786294,Panchavati,Bangalore,13.005298,77.564477,sight,attraction,Heritage,0,0,10,,,,0
n13790346904,ParSEC Whitefield,Bangalore,12.977129,77.728586,sight,museum,Museum,0,0,8,,Tu-Su 10:00-19:00,,0
n5141071423,Peninsular Gneiss,Bangalore,12.977654,77.59737,sight,attraction,Heritage,0,0,3,,,,0
n1589076219,Peninsular Gneiss National Monument,Bangalore,12.949136,77.589386,sight,monument,Heritage,0,0,3,,,,0
n2405825779,Pigeon Hole,Bangalore,12.948057,77.587971,sight,attraction,Heritage,0,0,4,,,,0
w1160675960,Prasanna Veeranjaneya Temple,Bangalore,13.008981,77.546647,sight,place_of_worship,Temple,1,0,8,,,,1
n9779742235,Railway Locomotive,Bangalore,12.98512,77.591262,sight,attraction,Heritage,0,0,3,,,,0
n248614815,Rajarajeshwari Arch,Bangalore,12.935956,77.51831,sight,attraction,Heritage,0,0,2,,,,0
n11655341948,Raman Museum,Bangalore,13.012837,77.580774,sight,museum,Museum,0,0,2,,,,0
w1182968274,Rangoli Gardens,Bangalore,13.066039,77.61062,sight,attraction,Heritage,0,0,14,,09:00-18:00,,0
n7293721311,Rezwan Razack Museum of Indian Paper Money,Bangalore,12.971336,77.61411,sight,museum,Museum,0,0,25,,Tu-Su 10:30-18:00,yes,0
w351342259,Rice Memorial Church,Bangalore,12.97114,77.580144,sight,place_of_worship,Temple,1,0,9,,,,1
w532166925,Richmond Town Methodist Church,Bangalore,12.963768,77.602918,sight,place_of_worship,Temple,1,0,5,,,,1
n1780091264,Rock tablets,Bangalore,12.962169,77.636249,sight,ruins,Heritage,0,0,2,,,,0
n10238264070,SL Bhatia Medicine Museum,Bangalore,12.929853,77.620952,sight,museum,Museum,0,0,10,,Mo-Fr 09:00-16:30; Su 09:00-13:00,,0
w38773816,Saint Mark's Cathedral,Bangalore,12.97604,77.600389,sight,place_of_worship,Temple,1,1,19,,,,1
n9536777477,Sandesha Museum of Communication,Bangalore,12.972831,77.603711,sight,museum,Museum,0,0,4,,Mo-Sa 10:00-16:00,,0
n1610701156,Sangolli Rayanna,Bangalore,12.98004,77.571366,sight,monument,Heritage,0,0,6,,,,0
w773825317,Science Gallery Bengaluru,Bangalore,13.025536,77.58462,sight,museum,Museum,0,0,20,,,no,0
n574314073,Shivaji Statue,Bangalore,13.006759,77.578594,sight,monument,Heritage,0,0,5,,,,0
n13016617321,Short Wave Radio Museum,Bangalore,12.984221,77.537674,sight,museum,Museum,0,0,2,,,,0
n1467937186,Shri Someshwara Temple,Bangalore,12.936465,77.614012,sight,place_of_worship,Temple,1,0,11,,,,1
w1095458721,Sir Mirza Ismail Tomb,Bangalore,12.959334,77.605199,sight,tomb,Heritage,1,0,4,,,,1
w1307949932,Sri Gavigangadhareshwara Swamy Temple,Bangalore,12.948234,77.563004,sight,place_of_worship,Temple,1,1,17,,"Mo-Su 07:00-12:30, 17:00-20:30",,1
w400483216,St Mary's Basilica,Bangalore,12.984412,77.604273,sight,place_of_worship,Temple,1,0,12,,,,1
w370390346,St. Andrews Church,Bangalore,12.979505,77.60429,sight,place_of_worship,Temple,1,0,17,,,,1
w172924463,St. Francis Xavier's Cathedral,Bangalore,12.992618,77.611254,sight,place_of_worship,Temple,1,1,14,,,,1
w346209154,St. John's Church,Bangalore,12.99176,77.612995,sight,place_of_worship,Temple,1,0,12,,,,1
n3948562480,St. Mary's Orthodox Valiapalli,Bangalore,13.057139,77.548177,sight,place_of_worship,Temple,1,0,8,,,,1
w1303003799,St. Paul's Church,Bangalore,12.981874,77.605112,sight,place_of_worship,Temple,1,0,6,,,,1
n1473972559,Swami Vivekananda Statue,Bangalore,12.947878,77.567911,sight,monument,Heritage,0,0,3,,,,0
n10129602779,Tank,Bangalore,12.987766,77.622285,sight,attraction,Heritage,0,0,3,,,,0
n9930197200,Tank Model,Bangalore,12.963805,77.610724,sight,attraction,Heritage,0,0,2,,,,0
w546261158,The Arena,Bangalore,13.050589,77.622107,sight,viewpoint,Viewpoint,0,0,6,This is a well manicured green area where you can come to take a break along with your colleagues,,,0
w133881869,The Holy Trinity Church,Bangalore,12.972058,77.620535,sight,place_of_worship,Temple,1,1,12,,,,1
n9257555904,The Registry of Sarees,Bangalore,12.95618,77.636882,sight,museum,Museum,0,0,4,,,,0
n7301726067,The Water Tough,Bangalore,12.982401,77.63467,sight,monument,Heritage,0,0,2,,,,0
w38751028,Tippu's Summer Palace,Bangalore,12.959476,77.573798,sight,castle,Heritage,1,0,12,,,,1
n12806085001,Topiary Garden,Bangalore,12.950673,77.583086,sight,attraction,Heritage,0,0,2,,,,0
n12543983033,Traffic Police Museum,Bangalore,12.983072,77.596913,sight,museum,Museum,0,0,3,,,,0
n11708776949,V. V. Puram Food Street,Bangalore,12.951344,77.57742,sight,attraction,Heritage,0,0,2,,,,0
n13685930701,Vaastu Greens,Bangalore,12.905066,77.488669,sight,attraction,Heritage,0,0,4,,,,0
r5284317,Vidhana Soudha,Bangalore,12.979724,77.590638,sight,attraction,Heritage,1,1,27,,,,1
n9175932904,Vimor Museum of Living Textiles,Bangalore,12.964096,77.613747,sight,museum,Museum,0,0,4,,,,0
w327551780,Visvesvaraya Industrial and Technological Museum,Bangalore,12.975224,77.596429,sight,museum,Museum,1,0,16,,Mo-Su 10:00-18:00,yes,1
w1467494321,War Tank,Bangalore,12.96615,77.619762,sight,attraction,Heritage,0,0,9,,,,0
n11471929579,Wood Museum and Interpretation Centre,Bangalore,13.01331,77.570788,sight,museum,Museum,0,0,10,,,no,0
n718385423,World War I Memorial,Bangalore,12.971608,77.60689,sight,attraction,Heritage,0,0,7,,,,0
n4272727195,jaamun,Bangalore,12.96948,77.645702,sight,attraction,Heritage,0,0,2,,,,0
w28672430,Lower Lake,Bhopal,23.248503,77.405635,nature,lake,Nature,1,0,7,,,,1
w355982829,Sarangpani Lake,Bhopal,23.243579,77.471556,nature,lake,Nature,0,0,3,,,,0
r5414768,Upper Lake,Bhopal,23.240006,77.33195,nature,lake,Nature,0,0,9,,,,0
n6950302588,21 Corps,Bhopal,23.265828,77.404867,sight,castle,Heritage,0,0,2,,,,0
n5641264222,Abandoned Union Carbide Plant,Bhopal,23.280846,77.409806,sight,attraction,Heritage,0,0,2,,,,0
w375379100,Boat Club,Bhopal,23.242967,77.381142,sight,attraction,Heritage,0,0,3,,,,0
w903271751,Chaman Mahal,Bhopal,23.357621,77.417493,sight,castle,Heritage,1,0,4,,,,1
n11368549270,Gauhar Mahal,Bhopal,23.255375,77.397437,sight,attraction,Heritage,0,0,2,,,,0
w377970683,Indira Gandhi Rashtriya Manav Sangrahalaya,Bhopal,23.2329,77.378773,sight,museum,Museum,0,0,4,,,,0
n5180316402,Jan Jati Sangralay - Tribal musuem,Bhopal,23.234277,77.38487,sight,museum,Museum,0,0,2,,,,0
n5180299772,Manav Sangralay,Bhopal,23.23304,77.382338,sight,museum,Museum,0,0,2,,,,0
n5050012322,Premali wallance p ltd,Bhopal,23.241548,77.432323,sight,attraction,Heritage,0,0,4,,,,0
w1002690457,Rani Kamlapati Mahal,Bhopal,23.250916,77.397845,sight,castle,Heritage,0,0,3,,,,0
w377971793,Regional Science Center,Bhopal,23.236202,77.389824,sight,museum,Museum,0,0,2,,,,0
n5641064622,Remember Bhopal Museum,Bhopal,23.292447,77.400867,sight,museum,Museum,0,0,4,,Mo-Su 10:00-17:00,,0
n5411635121,Sadar Manzil,Bhopal,23.257088,77.397079,sight,castle,Heritage,0,0,2,,,,0
n5641360221,State Museum,Bhopal,23.235578,77.38555,sight,museum,Museum,0,0,3,,Tu-Su 10:30-17:30,,0
w377971008,State Museum Bhopal,Bhopal,23.234858,77.384977,sight,museum,Museum,0,0,2,,,,0
w845701962,Taj-ul-Masajid,Bhopal,23.262972,77.39282,sight,attraction,Heritage,1,0,10,,,,1
n4116282429,Tribal museum,Bhopal,23.234684,77.385053,sight,museum,Museum,0,0,3,,,,0
n4374051897,kerwa dam,Bhopal,23.167431,77.37273,sight,attraction,Heritage,0,0,3,,,,0
w870006250,Census Colony Park- North,Bhubaneswar,20.278624,85.794475,activity,theme_park,Activity,0,0,5,,Mo-Fr 09:00-18:30; Sa 09:00-17:00; PH closed,,0
w870007428,Census Colony Park- South,Bhubaneswar,20.278115,85.794086,activity,theme_park,Activity,0,0,5,,Mo-Fr 09:00-18:30; PH closed,,0
w618571453,Gita Bhawan Ground,Bhubaneswar,20.183691,85.619349,activity,camp_site,Activity,0,0,2,,,,0
n11390945284,Kalinga Stadium Climbing Wall,Bhubaneswar,20.292025,85.825086,activity,climbing,Activity,0,0,3,,,,0
w467083305,Ocean World Water Park,Bhubaneswar,20.294642,85.942955,activity,theme_park,Activity,0,0,2,,,,0
w1331665185,Wonderla Bhubaneswar,Bhubaneswar,20.208147,85.644138,activity,theme_park,Activity,0,0,3,,,,0
r3181287,Bindu Sagara,Bhubaneswar,20.242048,85.8352,nature,lake,Nature,0,0,4,,,,0
w465589976,Ekamra Kanan,Bhubaneswar,20.303439,85.800282,nature,park,Nature,1,0,3,,,,1
r18536060,Ekamra Kanan Lake,Bhubaneswar,20.300467,85.800629,nature,lake,Nature,0,0,8,,,,0
n12280792247,Ganesh Gumpha,Bhubaneswar,20.263181,85.786326,nature,cave_entrance,Nature,0,0,2,,,,0
n12280757995,Hathi Kumbha,Bhubaneswar,20.26303,85.785583,nature,cave_entrance,Nature,0,0,2,,,,0
w26754657,Indira Gandhi Park,Bhubaneswar,20.269729,85.832803,nature,park,Nature,1,0,6,,,,1
n12280831200,Rani Gumpha,Bhubaneswar,20.262673,85.786078,nature,cave_entrance,Nature,0,0,2,,,,0
n7835276891,Ananta Basudeva Temple,Bhubaneswar,20.24058,85.835726,sight,place_of_worship,Temple,1,0,6,,,,1
n4707497089,Audi services,Bhubaneswar,20.337234,85.884944,sight,attraction,Heritage,0,0,3,,,,0
n10288122126,Balikanthia Kaaja,Bhubaneswar,20.272501,85.918092,sight,attraction,Heritage,0,0,3,,,,0
n6429775085,Bharati Matha,Bhubaneswar,20.240516,85.831875,sight,place_of_worship,Temple,1,0,5,,,,1
n12797216093,Biju Patnaik's Dakota,Bhubaneswar,20.254586,85.81733,sight,monument,Heritage,0,0,5,,,,0
w459233424,Brahmeswar Temple,Bhubaneswar,20.239659,85.851874,sight,monument,Heritage,0,0,7,,,,0
w489291799,Chitrakarini Temple,Bhubaneswar,20.239274,85.83361,sight,place_of_worship,Temple,1,0,6,,,,1
n4551321639,Dhabaleswar Temple,Bhubaneswar,20.192324,85.840249,sight,place_of_worship,Temple,1,0,4,,,,1
n4246253534,"Durgapuja Mandap, Ruchika Market",Bhubaneswar,20.278058,85.795747,sight,monument,Heritage,0,0,2,,,,0
w421695074,Ekamra Haat,Bhubaneswar,20.277111,85.840287,sight,attraction,Heritage,0,0,3,,,,0
r3382884,Gandhi Peace Center,Bhubaneswar,20.266574,85.785372,sight,museum,Museum,0,0,7,,,,0
w1329016624,Hanuman Temple,Bhubaneswar,20.240404,85.835421,sight,place_of_worship,Temple,1,0,6,,,,1
w585881711,Janta Maidan exhibition centre,Bhubaneswar,20.305993,85.824388,sight,attraction,Heritage,0,0,6,,,,0
n13890852500,Kala Bhoomi Odisha Crafts Museum,Bhubaneswar,20.25213,85.807554,sight,museum,Museum,1,0,17,,Tu-Su 10:00-17:30,yes,1
w1325468077,Kalabhoomi,Bhubaneswar,20.250515,85.807614,sight,museum,Museum,1,0,12,,Tu-Su 10:00-17:30,,1
w746487513,Kapilesvara Temple,Bhubaneswar,20.229069,85.827521,sight,place_of_worship,Temple,1,0,4,,,,1
w247803733,Khandagiri,Bhubaneswar,20.261854,85.784428,sight,archaeological_site,Heritage,0,0,5,,,no,0
w225868292,Lord Lingaraj Temple,Bhubaneswar,20.238365,85.833691,sight,archaeological_site,Heritage,1,0,6,,,,1
w1329016623,Mahakala - Mahakali Temple,Bhubaneswar,20.237622,85.834306,sight,place_of_worship,Temple,1,0,7,,,,1
w174416950,Mausima Temple,Bhubaneswar,20.253667,85.835183,sight,archaeological_site,Heritage,0,0,2,,,,0
w1337725739,Mukteswar Temple,Bhubaneswar,20.242687,85.840503,sight,place_of_worship,Temple,1,0,6,,,,1
w746487545,Odisha State Museum,Bhubaneswar,20.255917,85.841262,sight,museum,Museum,1,0,6,,,,1
n7403431290,Parsurameswara Temple,Bhubaneswar,20.243151,85.839099,sight,attraction,Heritage,1,0,5,,,,1
w746487518,Pillars of Sisupalgarh,Bhubaneswar,20.226484,85.852295,sight,monument,Heritage,0,0,2,,,,0
w1377168360,Rajarani Temple,Bhubaneswar,20.243468,85.843544,sight,place_of_worship,Temple,1,0,6,,,,1
r18290690,Regional Museum of Natural History,Bhubaneswar,20.299431,85.831939,sight,museum,Museum,0,0,5,,,,0
w26754691,Regional Science Center,Bhubaneswar,20.293977,85.832591,sight,museum,Museum,0,0,3,,,,0
r10308869,Sisupalgarh Fort,Bhubaneswar,20.226596,85.853645,sight,fort,Heritage,0,0,3,,,,0
w746487526,Sisupalgarh Northwest Gate,Bhubaneswar,20.229391,85.847814,sight,monument,Heritage,0,0,2,,,,0
w1530798985,Tribal Museum,Bhubaneswar,20.282999,85.806851,sight,museum,Museum,1,0,6,,Tu-Su 10:00-05:00,,1
w247803730,Udayagiri,Bhubaneswar,20.262871,85.785969,sight,archaeological_site,Heritage,0,0,6,,sunrise-sunset,yes,0
n7118696785,Vaital Mandir,Bhubaneswar,20.242471,85.832328,sight,attraction,Heritage,0,0,2,,,,0
w364407160,Yameswar Temple,Bhubaneswar,20.240346,85.831535,sight,place_of_worship,Temple,1,0,7,,,,1
n12551761129,odisha state musuem,Bhubaneswar,20.256325,85.841509,sight,museum,Museum,0,0,5,,,,0
n12384665006,Bikana Chowpatty,Bikaner,28.019491,73.32484,activity,theme_park,Activity,0,0,2,,,,0
w239977485,Fun World,Bikaner,28.038931,73.213663,activity,water_park,Activity,0,0,3,,,,0
n7522681788,ICAR - National Camel Research Centre,Bikaner,27.978579,73.362083,activity,zoo,Activity,0,0,5,,"Apr-Sep 14:00-18:30, Oct-Mar 12:00-18:30",,0
w239977484,Sky Bird Water Park,Bikaner,28.041537,73.205022,activity,water_park,Activity,0,0,3,,,,0
w195926337,Kodamdesar Pond,Bikaner,28.045796,73.08056,nature,lake,Nature,0,0,4,,,,0
w802584383,Bhanda Shaha Jain Temple,Bikaner,28.004738,73.300739,sight,place_of_worship,Temple,1,0,6,,,,1
n4634057891,Dudi,Bikaner,28.048479,73.315819,sight,castle,Heritage,0,0,3,,,,0
w624172236,Ganga Government Museum,Bikaner,28.016944,73.328551,sight,museum,Museum,0,0,5,,,,0
w126998139,Junagarh Fort,Bikaner,28.022219,73.318003,sight,castle,Heritage,1,0,6,,,,1
n4936917898,King on his horse,Bikaner,28.020827,73.319619,sight,monument,Heritage,0,0,2,,,,0
w1317043302,Kote Gate,Bikaner,28.016622,73.311037,sight,attraction,Heritage,0,0,4,,,,0
w126998141,Lalgarh,Bikaner,28.040008,73.331234,sight,castle,Heritage,1,0,4,,,,1
w221064185,Lallgarh Palace,Bikaner,28.041061,73.3317,sight,castle,Heritage,1,0,5,,,,1
w221064186,Laxmi Niwas Palace,Bikaner,28.040455,73.331191,sight,castle,Heritage,1,0,5,,,,1
n4634056569,Lyner Garh,Bikaner,28.048293,73.314528,sight,castle,Heritage,0,0,3,,,,0
n4936227861,Maharaja Dungara Singh Smarak,Bikaner,28.022611,73.320672,sight,monument,Heritage,0,0,2,,,,0
n7522681933,National Camel Research Centre,Bikaner,27.978865,73.360935,sight,museum,Museum,0,0,2,,,,0
n7258020585,Rampuria Havelis,Bikaner,28.012188,73.304716,sight,attraction,Heritage,0,0,3,,,,0
n5472477341,Shree Sadul museum,Bikaner,28.041423,73.330055,sight,museum,Museum,0,0,3,,Mo-Su 10:00-17:30,,0
r18080442,The Royal Cenotaphs,Bikaner,28.017972,73.389866,sight,attraction,Heritage,0,0,4,,,,0
n10107913145,Bashtarigarh,Bir,31.9338,77.005043,nature,peak,Nature,0,0,2,,,,0
w1327826318,Bhaps Lake,Bir,32.018067,76.973389,nature,lake,Nature,0,0,3,,,,0
n13274921655,Cave Shelter,Bir,32.052112,76.758587,nature,cave_entrance,Nature,0,0,4,,,,0
w721974625,Dehnasar Lake,Bir,32.113631,76.935095,nature,lake,Nature,1,0,7,,,,1
w1327825950,Fungni Mata Lake,Bir,32.047721,76.939257,nature,lake,Nature,0,0,3,,,,0
w1065487285,Gaurej Kund,Bir,32.210731,76.744161,nature,lake,Nature,0,0,3,,,,0
n11515827295,Ghoda Lotnu,Bir,32.113428,76.94242,nature,peak,Nature,0,0,3,,,,0
n4789683398,Griffon Peak,Bir,31.777496,76.969228,nature,peak,Nature,0,0,2,,,,0
n12273290377,Hanuman Garh,Bir,32.081963,76.755948,nature,peak,Nature,0,0,3,,,,0
n6557825373,Jalsu Peak,Bir,32.187127,76.68729,nature,peak,Nature,0,0,2,,,,0
n10111152839,Jangal Tilla,Bir,31.972926,76.978469,nature,peak,Nature,0,0,2,,,,0
w493844760,Kali Dal,Bir,32.233114,76.754276,nature,lake,Nature,0,0,6,,,,0
n6550891786,Karshala,Bir,32.102971,76.741133,nature,peak,Nature,0,0,2,,,,0
n8393961769,Khanahr Top,Bir,31.79454,76.997016,nature,peak,Nature,0,0,3,,,,0
n8188087617,Khopcha waterfall,Bir,32.070069,76.740137,nature,waterfall,Nature,0,0,2,,,,0
n4857183291,Langa,Bir,32.2011,76.707722,nature,peak,Nature,0,0,3,,,,0
w1154657119,Menthoo,Bir,32.124609,76.756782,nature,lake,Nature,0,0,3,,,,0
w706891823,Muttu Lake,Bir,32.227417,76.776097,nature,lake,Nature,0,0,6,,,,0
n9795338218,Shirar ra Tibba,Bir,32.062256,76.936057,nature,peak,Nature,0,0,2,,,,0
n13274945440,Small cave,Bir,32.06494,76.76926,nature,cave_entrance,Nature,0,0,4,,,,0
n4548745340,Tatwani,Bir,32.12184,76.718115,nature,hot_spring,Nature,0,0,7,,,no,0
n2382919931,Thamsar,Bir,32.209578,76.76241,nature,peak,Nature,0,0,2,,,,0
w71214502,Thamsar Dali,Bir,32.221596,76.779684,nature,lake,Nature,0,0,4,,,,0
w71236237,Thamsar Dali,Bir,32.243544,76.786846,nature,lake,Nature,0,0,3,,,,0
n11309686623,Waldo,Bir,32.145562,76.712947,nature,peak,Nature,0,0,3,,,,0
n733747524,Ahju Fort Ruins,Bir,32.019758,76.692683,sight,ruins,Heritage,0,0,2,,,,0
w302545937,Baijnath Mandir,Bir,32.050841,76.645654,sight,attraction,Heritage,0,0,4,,,,0
w493568459,Chokling Monastery,Bir,32.036998,76.71218,sight,attraction,Heritage,0,0,9,"Pema Ewam Chögar Gyurme Ling Monastery — the new Chokling Monastery in exile, in Bir, Himachal Pradesh, which was built by Neten Chokling Pema Gyurme, and is currently home to his reincarnation, Neten Chokling Rinpoche.",,,0
n11112181099,Flag Garden,Bir,32.035158,76.711005,sight,attraction,Heritage,0,0,2,,,,0
n811008785,Sobha Singh Art Gallery,Bir,32.038905,76.570265,sight,museum,Museum,0,0,2,,,,0
n13752228962,amuzium illusion museum,Bir,32.039593,76.711843,sight,museum,Museum,0,0,3,,,,0
n5197490621,square,Bir,31.989219,76.79041,sight,attraction,Heritage,0,0,2,,,,0
n5197601121,temple,Bir,32.003106,76.79626,sight,attraction,Heritage,0,0,2,,,,0
n5392766315,Atlantis watersport,Calangute,15.545212,73.761212,activity,scuba_diving,Activity,0,0,2,,,,0
n535919700,Blue Whale Waterpark,Calangute,15.568887,73.75334,activity,theme_park,Activity,0,0,2,,,,0
n12119968134,Equilibrium,Calangute,15.578541,73.758364,activity,climbing,Activity,0,0,3,,,,0
w559080191,FlyingFish,Calangute,15.545783,73.756224,activity,scuba_diving,Activity,0,0,3,,,,0
n5508889113,Konkan explorers,Calangute,15.633709,73.752917,activity,canoe,Activity,0,0,6,Cruises on Goa rivers with kayaking in mangroves,,,0
w407687121,Splashdown Waterpark,Calangute,15.578874,73.75864,activity,water_park,Activity,0,0,3,,,,0
w568072637,Turtle Nesting Centre,Calangute,15.617563,73.733556,activity,nature_reserve,Activity,0,0,4,,,,0
w128565255,Aguada Beach,Calangute,15.498947,73.767119,nature,beach,Beach,0,0,2,,,,0
n5809643255,Aguada Rocky Beach,Calangute,15.491874,73.768097,nature,beach,Beach,0,0,3,,24/7,,0
w128565248,Anjuna Beach,Calangute,15.576145,73.739843,nature,beach,Beach,0,0,2,,,,0
n10965960654,Anjuna Hilltop,Calangute,15.587759,73.73781,nature,peak,Nature,0,0,2,,,,0
w199370623,Arambol Beach,Calangute,15.679315,73.705762,nature,beach,Beach,1,0,5,,,,1
w524851198,Aravali beach,Calangute,15.775395,73.658632,nature,beach,Beach,0,0,2,,,,0
w1329002773,Ashvem Beach,Calangute,15.646529,73.716902,nature,beach,Beach,0,0,2,,,,0
w90307703,Big Vagator Beach,Calangute,15.602267,73.733477,nature,beach,Beach,0,0,3,,,,0
n10965960653,Chapora Fort Hill,Calangute,15.605951,73.736356,nature,peak,Nature,0,0,2,,,,0
w128565257,Chapora beach,Calangute,15.606798,73.7395,nature,beach,Beach,1,0,4,,,,1
n13259806876,Dongarpal,Calangute,15.779965,73.896679,nature,waterfall,Nature,0,0,2,,,,0
w128565254,Dream Beach,Calangute,15.605828,73.732789,nature,beach,Beach,0,0,2,,,,0
w199311213,Kalacha Beach,Calangute,15.697911,73.697137,nature,beach,Beach,0,0,3,,,,0
n8410667979,Kaurati's Caves,Calangute,15.494653,73.766014,nature,cave_entrance,Nature,0,0,2,,,,0
w199363593,Mandrem Beach,Calangute,15.660091,73.713699,nature,beach,Beach,1,0,4,,,,1
w265642303,Marbela Beach,Calangute,15.637028,73.720874,nature,beach,Beach,0,0,2,,,,0
w524851200,Mochemad Beach,Calangute,15.798621,73.652289,nature,beach,Beach,0,0,3,,,,0
n11074780405,Mogacho waterfall,Calangute,15.684485,73.781511,nature,waterfall,Nature,0,0,3,,,,0
n9417116298,Monte Guirim,Calangute,15.563059,73.800359,nature,peak,Nature,0,0,2,,,,0
w156967124,Morjim Beach,Calangute,15.622501,73.730812,nature,beach,Beach,0,0,6,,08:30-18:30,,0
w1468620808,Narayan Tale,Calangute,15.864398,73.624771,nature,lake,Nature,0,0,3,,,,0
w90307697,Ozran Beach,Calangute,15.593978,73.73413,nature,beach,Beach,0,0,2,,,,0
w407688170,Paradise Beach,Calangute,15.756269,73.663436,nature,beach,Beach,0,0,2,,,,0
n12252324904,Peacock Hill,Calangute,15.593398,73.747287,nature,peak,Nature,0,0,2,,,,0
r15418171,Querim beach,Calangute,15.712734,73.692125,nature,beach,Beach,1,0,4,,,,1
n10989323762,Sadashivgad,Calangute,15.620777,73.805882,nature,peak,Nature,0,0,2,,,,0
w128565250,Sinquerim beach,Calangute,15.501363,73.767299,nature,beach,Beach,0,0,3,,,,0
w90307701,Small Vagator Beach,Calangute,15.597656,73.733608,nature,beach,Beach,1,0,3,,,,1
w1154101790,South Anjuna Beach,Calangute,15.569201,73.741775,nature,beach,Beach,0,0,2,,,,0
r6423949,Tulum Beach,Calangute,15.562704,73.744755,nature,beach,Beach,0,0,5,,,,0
w1179792448,Uddo Beach,Calangute,15.617707,73.753886,nature,beach,Beach,0,0,4,,,,0
w620792550,Vengurla Beach,Calangute,15.837261,73.628995,nature,beach,Beach,0,0,3,,,,0
w156595303,Aguada Fortress,Calangute,15.498055,73.766479,sight,fort,Heritage,0,0,7,,,,0
n12634926263,Ancient Spring,Calangute,15.610641,73.802093,sight,ruins,Heritage,0,0,2,,,,0
w1315967338,Anjuna Seafront Plaza,Calangute,15.584456,73.737272,sight,attraction,Heritage,0,0,4,,,,0
n12364201417,Anjuna Valley Viewpoint,Calangute,15.593475,73.747333,sight,viewpoint,Viewpoint,0,0,2,,,,0
w1155293983,Arpora Saturday Night Market,Calangute,15.567122,73.76611,sight,attraction,Heritage,0,0,3,,,,0
n10957795217,Badem Sunset Viewpoint,Calangute,15.607897,73.751261,sight,viewpoint,Viewpoint,0,0,2,,,,0
r6423947,Baga Beach,Calangute,15.557506,73.75049,sight,attraction,Heritage,1,0,6,,,,1
n4314268007,Banyan,Calangute,15.656666,73.721857,sight,attraction,Heritage,0,0,4,,,,0
n12260786055,Benz Wax Museum,Calangute,15.560875,73.763433,sight,museum,Museum,0,0,2,,,,0
n13887228089,Bodgeshwar View,Calangute,15.598398,73.804939,sight,viewpoint,Viewpoint,0,0,2,,,,0
r6423948,Calangute Beach,Calangute,15.542382,73.755522,sight,attraction,Heritage,0,0,5,,,,0
w397051478,Candolim Beach,Calangute,15.517881,73.7629,sight,attraction,Heritage,0,0,5,,,,0
r15959326,Chapora Fort,Calangute,15.605926,73.736056,sight,castle,Heritage,1,0,9,,Mo-Su 09:00-17:00,,1
n11449050872,Chapora River Viewpoint,Calangute,15.651016,73.789662,sight,viewpoint,Viewpoint,0,0,2,,,,0
w1222668698,Colvale Fort,Calangute,15.634973,73.85055,sight,ruins,Heritage,0,0,2,,,,0
n6128194586,Earth Bowl,Calangute,15.594295,73.733923,sight,attraction,Heritage,0,0,2,,,,0
n4288374393,Furtado House,Calangute,15.587285,73.760416,sight,museum,Museum,0,0,2,,,,0
n12363632394,La Casita Helicopter,Calangute,15.586408,73.747348,sight,attraction,Heritage,0,0,2,,,,0
w1356107246,Laterite Ruins,Calangute,15.631577,73.795363,sight,ruins,Heritage,0,0,3,,,,0
n12612579556,Laterite Ruins,Calangute,15.610876,73.809811,sight,ruins,Heritage,0,0,2,,,,0
n1688110026,Laxmi's Home,Calangute,15.513506,73.765684,sight,attraction,Heritage,0,0,4,This is the home of Laxmi the Elephant,,,0
w1524930931,Mapusa Mela (Dec),Calangute,15.585601,73.806765,sight,attraction,Heritage,0,0,3,,,,0
n12731589295,Mapusa Town Viewpoint,Calangute,15.595717,73.798183,sight,viewpoint,Viewpoint,0,0,2,,,,0
n12291221879,Marna Khazans,Calangute,15.61613,73.773107,sight,viewpoint,Viewpoint,0,0,2,,,,0
n12752657696,Marna River View,Calangute,15.617174,73.77312,sight,viewpoint,Viewpoint,0,0,2,,,,0
n12831834551,Milagres Feast (May),Calangute,15.589234,73.818912,sight,attraction,Heritage,0,0,2,,,,0
n12831834552,Milagres Feast Flea Market (May),Calangute,15.590389,73.816782,sight,attraction,Heritage,0,0,2,,,,0
n6138637985,Miraculous Cross,Calangute,15.58539,73.763101,sight,attraction,Heritage,0,0,8,,,,0
n11207103948,Moda Goa Museum & Research Centre,Calangute,15.644953,73.833597,sight,museum,Museum,0,0,3,,,,0
n4288424613,Museum of Goa,Calangute,15.525642,73.795306,sight,museum,Museum,1,0,3,,,,1
n4375372489,Near Chapora Fort,Calangute,15.607405,73.732176,sight,viewpoint,Viewpoint,0,0,3,,,,0
n11707952176,Old Ferry Point,Calangute,15.647182,73.840003,sight,viewpoint,Viewpoint,0,0,2,,,,0
w1387804036,Old House,Calangute,15.593381,73.752772,sight,ruins,Heritage,0,0,5,,,,0
n13861163383,Parra Coconut Tree Road,Calangute,15.577437,73.784748,sight,viewpoint,Viewpoint,0,0,2,,,,0
n4428514690,Shiva's face,Calangute,15.592392,73.733734,sight,attraction,Heritage,0,0,5,,,,0
n1658757838,Shri Shantadurga Temple,Calangute,15.513065,73.769823,sight,place_of_worship,Temple,1,0,4,,,,1
n8410669097,Sinquerim Fort view Point,Calangute,15.497594,73.764904,sight,viewpoint,Viewpoint,0,0,2,,,,0
n4253973889,Snow Park,Calangute,15.557472,73.7553,sight,attraction,Heritage,0,0,2,,,,0
w1182078626,St. Jerome's Church,Calangute,15.589575,73.818354,sight,place_of_worship,Temple,1,0,10,,,,1
w1155600557,St. Michael's Church,Calangute,15.589918,73.764167,sight,place_of_worship,Temple,1,0,5,,,,1
n12488913459,Sunset Viewpoint,Calangute,15.58452,73.737149,sight,viewpoint,Viewpoint,0,0,2,,,,0
n8507369782,Sunset point,Calangute,15.568321,73.742357,sight,viewpoint,Viewpoint,0,0,3,,,,0
n10951606774,Vagator Sunset Viewpoint,Calangute,15.599398,73.733565,sight,viewpoint,Viewpoint,0,0,2,,,,0
w1282934786,Aqua Village,Chandigarh,30.795391,76.913851,activity,water_park,Activity,0,0,3,,,,0
w668504384,Bir Shikargarh WLS,Chandigarh,30.771512,76.965859,activity,nature_reserve,Activity,1,0,6,,,,1
w1284450692,Bird Park,Chandigarh,30.750643,76.811733,activity,zoo,Activity,0,0,3,,,,0
w435703167,Chattbir Zoo,Chandigarh,30.60309,76.792668,activity,zoo,Activity,0,0,3,,,yes,0
n10779136337,Funcity,Chandigarh,30.636688,76.891545,activity,theme_park,Activity,0,0,11,,Mo-Su 10:00-18:00,,0
w761039321,IISER Mohali Eco Park,Chandigarh,30.664518,76.721751,activity,nature_reserve,Activity,0,0,2,,,,0
n9450832666,L.A.,Chandigarh,30.693179,76.663419,activity,camp_site,Activity,0,0,7,,,,0
w668498256,Morni Hills (Khol-Hi-Raitan) WLS,Chandigarh,30.704661,76.940914,activity,nature_reserve,Activity,1,0,6,,,,1
r2829384,"Walking Park, Sector 39",Chandigarh,30.742421,76.72754,activity,hiking_route,Activity,0,0,4,,,,0
n9441358609,Bhursingh Mahadev,Chandigarh,30.761499,77.143707,nature,peak,Nature,0,0,3,,,,0
w129553511,City Bird Sanctuary,Chandigarh,30.728808,76.779692,nature,park,Nature,1,0,10,,,,1
w360443301,Garden of Silence,Chandigarh,30.738336,76.829751,nature,park,Nature,1,0,4,,,,1
r17591395,Japanese garden,Chandigarh,30.703221,76.781163,nature,park,Nature,1,0,5,,,,1
n9524039239,Karoh Peak,Chandigarh,30.74379,77.077629,nature,peak,Nature,1,0,4,,,,1
n9441531459,Kasauli Peak,Chandigarh,30.886806,76.972232,nature,peak,Nature,0,0,4,"Highest point - monkey point in Kasauli,",,,0
r8421510,Sukhna Lake,Chandigarh,30.742013,76.821465,nature,lake,Nature,1,0,8,,,,1
w644457750,Tikkar Taal,Chandigarh,30.656646,77.080349,nature,lake,Nature,0,0,3,,,,0
w138959019,Yadavindra Gardens,Chandigarh,30.792552,76.912116,nature,park,Nature,1,0,9,,Mo-Su 07:00-22:00,,1
n4456365893,2620,Chandigarh,30.729234,76.768807,sight,attraction,Heritage,0,0,3,,,,0
n4456540889,2624,Chandigarh,30.729209,76.76911,sight,attraction,Heritage,0,0,3,,,,0
n4456526091,3131,Chandigarh,30.732354,76.765154,sight,attraction,Heritage,0,0,3,,,,0
n3649893943,Buddha statue,Chandigarh,30.738414,76.830137,sight,attraction,Heritage,0,0,4,,,,0
n2488917468,Burail Fort,Chandigarh,30.707465,76.761234,sight,castle,Heritage,0,0,3,,,,0
w1179702894,Chandi Mata Temple,Chandigarh,30.744328,76.9006,sight,place_of_worship,Temple,1,0,8,,,,1
w225023241,Chandigarh Architecture Museum,Chandigarh,30.748224,76.786938,sight,museum,Museum,0,0,12,,"Tu-Su 10:00-16:45, PH off",,0
w129779689,Chandigarh Secretariat,Chandigarh,30.761199,76.80058,sight,attraction,Heritage,1,0,10,,,,1
n4723898891,DLF,Chandigarh,30.735452,76.796218,sight,attraction,Heritage,0,0,3,,,,0
n4414976289,Dewsun,Chandigarh,30.75995,76.782526,sight,attraction,Heritage,0,0,3,,,,0
n4252230089,ESM,Chandigarh,30.658077,76.680809,sight,viewpoint,Viewpoint,0,0,2,,,,0
n1822526019,Eiffel Tower,Chandigarh,30.748991,76.785329,sight,viewpoint,Viewpoint,0,0,2,,,,0
w129800515,Gandhi Bhavan,Chandigarh,30.761815,76.77139,sight,attraction,Heritage,1,0,5,,,,1
n4461158889,Garden of springs,Chandigarh,30.723692,76.736231,sight,attraction,Heritage,0,0,3,,,,0
n5846373585,Geometric Hill,Chandigarh,30.758966,76.803774,sight,monument,Heritage,0,0,3,,,,0
w129784715,Government Museum and Art Gallery,Chandigarh,30.748989,76.78747,sight,museum,Museum,1,0,15,,"Tu-Su 10:00-16:30, PH off",yes,1
n2338505557,High Court Museum,Chandigarh,30.755906,76.805264,sight,museum,Museum,0,0,3,,,,0
n11897121927,Indian Air Force Heritage Center,Chandigarh,30.739455,76.791141,sight,museum,Museum,0,0,3,,,,0
n5839948188,International Dolls Museum,Chandigarh,30.741343,76.770962,sight,museum,Museum,0,0,4,,,,0
w1100913940,Kalagram,Chandigarh,30.710092,76.826229,sight,attraction,Heritage,0,0,3,,,,0
n5607340321,Maison Jeanneret Museum,Chandigarh,30.744818,76.807566,sight,museum,Museum,0,0,2,,,,0
w636508108,Manauli Fort,Chandigarh,30.643686,76.724232,sight,fort,Heritage,1,0,3,,,,1
n10593797001,Martyrs Memorial,Chandigarh,30.759464,76.80489,sight,monument,Heritage,0,0,3,,,,0
w696661513,Nada Sahib,Chandigarh,30.694197,76.880897,sight,place_of_worship,Temple,1,0,8,,,,1
w129784716,Natural History Museum,Chandigarh,30.748085,76.785923,sight,museum,Museum,0,0,10,,"Tu-Su 10:00-16:30, PH off",,0
n1431104888,Open Hand Monument,Chandigarh,30.759093,76.807404,sight,attraction,Heritage,1,0,10,,,,1
w469362962,Panjab University Market,Chandigarh,30.755926,76.767653,sight,attraction,Heritage,0,0,2,,,,0
n4456535589,Park,Chandigarh,30.729633,76.767776,sight,attraction,Heritage,0,0,3,,,,0
n4952624322,Park,Chandigarh,30.717885,76.772468,sight,attraction,Heritage,0,0,3,,,,0
w129779710,Punjab & Haryana Vidhan Sabha,Chandigarh,30.761021,76.803198,sight,attraction,Heritage,1,0,11,,,,1
w129779703,Punjab and Haryana High Court,Chandigarh,30.757273,76.806609,sight,attraction,Heritage,1,0,7,,,,1
n11905918056,Puppet Museum,Chandigarh,30.752769,76.808368,sight,museum,Museum,0,0,2,,,,0
w784590328,Radha Soami Satsang Ghar,Chandigarh,30.673052,76.882978,sight,place_of_worship,Temple,1,0,11,,,,1
w225022775,Rock Garden,Chandigarh,30.753159,76.806153,sight,attraction,Heritage,1,0,13,,Mo-Su 09:00-20:00,yes,1
w129720601,Rose Garden,Chandigarh,30.746107,76.781557,sight,attraction,Heritage,0,0,6,,Mo-Sa 06:00-22:00; Su 09:00-22:00; PH off,no,0
n4461165609,SCO-21,Chandigarh,30.713496,76.768851,sight,attraction,Heritage,0,0,3,,,,0
n4461165703,SCO-22,Chandigarh,30.713456,76.768752,sight,attraction,Heritage,0,0,3,,,,0
n4433593590,"SCO-22, Sector 33-D",Chandigarh,30.713414,76.768702,sight,attraction,Heritage,0,0,3,,,,0
n13463976023,Shaheed Dr. Diwan Singh Kalepani Museum,Chandigarh,30.855901,76.735276,sight,museum,Museum,0,0,2,,,,0
n5839948187,Sukhna Lake viewpoint,Chandigarh,30.744655,76.810487,sight,viewpoint,Viewpoint,0,0,4,,,,0
w803763294,Tank Monument,Chandigarh,30.749542,76.786725,sight,monument,Heritage,0,0,2,,,,0
w225024308,The Le Corbusier Centre,Chandigarh,30.729779,76.79951,sight,museum,Museum,1,0,10,,Tu-Su 10:00-17:00,,1
r2051982,The Museum of Fine Arts,Chandigarh,30.762381,76.772207,sight,museum,Museum,0,0,4,,,,0
n5790192353,Tower of Shadows,Chandigarh,30.759611,76.804094,sight,monument,Heritage,0,0,2,,,,0
w28206920,Arignar Anna Zoo Park,Chennai,12.882732,80.091966,activity,zoo,Activity,1,0,8,,,,1
n3902496341,Beasant Camping Ground,Chennai,13.006745,80.270653,activity,camp_site,Activity,0,0,2,,,,0
w390177142,Camp Tonekela,Chennai,13.10824,80.127646,activity,camp_site,Activity,0,0,2,,,,0
w344477101,Chennai Snake Park,Chennai,13.003341,80.238274,activity,zoo,Activity,1,0,11,,We-Mo 08:30-17:30,,1
w28404811,"Children's Park, Guindy",Chennai,13.004385,80.236864,activity,zoo,Activity,1,0,7,,We-Mo 10:00-17:00,,1
w371688527,Chokkidhani,Chennai,13.010454,80.007228,activity,theme_park,Activity,0,0,3,,,,0
w102577583,EVP World Amusement Park,Chennai,13.03427,80.046949,activity,theme_park,Activity,0,0,2,,,,0
w25006292,Guindy National Park,Chennai,12.99922,80.228029,activity,national_park,Activity,1,0,11,,,,1
w25016890,Kishkinta,Chennai,12.937175,80.078661,activity,theme_park,Activity,0,0,2,,,,0
n1428698664,Madha Gebi,Chennai,12.903524,80.085455,activity,camp_site,Activity,0,0,4,,,,0
w84077220,Otter,Chennai,12.882432,80.088854,activity,zoo,Activity,0,0,2,,,,0
r15046539,Pallikaranai Marsh,Chennai,12.922806,80.220737,activity,nature_reserve,Activity,1,0,14,,,,1
w30777840,Queensland Amusement Park,Chennai,13.030012,80.027192,activity,theme_park,Activity,0,0,2,,,,0
w35458852,VGP Universal Kingdom,Chennai,12.913875,80.253232,activity,theme_park,Activity,1,0,6,,,,1
w28520169,Vandalur Reserve Forest,Chennai,12.895283,80.096558,activity,nature_reserve,Activity,1,0,5,,,,1
w30625195,Alappakkam Madhuravoyal Eri,Chennai,13.051989,80.164317,nature,lake,Nature,0,0,3,,,,0
w95772858,Alleri Tank,Chennai,12.940884,80.119063,nature,lake,Nature,0,0,3,,,,0
w661100698,Ambal Nagar Lake,Chennai,12.936213,80.201593,nature,lake,Nature,0,0,3,,,,0
w24240071,Anna Nagar Tower Park,Chennai,13.086614,80.214264,nature,park,Nature,1,0,10,"Anna Nagar Tower Park, officially known as Dr. Visveswaraya Tower Park, is an urban park in the suburb of Anna Nagar, Chennai. It is the tallest park tower in Chennai",Mo-Su 05:00-21:00,,1
w131425322,Anna Nedumchalai Lake,Chennai,12.966244,80.238836,nature,lake,Nature,0,0,4,,,,0
w1547250628,Arani Lake,Chennai,13.322867,80.076303,nature,lake,Nature,0,0,3,,,,0
w31255512,Aranvoyal Lake,Chennai,13.101157,79.942275,nature,lake,Nature,0,0,3,,,,0
n9998118762,Arupadaiveedu Temple Beach,Chennai,12.989027,80.269678,nature,beach,Beach,0,0,5,,,,0
r11180365,Avadi Lake,Chennai,13.106508,80.104595,nature,lake,Nature,0,0,4,,,,0
w1237456198,Ayanambakkam Lake,Chennai,13.076671,80.132593,nature,lake,Nature,0,0,3,,,,0
w95639903,Banaveduthottam Lake,Chennai,13.078115,80.086418,nature,lake,Nature,0,0,3,,,,0
w661100686,Bharatiyar Nagar Lake,Chennai,12.934686,80.241183,nature,lake,Nature,0,0,3,,,,0
w1289065315,CRPF Nagar lake 3,Chennai,13.153597,80.07533,nature,lake,Nature,0,0,3,,,,0
n9787353868,Calm Beach,Chennai,13.407968,80.328833,nature,beach,Beach,0,0,2,,,,0
w490995272,Chanthira Sekaran Avenue Lake,Chennai,12.932335,80.231653,nature,lake,Nature,0,0,3,,,,0
r9149085,Chetpet Lake,Chennai,13.07523,80.242489,nature,lake,Nature,1,0,6,,,,1
w1418928206,Chettiyar Agaram Lake,Chennai,13.041928,80.145727,nature,lake,Nature,0,0,3,,,,0
w82883604,Chitrerari Lake,Chennai,12.909069,80.170909,nature,lake,Nature,0,0,3,,,,0
w384380356,Classic Farms Lake 1,Chennai,12.893502,80.219804,nature,lake,Nature,0,0,3,,,,0
w98358044,Classic Farms Lake 2,Chennai,12.886848,80.22104,nature,lake,Nature,0,0,3,,,,0
w1474984804,Elcot Lake,Chennai,12.91749,80.22414,nature,lake,Nature,0,0,3,,,,0
r14304132,Elliots Beach,Chennai,12.997886,80.273028,nature,beach,Beach,1,0,9,,,,1
n9787353870,Green Beach,Chennai,13.363435,80.338449,nature,beach,Beach,0,0,2,,,,0
w661094632,Harikrishnapuram Lake,Chennai,13.169968,80.26318,nature,lake,Nature,0,0,3,,,,0
r19969911,IIT Lake,Chennai,12.996591,80.240256,nature,lake,Nature,0,0,4,,,,0
w661117604,JJ Nagar Lake,Chennai,13.079089,80.171988,nature,lake,Nature,0,0,3,,,,0
w98315669,Kadapakkam Tank,Chennai,13.200886,80.25275,nature,lake,Nature,0,0,3,,,,0
w830928082,Kakkalur Lake,Chennai,13.138981,79.916713,nature,lake,Nature,0,0,3,,,,0
w30609167,Kallu Kuttai Lake,Chennai,12.979022,80.235908,nature,lake,Nature,0,0,3,,,,0
r13671410,Keelkatalai Lake,Chennai,12.950242,80.178199,nature,lake,Nature,0,0,4,,,,0
w95668360,Kolathur Lake,Chennai,13.128258,80.212919,nature,lake,Nature,0,0,3,,,,0
w102459218,Kolladi Lake,Chennai,13.084847,80.123621,nature,lake,Nature,0,0,6,,,,0
w1236160014,Kollappancheri Lake,Chennai,13.065563,80.071568,nature,lake,Nature,0,0,3,,,,0
w34484000,Konimedu Lake,Chennai,13.182454,80.152615,nature,lake,Nature,0,0,4,,,,0
n9787353869,Koraikuppam Beach,Chennai,13.382315,80.333517,nature,beach,Beach,0,0,2,,,,0
w25474612,Korattur Lake,Chennai,13.123526,80.181403,nature,lake,Nature,1,0,5,,,,1
w131961850,Kottivakkam Beach,Chennai,12.96976,80.265711,nature,beach,Beach,0,0,3,,,,0
w369625994,Kovalan Nagar Lake,Chennai,12.932234,80.206156,nature,lake,Nature,0,0,3,,,,0
r6201190,Kovilambakkam Lake,Chennai,12.944355,80.189288,nature,lake,Nature,0,0,5,,,,0
w177370838,Lake,Chennai,12.925736,80.157882,nature,lake,Nature,0,0,3,,,,0
w443225463,Madhavaram Botanical Garden,Chennai,13.148718,80.242341,nature,park,Nature,1,0,6,,,,1
w25725027,Madipakkam Lake,Chennai,12.961367,80.190922,nature,lake,Nature,0,0,5,,,,0
w31253726,Manavalanagar Lake,Chennai,13.102824,79.921863,nature,lake,Nature,0,0,3,,,,0
w22902280,Marina Beach,Chennai,13.052582,80.28484,nature,beach,Beach,1,0,8,,,,1
n12137617372,"Marina Beach,Chennai",Chennai,13.053397,80.283333,nature,beach,Beach,0,0,2,,,,0
w34483989,Mittanamalli Lake,Chennai,13.161942,80.073476,nature,lake,Nature,0,0,4,,,,0
w661117610,NGGO Colony Lake,Chennai,12.969968,80.179917,nature,lake,Nature,0,0,3,,,,0
w23929748,Nageswara Rao Park,Chennai,13.036586,80.263392,nature,park,Nature,1,0,5,,,,1
w28260431,Nanmangalam Lake,Chennai,12.939367,80.167018,nature,lake,Nature,0,0,3,,,,0
w28085766,Natesan Park,Chennai,13.03757,80.236396,nature,park,Nature,1,0,7,,,,1
w1373821452,Neelangarai Beach,Chennai,12.948008,80.261621,nature,beach,Beach,0,0,2,,,,0
w31252968,Nemam Lake,Chennai,13.060711,79.999368,nature,lake,Nature,0,0,3,,,,0
w82874933,Nesavalar Nagar Lake,Chennai,12.912997,80.20016,nature,lake,Nature,0,0,3,,,,0
n347339851,Pachaimalai,Chennai,12.9455,80.126531,nature,peak,Nature,0,0,3,,,,0
w138337748,Pakkam Lake,Chennai,13.13235,80.023392,nature,lake,Nature,0,0,3,,,,0
w32017928,Palavedu Lake,Chennai,13.141531,80.045624,nature,lake,Nature,0,0,3,,,,0
n313386176,Pallavaram Hill,Chennai,12.971536,80.160862,nature,peak,Nature,0,0,2,,,,0
r16916505,Pallavaram Lake,Chennai,12.959044,80.151517,nature,lake,Nature,0,0,5,,,,0
w203215028,Pallikkaranai Anai Tank,Chennai,12.93371,80.196957,nature,lake,Nature,0,0,3,,,,0
w203215030,Pallikkaranai Eri,Chennai,12.928683,80.198188,nature,lake,Nature,0,0,3,,,,0
w209513246,Panagal Park,Chennai,13.041425,80.233064,nature,park,Nature,1,0,6,,,,1
n9902398801,Panchapandavar Malai,Chennai,12.969724,80.167365,nature,peak,Nature,0,0,2,,,,0
w1236160018,Parivakkam Lake,Chennai,13.061253,80.097912,nature,lake,Nature,0,0,3,,,,0
r14321157,Pattabiram Lake,Chennai,13.126835,80.05284,nature,lake,Nature,0,0,4,,,,0
w138307641,Pattabiram lake,Chennai,13.110832,80.076369,nature,lake,Nature,0,0,3,,,,0
n313280518,Perungulathur,Chennai,12.898228,80.095901,nature,peak,Nature,0,0,3,,,,0
w1074388629,Ponneri Lake,Chennai,13.336951,80.197519,nature,lake,Nature,0,0,3,,,,0
w1350849192,Ponneri Small Lake,Chennai,13.331139,80.191405,nature,lake,Nature,0,0,3,,,,0
w1236160012,Poonamallee Lake,Chennai,13.056938,80.084353,nature,lake,Nature,0,0,4,,,,0
n9787353867,Pulicat Beach,Chennai,13.420925,80.328329,nature,beach,Beach,0,0,2,,,,0
w1293433222,Puthagaram Thangal,Chennai,13.141728,80.190164,nature,lake,Nature,0,0,3,,,,0
w25726316,Puzhuthivakkam Lake,Chennai,12.968566,80.202121,nature,lake,Nature,0,0,3,,,,0
w661178373,Sadayankuppam Tank,Chennai,13.186655,80.290694,nature,lake,Nature,0,0,3,,,,0
w23110086,Santhome Beach,Chennai,13.026061,80.27851,nature,beach,Beach,0,0,2,,,,0
w661094631,Sathankadu Lake,Chennai,13.156619,80.269136,nature,lake,Nature,0,0,3,,,,0
w554596475,Sathya lake,Chennai,13.092739,80.176283,nature,lake,Nature,0,0,3,,,,0
w691012449,Secretariat Colony Govt Park,Chennai,12.937774,80.244929,nature,park,Nature,1,0,8,,sunrise-sunset,,1
w26433707,Sembakkam lake,Chennai,12.933662,80.153411,nature,lake,Nature,0,0,3,,,,0
w32995619,Thamarai Kulam,Chennai,13.223249,80.323286,nature,lake,Nature,0,0,3,,,,0
w95639930,Thandurai Lake,Chennai,13.116021,80.056066,nature,lake,Nature,0,0,4,,,,0
w830928059,Thaneer Kulam Lake,Chennai,13.138948,79.940244,nature,lake,Nature,0,0,3,,,,0
w661178366,Thideer Nagar Lake,Chennai,13.167278,80.227082,nature,lake,Nature,0,0,3,,,,0
w30851611,Thiru Vi Ka Park,Chennai,13.078627,80.225091,nature,park,Nature,1,0,5,,,,1
w384476259,Thirupunanthal Lake,Chennai,12.971556,80.135857,nature,lake,Nature,0,0,3,,,,0
w32256323,Tholkappiar Ecological Park,Chennai,13.021944,80.268279,nature,park,Nature,1,0,6,,,,1
w1395430758,Tiruvottiyur Beach,Chennai,13.162224,80.308621,nature,beach,Beach,0,0,3,,,,0
w28260258,Vadakkapattu Lake,Chennai,12.930461,80.185608,nature,lake,Nature,0,0,4,,,,0
w55570319,Valmiki Nagar Beach,Chennai,12.978984,80.267651,nature,beach,Beach,0,0,3,,,,0
w462909810,Vanipakkam Lake,Chennai,13.289813,80.218865,nature,lake,Nature,0,0,3,,,,0
w661100692,Vannan Kuttai,Chennai,12.922017,80.20697,nature,lake,Nature,0,0,3,,,,0
w25504265,Velachery Lake,Chennai,12.988244,80.211503,nature,lake,Nature,1,0,7,,,,1
w1159363407,Vellacheri Lake,Chennai,13.166722,80.061213,nature,lake,Nature,0,0,3,,,,0
w34484008,Vellanur Lake,Chennai,13.161997,80.107214,nature,lake,Nature,0,0,5,,,,0
w385786366,Vengaivasal Lake,Chennai,12.917766,80.163698,nature,lake,Nature,0,0,3,,,,0
w1119129442,Veppampattu Lake,Chennai,13.124817,80.000903,nature,lake,Nature,0,0,3,,,,0
w661094629,Vettamani Lake,Chennai,13.147496,80.235547,nature,lake,Nature,0,0,3,,,,0
r17473164,Vilinjiyambakkam Lake,Chennai,13.115222,80.087415,nature,lake,Nature,0,0,4,,,,0
n9789561219,75th Anniversary of Independence Monument,Chennai,13.066605,80.283802,sight,monument,Heritage,0,0,2,,,,0
n5918435985,Akbar herbal mills,Chennai,13.034794,80.273749,sight,attraction,Heritage,0,0,6,,"Mo-Sa 09:00-18:00; Su 10:00-14:00, 15:00-19:00",,0
n10036499280,Alstom Metropolis,Chennai,13.032334,80.243172,sight,monument,Heritage,0,0,2,,,,0
n310504179,Ambedkar Memorial,Chennai,13.019321,80.266984,sight,attraction,Heritage,1,0,5,,,,1
n5625813433,Ambedkar Statue,Chennai,13.105592,80.207935,sight,monument,Heritage,0,0,3,,,,0
w1237662330,Amir Mahal,Chennai,13.056392,80.268728,sight,castle,Heritage,0,0,5,,,,0
w1137581557,Amma Museum,Chennai,13.064511,80.285847,sight,museum,Museum,0,0,3,,,,0
n295552094,Anna Nagar Tower,Chennai,13.086305,80.21379,sight,viewpoint,Viewpoint,0,0,4,,,,0
n304918810,Annai Maniammai Statue,Chennai,13.080056,80.262841,sight,monument,Heritage,0,0,2,,,,0
w1076727642,Armenian Church of the Virgin Mary,Chennai,13.089201,80.28732,sight,place_of_worship,Temple,1,0,13,,,,1
n11162390465,Arulmigu Santana Srinivasa Perumal Temple,Chennai,13.086049,80.171867,sight,place_of_worship,Temple,1,0,7,,,,1
n315260499,Ashok Pillar,Chennai,13.034848,80.212178,sight,monument,Heritage,0,0,3,,,,0
w29047216,Ashtalakshmi Temple,Chennai,12.992531,80.270358,sight,place_of_worship,Temple,1,0,7,,,,1
n4332284589,BHARAT SCANS,Chennai,13.033707,80.212252,sight,attraction,Heritage,0,0,3,,,,0
n312011926,Bakthavachalam Memorial,Chennai,13.006714,80.236234,sight,attraction,Heritage,0,0,2,,,,0
n410718772,Birla Planetarium,Chennai,13.011959,80.244016,sight,attraction,Heritage,1,0,8,,,,1
n410623178,Brodie Castle,Chennai,13.015839,80.262847,sight,attraction,Heritage,1,0,4,,,,1
n4308319493,CHENNAI CORPORATION PARK,Chennai,13.026369,80.217194,sight,attraction,Heritage,0,0,3,,,,0
n4308319795,CHICKEN 65 SHOP,Chennai,13.032341,80.220082,sight,attraction,Heritage,0,0,3,,,,0
w1126975457,Chennai Government Museum,Chennai,13.071283,80.256754,sight,museum,Museum,1,0,12,,Sa-Th 10:30-18:30;Aug 15 off;Jan 26 off; Oct 2 off,,1
w1552618807,Chennai Lighthouse Museum,Chennai,13.039659,80.279468,sight,museum,Museum,0,0,19,,Mo-Su 09:00-21:00,yes,0
n7016742491,Chennai Marina Lighthouse,Chennai,13.039631,80.279417,sight,attraction,Heritage,0,0,5,,,,0
n4691858189,Chennai Railway Museum,Chennai,13.100432,80.208732,sight,museum,Museum,1,0,9,,,,1
w28224960,Chennai Trade Center,Chennai,13.013613,80.189384,sight,attraction,Heritage,1,0,9,,,,1
n10604028542,Chennai Zero Mile,Chennai,13.080425,80.280738,sight,monument,Heritage,0,0,3,,,,0
r14377429,Chepauk Palace,Chennai,13.063572,80.28163,sight,castle,Heritage,1,0,7,,,,1
w354739431,Chettinad House,Chennai,13.015765,80.269245,sight,castle,Heritage,0,0,6,,,,0
w1419893342,Church of Our Lady of Light (Luz Church),Chennai,13.038191,80.262385,sight,place_of_worship,Temple,1,0,12,,,,1
w1128362740,Cooum River Fountain,Chennai,13.06944,80.283108,sight,ruins,Heritage,0,0,5,,,,0
w1089790103,Cornwallis Cupola,Chennai,13.080352,80.287517,sight,monument,Heritage,0,0,2,,,,0
n4332238490,DUGAR GROUP OF COMPANY,Chennai,13.068499,80.26058,sight,attraction,Heritage,0,0,3,,,,0
w964602899,Dr. M. G. Ramachandran Memorial Arch,Chennai,13.060781,80.282663,sight,monument,Heritage,0,0,3,,,,0
w1137581558,Dr. Maruthur Gopalan Ramachandran Museum,Chennai,13.064988,80.285042,sight,museum,Museum,0,0,4,,,,0
w1126975440,Egmore Childrens Museum,Chennai,13.06999,80.256417,sight,museum,Museum,0,0,4,,,,0
w1510447381,Egmore Government Museum,Chennai,13.070739,80.256832,sight,museum,Museum,0,0,2,,,,0
n9982798055,Esplanade Boundary Marker,Chennai,13.088999,80.289984,sight,monument,Heritage,0,0,2,,,,0
n10968476710,Former site of Binny Mills Building,Chennai,13.0909,80.287605,sight,attraction,Heritage,0,0,2,,,,0
w1178009706,Fort St. George,Chennai,13.079676,80.284939,sight,castle,Heritage,1,0,15,"The first British fortress built in India, established in 1644, with a museum & 17th-century church.",,,1
w1089790865,Fort St. George Museum,Chennai,13.080727,80.287612,sight,museum,Museum,0,0,7,,Mo-Su 09:00 - 17:00; Fr off,,0
n11491610136,Fourbeck Bridge (Marmalong Brook Bridge) Monument,Chennai,13.025886,80.230401,sight,monument,Heritage,0,0,2,,,,0
n4623137089,Gandhi Statue,Chennai,13.112271,80.237827,sight,monument,Heritage,0,0,3,,,,0
n13592766101,Heritage Centre,Chennai,12.990783,80.232921,sight,museum,Museum,0,0,2,,,,0
n4411851895,Home Finders Estate,Chennai,13.025453,80.183303,sight,attraction,Heritage,0,0,2,,,,0
n10538425194,India Post Philatelic Bureau,Chennai,13.067225,80.269668,sight,museum,Museum,0,0,4,,,,0
w217849587,Kachaleeswarar Temple,Chennai,13.093291,80.287904,sight,place_of_worship,Temple,1,0,9,,,,1
w379696345,Kaj Schmidt Memorial,Chennai,12.999425,80.272115,sight,monument,Heritage,1,0,7,,,,1
n312011930,Kamaraj Memorial,Chennai,13.006922,80.235585,sight,attraction,Heritage,0,0,2,,,,0
n366795457,Kamaraj Memorial House,Chennai,13.047464,80.239546,sight,museum,Museum,0,0,3,,,,0
r21203725,Kapaleeshwarar Temple,Chennai,13.033437,80.269143,sight,place_of_worship,Temple,1,0,11,,,,1
w208570708,Kesava Perumal Temple,Chennai,13.030582,80.270696,sight,place_of_worship,Temple,1,0,5,,,,1
n4792615751,Kosapet 5 lights,Chennai,13.093166,80.256474,sight,monument,Heritage,0,0,2,,,,0
n4308320005,MLA OFFICE,Chennai,13.024767,80.218266,sight,attraction,Heritage,0,0,4,,,,0
n4333728290,MY ROOM,Chennai,13.07542,80.161754,sight,viewpoint,Viewpoint,0,0,2,,,,0
w102472712,Madhya Kailash,Chennai,13.006337,80.247013,sight,place_of_worship,Temple,1,0,6,,,,1
w1104067952,Madras High Court Museum,Chennai,13.086108,80.286592,sight,museum,Museum,0,0,3,,,,0
w355669137,Mahakavi Subramania Bharati Memorial,Chennai,13.05439,80.275591,sight,museum,Museum,0,0,7,The historic Triplicane (Thiruvallikeni) residence in Chennai where the legendary Tamil poet and freedom fighter Subramania Bharati spent his final years from 1920 until his death in September 1921.,,,0
n13729338544,Main Building,Chennai,13.071405,80.257385,sight,museum,Museum,0,0,2,,,,0
w1134360229,Maraimalai Adigal Bridge Monument,Chennai,13.01887,80.224616,sight,monument,Heritage,0,0,2,,,,0
n10575306250,Marmalong Bridge (1728-1966) Monument,Chennai,13.019393,80.22462,sight,monument,Heritage,0,0,2,,,,0
w680969891,Marudeeswarar Temple,Chennai,12.984862,80.260597,sight,place_of_worship,Temple,1,0,7,,,,1
n10313205137,May Day Monument,Chennai,13.073454,80.273218,sight,monument,Heritage,0,0,2,,,,0
w208567688,Mylapore Kapaleeshwarar Temple Tank,Chennai,13.033429,80.268658,sight,monument,Heritage,0,0,4,,,,0
w35015788,Periyar Science and Technology Centre,Chennai,13.012743,80.242784,sight,attraction,Heritage,0,0,2,,,,0
w211435481,Queenship Mary Church,Chennai,13.077621,80.26926,sight,place_of_worship,Temple,1,0,5,,,,1
n312011839,Rajaji Memorial,Chennai,13.00648,80.239166,sight,attraction,Heritage,0,0,2,,,,0
w208572071,Ramakrishna Math Universal Temple,Chennai,13.031284,80.267594,sight,place_of_worship,Temple,1,0,9,,,,1
n4335719689,Sangeetha hostel,Chennai,13.066211,80.231183,sight,viewpoint,Viewpoint,0,0,2,,,,0
w25808365,Semmozhi Poonga,Chennai,13.050644,80.251536,sight,attraction,Heritage,1,0,12,One of the largest parks in Chennai.,,,1
w1248973262,Seniamman Kovil Arch,Chennai,13.125279,80.287672,sight,monument,Heritage,0,0,4,,,,0
n335983002,Snake Park,Chennai,13.00327,80.238493,sight,attraction,Heritage,1,0,4,,,,1
w1105422225,Sri Kaalikambal Kamadeswarar Temple,Chennai,13.094745,80.288961,sight,place_of_worship,Temple,1,0,11,,,,1
n4524178591,Sri Kalyana Varadaraja Perumal Temple,Chennai,13.153489,80.296481,sight,place_of_worship,Temple,1,0,7,,,,1
w1080608337,Sri Parthasarathy Koil,Chennai,13.053983,80.276455,sight,place_of_worship,Temple,1,0,8,,,,1
w1032879047,St Patricks Church,Chennai,13.008163,80.195357,sight,place_of_worship,Temple,1,0,8,,,,1
w217677421,St Peters Church,Chennai,13.108313,80.294707,sight,place_of_worship,Temple,1,0,5,,,,1
w27768993,St. Andrew's Church,Chennai,13.079561,80.264068,sight,place_of_worship,Temple,1,0,13,,Mo-Su 10:00-18:00,,1
w1115403900,St. Thomas Cathedral Basilica,Chennai,13.033586,80.277777,sight,place_of_worship,Temple,1,0,31,,Mo-Su 06:00-21:00,,1
w353687583,St. Thomas Mount,Chennai,13.005111,80.193544,sight,place_of_worship,Temple,1,0,9,,,,1
n8827381920,St. Thomas Pole,Chennai,13.033205,80.278773,sight,monument,Heritage,0,0,2,,,,0
n9982814778,State Emblem Monument,Chennai,13.043153,80.279681,sight,monument,Heritage,0,0,2,,,,0
n10268822150,T-55,Chennai,12.99857,80.191968,sight,monument,Heritage,0,0,4,,,,0
w964604228,Tamil Nadu Legislative Assembly Diamond Jubilee Arch,Chennai,13.071619,80.285181,sight,monument,Heritage,0,0,2,,,,0
w355095196,Tamilnadu Police Museum,Chennai,13.073916,80.263015,sight,museum,Museum,0,0,7,,except tuesday,,0
n11492710973,The Nation Remembers,Chennai,13.045635,80.257463,sight,monument,Heritage,0,0,2,,,,0
w1080671760,Thiruvalluvar Koil,Chennai,13.03967,80.27087,sight,place_of_worship,Temple,1,0,5,,,,1
w217662069,Thousand Lights Mosque,Chennai,13.055088,80.255104,sight,place_of_worship,Temple,1,0,6,,,,1
r21203773,Tiruvalidhayam Tiruvalleswarar Temple,Chennai,13.096956,80.187206,sight,place_of_worship,Temple,1,0,11,,,,1
n3830286330,Tomb of St. Thomas,Chennai,13.033558,80.278014,sight,tomb,Heritage,0,0,11,,,,0
w1080608334,Triplican Lebbai Mosque,Chennai,13.055543,80.271782,sight,place_of_worship,Temple,1,0,8,,,,1
w1080595427,Triplicane Big Wallajah Mosque,Chennai,13.063703,80.272787,sight,place_of_worship,Temple,1,0,7,,,,1
n310981471,Triumph of Labour,Chennai,13.064112,80.283748,sight,monument,Heritage,1,0,10,,,,1
r21203750,Vadapalani Murugan Temple,Chennai,13.052973,80.213913,sight,place_of_worship,Temple,1,0,10,,,,1
w209535268,Valluvar Kottam,Chennai,13.054106,80.241768,sight,attraction,Heritage,1,0,6,,,,1
w1128509239,Victoria Technical Institute,Chennai,13.060515,80.260524,sight,attraction,Heritage,0,0,14,,,,0
n280499839,Viswaroopa Anjaneya Temple,Chennai,12.986234,80.194329,sight,place_of_worship,Temple,1,0,8,,,,1
w1021331582,Vivekananda Heritage Museum,Chennai,13.049483,80.280322,sight,museum,Museum,0,0,5,,,,0
w211772507,Vivekanandar Illam,Chennai,13.049571,80.280269,sight,attraction,Heritage,1,0,6,,,,1
w214698560,Zion Church,Chennai,13.075217,80.271957,sight,place_of_worship,Temple,1,0,7,,,,1
n4326960393,arun anna room,Chennai,13.058593,80.207577,sight,viewpoint,Viewpoint,0,0,2,,,,0
n4326966491,idea showroom,Chennai,13.048233,80.211969,sight,viewpoint,Viewpoint,0,0,2,,,,0
n4368012389,sriram.s,Chennai,13.022911,80.185013,sight,attraction,Heritage,0,0,8,,,,0
n4172691989,Bouldering spot,Coimbatore,10.974998,76.716983,activity,camp_site,Activity,0,0,2,,,,0
n4172665490,Bouldering spot,Coimbatore,10.982148,76.704309,activity,camp_site,Activity,0,0,2,,,,0
w66102296,Coimbatore Zoo,Coimbatore,11.007826,76.970698,activity,zoo,Activity,0,0,8,,,,0
w1305508634,Maharaja Theme Park,Coimbatore,11.059001,77.094374,activity,theme_park,Activity,0,0,2,,,,0
r16850460,Velliangiri Climb,Coimbatore,10.979777,76.705591,activity,hiking_route,Activity,0,0,5,,,,0
w1163338210,Aachan kulam,Coimbatore,11.044021,77.095423,nature,lake,Nature,0,0,3,,,,0
w374149848,Ahalia Lake,Coimbatore,10.790442,76.82108,nature,lake,Nature,0,0,3,,,,0
w134668974,Belladhi Lake,Coimbatore,11.252636,76.970146,nature,lake,Nature,0,0,4,,,,0
w201742376,Chinna Vedampatti Lake,Coimbatore,11.071588,76.97506,nature,lake,Nature,0,0,4,,,,0
n3302171889,Elephant Hill,Coimbatore,10.912313,76.879306,nature,peak,Nature,0,0,6,,,,0
n13965838164,Idinjavari Malai,Coimbatore,11.026377,76.764951,nature,peak,Nature,0,0,3,,,,0
w1296092778,Kalappati Lake,Coimbatore,11.076697,77.034437,nature,lake,Nature,0,0,3,,,,0
w117577117,Kannampalayam Lake,Coimbatore,11.00237,77.095349,nature,lake,Nature,0,0,8,,,,0
w601068719,Krishna Lake,Coimbatore,10.658863,76.97564,nature,lake,Nature,0,0,3,,,,0
w130435486,Krishnampathi Lake,Coimbatore,11.005783,76.925781,nature,lake,Nature,0,0,4,,,,0
w66065080,Krishnampathi Lake,Coimbatore,11.00138,76.914472,nature,lake,Nature,0,0,4,,,,0
w130435484,Kumaraswamy Lake,Coimbatore,11.003272,76.943442,nature,lake,Nature,0,0,4,,,,0
n13965838167,Kuttadikkal Mala,Coimbatore,11.02882,76.703839,nature,peak,Nature,0,0,3,,,,0
n11703384369,Melmudi Peak,Coimbatore,11.127312,76.861168,nature,peak,Nature,0,0,5,,,,0
n14221548483,Perumal Mudi,Coimbatore,11.054738,76.805233,nature,peak,Nature,0,0,3,,,,0
w201194756,Perur Chettipalayam Lake,Coimbatore,10.973119,76.906076,nature,lake,Nature,0,0,3,,,,0
w29892570,Perur Lake,Coimbatore,10.969843,76.925833,nature,lake,Nature,0,0,4,,,,0
w137539783,Samalapuram Lake,Coimbatore,11.074695,77.202426,nature,lake,Nature,0,0,4,,,,0
w130435485,Selvampathy Lake,Coimbatore,11.003765,76.935714,nature,lake,Nature,0,0,4,,,,0
w29895000,Sengulam,Coimbatore,10.955482,76.943709,nature,lake,Nature,0,0,4,,,,0
r6743775,Singanallur Lake,Coimbatore,10.991176,77.022827,nature,lake,Nature,1,0,7,,,,1
n4596820105,Siruvani Waterfalls,Coimbatore,10.937274,76.684355,nature,waterfall,Nature,1,0,9,,,,1
n13965838168,Tumba Mala,Coimbatore,11.019005,76.693754,nature,peak,Nature,0,0,3,,,,0
w24711461,Ukkadam Lake,Coimbatore,10.983343,76.953217,nature,lake,Nature,1,0,7,,,,1
w66102328,VOC Park,Coimbatore,11.006963,76.971004,nature,park,Nature,1,0,19,"VOC Park, Coimbatore",sunrise-sunset,,1
n13965838163,Vaideki Falls,Coimbatore,11.016646,76.734781,nature,waterfall,Nature,0,0,2,,,,0
n13965838166,Varadi Mala,Coimbatore,11.034254,76.710148,nature,peak,Nature,0,0,3,,,,0
n12997950997,Vattappara Waterfalls,Coimbatore,10.976968,76.592731,nature,waterfall,Nature,0,0,2,,,,0
w1531591075,Vellalore Lake,Coimbatore,10.975489,77.007433,nature,lake,Nature,0,0,3,,,,0
n6856690515,Velliangiri,Coimbatore,10.989591,76.686165,nature,peak,Nature,0,0,5,,,,0
n3302175911,Abandoned House,Coimbatore,10.936951,76.935892,sight,ruins,Heritage,0,0,2,,,,0
n3302183143,Abandoned House,Coimbatore,10.93712,76.921669,sight,ruins,Heritage,0,0,2,,,,0
n3302241361,Abandoned House,Coimbatore,10.921159,76.920483,sight,ruins,Heritage,0,0,2,,,,0
w128976277,Arulmigu Subramaniyaswami Thirukovil,Coimbatore,11.046545,76.851739,sight,place_of_worship,Temple,1,0,16,,05:30-19:30,,1
w598058539,Ashok Pillar,Coimbatore,11.00012,76.967912,sight,monument,Heritage,0,0,2,,,,0
w405629514,Clock Tower,Coimbatore,10.994031,76.962936,sight,attraction,Heritage,0,0,6,,,,0
w497315585,Eachanari Vinayagar Temple,Coimbatore,10.92393,76.98245,sight,place_of_worship,Temple,1,0,7,,,,1
n12327155402,GeeDee Car Museum,Coimbatore,11.007278,76.978089,sight,museum,Museum,0,0,2,,,,0
n1474730775,Koniamman Temple,Coimbatore,10.993686,76.963725,sight,place_of_worship,Temple,1,0,5,,,,1
n4402392298,Puliakulam Vinayaka Temple,Coimbatore,11.004233,76.993015,sight,place_of_worship,Temple,1,0,5,,,,1
n803667863,Rajaji Statue,Coimbatore,11.016881,76.968708,sight,attraction,Heritage,0,0,3,,,,0
w155629718,Shivanjali Art Institute,Coimbatore,11.023128,76.913391,sight,attraction,Heritage,0,0,3,,,,0
n12830024797,Tamil Nadu Police Museum,Coimbatore,10.996957,76.968344,sight,museum,Museum,0,0,2,,,,0
n8910012333,Asiatic wild dog,Cuttack,20.394472,85.81851,activity,zoo,Activity,0,0,2,,,,0
n8909992790,Aviary in Zoo,Cuttack,20.396726,85.823206,activity,zoo,Activity,0,0,2,,,,0
n8909984694,Hippopotamus Zone,Cuttack,20.397822,85.821273,activity,zoo,Activity,0,0,2,,,,0
w669764918,Kapilash WLS,Cuttack,20.680225,85.790337,activity,nature_reserve,Activity,1,0,6,,,,1
n8909991857,Nandan Kanan Zoo Safari,Cuttack,20.396169,85.814338,activity,zoo,Activity,0,0,2,,,,0
w90617098,Nandankanan Zoological Park,Cuttack,20.397982,85.814453,activity,zoo,Activity,1,0,14,,Apr-Sep: 07:30-17:30; Oct-Mar: 08:00-17:00; Mo off,yes,1
n8909992605,Nocturnal House,Cuttack,20.394729,85.820698,activity,zoo,Activity,0,0,2,,,,0
w289330515,Kanjia Lake,Cuttack,20.399807,85.820542,nature,lake,Nature,0,0,3,,,,0
w459775028,Barabati Fort,Cuttack,20.484909,85.864662,sight,fort,Heritage,1,0,3,,,,1
n13130917653,Barabati Fort Gate,Cuttack,20.48374,85.867811,sight,fort,Heritage,0,0,3,,,,0
n4631129589,Narsinghpur Plaza,Cuttack,20.483423,85.859884,sight,attraction,Heritage,0,0,3,,,,0
w749341540,Odisha High Court Museum,Cuttack,20.485659,85.863703,sight,museum,Museum,0,0,7,,Tu-Su 11:00-18:00,,0
n4556819258,Odisha State Maritime Museum,Cuttack,20.478879,85.896405,sight,museum,Museum,0,0,2,,,,0
n7257243585,Shree cane shop,Cuttack,20.472778,85.842463,sight,attraction,Heritage,0,0,4,,,,0
w831598230,Tulsipur Park Cuttack,Cuttack,20.486752,85.861613,sight,attraction,Heritage,0,0,6,,,,0
r11245010,Chamba Jot,Dalhousie,32.501836,76.086239,activity,hiking_route,Activity,0,0,4,,,,0
w1037266305,Chamera to Jagaut,Dalhousie,32.640143,75.965677,activity,hiking_route,Activity,0,0,6,,,,0
r17374053,Chew to Doulah,Dalhousie,32.690453,75.727624,activity,hiking_route,Activity,0,0,5,,,,0
w1037488262,Jagaut to Sunal,Dalhousie,32.705501,75.909052,activity,hiking_route,Activity,0,0,5,,,,0
w668020617,Kalatop- Khajjiar WLS,Dalhousie,32.546946,76.033512,activity,nature_reserve,Activity,1,0,6,,,,1
r12754478,Kharora to Tikkar,Dalhousie,32.431651,76.100541,activity,hiking_route,Activity,0,0,5,,,,0
n9348740217,Mud House,Dalhousie,32.524342,75.986995,activity,camp_site,Activity,0,0,5,,,,0
w1529269652,NHPC Eco Park,Dalhousie,32.543541,75.941689,activity,theme_park,Activity,0,0,7,,,,0
w1038152412,Phukolth to Chau forest,Dalhousie,32.672304,75.844974,activity,hiking_route,Activity,0,0,6,,,,0
w1037915414,Sunal to Phukolth,Dalhousie,32.684879,75.864053,activity,hiking_route,Activity,0,0,4,,,,0
n9498214022,Anor,Dalhousie,32.753529,75.729723,nature,peak,Nature,0,0,2,,,,0
n8323288667,Banjili peak,Dalhousie,32.737761,75.677862,nature,peak,Nature,0,0,2,,,,0
n9668571832,Bhangot,Dalhousie,32.7105,75.927432,nature,peak,Nature,0,0,2,,,,0
n9655445232,Bhuja Topi,Dalhousie,32.891862,75.979418,nature,peak,Nature,0,0,2,,,,0
n9655525829,Bikindra,Dalhousie,32.764521,75.753846,nature,peak,Nature,0,0,2,,,,0
n9498214026,Bikindra,Dalhousie,32.770999,75.73719,nature,peak,Nature,0,0,2,,,,0
n9655525826,Chhatarjar,Dalhousie,32.67364,75.931337,nature,peak,Nature,0,0,2,,,,0
n9655445224,Kalethu,Dalhousie,32.84518,75.829977,nature,peak,Nature,0,0,2,,,,0
w83443946,Khajjiar,Dalhousie,32.546407,76.058004,nature,lake,Nature,0,0,3,,,,0
n9655445226,Kharah,Dalhousie,32.813134,75.864433,nature,peak,Nature,0,0,2,,,,0
n9565809337,Larhgalu Tibba,Dalhousie,32.649814,75.965492,nature,peak,Nature,0,0,2,,,,0
n9797034849,Moga ka Thera,Dalhousie,32.455532,76.109054,nature,peak,Nature,0,0,2,,,,0
n11576295637,Nuknali,Dalhousie,32.78698,75.719545,nature,peak,Nature,0,0,4,"Nuknali is the highest peak in the District Kathua, Jammu. It is a mountain peak and an important religious site located in Bani, Kathua district.
The peak is believed to be the home of the Goddess 'Nuknali mata'.",,,0
n12082178395,Panchpula,Dalhousie,32.526239,75.989454,nature,waterfall,Nature,0,0,2,,,,0
n9655445231,Pateran,Dalhousie,32.873,75.949566,nature,peak,Nature,0,0,2,,,,0
n9668571863,Pirthijor,Dalhousie,32.747841,75.920741,nature,peak,Nature,0,0,2,,,,0
n8323288002,Ramrachan,Dalhousie,32.654985,75.766182,nature,peak,Nature,0,0,2,,,,0
w1051987427,Sawankund,Dalhousie,32.814649,75.715386,nature,lake,Nature,0,0,3,,,,0
n9655445230,Shipan,Dalhousie,32.812354,76.001197,nature,peak,Nature,0,0,2,,,,0
n10219717080,Tali Tibba,Dalhousie,32.802033,76.242192,nature,peak,Nature,0,0,2,,,,0
n9655525827,Tringilot,Dalhousie,32.713772,75.850657,nature,peak,Nature,0,0,2,,,,0
n9655445223,Udak,Dalhousie,32.860705,75.810346,nature,peak,Nature,0,0,2,,,,0
n9348740317,Chhoti Ganji Pahadi Viewpoint,Dalhousie,32.523053,75.985763,sight,viewpoint,Viewpoint,0,0,2,,,,0
n3589126198,Khajjiar (mini switzerland),Dalhousie,32.547634,76.057808,sight,attraction,Heritage,0,0,2,,,,0
n9340241018,Kunna Village Viewpoint,Dalhousie,32.515684,75.971925,sight,viewpoint,Viewpoint,0,0,2,,,,0
n12082178398,Sardar Ajit Singh,Dalhousie,32.52773,75.989737,sight,viewpoint,Viewpoint,0,0,4,,,,0
w332425212,Shri Bhuri Singh Palace,Dalhousie,32.557098,76.125276,sight,castle,Heritage,0,0,6,,10:00-17:00,,0
n9340241118,"View point, Kudan Village Road, Chaltuni",Dalhousie,32.510464,75.972042,sight,viewpoint,Viewpoint,0,0,2,,,,0
r9284290,Barsey Rhododendron WLS,Darjeeling,27.210134,88.108892,activity,nature_reserve,Activity,1,0,8,,,,1
n13392426601,Indiahikes Sandhakphu Campus(Sepi),Darjeeling,27.133909,88.082441,activity,camp_site,Activity,0,0,6,,24/7,,0
w678830535,Jorepokhri Salamander WLS,Darjeeling,26.99116,88.157335,activity,nature_reserve,Activity,1,0,6,,,,1
w668999183,Kitam Bird WLS,Darjeeling,27.110492,88.352464,activity,nature_reserve,Activity,1,0,6,,,,1
w451951473,Padmaja Naidu Himalayan Zoological Park,Darjeeling,27.056951,88.255584,activity,zoo,Activity,1,0,5,,,,1
w678848509,Senchal WLS,Darjeeling,26.991021,88.2883,activity,nature_reserve,Activity,1,0,6,,,,1
r9258262,Singalila National Park,Darjeeling,27.125191,88.033987,activity,nature_reserve,Activity,1,0,7,,,,1
w484542707,Antu Lake,Darjeeling,26.881607,88.128023,nature,lake,Nature,0,0,4,,,,0
n11936539169,"Changey Waterfalls, Sikkim",Darjeeling,27.278617,88.167461,nature,waterfall,Nature,0,0,2,,,,0
n6534229643,Deolo Hill,Darjeeling,27.08876,88.502641,nature,peak,Nature,0,0,4,,,,0
w1410907064,KaliPokhri Lake,Darjeeling,26.966498,88.314254,nature,lake,Nature,0,0,5,,,,0
w461814574,Kathog Lake,Darjeeling,27.371599,88.222135,nature,lake,Nature,0,0,4,,,,0
n2110919714,Kunchenjunga Waterfall,Darjeeling,27.359684,88.197977,nature,waterfall,Nature,0,0,3,,,,0
w350297468,Lloyd Botanical Garden (Fulbari),Darjeeling,27.044271,88.262686,nature,garden,Nature,1,0,4,,,,1
n11972473683,Netham,Darjeeling,27.326757,88.102821,nature,peak,Nature,0,0,3,,,,0
n14183256213,Observatory Hill,Darjeeling,27.047511,88.267854,nature,peak,Nature,1,0,5,,,,1
n5101762235,Phalut,Darjeeling,27.213191,88.013727,nature,peak,Nature,1,0,5,,,,1
n6314252585,Phamrong falls,Darjeeling,27.357077,88.234956,nature,waterfall,Nature,0,0,2,,,,0
n9351622453,Resum,Darjeeling,27.229159,88.27047,nature,peak,Nature,0,0,5,,,,0
n2110915153,Rimbi Waterfall,Darjeeling,27.313247,88.19055,nature,waterfall,Nature,0,0,3,,,,0
n4574489596,Samdruptse Hill,Darjeeling,27.181842,88.383314,nature,peak,Nature,0,0,2,,,,0
n2720675800,Sandakphu,Darjeeling,27.104436,88.000482,nature,peak,Nature,1,0,5,,,,1
w350317403,Senchal Lake,Darjeeling,26.994247,88.264724,nature,lake,Nature,0,0,3,,,,0
w576918549,Simbhab Lake,Darjeeling,27.172565,88.187033,nature,lake,Nature,0,0,3,,,,0
n13980781346,Simhalila,Darjeeling,27.237451,88.024785,nature,peak,Nature,0,0,4,,,,0
n13980988695,Tonglu,Darjeeling,27.035019,88.077586,nature,peak,Nature,1,0,5,,,,1
n4903119121,Ava art gallery museum,Darjeeling,27.029159,88.257425,sight,museum,Museum,0,0,3,,,,0
n8667702117,Balasun Tea Ropeway,Darjeeling,26.912379,88.24962,sight,attraction,Heritage,0,0,5,,,,0
n4048657704,Bhutia Busty monastery,Darjeeling,27.050264,88.269954,sight,place_of_worship,Temple,1,0,4,,,,1
n4049655871,Deshbandu Museum,Darjeeling,27.046631,88.268739,sight,museum,Museum,0,0,4,"Here, on 16th June 1925, passed away Deshbandu Chittaranjan Das.",,,0
w348942041,Dhirdham Temple,Darjeeling,27.037547,88.262082,sight,place_of_worship,Temple,1,0,6,,,,1
n10829030207,Druk museum,Darjeeling,27.023712,88.25433,sight,museum,Museum,0,0,2,,,,0
n10831428808,Gandhi statue,Darjeeling,27.131616,88.281716,sight,attraction,Heritage,0,0,2,,,,0
n4736645451,Ghum railway museum,Darjeeling,27.00832,88.253885,sight,museum,Museum,0,0,2,,,,0
n2084522598,Gombu Rock,Darjeeling,27.057955,88.256243,sight,viewpoint,Viewpoint,0,0,3,,,,0
n2084522600,Himalayan Mountaineering Institute,Darjeeling,27.05837,88.253939,sight,museum,Museum,1,0,4,,,,1
n4791898423,Himalayan Tibet Museum,Darjeeling,27.039443,88.265887,sight,museum,Museum,0,0,4,,,yes,0
n12745334601,Museum(Senchal Wildlife Sanctuary),Darjeeling,26.995587,88.281128,sight,museum,Museum,0,0,3,,,,0
n11175761143,Natural history museum,Darjeeling,27.057635,88.254674,sight,museum,Museum,0,0,2,,,,0
w348905527,Peace Pagoda,Darjeeling,27.027565,88.259001,sight,place_of_worship,Temple,1,0,6,,,,1
n10831439705,Sikkim entry,Darjeeling,27.128043,88.272655,sight,attraction,Heritage,0,0,4,Foreign nationals require Inner Line Permit (ILP) to enter Sikkim. https://en.wikipedia.org/wiki/Inner_Line_Permit,,,0
n4172563301,Street Food Stalls,Darjeeling,27.044005,88.267884,sight,attraction,Heritage,0,0,2,,,,0
n6594068186,Stunning views!,Darjeeling,27.053631,88.257688,sight,viewpoint,Viewpoint,0,0,3,,,,0
n2084522609,Tenzing Rock,Darjeeling,27.057936,88.256564,sight,viewpoint,Viewpoint,0,0,3,,,,0
n4175400389,The Mall Market,Darjeeling,27.045154,88.267375,sight,attraction,Heritage,0,0,2,,,,0
w350317405,Tiger Hill,Darjeeling,26.994896,88.28533,sight,viewpoint,Viewpoint,1,0,6,,,,1
n4787587221,Tomb of Alexander Csoma de Koros,Darjeeling,27.052279,88.259025,sight,monument,Heritage,0,0,4,,,,0
n4056075533,Tomb of General Lloyd,Darjeeling,27.052676,88.258676,sight,monument,Heritage,0,0,3,,,,0
n10829575006,Tomb of Tenzing Norgay,Darjeeling,27.058571,88.253909,sight,attraction,Heritage,0,0,2,,,,0
n6091968085,Union Church,Darjeeling,27.037554,88.264952,sight,place_of_worship,Temple,1,0,6,,Su 09:00-11:00,,1
n343394666,"War Memorial, Batasia Loop",Darjeeling,27.016701,88.247119,sight,viewpoint,Viewpoint,1,0,10,,Mo-Su 04:00-17:00,,1
n10831428807,We love Sikkim sign,Darjeeling,27.132018,88.28179,sight,attraction,Heritage,0,0,2,,,,0
n6907508187,old hotel overlooking city and tea,Darjeeling,27.05019,88.262275,sight,viewpoint,Viewpoint,0,0,2,,,,0
w229358510,FUN AND FOOD,Dehradun,30.34824,77.958781,activity,theme_park,Activity,0,0,6,,,,0
w1465352694,Lachchiwala Nature Park,Dehradun,30.210525,78.133703,activity,water_park,Activity,0,0,3,,,,0
n8357851702,Amsot,Dehradun,30.37939,77.686289,nature,peak,Nature,0,0,3,,,,0
n3120297208,Guccupani Robbers Cave,Dehradun,30.375432,78.059848,nature,cave_entrance,Nature,0,0,2,,,,0
n13973906761,Shri Bhawani Shankar Gufa,Dehradun,30.357429,78.016854,nature,cave_entrance,Nature,0,0,2,,,,0
n6946026388,14 R(S),Dehradun,30.261239,78.01137,sight,castle,Heritage,0,0,2,,,,0
n9996907753,Aeroplane,Dehradun,30.271459,78.079698,sight,attraction,Heritage,0,0,2,,,,0
n5003216721,Balaji dham ( Hanuman Mandir ),Dehradun,30.344286,77.919413,sight,attraction,Heritage,0,0,3,,,,0
n4459979790,DOLCE VITA COMPLEX,Dehradun,30.288736,78.039787,sight,attraction,Heritage,0,0,3,,,,0
n6066288487,Lane No. 10 Shaheed Bhagat Singh Marg,Dehradun,30.27507,77.996309,sight,viewpoint,Viewpoint,0,0,2,,,,0
n4254504793,Mamgain,Dehradun,30.275178,77.996285,sight,viewpoint,Viewpoint,0,0,3,,,,0
n7101251085,Nautiyal's,Dehradun,30.275333,77.992076,sight,viewpoint,Viewpoint,0,0,2,,,,0
n10008644615,PROPOSED SITE,Dehradun,30.286791,77.970297,sight,museum,Museum,0,0,2,,,,0
w1533590496,Robber's Cave,Dehradun,30.377457,78.062822,sight,attraction,Heritage,0,0,5,,,,0
n5003216722,Sai vihar colony,Dehradun,30.343276,77.928851,sight,viewpoint,Viewpoint,0,0,3,,,,0
n5094461427,Sehetrdhara,Dehradun,30.315345,78.037312,sight,attraction,Heritage,0,0,3,,,,0
n3068361908,Timber Engineering Museum,Dehradun,30.340332,77.99539,sight,museum,Museum,0,0,2,,,,0
n5003216522,Zila karagar,Dehradun,30.33922,77.929964,sight,attraction,Heritage,0,0,3,,,,0
w402329963,Aravali Biodiversity Park,Delhi,28.550738,77.152888,activity,nature_reserve,Activity,0,0,2,,,,0
w1137301505,Boulder Box,Delhi,28.529354,77.149002,activity,climbing,Activity,0,0,14,,We-Mo 11:00-21:30,yes,0
r2090251,Central Ridge Reserve Forest,Delhi,28.619573,77.179629,activity,nature_reserve,Activity,0,0,9,,,,0
w291553429,Chiragh Dilli Nursery,Delhi,28.540752,77.229703,activity,nature_reserve,Activity,0,0,2,,,,0
n11096994405,Delhi Rock,Delhi,28.535002,77.246722,activity,climbing,Activity,0,0,9,,,,0
w80439686,National Zoological Park,Delhi,28.604437,77.246343,activity,zoo,Activity,1,0,11,,Apr 01-Oct 15 08:30-17:30; Oct 16-Mar 31 09:00-17:00; Fr closed,yes,1
w559719729,Rose Garden,Delhi,28.550449,77.194337,activity,nature_reserve,Activity,0,0,7,Community Park. With open gym and a track for running.,Mo-Su 05:00-19:30,,0
w1164904266,Tilpath Valley Biodiversity Park,Delhi,28.48829,77.213354,activity,nature_reserve,Activity,0,0,3,,,,0
w1036372983,Waste to Wonders Dinosaur Park,Delhi,28.59166,77.256411,activity,theme_park,Activity,0,0,5,,Tu-Su 11:00-23:00,,0
w80678169,Buddha Jayanti Park,Delhi,28.615669,77.177407,nature,park,Nature,1,0,8,,,,1
r6013399,Deer Park,Delhi,28.556701,77.194326,nature,park,Nature,1,0,4,,,,1
w80439675,Indraprastha Park,Delhi,28.600994,77.253893,nature,park,Nature,1,0,6,,,,1
r18054170,Kitchener Lake,Delhi,28.590984,77.162531,nature,lake,Nature,0,0,4,,,,0
w80442502,Lodhi Gardens,Delhi,28.593481,77.219562,nature,park,Nature,1,0,10,,,,1
n13027947796,Lucky Hills,Delhi,28.615233,77.131939,nature,peak,Nature,0,0,2,,,,0
w291654387,Naraina Lake,Delhi,28.628591,77.131752,nature,lake,Nature,0,0,3,,,,0
w44352051,National Police Memorial Complex,Delhi,28.603356,77.193907,nature,park,Nature,1,0,5,,,,1
w989819154,Okhla Yamuna Lake,Delhi,28.566549,77.291777,nature,lake,Nature,0,0,4,,,,0
w370947967,Old Fort Lake,Delhi,28.610432,77.241045,nature,lake,Nature,0,0,5,,,,0
w909993881,Public Park,Delhi,28.598869,77.071118,nature,lake,Nature,0,0,3,,,,0
w632857886,Qila Rai Pithora,Delhi,28.519434,77.194724,nature,park,Nature,1,0,9,,,,1
w470219310,Shamshi Talab,Delhi,28.513599,77.177527,nature,lake,Nature,0,0,5,,,,0
w1127484002,Sunder Nursery,Delhi,28.596853,77.24743,nature,park,Nature,1,0,9,,Mo-Su 07:00-22:00,yes,1
w553845693,Talkatora Gardens,Delhi,28.623894,77.194274,nature,park,Nature,1,0,5,,,,1
w414336477,The Garden of Five Senses,Delhi,28.513786,77.198802,nature,park,Nature,1,0,5,,,,1
w350543361,ASI Children's Museum,Delhi,28.552469,77.215076,sight,museum,Museum,1,0,4,,,,1
w97228608,Adham Khan's Tomb,Delhi,28.523066,77.18196,sight,monument,Heritage,1,0,7,,,,1
n2981346454,Afsarwala's Mosque,Delhi,28.592771,77.247839,sight,archaeological_site,Heritage,0,0,4,,,,0
w1174922273,Afsarwala's Tomb,Delhi,28.592603,77.247947,sight,archaeological_site,Heritage,1,0,10,,,,1
w1421584049,Air Force Museum,Delhi,28.574164,77.116967,sight,museum,Museum,0,0,6,,,yes,0
w476004361,Ala'i Darwaza,Delhi,28.524224,77.185685,sight,monument,Heritage,1,0,10,,,,1
w818709479,Alauddin Khalji's Tomb and Madrassa,Delhi,28.524054,77.184504,sight,tomb,Heritage,1,0,7,,,,1
n12285034807,Anangtal,Delhi,28.527234,77.183268,sight,ruins,Heritage,0,0,3,Remnants of a water tank,,,0
n10873417105,Ancient horse stable,Delhi,28.51874,77.1863,sight,attraction,Heritage,0,0,2,,,,0
w220385655,Arab Sarai,Delhi,28.591357,77.248252,sight,attraction,Heritage,1,0,7,,,,1
n10607998822,Archaeological museum,Delhi,28.608753,77.242454,sight,museum,Museum,0,0,5,,"Mo-Th, Sa, Su 09:00-17:00",yes,0
w1303131413,Assembly Hall,Delhi,28.553646,77.193982,sight,ruins,Heritage,0,0,2,,,,0
n7040397189,Ataga Khan's Tomb,Delhi,28.591539,77.242211,sight,archaeological_site,Heritage,1,0,6,,,,1
n10872788112,Azim Bagh,Delhi,28.59851,77.244621,sight,attraction,Heritage,0,0,3,,,,0
w632857882,Azim Khan's Tomb,Delhi,28.521777,77.190541,sight,monument,Heritage,1,0,6,,,,1
w1128026670,Azimganj Serai,Delhi,28.599176,77.245168,sight,ruins,Heritage,0,0,3,,,,0
n2978963206,Bade Khan ka Gumbad,Delhi,28.573017,77.220126,sight,archaeological_site,Heritage,0,0,2,,,,0
n7040315187,Bagh I Alam Ka Gumbad,Delhi,28.556602,77.197571,sight,attraction,Heritage,0,0,2,,,,0
w220693076,Bara Gumbad,Delhi,28.59303,77.220333,sight,monument,Heritage,1,0,12,,,,1
w86485341,Barah Khamba,Delhi,28.5528,77.202172,sight,monument,Heritage,0,0,2,,,,0
w348304653,Barakhamba's Tomb,Delhi,28.592499,77.242522,sight,monument,Heritage,1,0,9,,,,1
w220385656,Barber's Tomb,Delhi,28.592267,77.251898,sight,archaeological_site,Heritage,0,0,6,,,,0
w102803931,Begumpur Mosque,Delhi,28.539211,77.206482,sight,monument,Heritage,0,0,4,,,,0
n3109196352,Begumpuri Masjid,Delhi,28.539144,77.206399,sight,monument,Heritage,0,0,4,,,,0
n2978963207,Bhure Khan ka Gumbad,Delhi,28.572316,77.22085,sight,archaeological_site,Heritage,0,0,2,,,,0
n4102885023,Bijay Mandal,Delhi,28.540902,77.206094,sight,monument,Heritage,0,0,2,,,,0
n1024317426,Bijaymandal Hall Ruins,Delhi,28.540626,77.2061,sight,archaeological_site,Heritage,0,0,2,,,,0
n1834064239,Biran Ka Gumbad,Delhi,28.555515,77.202926,sight,archaeological_site,Heritage,1,0,6,,,,1
w403809792,Bu Halima's Tomb,Delhi,28.593717,77.246737,sight,archaeological_site,Heritage,0,0,5,,,,0
n13677293685,Buddha Statue,Delhi,28.601784,77.124729,sight,monument,Heritage,0,0,2,,,,0
w80926767,Cathedral Church of The Redemption,Delhi,28.61797,77.201876,sight,place_of_worship,Temple,1,0,8,,,,1
w1024448928,Cenotaph,Delhi,28.603251,77.193668,sight,monument,Heritage,0,0,2,,,,0
n12285047834,Chaumukha Darwaza,Delhi,28.523472,77.187442,sight,monument,Heritage,0,0,3,,,,0
w103505910,Chausath Khamba,Delhi,28.591196,77.243042,sight,monument,Heritage,1,0,6,,,,1
n2715609613,Chhota Qutub Minar,Delhi,28.633806,77.057248,sight,monument,Heritage,1,0,6,,,,1
n2978963208,Chhote Khan ka Gumbad,Delhi,28.572974,77.220552,sight,archaeological_site,Heritage,0,0,2,,,,0
w86485342,Chhoti Gumti,Delhi,28.553228,77.201851,sight,monument,Heritage,1,0,4,,,,1
n6831699685,Chilla Khadar birding spot entry point,Delhi,28.58906,77.296313,sight,attraction,Heritage,0,0,2,,,,0
w1215909948,Chor Minar,Delhi,28.547684,77.205641,sight,attraction,Heritage,1,0,7,,,,1
n2295396747,Commonwealth Games Sundial,Delhi,28.582937,77.265749,sight,monument,Heritage,0,0,2,,,,0
n13807550229,Crescent,Delhi,28.59351,77.262998,sight,attraction,Heritage,0,0,2,,,,0
n266809614,Dandi March Statue (11 Murthi),Delhi,28.610088,77.191645,sight,monument,Heritage,0,0,4,,,,0
w601727519,Dargah Hazrat Khwaja Qutbuddin Bakhtiyar Kaki,Delhi,28.519205,77.180325,sight,tomb,Heritage,1,0,14,,,,1
w265831766,Dariya Khan Lohani's Tomb,Delhi,28.572249,77.216701,sight,monument,Heritage,0,0,2,,,,0
n10872790305,Decorative colorful wood carving,Delhi,28.597336,77.24736,sight,attraction,Heritage,0,0,2,,,,0
w44315454,Dilli Haat,Delhi,28.573193,77.207253,sight,attraction,Heritage,1,0,8,,Mo-Su 10:00-22:00,,1
w221487001,Dilli Haat,Delhi,28.622103,77.09664,sight,attraction,Heritage,1,0,8,,,,1
n1024317438,Dome,Delhi,28.540811,77.205604,sight,archaeological_site,Heritage,0,0,2,,,,0
n7040083886,East Pavilion,Delhi,28.593308,77.25254,sight,attraction,Heritage,0,0,3,,,,0
w88213599,Feroz Shah Tughlaq's Tomb,Delhi,28.55302,77.193445,sight,monument,Heritage,1,0,6,,,,1
n10608005578,Gallery of confiscated and retrieved antiquities,Delhi,28.607131,77.243892,sight,museum,Museum,0,0,3,,,no,0
w1327864113,Gandhak Ki Baoli,Delhi,28.520851,77.181652,sight,monument,Heritage,0,0,2,,,,0
w168873339,Gandhi Smriti,Delhi,28.601863,77.214358,sight,museum,Museum,1,0,20,,Tu-Su 10:00-18:00,no,1
n1038392885,Gateway Guest House (Metcalfe's Retreat),Delhi,28.523042,77.186312,sight,monument,Heritage,0,0,2,,,,0
w102758345,Ghiyas-ud-Din Tughlaq's Tomb,Delhi,28.509301,77.261296,sight,fort,Heritage,1,0,7,,,,1
w1152735271,Gol Gumbad,Delhi,28.592449,77.238833,sight,tomb,Heritage,0,0,3,,,,0
n1038392955,Gumti,Delhi,28.518722,77.187942,sight,monument,Heritage,0,0,2,,,,0
w359804883,Gurdwara Rakab Ganj Sahib,Delhi,28.618232,77.204871,sight,place_of_worship,Temple,1,0,9,,,,1
w153152576,Hauz Khas Complex,Delhi,28.553294,77.193321,sight,ruins,Heritage,1,0,10,,Mo-Su 10:30-19:00,yes,1
w88213597,Hauz Khas Madrasa North Wing,Delhi,28.553539,77.193683,sight,ruins,Heritage,0,0,3,,,,0
w88213593,Hauz Khas Madrasa West Wing,Delhi,28.55319,77.193011,sight,ruins,Heritage,0,0,3,,,,0
w1303131414,Hauz Khas Medresse Mosque,Delhi,28.553969,77.193934,sight,ruins,Heritage,0,0,4,,,,0
w96679975,Hazar Ustun (Hall of Thousand Columns),Delhi,28.541205,77.206051,sight,ruins,Heritage,0,0,3,,,,0
w1377396798,Humayun Museum,Delhi,28.593786,77.245092,sight,museum,Museum,0,0,5,,,,0
w220385654,Humayun's Tomb,Delhi,28.593286,77.250646,sight,monument,Heritage,1,0,37,,,,1
r2914318,Humayun's Tomb Complex,Delhi,28.592963,77.248651,sight,attraction,Heritage,1,0,8,,Mo-Su sunrise-sunset; sunset-21:00,,1
w361709652,India Gate,Delhi,28.612932,77.229492,sight,monument,Heritage,1,0,41,Imposing Arc de Triomphe-style gate commemorating the Indian soliders killed in the First World War.,,,1
w348482305,Indira Gandhi Memorial,Delhi,28.599958,77.206209,sight,museum,Museum,1,0,27,A museum established to commemorate India's first and only female Prime Minister Indira Gandhi,10:00-17:00,no,1
n1486895412,Iron Pillar,Delhi,28.524749,77.184965,sight,monument,Heritage,1,0,15,,,,1
n1754574702,Isa Khan's Tomb,Delhi,28.59223,77.246183,sight,archaeological_site,Heritage,1,0,7,,,,1
w154708937,Jagannath Temple,Delhi,28.553345,77.199965,sight,place_of_worship,Temple,1,0,5,,,,1
n5205802423,Jahaz Mahal,Delhi,28.514372,77.178558,sight,monument,Heritage,1,0,7,,,,1
w359770137,Jaipur Column,Delhi,28.614248,77.201801,sight,monument,Heritage,1,0,12,,,,1
w89583596,Jamali Kamali Mosque,Delhi,28.519452,77.187199,sight,monument,Heritage,0,0,5,,,,0
n1038393170,Jamali Kamali Tomb,Delhi,28.519864,77.187176,sight,monument,Heritage,1,0,6,,,,1
w89583601,Jamali Kamali Tomb Precinct,Delhi,28.519805,77.187279,sight,monument,Heritage,0,0,3,,,,0
w265831765,Kale Khan ki Gumbad,Delhi,28.570051,77.218935,sight,archaeological_site,Heritage,0,0,2,,,,0
n4234967390,Kalkaji Mandir,Delhi,28.549775,77.260667,sight,place_of_worship,Temple,1,0,5,,,,1
n10047612518,Katwaria Sarai Gumbad,Delhi,28.542867,77.184999,sight,archaeological_site,Heritage,0,0,2,,,,0
n7043400785,Khair-U’l-Manazil Masjid,Delhi,28.607493,77.239555,sight,attraction,Heritage,0,0,2,,,,0
w80442501,Khan Market,Delhi,28.600192,77.226607,sight,attraction,Heritage,0,0,5,,,,0
w89583606,Khan Shahid Tomb,Delhi,28.518255,77.187403,sight,tomb,Heritage,0,0,4,,,,0
r8291341,Khirki Masjid,Delhi,28.531459,77.219756,sight,ruins,Heritage,1,0,8,,,,1
n10872790207,Lakkarwala Burj,Delhi,28.597943,77.243922,sight,attraction,Heritage,0,0,3,,,,0
w1394167948,Lal Bangla Mausoleums,Delhi,28.600322,77.238221,sight,tomb,Heritage,0,0,4,,,,0
n1119661736,Lal Gumbad,Delhi,28.539902,77.213146,sight,archaeological_site,Heritage,0,0,2,,,,0
w96679853,Lal Gumbad Entry Gate,Delhi,28.540095,77.214071,sight,monument,Heritage,0,0,2,,,,0
n12285038430,Lal Kot,Delhi,28.527653,77.181359,sight,castle,Heritage,1,0,6,,,,1
n2715322918,Langer Khan Tomb Gate,Delhi,28.560766,77.234652,sight,archaeological_site,Heritage,0,0,3,,,,0
n10823999060,Lodhi Art District,Delhi,28.584065,77.221329,sight,attraction,Heritage,1,0,6,,,,1
n10873417005,Lodi era tombs,Delhi,28.51892,77.184377,sight,attraction,Heritage,0,0,2,,,,0
n10873416506,"Lodi gate, wall",Delhi,28.518322,77.186387,sight,attraction,Heritage,0,0,2,,,,0
w44827278,Lotus Temple,Delhi,28.553357,77.258611,sight,attraction,Heritage,1,0,22,,Tu-Su 09:00-17:00,,1
w749743849,Malcha Mahal,Delhi,28.609561,77.181104,sight,ruins,Heritage,1,0,9,,,,1
w348221053,Masjid Baitul Hadi,Delhi,28.51297,77.243838,sight,place_of_worship,Temple,1,0,16,,,,1
w102758311,Meena Bazar,Delhi,28.511258,77.263459,sight,attraction,Heritage,0,0,5,,,,0
w89583607,Mehrauli Archaeological Park,Delhi,28.521203,77.18588,sight,archaeological_site,Heritage,1,0,7,,,,1
w348302815,Mirza Muzaffar Hussain’s Tomb,Delhi,28.595744,77.248954,sight,tomb,Heritage,0,0,4,,,,0
w403809796,Mosque,Delhi,28.592153,77.245499,sight,archaeological_site,Heritage,0,0,4,,,,0
w231621851,Moth Ki Masjid,Delhi,28.562577,77.217959,sight,attraction,Heritage,1,0,9,,,,1
w351391574,Moti Masjid,Delhi,28.519159,77.180127,sight,place_of_worship,Temple,1,0,15,,,,1
n2978963211,Mubarak Shah Sayyid's Tomb,Delhi,28.573748,77.223833,sight,archaeological_site,Heritage,0,0,2,,,,0
n10872790306,Mughal arched structure,Delhi,28.597965,77.246597,sight,attraction,Heritage,0,0,2,,,,0
n10872788113,Mughal pavillion,Delhi,28.597362,77.247718,sight,attraction,Heritage,0,0,2,,,,0
n13288958168,Muhammad Shah Sayyid's grave,Delhi,28.59094,77.218304,sight,monument,Heritage,1,0,6,,,,1
n1024901350,Munda Gumbad,Delhi,28.556616,77.191705,sight,monument,Heritage,1,0,4,,,,1
n4221515091,Mystery Rooms,Delhi,28.647136,77.126889,sight,attraction,Heritage,0,0,8,,Mo-Su 11:00-23:00,,0
r17080654,National Museum,Delhi,28.611621,77.219309,sight,museum,Museum,1,0,26,,Tu-Su 10:00-18:00,,1
n13565242209,National Philatelic Museum,Delhi,28.622522,77.212611,sight,museum,Museum,0,0,2,,,,0
n9446475916,National Police Memorial Museum,Delhi,28.603501,77.194018,sight,museum,Museum,1,0,5,,,,1
w44351917,National Rail Museum of India,Delhi,28.585054,77.181323,sight,museum,Museum,1,0,9,,Tu-Su 10:00-17:00,yes,1
n6794993737,Nehru Enclave Clothes Market,Delhi,28.548354,77.25201,sight,attraction,Heritage,0,0,2,,,,0
w1024427218,Netaji Subhash Chandra Bose's canopy,Delhi,28.612841,77.231137,sight,monument,Heritage,1,0,6,,,,1
n2981351407,Nila Gumbad,Delhi,28.591901,77.253137,sight,archaeological_site,Heritage,1,0,7,,,,1
w103505909,Nizamuddin Dargah,Delhi,28.591379,77.241976,sight,monument,Heritage,1,0,10,,,,1
w1361098049,Nizamuddin Dargah Complex,Delhi,28.591383,77.241879,sight,monument,Heritage,1,0,6,,,,1
w403809790,North Pavilion,Delhi,28.594799,77.250674,sight,attraction,Heritage,0,0,4,,,,0
n1024317412,Octagonal observation post,Delhi,28.540687,77.205818,sight,archaeological_site,Heritage,0,0,3,,,,0
n2804122830,Old Stable,Delhi,28.541385,77.214999,sight,archaeological_site,Heritage,0,0,2,,,,0
n6796761498,Pandara Market,Delhi,28.606518,77.229361,sight,attraction,Heritage,0,0,4,,,,0
w80926784,Parliament Museum,Delhi,28.618801,77.207252,sight,museum,Museum,1,0,8,,,,1
n5083177569,Peacock Hill,Delhi,28.533595,77.180516,sight,viewpoint,Viewpoint,0,0,4,,,,0
w359830366,Prime Minister Museum,Delhi,28.602642,77.198741,sight,museum,Museum,1,0,24,"Prime Minister Museum is a public museum dedicated to commemorating every prime minister of India since Independence, showcasing their contributions to India's development.",Tu-Su 10:00-18:00; PH closed,,1
w1173591534,Protected Monument,Delhi,28.561204,77.17884,sight,monument,Heritage,0,0,3,,,,0
w973075081,Purana Qila,Delhi,28.609371,77.244198,sight,castle,Heritage,1,0,10,,,,1
w545405140,Purana Qila Baoli,Delhi,28.609225,77.2443,sight,archaeological_site,Heritage,0,0,4,stepwell,,,0
w370569205,Qila-i-Khuna Mosque,Delhi,28.609722,77.244815,sight,place_of_worship,Temple,1,0,10,,,,1
w369140381,Qutb Minar,Delhi,28.524417,77.18545,sight,monument,Heritage,1,0,18,,,,1
w818709474,Qutub Minar Complex,Delhi,28.52478,77.185885,sight,attraction,Heritage,1,0,15,,,,1
w818709477,Quwwat-ul-Islam Mosque,Delhi,28.524741,77.185145,sight,place_of_worship,Temple,1,0,18,,,,1
n12285090581,Ranjit Gate,Delhi,28.529061,77.179005,sight,ruins,Heritage,0,0,3,,,,0
r5354966,Rashtrapati Bhavan,Delhi,28.614372,77.199528,sight,castle,Heritage,1,0,29,,Mo-Fr 09:30-17:30,,1
n5832837286,Rashtrapati Bhavan Museum,Delhi,28.61897,77.196271,sight,museum,Museum,0,0,7,,,,0
n10873301707,Rotunda,Delhi,28.522391,77.186375,sight,attraction,Heritage,0,0,2,,,,0
w89583605,Ruins of 18th C settlement around Balban's Tomb,Delhi,28.519148,77.188016,sight,ruins,Heritage,0,0,2,,,,0
w96679977,Ruins of North Gate of Jahanpanah Palace,Delhi,28.54166,77.206128,sight,ruins,Heritage,0,0,2,,,,0
w96679976,Ruins of Palatial Section of Jahanpanah,Delhi,28.540669,77.206,sight,ruins,Heritage,0,0,3,,,,0
w163778520,Sabz Burj,Delhi,28.593166,77.243635,sight,monument,Heritage,1,0,8,,,,1
w103602249,Safdarjung's Tomb,Delhi,28.589237,77.210602,sight,tomb,Heritage,1,0,14,,,,1
w86485344,Sakri Gumti,Delhi,28.553369,77.201306,sight,monument,Heritage,1,0,4,,,,1
w204969641,Satpula Dam,Delhi,28.531689,77.223601,sight,archaeological_site,Heritage,0,0,5,,,,0
w1492564762,Science park,Delhi,28.60191,77.124713,sight,monument,Heritage,0,0,2,,,,0
n1186823717,Secret Passage,Delhi,28.51077,77.263506,sight,attraction,Heritage,0,0,2,,,,0
n5960818509,Sheikh Yusuf Katl ka Makbara,Delhi,28.53367,77.219024,sight,tomb,Heritage,0,0,2,,,,0
w233262400,Sher Mandal,Delhi,28.608658,77.24506,sight,monument,Heritage,1,0,7,,,,1
w163779658,Shish Gumbad,Delhi,28.593761,77.220193,sight,monument,Heritage,1,0,11,,,,1
n13288958167,Sikandar Lodhi's grave,Delhi,28.59622,77.221553,sight,monument,Heritage,1,0,6,,,,1
n6383501086,Siri Fort,Delhi,28.552146,77.224698,sight,castle,Heritage,1,0,5,,,,1
n10873301706,Spiral building,Delhi,28.524471,77.187756,sight,attraction,Heritage,0,0,2,,,,0
n2102480284,Sri Aurobindo Bust,Delhi,28.539629,77.20003,sight,attraction,Heritage,0,0,2,,,,0
w352491543,St Luke's church,Delhi,28.569851,77.227302,sight,place_of_worship,Temple,1,0,11,,,,1
w352248363,St. Mary Orthodox Cathedral,Delhi,28.550252,77.200435,sight,place_of_worship,Temple,1,0,7,,,,1
n10873308805,Step pyramid,Delhi,28.524833,77.187069,sight,attraction,Heritage,0,0,2,,,,0
n4483606891,Store 99,Delhi,28.527479,77.216842,sight,attraction,Heritage,0,0,3,,,,0
n4483488389,Suderahan Properties,Delhi,28.54641,77.196855,sight,attraction,Heritage,0,0,3,,,,0
w1266808270,Sulabh International Museum of Toilets,Delhi,28.59694,77.080443,sight,museum,Museum,1,0,25,,,no,1
w128836890,Sultan Garhi Tomb,Delhi,28.533402,77.137054,sight,monument,Heritage,0,0,7,,10:00-18:00,,0
w348302998,Sundarwala Mahal,Delhi,28.596093,77.246569,sight,attraction,Heritage,0,0,4,,,,0
w370543749,Sunder Burj,Delhi,28.596083,77.245343,sight,attraction,Heritage,0,0,3,,,,0
n13288958165,Teen Murti Bhavan,Delhi,28.602786,77.198769,sight,attraction,Heritage,1,0,5,,,,1
n308887236,Teen Murti Haifa War Memorial,Delhi,28.604712,77.198888,sight,attraction,Heritage,0,0,6,,,,0
w818074720,Tikona Park,Delhi,28.535987,77.21609,sight,attraction,Heritage,0,0,6,,,,0
n1038392872,Tomb,Delhi,28.520519,77.182549,sight,monument,Heritage,0,0,2,,,,0
w89583599,Tomb Of Balban,Delhi,28.519675,77.188786,sight,monument,Heritage,1,0,7,,,,1
n12285090590,Tomb Of Haji Rozbith,Delhi,28.531181,77.180956,sight,tomb,Heritage,0,0,2,,,,0
n1754574641,Tomb of Abdul Rahim Khan-i-Khanan,Delhi,28.588061,77.248022,sight,monument,Heritage,1,0,6,,,yes,1
w819046413,Tomb of Bijri Khan,Delhi,28.558615,77.181752,sight,tomb,Heritage,0,0,6,,,,0
w1267633676,Tomb of Imam Zamin,Delhi,28.524201,77.185881,sight,tomb,Heritage,1,0,5,,,,1
w601731295,Tomb of Mohammad Quli Khan,Delhi,28.522478,77.186969,sight,tomb,Heritage,1,0,13,,,,1
w243175581,Tomb of Muhammad Shah Sayyid,Delhi,28.591009,77.218285,sight,tomb,Heritage,1,0,16,,,,1
w132085689,Tomb of Najaf Khan,Delhi,28.58087,77.213567,sight,tomb,Heritage,1,0,8,,,,1
w1267633674,Tomb of Shamsuddin Iltutmish,Delhi,28.525175,77.184556,sight,tomb,Heritage,1,0,15,,,,1
w359512682,Tomb of Sikandar Lodhi,Delhi,28.596302,77.221551,sight,tomb,Heritage,1,0,15,,,,1
n1038392833,Tombs,Delhi,28.521012,77.183284,sight,monument,Heritage,0,0,2,,,,0
w102758313,Tughlakabad Baoli,Delhi,28.512592,77.25994,sight,monument,Heritage,0,0,5,,24/7,,0
w102684251,Tughlakabad Fort,Delhi,28.513965,77.259964,sight,castle,Heritage,1,0,8,,24/7,,1
n1186823729,Tughlakabad Mosque,Delhi,28.51184,77.263275,sight,archaeological_site,Heritage,0,0,4,,24/7,,0
w102758314,Tughlaqabad Palace Ruins,Delhi,28.513152,77.261189,sight,ruins,Heritage,0,0,5,,24/7,,0
n10872790405,Two old stone tombs each with multiple headstones,Delhi,28.59799,77.247751,sight,attraction,Heritage,0,0,2,,,,0
n9443637634,Ultimate Warrior Site,Delhi,28.615016,77.231222,sight,monument,Heritage,1,0,6,,,,1
n1024907476,Unidentified Tomb,Delhi,28.55283,77.193698,sight,archaeological_site,Heritage,0,0,2,,,,0
w1218426672,Uprashtrapati Bhavan,Delhi,28.61625,77.203808,sight,castle,Heritage,1,0,6,,,,1
w44186073,Vigyan Bhavan,Delhi,28.610944,77.220682,sight,museum,Museum,0,0,11,,,,0
n1186823713,Vijaymandal,Delhi,28.511165,77.263795,sight,ruins,Heritage,0,0,5,,24/7,,0
w96679852,Wall Mosque,Delhi,28.540056,77.213507,sight,monument,Heritage,0,0,3,,,,0
n7040338886,Yogmaya Temple,Delhi,28.525702,77.182218,sight,place_of_worship,Temple,1,0,5,,,,1
n2715320508,Zamrudpur Tomb,Delhi,28.554374,77.233926,sight,archaeological_site,Heritage,0,0,2,,,,0
n5074576121,Bahl guesthouse,Dharamshala,32.259322,76.319215,activity,camp_site,Activity,0,0,3,,,,0
r11232502,Baleni Pass,Dharamshala,32.399455,76.279482,activity,hiking_route,Activity,0,0,5,,,,0
r15523048,Bhagsu - Falls,Dharamshala,32.245752,76.336107,activity,hiking_route,Activity,0,0,4,,,,0
r15522791,Bhagsu - Thatri,Dharamshala,32.239705,76.352233,activity,hiking_route,Activity,0,0,4,,,,0
r15522715,Bontu - Deep Goth,Dharamshala,32.285416,76.311923,activity,hiking_route,Activity,0,0,4,,,,0
r15523674,Bontu - Kareri,Dharamshala,32.27452,76.289488,activity,hiking_route,Activity,0,0,4,,,,0
n716029198,Chala,Dharamshala,32.348936,76.267544,activity,camp_site,Activity,0,0,2,,,,0
r15523001,Deep Got - Jhikla Got,Dharamshala,32.306902,76.315312,activity,hiking_route,Activity,0,0,5,,,,0
r15522721,Deep Got - Lake Got,Dharamshala,32.292365,76.345098,activity,hiking_route,Activity,0,0,4,,,,0
n622368618,Dhaledh,Dharamshala,32.337017,76.258659,activity,camp_site,Activity,0,0,2,,,,0
r15523064,Dharamkot - Bagsu,Dharamshala,32.24387,76.328992,activity,hiking_route,Activity,0,0,4,,,,0
r15522792,Dharamkot - Bagsu Waterfall,Dharamshala,32.247395,76.333898,activity,hiking_route,Activity,0,0,4,,,,0
r15522702,Dharamkot - Galu Devi,Dharamshala,32.250064,76.327602,activity,hiking_route,Activity,0,0,4,,,,0
r15522700,Dharamkot - Naddi,Dharamshala,32.247154,76.316757,activity,hiking_route,Activity,0,0,4,,,,0
r15523063,Dharamkot Forest Loop,Dharamshala,32.249827,76.31976,activity,hiking_route,Activity,0,0,4,,,,0
r15523104,Dharamkot Upper Loop,Dharamshala,32.24927,76.331849,activity,hiking_route,Activity,0,0,4,,,,0
r15523078,Dharamsala - McLeod Ganj,Dharamshala,32.228449,76.326323,activity,hiking_route,Activity,0,0,4,,,,0
r15523026,Dharamshala - Dharamkot,Dharamshala,32.236591,76.322693,activity,hiking_route,Activity,0,0,4,,,,0
n773378958,Drakka,Dharamshala,32.32809,76.31428,activity,camp_site,Activity,0,0,6,,,yes,0
n716064587,Duggi Goth,Dharamshala,32.36689,76.293331,activity,camp_site,Activity,0,0,2,,,,0
r11232568,Gaj Pass,Dharamshala,32.323521,76.311273,activity,hiking_route,Activity,0,0,6,,,,0
n948032592,Galod Dhar,Dharamshala,32.286578,76.41639,activity,camp_site,Activity,0,0,2,,,,0
r15522838,Galu Devi - Falls,Dharamshala,32.261877,76.327005,activity,hiking_route,Activity,0,0,4,,,,0
r11308901,Galu Devi - Guna Devi,Dharamshala,32.263503,76.320101,activity,hiking_route,Activity,0,0,5,,,,0
r15522701,Galu Devi - Naddi,Dharamshala,32.252053,76.316652,activity,hiking_route,Activity,0,0,4,,,,0
r15522720,Galu Devi - Triund,Dharamshala,32.26316,76.343814,activity,hiking_route,Activity,0,0,4,,,,0
r15803850,Galu Devi Forest Trail,Dharamshala,32.262495,76.329285,activity,hiking_route,Activity,0,0,4,,,,0
r15523025,Gathri - Bontu,Dharamshala,32.265329,76.297796,activity,hiking_route,Activity,0,0,4,,,,0
r11243838,Ghora Pas,Dharamshala,32.132053,76.565292,activity,hiking_route,Activity,0,0,5,,,,0
w287217477,Gopalpur Zoo,Dharamshala,32.138596,76.454235,activity,zoo,Activity,0,0,3,,,,0
r15522839,Guna Devi - Kareri,Dharamshala,32.276385,76.298076,activity,hiking_route,Activity,0,0,4,,,,0
n673861415,Hara Goth,Dharamshala,32.242324,76.398366,activity,camp_site,Activity,0,0,4,,,no,0
r11243791,Himani Chamunda,Dharamshala,32.181725,76.438086,activity,hiking_route,Activity,0,0,6,,,,0
r11232623,Indrahar Pass,Dharamshala,32.322736,76.433977,activity,hiking_route,Activity,0,0,5,,,,0
n622368406,Jammu Goth,Dharamshala,32.303557,76.274798,activity,camp_site,Activity,0,0,6,,,no,0
w1410218900,Jottnu,Dharamshala,32.280662,76.456849,activity,camp_site,Activity,0,0,6,,,no,0
n5183831744,Jungle Camp,Dharamshala,32.258082,76.32209,activity,camp_site,Activity,0,0,5,,,yes,0
r8110653,Kandi - Triund,Dharamshala,32.243835,76.351412,activity,hiking_route,Activity,0,0,7,,,,0
n716025041,Kanjrela,Dharamshala,32.313481,76.297629,activity,camp_site,Activity,0,0,2,,,,0
r15522703,Kareri - Leond Nal,Dharamshala,32.289157,76.276452,activity,hiking_route,Activity,0,0,4,,,,0
r15522704,Kareri Lake,Dharamshala,32.306501,76.270751,activity,hiking_route,Activity,0,0,5,,,,0
n673873810,Karthani,Dharamshala,32.247721,76.351615,activity,camp_site,Activity,0,0,2,,,,0
r11567632,Kayali Caves,Dharamshala,32.223629,76.392636,activity,hiking_route,Activity,0,0,4,,,,0
n9214173819,Khabrotu,Dharamshala,32.262139,76.402138,activity,camp_site,Activity,0,0,2,,,,0
r15523132,Khaniara - Thutharan Fort,Dharamshala,32.224109,76.379272,activity,hiking_route,Activity,0,0,5,,,,0
r11232636,Kundli Pass,Dharamshala,32.325178,76.450861,activity,hiking_route,Activity,0,0,6,,,,0
r11243893,Lam Dal,Dharamshala,32.342101,76.324052,activity,hiking_route,Activity,0,0,5,,,,0
n673874102,Leta,Dharamshala,32.246713,76.344303,activity,camp_site,Activity,0,0,2,,,,0
n948034021,Mandrala,Dharamshala,32.32249,76.434768,activity,camp_site,Activity,0,0,6,,,no,0
r15522826,Matwaru Got - Kareri Lake,Dharamshala,32.313831,76.292546,activity,hiking_route,Activity,0,0,5,,,,0
r11232528,Minkiani Pass,Dharamshala,32.384475,76.288347,activity,hiking_route,Activity,0,0,5,,,,0
n6466224188,Mool Raj Camp-Triund,Dharamshala,32.259426,76.35533,activity,camp_site,Activity,0,0,2,,,,0
r15522717,Naddi - Galu,Dharamshala,32.255795,76.314813,activity,hiking_route,Activity,0,0,4,,,,0
r15522716,Naddi - Kareri,Dharamshala,32.264534,76.294629,activity,hiking_route,Activity,0,0,4,,,,0
r11232654,Naguni - Thutharan Fort,Dharamshala,32.237498,76.389064,activity,hiking_route,Activity,0,0,5,,,,0
r15803602,Phaluni Khad trail,Dharamshala,32.197151,76.426188,activity,hiking_route,Activity,0,0,5,,,,0
n716023091,Raeel,Dharamshala,32.310101,76.306804,activity,camp_site,Activity,0,0,2,,,,0
n716029108,Raeel,Dharamshala,32.34388,76.261905,activity,camp_site,Activity,0,0,2,,,,0
r11232655,Rising Star,Dharamshala,32.206351,76.401164,activity,hiking_route,Activity,0,0,5,,,,0
r15522975,Salli to Kareri,Dharamshala,32.287165,76.258126,activity,hiking_route,Activity,0,0,4,,,,0
r15522705,Salli to Kareri Lake,Dharamshala,32.312991,76.255504,activity,hiking_route,Activity,0,0,5,,,,0
r12754157,Salli to temple,Dharamshala,32.300006,76.233504,activity,hiking_route,Activity,0,0,5,,,,0
n673875383,Sidhrain,Dharamshala,32.183111,76.435539,activity,camp_site,Activity,0,0,2,,,,0
r11243861,Singhar Jot,Dharamshala,32.15843,76.547692,activity,hiking_route,Activity,0,0,5,,,,0
n12791236745,Small Ground,Dharamshala,32.25043,76.324753,activity,camp_site,Activity,0,0,2,,,,0
n6536301085,Snow line,Dharamshala,32.274389,76.361467,activity,camp_site,Activity,0,0,2,,,,0
r11567608,Stovari - Kareri,Dharamshala,32.262697,76.288774,activity,hiking_route,Activity,0,0,5,,,,0
n12353157401,Tej singh kareri lake camping and trekking,Dharamshala,32.323452,76.271385,activity,camp_site,Activity,0,0,3,,,,0
n10688121516,Thatharana,Dharamshala,32.227741,76.379238,activity,camp_site,Activity,0,0,2,,,,0
r11232653,Thatri - Lake Got,Dharamshala,32.255639,76.367616,activity,hiking_route,Activity,0,0,5,,,,0
r15523153,Thatri - Thutharan Fort,Dharamshala,32.234919,76.373797,activity,hiking_route,Activity,0,0,4,,,,0
n673872658,Trakdi,Dharamshala,32.262524,76.368232,activity,camp_site,Activity,0,0,2,,,,0
n539994193,Trimund,Dharamshala,32.261712,76.354517,activity,camp_site,Activity,0,0,10,,,yes,0
n5074567722,Triund camp,Dharamshala,32.254987,76.355194,activity,camp_site,Activity,0,0,3,,,,0
n513003866,Bhagsu Waterfall,Dharamshala,32.247475,76.338349,nature,waterfall,Nature,0,0,6,,,,0
w286533293,Chander Kup Dal,Dharamshala,32.331885,76.344386,nature,lake,Nature,0,0,6,,,,0
w193660016,Dal Lake,Dharamshala,32.247099,76.310582,nature,lake,Nature,0,0,5,,,,0
w286534683,Dham Ghori Dal,Dharamshala,32.33591,76.355136,nature,lake,Nature,0,0,6,,,,0
w755367100,Dham Gori Dal,Dharamshala,32.345103,76.346409,nature,lake,Nature,0,0,6,,,,0
n8987188854,Dhaula Trishul,Dharamshala,32.245817,76.48694,nature,peak,Nature,0,0,5,Part of the Dhaula Trishul tri Peaks. looks like a trident of Hindu Godess and has Religious history,,,0
n8987177782,Dhaula Trishul 2,Dharamshala,32.250231,76.483968,nature,peak,Nature,0,0,5,Dhaula Trishul translates to white Trident has 3 adjoining peaks that look like a Trishul. Mythologically and Religiously Trishul was the main weapon of Chamunda Mata. Peak is easily visible from Himani Chamunda in between Gauri Junda and Talang Jot,,,0
n8987132372,Dhaula Trishul 3,Dharamshala,32.251912,76.482493,nature,peak,Nature,0,0,5,Part of the Dhaula Trishul tri Peaks. looks like a trident of Hindu Godess and has Religious history,,,0
w732573615,Gauri Kund,Dharamshala,32.402877,76.636918,nature,lake,Nature,0,0,5,,,,0
n2376974654,Ghurlu,Dharamshala,32.218646,76.419908,nature,peak,Nature,0,0,2,,,,0
n3212416987,Himani Chamunda,Dharamshala,32.192412,76.449732,nature,peak,Nature,0,0,4,,,,0
w964273261,Hukh Dal,Dharamshala,32.268751,76.48818,nature,lake,Nature,0,0,6,,,,0
w755367101,Kali Dal,Dharamshala,32.343492,76.358481,nature,lake,Nature,0,0,6,,,,0
w286534602,Kali Kund,Dharamshala,32.32349,76.371004,nature,lake,Nature,0,0,6,,,,0
n5682205580,Kankot,Dharamshala,32.396197,76.247864,nature,peak,Nature,0,0,2,,,,0
n2902184489,Karan Khal,Dharamshala,32.336191,76.349997,nature,peak,Nature,0,0,3,,,,0
w45019042,Kareri Lake (Not Drinkable),Dharamshala,32.325638,76.273844,nature,lake,Nature,0,0,8,,,,0
w283919354,Keur Dal Lake,Dharamshala,32.284763,76.575326,nature,lake,Nature,0,0,4,,,,0
n539994865,Lahesh Cave,Dharamshala,32.290187,76.374199,nature,cave_entrance,Nature,0,0,7,,,no,0
n539994864,Laka Boulder Cave,Dharamshala,32.28332,76.365538,nature,cave_entrance,Nature,0,0,5,,,no,0
n2960039842,Mani Mahesh Kailash,Dharamshala,32.394345,76.672413,nature,peak,Nature,0,0,3,,,,0
n3944714181,ManiMahesh Kailash,Dharamshala,32.351037,76.652436,nature,peak,Nature,0,0,2,,,,0
n2358715648,Manuni Falls,Dharamshala,32.210178,76.374142,nature,waterfall,Nature,0,0,2,,,,0
n2960003178,Mun Peak,Dharamshala,32.287493,76.390663,nature,peak,Nature,1,0,5,,,,1
w286534467,Nag Dal,Dharamshala,32.312238,76.371792,nature,lake,Nature,0,0,6,,,,0
n6352544718,Rising Star,Dharamshala,32.210499,76.411106,nature,peak,Nature,0,0,4,,,,0
w964273263,Singhar Dal,Dharamshala,32.234961,76.535754,nature,lake,Nature,0,0,6,,,,0
n513003860,Small waterfall,Dharamshala,32.24381,76.339868,nature,waterfall,Nature,0,0,4,,,,0
w964274796,Talang Dal,Dharamshala,32.245412,76.524237,nature,lake,Nature,0,0,6,,,,0
n2371682461,Triund Hill,Dharamshala,32.27023,76.352874,nature,peak,Nature,0,0,5,,,,0
r19159511,अर्जुन का ताल,Dharamshala,32.236169,76.487595,nature,lake,Nature,0,0,7,,,,0
w62047912,काली कुंड,Dharamshala,32.342584,76.325545,nature,lake,Nature,0,0,6,,,,0
n2380229678,गौरी झुंडा,Dharamshala,32.246664,76.463341,nature,peak,Nature,1,0,6,,,,1
w667525154,चंद्रभान डल,Dharamshala,32.191675,76.450705,nature,lake,Nature,0,0,6,,,,0
w724274193,चन्द्रभान कुंड,Dharamshala,32.269903,76.427259,nature,lake,Nature,0,0,6,,,,0
n5682204461,जोतनु,Dharamshala,32.268229,76.47664,nature,peak,Nature,0,0,3,,,,0
n8987293543,तालंग जोत,Dharamshala,32.233057,76.500127,nature,peak,Nature,0,0,3,,,,0
w62067190,मणिमहेश डल,Dharamshala,32.394965,76.637321,nature,lake,Nature,1,0,7,,,,1
w62047916,लम  डल,Dharamshala,32.335581,76.332276,nature,lake,Nature,0,0,8,,,,0
n6946028086,9 Corps,Dharamshala,32.182768,76.380023,sight,castle,Heritage,0,0,2,,,,0
w1485165181,Aghanjar Mahadev Mandir,Dharamshala,32.211415,76.372569,sight,attraction,Heritage,0,0,4,,,,0
w227317844,Central Tibetan Administration,Dharamshala,32.225853,76.324881,sight,attraction,Heritage,0,0,6,,,,0
w227467797,Chamunda Devi Mandir,Dharamshala,32.148354,76.418693,sight,attraction,Heritage,0,0,4,,,,0
w43752491,Church of Saint John in the Wilderness,Dharamshala,32.242838,76.318092,sight,attraction,Heritage,1,0,11,,,,1
w518805187,Clock Tower,Dharamshala,32.186453,76.362904,sight,monument,Heritage,0,0,4,,,,0
w229259676,Dalai Lama Temple,Dharamshala,32.232476,76.32444,sight,attraction,Heritage,1,0,11,,,,1
n5129759522,Daramkot waterfall,Dharamshala,32.267206,76.295756,sight,attraction,Heritage,0,0,3,,,,0
n11052218305,Dharamsala Tea Company,Dharamshala,32.20843,76.30899,sight,attraction,Heritage,0,0,4,,,,0
n11089183847,Flag Hill,Dharamshala,32.246777,76.314222,sight,attraction,Heritage,0,0,3,,,,0
n5082091521,Folk Museum,Dharamshala,32.240592,76.330915,sight,museum,Museum,0,0,4,,,no,0
n2399467885,Gupteshwar Mahadev Mandir,Dharamshala,32.210923,76.373285,sight,attraction,Heritage,0,0,4,,,,0
w227387579,Gyuto Monastery,Dharamshala,32.186856,76.368216,sight,attraction,Heritage,0,0,4,,,,0
n5739257425,Hope Gallery Stories Of Tibetans,Dharamshala,32.235557,76.327099,sight,attraction,Heritage,0,0,9,,Mo-Su 10:00-20:00,,0
n2788688688,Losel Doll Museum,Dharamshala,32.198623,76.358493,sight,museum,Museum,0,0,4,,,no,0
n6467100603,Magic View,Dharamshala,32.255688,76.342739,sight,viewpoint,Viewpoint,0,0,2,,,,0
n456970464,Main Square,Dharamshala,32.238626,76.323612,sight,attraction,Heritage,0,0,2,,,,0
n5621253222,Men-Tsee-Khang Museum,Dharamshala,32.224503,76.321057,sight,museum,Museum,0,0,3,,"Mo-Sa 09:00-13:00, 14:00-17:00",,0
n11091188090,Mountain Water Pools,Dharamshala,32.248243,76.339186,sight,attraction,Heritage,0,0,3,,,,0
n5621416621,Museum of Kangra Art,Dharamshala,32.217671,76.318381,sight,museum,Museum,0,0,4,,"Mo-Sa 09:00-13:30, 14:00-17:00",,0
w240702495,Nag Mandir,Dharamshala,32.213951,76.367696,sight,attraction,Heritage,0,0,4,,,,0
n5082082623,Pink Gompa,Dharamshala,32.240428,76.331337,sight,monument,Heritage,0,0,3,,,,0
n2371546649,Sandeepany Himalayas,Dharamshala,32.176241,76.359829,sight,attraction,Heritage,0,0,4,,,,0
n2386629020,Shiva Cafe,Dharamshala,32.248255,76.339371,sight,attraction,Heritage,0,0,3,,,,0
n4903800936,Snow Lion Tattoo,Dharamshala,32.238719,76.323904,sight,attraction,Heritage,0,0,3,,,,0
n12698230501,State War Memorial,Dharamshala,32.200302,76.320094,sight,museum,Museum,0,0,2,,,,0
n11091188244,Temple,Dharamshala,32.245486,76.334053,sight,viewpoint,Viewpoint,0,0,4,,,,0
n968464036,The Tibet Museum,Dharamshala,32.232603,76.32488,sight,museum,Museum,0,0,8,Photo Exhibtion on Tibetan freedom strugle,,no,0
n1230096508,Tibetan Institute of Performing Arts (TIPA),Dharamshala,32.24052,76.33075,sight,attraction,Heritage,0,0,4,,,,0
n4360019793,View Point,Dharamshala,32.246398,76.336064,sight,viewpoint,Viewpoint,0,0,2,,,,0
n5076809125,White mountain viewdeck,Dharamshala,32.253202,76.30286,sight,viewpoint,Viewpoint,0,0,3,,,,0
n12413876245,Ak Camping,Dwarka,22.236165,68.976131,activity,camp_site,Activity,0,0,2,,,,0
w1315914553,Amazing Fun World,Dwarka,22.286372,69.030776,activity,theme_park,Activity,0,0,2,,,,0
r9282949,Gaga (Great Indian Bustard) WLS,Dwarka,22.130803,69.167669,activity,nature_reserve,Activity,1,0,7,,,,1
n13175976214,Mela,Dwarka,22.238165,68.963336,activity,theme_park,Activity,0,0,3,,,,0
n13353958619,TRAVEL INSIDER TENT CITY,Dwarka,22.461024,69.096634,activity,camp_site,Activity,0,0,18,,,,0
w1488708741,Ahirani Maharas,Dwarka,22.269554,68.9554,nature,lake,Nature,0,0,3,,,,0
w1319983760,Bustard Lake,Dwarka,22.112891,69.167995,nature,lake,Nature,0,0,3,,,,0
n7898523256,Dwarka Beach,Dwarka,22.237475,68.962562,nature,beach,Beach,0,0,2,,,,0
n14232475282,Gokeshwar Mount,Dwarka,22.129898,69.097357,nature,peak,Nature,0,0,3,,,,0
w1161175444,Gopi Talav,Dwarka,22.369927,69.108228,nature,lake,Nature,0,0,3,,,,0
n13963217528,Hade,Dwarka,22.242717,69.007694,nature,peak,Nature,0,0,2,,,,0
w544333846,Keshav Tirth,Dwarka,22.455597,69.103284,nature,lake,Nature,0,0,3,,,,0
r18100566,Khara Vistar Lake,Dwarka,22.123878,69.290268,nature,lake,Nature,0,0,6,,,,0
w1344423187,Kharadi talav,Dwarka,22.21834,69.034373,nature,lake,Nature,0,0,6,,,,0
r18446682,Kuranga Lake,Dwarka,22.062507,69.132826,nature,lake,Nature,0,0,7,,,,0
n14067290629,Mulvel Beach,Dwarka,22.338074,69.168125,nature,beach,Beach,0,0,2,,,,0
w1245330671,Nandana Roc Beach,Dwarka,22.129644,69.293094,nature,beach,Beach,0,0,2,,,,0
n12212763902,Okha Madhi Beach,Dwarka,22.083046,69.101814,nature,beach,Beach,0,0,2,,,,0
w509292388,Padmini Lake,Dwarka,22.251601,68.965922,nature,lake,Nature,0,0,3,,,,0
w1344546758,Ratnube,Dwarka,22.218223,69.041575,nature,lake,Nature,0,0,4,,,,0
w1562094475,Sankar Lake,Dwarka,22.41944,69.019582,nature,lake,Nature,0,0,3,,,,0
w509292387,Saroj Lake,Dwarka,22.249927,68.96489,nature,lake,Nature,0,0,3,,,,0
w761459677,Shivrajpur Beach,Dwarka,22.343858,68.955076,nature,beach,Beach,1,0,6,,,,1
w1562094474,Surajkaradi Lake,Dwarka,22.417422,69.019324,nature,lake,Nature,0,0,3,,,,0
n12413875830,Beach Point,Dwarka,22.234882,68.966163,sight,attraction,Heritage,0,0,2,,,,0
n12413875758,Dwarka Scenic Point,Dwarka,22.234986,68.965317,sight,viewpoint,Viewpoint,0,0,3,,,,0
w1343177784,Dwarkadish Hight Temple,Dwarka,22.237866,68.967432,sight,monument,Heritage,0,0,2,,,,0
w1345257028,Gandhi fortress & temple,Dwarka,22.208015,69.08013,sight,fort,Heritage,0,0,3,,,,0
n5096784969,Gokeshwara Mahadev temple,Dwarka,22.173873,69.092035,sight,monument,Heritage,0,0,4,N-GJ-123. ,,,0
n12427736062,Gomti Ghat Dwarka,Dwarka,22.236815,68.967722,sight,viewpoint,Viewpoint,0,0,3,,,,0
n12413875709,Gomti River Viewpoint,Dwarka,22.23615,68.968241,sight,viewpoint,Viewpoint,0,0,3,,,,0
n13176014972,KM Horizon Point,Dwarka,22.238126,68.958449,sight,attraction,Heritage,0,0,2,,,,0
n14208648146,Mojap sunsat point,Dwarka,22.365505,68.96146,sight,viewpoint,Viewpoint,0,0,3,,,,0
n7890166489,Pandava Wells,Dwarka,22.23568,68.968998,sight,attraction,Heritage,0,0,2,,,,0
n12413685958,"Ram Laxman Temple,Bardiya.",Dwarka,22.205328,69.00478,sight,ruins,Heritage,0,0,3,,,,0
n5174100115,Rama Lakshamana Temples,Dwarka,22.196378,69.02006,sight,place_of_worship,Temple,1,0,7,,,,1
n4930940936,Rama Laxman Temple,Dwarka,22.196969,69.018339,sight,monument,Heritage,0,0,3,,,,0
n3903603202,Rukmini Devi Temple,Dwarka,22.257331,68.964398,sight,place_of_worship,Temple,1,0,8,,,,1
n13175967769,Sea View point n°1,Dwarka,22.238031,68.9618,sight,viewpoint,Viewpoint,0,0,3,,,,0
n13175967768,Sea View point n°2,Dwarka,22.237604,68.962278,sight,viewpoint,Viewpoint,0,0,3,,,,0
n13175967767,Sea View point n°3,Dwarka,22.23697,68.963058,sight,viewpoint,Viewpoint,0,0,3,,,,0
n13175967766,Sea View point n°4,Dwarka,22.236502,68.963566,sight,viewpoint,Viewpoint,0,0,3,,,,0
n13175967765,Sea View point n°5,Dwarka,22.235776,68.964426,sight,viewpoint,Viewpoint,0,0,3,,,,0
n12416852913,Vagher Kirti Stambh,Dwarka,22.238633,68.970721,sight,monument,Heritage,0,0,2,,,,0
n4818356921,Bhaleydhunga,Gangtok,27.333406,88.39702,activity,camp_site,Activity,0,0,3,,,,0
w667650446,Fambong Lho Wildlife Sanctuary,Gangtok,27.332285,88.537209,activity,nature_reserve,Activity,1,0,8,,,,1
w480476098,Himalayan Zoological Park,Gangtok,27.350852,88.627514,activity,zoo,Activity,0,0,4,,,yes,0
w668983924,Kyongnosla Alpine WLS,Gangtok,27.39525,88.736121,activity,nature_reserve,Activity,1,0,7,,,,1
w668995728,Maenam WLS,Gangtok,27.363321,88.395975,activity,nature_reserve,Activity,1,0,7,,,,1
r12544896,Pangolakha WLS,Gangtok,27.252789,88.805968,activity,nature_reserve,Activity,0,0,6,,,,0
n4537877590,Arrlungtsuk,Gangtok,27.463323,88.227731,nature,peak,Nature,1,0,7,,,,1
n5045798570,Badengonza,Gangtok,27.343867,88.897076,nature,peak,Nature,0,0,5,,,,0
n4925330225,Bakthang,Gangtok,27.357964,88.623587,nature,waterfall,Nature,0,0,3,,,,0
n3289620323,Barpipal Dara,Gangtok,27.213993,88.633564,nature,park,Nature,1,0,4,,,,1
n5031993173,Batang La,Gangtok,27.329071,88.918664,nature,peak,Nature,0,0,4,,,,0
n5030618228,Batang La peak,Gangtok,27.327298,88.920795,nature,peak,Nature,0,0,6,,,,0
n4925330231,Bhewma Falls,Gangtok,27.637692,88.703129,nature,waterfall,Nature,0,0,3,,,,0
n5704934992,Big waterfall,Gangtok,27.443663,88.60835,nature,waterfall,Nature,0,0,2,,,,0
n10852707507,Big waterfall,Gangtok,27.527064,88.606775,nature,waterfall,Nature,0,0,2,,,,0
w243754339,Bitang Cho,Gangtok,27.330181,88.846211,nature,lake,Nature,0,0,4,,,,0
n6480244406,Chamju,Gangtok,27.197821,88.864847,nature,peak,Nature,0,0,5,,,,0
n5045807791,Chaqu Longguo,Gangtok,27.360667,88.881256,nature,peak,Nature,0,0,4,,,,0
n3020675421,Cherka,Gangtok,27.300634,88.939386,nature,peak,Nature,0,0,5,,,,0
w1227136378,Cho-Dzo Lake,Gangtok,27.316503,88.362753,nature,lake,Nature,0,0,3,,,,0
n10855968305,Creek,Gangtok,27.411239,88.581171,nature,waterfall,Nature,0,0,2,,,,0
n10855968405,Creek,Gangtok,27.412494,88.561479,nature,waterfall,Nature,0,0,2,,,,0
n5089487878,Dengchukla,Gangtok,27.297379,88.854879,nature,peak,Nature,0,0,3,,,,0
n6594925597,Dona,Gangtok,27.343204,88.864102,nature,peak,Nature,0,0,4,,,,0
n1477920196,Endong,Gangtok,27.491095,88.693926,nature,peak,Nature,0,0,2,,,,0
n9120758294,Ezhu,Gangtok,27.315788,89.002755,nature,peak,Nature,0,0,4,,,,0
n4838267222,Ganesh Waterfall,Gangtok,27.371667,88.23683,nature,waterfall,Nature,0,0,3,,,,0
n5030618227,Gipmochi,Gangtok,27.273888,88.900068,nature,peak,Nature,1,0,9,,,,1
n5045822988,Gola,Gangtok,27.300211,88.990502,nature,peak,Nature,0,0,4,,,,0
n3289619508,Gupha Dara,Gangtok,27.216455,88.637126,nature,park,Nature,1,0,5,,,,1
w608047959,Hangu Lake,Gangtok,27.368118,88.82607,nature,lake,Nature,0,0,3,,,,0
n9288028924,Honcchenchasiang,Gangtok,27.397079,88.987111,nature,peak,Nature,0,0,4,,,,0
n5045848000,Jandorhi,Gangtok,27.369926,88.897077,nature,peak,Nature,0,0,7,,,,0
n5045888500,Janmuchi,Gangtok,27.435146,88.985117,nature,peak,Nature,1,0,6,,,,1
n5045809639,Laba,Gangtok,27.329075,88.905664,nature,peak,Nature,0,0,4,,,,0
w608043445,Lake Menmecho,Gangtok,27.345852,88.818989,nature,lake,Nature,1,0,6,,,,1
w1484032397,Lampokhari (Aritar Lake),Gangtok,27.186704,88.676212,nature,lake,Nature,0,0,7,,,,0
n10860105109,Larger waterfall you can hike to,Gangtok,27.410652,88.626872,nature,waterfall,Nature,0,0,2,,,,0
n9307667401,Lava,Gangtok,27.088413,88.65422,nature,peak,Nature,0,0,4,,,,0
n10857554005,Lhasa falls,Gangtok,27.366268,88.62652,nature,waterfall,Nature,0,0,2,,,,0
n5089487876,Lingtu,Gangtok,27.268755,88.79267,nature,peak,Nature,0,0,7,,,,0
n6261313766,Lower Asam peak,Gangtok,27.256873,88.958489,nature,peak,Nature,0,0,6,,,,0
w586266011,Lumo Chho,Gangtok,27.339893,88.901035,nature,lake,Nature,0,0,5,,,,0
n10845711209,Mandakini falls,Gangtok,27.3723,88.708755,nature,waterfall,Nature,0,0,2,,,,0
w923050085,Manju Lake,Gangtok,27.383205,88.809708,nature,lake,Nature,0,0,3,,,,0
n5045822987,Mauregang,Gangtok,27.292945,88.973701,nature,peak,Nature,0,0,4,,,,0
n1466788860,Merug La,Gangtok,27.338282,88.936495,nature,peak,Nature,0,0,6,,,,0
n4925330147,Nanga waterfalls,Gangtok,27.546213,88.631874,nature,waterfall,Nature,0,0,3,,,,0
w512140424,Nangpo Tso,Gangtok,27.315343,88.906026,nature,lake,Nature,0,0,6,,,,0
n582068699,Narsing,Gangtok,27.511563,88.281194,nature,peak,Nature,1,0,8,,,,1
n5045817908,Nqiongla,Gangtok,27.312137,88.923951,nature,peak,Nature,1,0,6,,,,1
n11697600916,Paki Lhu,Gangtok,27.528457,88.351199,nature,peak,Nature,0,0,6,,,,0
n6534229636,Pangolakha,Gangtok,27.191987,88.788993,nature,peak,Nature,0,0,4,,,,0
n8175704416,Pasha waterfall,Gangtok,27.358224,88.976248,nature,waterfall,Nature,0,0,5,,,,0
n4571036073,Pemikangchen,Gangtok,27.592316,88.567912,nature,peak,Nature,0,0,5,,,,0
n6261364923,Qie Ri East,Gangtok,27.264679,88.945486,nature,peak,Nature,0,0,6,,,,0
n5045889484,Qu Puzhang,Gangtok,27.459982,88.967178,nature,peak,Nature,0,0,6,,,,0
n5045822990,Renganggong,Gangtok,27.247159,88.960491,nature,peak,Nature,0,0,5,,,,0
w521882788,Renganggong Lake,Gangtok,27.250026,88.958497,nature,lake,Nature,0,0,5,,,,0
w512129715,Sarathang Lake,Gangtok,27.380231,88.825075,nature,lake,Nature,0,0,3,,,,0
n5045826561,Shajula,Gangtok,27.330783,88.94471,nature,peak,Nature,0,0,5,,,,0
n5045889485,Sigang,Gangtok,27.436089,88.955808,nature,peak,Nature,0,0,4,,,,0
n11697600915,Siongsilit,Gangtok,27.528278,88.319053,nature,peak,Nature,0,0,6,,,,0
n10845273805,Small waterfall,Gangtok,27.355472,88.628451,nature,waterfall,Nature,0,0,2,,,,0
n10848739724,Small waterfall,Gangtok,27.426214,88.581848,nature,waterfall,Nature,0,0,2,,,,0
n10852707607,Small waterfall,Gangtok,27.57965,88.651502,nature,waterfall,Nature,0,0,2,,,,0
n10860105308,Small waterfall under the bridge,Gangtok,27.411265,88.626771,nature,waterfall,Nature,0,0,2,,,,0
w586266375,Songlo Chho,Gangtok,27.334905,88.907461,nature,lake,Nature,0,0,5,,,,0
w462393067,Tong Chho,Gangtok,27.276867,88.912498,nature,lake,Nature,0,0,5,,,,0
w473531836,Tsomgo Lake,Gangtok,27.374572,88.761761,nature,lake,Nature,1,0,7,,,,1
n6536850311,Tuku,Gangtok,27.31731,88.829296,nature,peak,Nature,0,0,5,,,,0
w509294310,Upper Asam lake,Gangtok,27.273911,88.943629,nature,lake,Nature,0,0,6,,,,0
n10852708205,waterfall under a bridge,Gangtok,27.506456,88.532562,nature,waterfall,Nature,0,0,2,,,,0
w512129718,错推塘 Nathula Lake,Gangtok,27.379927,88.828969,nature,lake,Nature,0,0,3,,,,0
n11697458890,Bandey viewpoint,Gangtok,27.213019,88.636675,sight,viewpoint,Viewpoint,0,0,3,,,,0
n4724106791,Banjhakri falls,Gangtok,27.35079,88.603649,sight,attraction,Heritage,0,0,3,,,,0
n5781385953,Black Cat Museum (Indian Army),Gangtok,27.317721,88.602578,sight,museum,Museum,0,0,3,,Mo-Su 09:00-19:00,,0
n13202021303,Do-drul Chorten,Gangtok,27.31292,88.604806,sight,attraction,Heritage,1,0,13,,,,1
n9734272917,Entrance to Himalayan Zooogical Park,Gangtok,27.341799,88.621186,sight,attraction,Heritage,0,0,2,,,,0
w129776905,Hanuman Tok,Gangtok,27.347969,88.628717,sight,place_of_worship,Temple,1,0,6,,,,1
n13197190565,Himalayan black bear view point,Gangtok,27.345128,88.622353,sight,viewpoint,Viewpoint,0,0,4,,,no,0
n10860105507,Kabi Lungchok statue,Gangtok,27.398893,88.608916,sight,attraction,Heritage,0,0,2,,,,0
n4603773589,MG Marg,Gangtok,27.328454,88.612385,sight,attraction,Heritage,0,0,4,,,,0
n10848739723,Mani wheel and small waterfall,Gangtok,27.416522,88.584821,sight,attraction,Heritage,0,0,2,,,,0
n13192105518,Mini Zipline,Gangtok,27.372185,88.708777,sight,attraction,Heritage,0,0,2,,,,0
n4279001217,Namgyal Institute of Tibetology,Gangtok,27.315736,88.604825,sight,museum,Museum,1,0,3,,,,1
w1435068401,Plant Conservatory,Gangtok,27.359724,88.628193,sight,attraction,Heritage,0,0,11,,,yes,0
n10857449005,Rock with Buddha art,Gangtok,27.411268,88.626924,sight,attraction,Heritage,0,0,2,,,,0
n5704935533,Seven sisters waterfalls,Gangtok,27.441989,88.611178,sight,attraction,Heritage,0,0,3,,,,0
n2110928511,Shanti Viewpoint,Gangtok,27.297783,88.574303,sight,viewpoint,Viewpoint,0,0,2,,,,0
n10859700609,Sikkim high court museum (frequently closed),Gangtok,27.341752,88.610941,sight,museum,Museum,0,0,2,,,,0
n2114200040,Tashi Viewpoint,Gangtok,27.370672,88.615945,sight,viewpoint,Viewpoint,0,0,2,,,,0
n13190504526,Teen Jurey,Gangtok,27.354605,88.540435,sight,viewpoint,Viewpoint,0,0,2,,,,0
n10860105205,Tumlong Palace ruins,Gangtok,27.420141,88.582645,sight,attraction,Heritage,0,0,2,,,,0
n5117122123,Viewpoint from the temple,Gangtok,27.341374,88.621161,sight,viewpoint,Viewpoint,0,0,2,,,,0
n10857554207,Watch tower,Gangtok,27.352018,88.62824,sight,attraction,Heritage,0,0,7,,,no,0
n2589482422,Aganashini,Gokarna,14.513238,74.366958,nature,peak,Nature,0,0,4,,,,0
w398293579,Alvekodi Beach,Gokarna,14.408035,74.395985,nature,beach,Beach,0,0,3,,,,0
w444348522,Apsara Konda Beach,Gokarna,14.231826,74.441888,nature,beach,Beach,0,0,5,,,,0
n4418368082,Apsarakonda Falls,Gokarna,14.231199,74.446433,nature,waterfall,Nature,0,0,3,,,,0
w623248768,Belambar beach,Gokarna,14.628411,74.282073,nature,beach,Beach,0,0,3,,,,0
w401521429,Belambar beach,Gokarna,14.637923,74.284396,nature,beach,Beach,0,0,3,,,,0
w266140083,Belekan Beach,Gokarna,14.520697,74.346101,nature,beach,Beach,0,0,3,,,,0
n1888467656,Bhairaveshwara Shikhara,Gokarna,14.590269,74.567358,nature,peak,Nature,0,0,5,,,,0
n3696894512,Cave,Gokarna,14.535265,74.311463,nature,cave_entrance,Nature,0,0,2,,,,0
w414367889,Cave Beach,Gokarna,14.514145,74.358657,nature,beach,Beach,0,0,2,,,,0
n5891899116,Cove Kagala,Gokarna,14.509947,74.358575,nature,beach,Beach,0,0,3,,,,0
w250162048,Dhareshwar beach,Gokarna,14.384381,74.402145,nature,beach,Beach,0,0,3,,,,0
r5944620,Gangavali beach,Gokarna,14.602607,74.291348,nature,beach,Beach,0,0,6,,,,0
r5887806,Gokarna Beach,Gokarna,14.551794,74.310379,nature,beach,Beach,0,0,6,,,,0
r5914835,Gokarna Kamala Beach,Gokarna,14.588826,74.295306,nature,beach,Beach,0,0,5,,,,0
w398293962,Gudeangadi Beach,Gokarna,14.468315,74.372777,nature,beach,Beach,0,0,3,,,,0
r5932304,Half Moon Beach,Gokarna,14.517973,74.331146,nature,beach,Beach,0,0,5,,,,0
w397769385,Heaven Beach,Gokarna,14.511487,74.358729,nature,beach,Beach,0,0,2,,,,0
w496625210,Holanagadde beach,Gokarna,14.452686,74.378487,nature,beach,Beach,0,0,3,,,,0
w388995354,Honey Beach Honnebail,Gokarna,14.616419,74.279117,nature,beach,Beach,0,0,2,,,,0
w398146189,Hussain Bele,Gokarna,14.508045,74.35523,nature,beach,Beach,0,0,2,,,,0
w496624802,Kadle beach,Gokarna,14.443018,74.381501,nature,beach,Beach,0,0,3,,,,0
w398293961,Kagala Beach,Gokarna,14.490467,74.363647,nature,beach,Beach,0,0,4,,,,0
w348606376,Kasarkod Eco Beach,Gokarna,14.261513,74.432106,nature,beach,Beach,0,0,2,,,,0
r5934584,Kudle Beach,Gokarna,14.528316,74.315294,nature,beach,Beach,0,0,7,,,,0
w448479720,Kumta Beach,Gokarna,14.418643,74.389846,nature,beach,Beach,0,0,4,,,,0
w398293963,Mangodlu beach,Gokarna,14.432709,74.383337,nature,beach,Beach,0,0,3,,,,0
n1888467581,Mohini Betta,Gokarna,14.588649,74.566451,nature,peak,Nature,0,0,5,,,,0
n14066173101,Nagarmadi Waterfall,Gokarna,14.777713,74.179424,nature,waterfall,Nature,0,0,2,,,,0
r5926076,Om Beach,Gokarna,14.519076,74.32227,nature,beach,Beach,0,0,6,,,,0
r5932313,Paradise Beach,Gokarna,14.518147,74.33742,nature,beach,Beach,0,0,5,,,,0
w179802734,Rabindranath Tagore Beach,Gokarna,14.81674,74.124675,nature,beach,Beach,0,0,6,,,,0
w397396912,Ramanagindi beach,Gokarna,14.363088,74.405348,nature,beach,Beach,0,0,4,,,,0
w404888157,Secret Beach,Gokarna,14.505705,74.354517,nature,beach,Beach,0,0,2,,,,0
n4491077533,Shirvegudda,Gokarna,14.867275,74.317093,nature,peak,Nature,0,0,3,,,,0
n3696894523,Shiva cave,Gokarna,14.534897,74.317204,nature,cave_entrance,Nature,0,0,3,,,,0
w398293648,Vannalli beach,Gokarna,14.426807,74.384117,nature,beach,Beach,0,0,4,,,,0
n4461240133,Vibhuti falls,Gokarna,14.59835,74.551366,nature,waterfall,Nature,0,0,6,,,,0
w461078306,Aravali Biodiversity Park,Gurgaon,28.494688,77.118248,activity,nature_reserve,Activity,0,0,5,,,,0
n10598471421,Climb Central Delhi,Gurgaon,28.484486,77.129079,activity,climbing,Activity,0,0,14,,,,0
w58763916,Fun and Food Village,Gurgaon,28.524119,77.084881,activity,theme_park,Activity,0,0,2,,,,0
n4704984892,SGT university,Gurgaon,28.472058,76.91097,activity,camp_site,Activity,0,0,3,,,,0
r21132682,Sultanpur National Park,Gurgaon,28.460497,76.890231,activity,nature_reserve,Activity,1,0,10,Reserve forest around the Sultanpur lake for bird watching.,,,1
w1295220280,The Crashpad Mangar,Gurgaon,28.367281,77.181004,activity,camp_site,Activity,0,0,4,,,,0
w25524721,Wet N Wild Water Park,Gurgaon,28.376752,76.962834,activity,water_park,Activity,0,0,3,,,,0
n12002537737,Wolcher Sector,Gurgaon,28.36471,77.185352,activity,climbing,Activity,0,0,3,,,,0
w189447678,Bharat Vandana Park,Gurgaon,28.571184,77.059077,nature,park,Nature,1,0,9,,,,1
w143476055,Damdama Lake,Gurgaon,28.307274,77.131748,nature,lake,Nature,0,0,5,,,,0
w1058245114,Dhak Chic Lake,Gurgaon,28.328483,77.155749,nature,lake,Nature,0,0,3,,,,0
n4246773389,Fort 2 - PedalYatri,Gurgaon,28.377771,77.119565,nature,peak,Nature,0,0,4,Worship point for all Pedal Yatris,,,0
w815585780,Kathouta Lake (कठौता झील),Gurgaon,28.351385,77.138462,nature,lake,Nature,0,0,3,,,,0
w1000206382,Lake Baikal,Gurgaon,28.350115,77.135129,nature,lake,Nature,0,0,3,,,,0
w468979245,Leisure Valley,Gurgaon,28.469155,77.064795,nature,lake,Nature,0,0,3,,,,0
w638678971,LuLu Lake - PY,Gurgaon,28.357021,77.148805,nature,lake,Nature,0,0,3,,,,0
n4816960082,Mt. Gaga Lulu - PY,Gurgaon,28.356176,77.151265,nature,peak,Nature,0,0,3,,,,0
n9220053265,Mt. Jhalna,Gurgaon,28.361886,77.150565,nature,peak,Nature,0,0,2,,,,0
w815585704,The Betal Lake - Pedalyatri,Gurgaon,28.353133,77.133163,nature,lake,Nature,0,0,3,,,,0
w1189131925,marshes,Gurgaon,28.678566,76.85178,nature,lake,Nature,0,0,3,,,,0
n6504637486,Casa Picasso Statue,Gurgaon,28.41629,77.091673,sight,attraction,Heritage,0,0,2,,,,0
n5350937424,DLF Cyber Hub,Gurgaon,28.496295,77.089192,sight,attraction,Heritage,0,0,2,,,,0
w266639968,Gold Souk,Gurgaon,28.450744,77.078718,sight,attraction,Heritage,0,0,21,,,,0
n438033023,IFFCO Chowk,Gurgaon,28.477172,77.068221,sight,attraction,Heritage,0,0,2,,,,0
w24501701,Leisure Valley Park,Gurgaon,28.469197,77.066087,sight,attraction,Heritage,0,0,4,,,,0
w351065866,Museum Of Folk And Tribal Art,Gurgaon,28.47077,77.009668,sight,museum,Museum,0,0,7,,,,0
n8858817017,Queen's Residency,Gurgaon,28.431704,77.074332,sight,attraction,Heritage,0,0,2,,,,0
n6504637490,Rose Garden,Gurgaon,28.415712,77.09181,sight,attraction,Heritage,0,0,2,,,,0
n7040336785,Sanskriti Kendra,Gurgaon,28.487907,77.127771,sight,museum,Museum,0,0,2,,,,0
n249221479,South City - I Gate,Gurgaon,28.462338,77.065886,sight,attraction,Heritage,0,0,5,,,,0
w1164881809,Titus Museum,Gurgaon,28.456694,77.156634,sight,museum,Museum,1,0,4,,,,1
n4246350044,Assam State Zoo cum Botanical Garden,Guwahati,26.163652,91.782706,activity,zoo,Activity,1,0,4,,"Mo-Th, Sa, Su 00:00-00:00",,1
w677514328,Deepor Beel WLS,Guwahati,26.119987,91.644409,activity,nature_reserve,Activity,1,0,6,,,,1
w1240239808,Mridu Jungle Camp,Guwahati,26.022306,91.757477,activity,camp_site,Activity,0,0,9,,,,0
w666517430,Nongkhyllem WLS,Guwahati,25.879438,91.775215,activity,nature_reserve,Activity,1,0,6,,,,1
n1577816061,Assam State Museum,Guwahati,26.185288,91.752382,sight,museum,Museum,1,0,3,,,,1
n6161175885,Deepor Beel,Guwahati,26.113057,91.655385,sight,attraction,Heritage,0,0,2,,,,0
n5049494655,Deepor Beel viewing point,Guwahati,26.113172,91.65561,sight,viewpoint,Viewpoint,0,0,2,,,,0
n5968122694,Gandhi Mandap,Guwahati,26.177378,91.768102,sight,attraction,Heritage,0,0,2,,,,0
n12976415063,Garima Palace,Guwahati,26.182783,91.740701,sight,castle,Heritage,0,0,3,,,,0
n1577848322,Gateway of Assam,Guwahati,26.187269,91.74046,sight,attraction,Heritage,0,0,2,,,,0
n1577816075,Guwahati Planetarium,Guwahati,26.191479,91.751978,sight,museum,Museum,1,0,5,,,,1
n6161176228,Kamakhya Temple,Guwahati,26.165107,91.70593,sight,attraction,Heritage,0,0,2,,,,0
w574883142,Lachit Borphukan,Guwahati,26.180279,91.733885,sight,monument,Heritage,0,0,2,,,,0
w157586070,Maa Kamakhya Mandir,Guwahati,26.166785,91.705381,sight,attraction,Heritage,1,0,7,,,,1
w574857588,Northbroke Gate,Guwahati,26.1874,91.740606,sight,monument,Heritage,0,0,2,,,,0
n8345961317,Science Museum,Guwahati,26.121078,91.816512,sight,museum,Museum,0,0,4,,Mo-Su 10:00-17:00,,0
n6588464631,Srimanta Sankardev Kalakshetra,Guwahati,26.132842,91.821536,sight,attraction,Heritage,0,0,3,,,,0
n1579094744,State Art Gallery,Guwahati,26.184946,91.753884,sight,museum,Museum,0,0,2,,,,0
n1578252895,Sukreshwar Ghat,Guwahati,26.187196,91.740204,sight,attraction,Heritage,0,0,2,,,,0
n1579094747,Umananda Mandir,Guwahati,26.196582,91.745142,sight,place_of_worship,Temple,1,0,4,,,,1
n13516940927,champa,Guwahati,26.172906,91.735076,sight,castle,Heritage,0,0,3,,,,0
n13630807507,Egg Boulders,Hampi,15.3438,76.455549,activity,climbing,Activity,0,0,3,,,,0
n13630807506,Goan Corner,Hampi,15.341485,76.461557,activity,climbing,Activity,0,0,3,,,,0
n10302395860,Golden Boulders Climbing & Adventure,Hampi,15.348613,76.466256,activity,climbing,Activity,0,0,13,"Offers climbing, bouldering, yoga und slackline equipment for sale and rent as well as classes. Also serves coffee and cakes.",08:00-22:00,,0
n13630719299,Hampi,Hampi,15.342069,76.460408,activity,climbing,Activity,0,0,5,"So many boulders, so many routes - best!",,,0
n10314682786,Little Cave,Hampi,15.342679,76.459864,activity,climbing,Activity,0,0,4,,,,0
n8173087820,Party Boulder,Hampi,15.342832,76.461083,activity,climbing,Activity,0,0,3,,,,0
n13630799596,Rishimuk plateau,Hampi,15.340865,76.464049,activity,climbing,Activity,0,0,3,,,,0
n3164910561,T B Dam Zoo & Park,Hampi,15.264291,76.341461,activity,zoo,Activity,0,0,3,,,,0
w1389900382,Vajapayee Zoological Park,Hampi,15.264696,76.47405,activity,zoo,Activity,0,0,6,,,,0
n13390837137,Big,Hampi,15.332667,76.438475,nature,waterfall,Nature,0,0,2,,,,0
n340354874,Gandhamadana,Hampi,15.336862,76.473903,nature,peak,Nature,0,0,3,,,,0
n13002153281,Hemagudda,Hampi,15.437866,76.385931,nature,peak,Nature,0,0,3,,,,0
n340354825,Hemakuta,Hampi,15.332915,76.460297,nature,peak,Nature,0,0,3,,,,0
n12766061749,Joladarashi Betta,Hampi,15.252675,76.376189,nature,peak,Nature,0,0,3,,,,0
n12484220880,Krauncha Giri,Hampi,15.008443,76.564922,nature,peak,Nature,0,0,3,,,,0
n340355670,Malayavanta,Hampi,15.324731,76.488463,nature,peak,Nature,0,0,4,,,,0
n340354760,Matanga Hill,Hampi,15.331569,76.468384,nature,peak,Nature,1,0,6,,,,1
n11575804879,Prehistoric Cave Paintings,Hampi,15.358446,76.475176,nature,cave_entrance,Nature,0,0,3,,,,0
n340364826,Rushyamuka hill,Hampi,15.340762,76.466733,nature,peak,Nature,0,0,6,,,,0
n11553723791,Shabari Cave,Hampi,15.357446,76.476672,nature,cave_entrance,Nature,0,0,3,,,,0
n1148814876,Sugriva's Cave,Hampi,15.338729,76.470989,nature,cave_entrance,Nature,0,0,3,,,,0
n4552190389,Swimming spot,Hampi,15.345612,76.435377,nature,waterfall,Nature,0,0,2,,,,0
n13383438798,Vali Cave,Hampi,15.354143,76.480729,nature,cave_entrance,Nature,0,0,2,,,,0
w1364601441,4 Pillar Structure,Hampi,15.334107,76.459756,sight,ruins,Heritage,0,0,4,,,,0
w1364311361,Achyutaraya Temple Main Gate,Hampi,15.332617,76.47014,sight,archaeological_site,Heritage,0,0,6,,,,0
n6271193386,Anegundi Fort,Hampi,15.353911,76.482167,sight,castle,Heritage,0,0,4,,,,0
n11575813432,Anjanadri Hills Sunset Point,Hampi,15.355364,76.468508,sight,viewpoint,Viewpoint,0,0,2,,,,0
n707020711,Archaelogical Museum,Hampi,15.307375,76.477209,sight,museum,Museum,0,0,6,,Sa-Th 09:00-17:00,yes,0
n1427080593,Band Tower,Hampi,15.316926,76.467038,sight,ruins,Heritage,0,0,2,,,,0
w129325631,Bhima's Gateway,Hampi,15.312812,76.480373,sight,ruins,Heritage,0,0,2,,,,0
n2115400753,Bhimana kindi,Hampi,15.417948,76.462202,sight,archaeological_site,Heritage,0,0,3,,,,0
n340371584,Bhojanasala,Hampi,15.313857,76.468633,sight,ruins,Heritage,0,0,3,,,,0
w1124055294,Bukka Aqueduct,Hampi,15.346472,76.453226,sight,ruins,Heritage,0,0,3,,,,0
w1364311360,Ceremonial Hall,Hampi,15.332425,76.469936,sight,ruins,Heritage,0,0,5,,,,0
n340356076,Chakra Tirtha,Hampi,15.336179,76.467848,sight,archaeological_site,Heritage,0,0,3,,,,0
n2115400727,Chikka Benakallu(mountain),Hampi,15.417039,76.457082,sight,archaeological_site,Heritage,0,0,3,,,,0
n2115400220,Chikkabenakallu,Hampi,15.417253,76.457569,sight,archaeological_site,Heritage,0,0,3,,,,0
n8431715018,Cliff Jumping Point,Hampi,15.35772,76.434269,sight,attraction,Heritage,0,0,2,,,,0
n2419123916,Daroji Sloth Bear Sanctuary,Hampi,15.275226,76.563603,sight,viewpoint,Viewpoint,0,0,3,,,,0
n13390806366,Durga Temple,Hampi,15.335662,76.458738,sight,ruins,Heritage,0,0,3,,,,0
w1364710670,East Sule Bazaar Arcade,Hampi,15.333694,76.469938,sight,ruins,Heritage,0,0,3,,,,0
w129323695,Elephant Stables,Hampi,15.321109,76.472781,sight,ruins,Heritage,0,0,5,,,,0
w129325632,Ganagitti Jain Temple,Hampi,15.313455,76.478157,sight,ruins,Heritage,0,0,5,,,,0
w129325633,Gejjala Mantapa,Hampi,15.339778,76.48494,sight,ruins,Heritage,0,0,3,,,,0
w823174016,Group of Monuments at Hampi,Hampi,15.328928,76.470519,sight,archaeological_site,Heritage,1,0,27,,,,1
r9244447,Guard's Quarters,Hampi,15.321618,76.472282,sight,ruins,Heritage,0,0,4,,,,0
w1554351777,Guard's house,Hampi,15.321289,76.472,sight,ruins,Heritage,0,0,3,,,,0
n339933894,Guards' Barracks,Hampi,15.314922,76.46962,sight,ruins,Heritage,0,0,2,,,,0
n6271193385,Hanumana Pada,Hampi,15.330719,76.480667,sight,attraction,Heritage,0,0,4,,,,0
n4550330701,Hemakuta Hill Temples,Hampi,15.332928,76.459355,sight,ruins,Heritage,0,0,2,,,,0
n339934121,Horse Stables,Hampi,15.317424,76.469756,sight,ruins,Heritage,0,0,3,,,,0
w234751391,Jain Temples,Hampi,15.334393,76.458741,sight,archaeological_site,Heritage,0,0,3,,,,0
n1668645383,Jain temple,Hampi,15.326171,76.481212,sight,monument,Heritage,0,0,5,,,,0
n2115400262,Jambunatha Garbha Gudi,Hampi,15.237122,76.40843,sight,archaeological_site,Heritage,0,0,5,,,,0
n2115400267,Jambunatha Temple,Hampi,15.237101,76.407867,sight,archaeological_site,Heritage,0,0,3,,,,0
n2072949902,"Kaalikamba Temple, Hospet",Hampi,15.266848,76.391076,sight,archaeological_site,Heritage,0,0,3,,,,0
n13641272661,Kammata Durga Fort,Hampi,15.410487,76.377485,sight,fort,Heritage,0,0,2,,,,0
w462664168,King's Audience Hall,Hampi,15.316405,76.469253,sight,ruins,Heritage,0,0,3,,,,0
n676875322,King's Balance,Hampi,15.340923,76.474222,sight,monument,Heritage,0,0,3,,,,0
n2115400284,Kinnereshwara,Hampi,15.368246,76.533794,sight,archaeological_site,Heritage,0,0,3,,,,0
n12628402455,Koteshankara Gateway,Hampi,15.319039,76.461727,sight,ruins,Heritage,0,0,5,,,,0
w688715198,Krishna Bazaar,Hampi,15.329835,76.463422,sight,ruins,Heritage,0,0,4,,,,0
w123463602,Krishna Pushkarini,Hampi,15.341749,76.479671,sight,ruins,Heritage,0,0,5,,,,0
w129325634,Kuduregombe Mantapa,Hampi,15.340829,76.480481,sight,ruins,Heritage,0,0,6,,,,0
n9679115817,Little stone beach,Hampi,15.357633,76.43437,sight,attraction,Heritage,0,0,2,,,,0
w931092275,Lotus Mahal,Hampi,15.320284,76.471395,sight,monument,Heritage,0,0,6,,,,0
w462664169,Mahanavami Dibba,Hampi,15.315964,76.470843,sight,monument,Heritage,0,0,8,,,,0
n4550329208,Monolithic Bull,Hampi,15.333876,76.466854,sight,ruins,Heritage,0,0,3,,,,0
n2115400289,Mula Virupaksha,Hampi,15.333238,76.459661,sight,archaeological_site,Heritage,0,0,3,,,,0
w1262196670,Muslim Tomb and Darga,Hampi,15.31043,76.448788,sight,ruins,Heritage,0,0,2,,,,0
n1427115927,Muslim Tombs,Hampi,15.310592,76.448901,sight,ruins,Heritage,0,0,2,,,,0
n1673175512,Naddkall Durgamma Temple,Hampi,15.318231,76.478784,sight,monument,Heritage,0,0,4,,,,0
w1245171146,Nammalawar Temple,Hampi,15.341646,76.474259,sight,ruins,Heritage,0,0,3,,,,0
w1460223451,Nobleman's Palace,Hampi,15.318128,76.465151,sight,ruins,Heritage,0,0,3,,,,0
w1460223449,Noblemen's Quarters,Hampi,15.320257,76.465002,sight,ruins,Heritage,0,0,4,,,,0
w688715202,Octagonal Water Pavilion,Hampi,15.314297,76.467893,sight,ruins,Heritage,0,0,4,,,,0
n1148814958,Open Air Sculpture Museum,Hampi,15.319603,76.469729,sight,museum,Museum,0,0,3,,,no,0
n12635314867,Palace Ruins,Hampi,15.317274,76.474726,sight,archaeological_site,Heritage,0,0,4,,,,0
n12635314852,Palace Ruins (possibly an ancient guest house),Hampi,15.317415,76.474894,sight,archaeological_site,Heritage,0,0,3,,,,0
n6271193885,Panorama view (access via Anegundi Fort),Hampi,15.352291,76.479061,sight,viewpoint,Viewpoint,0,0,3,,,,0
n2115400682,Papanashana tirta,Hampi,15.406368,76.488182,sight,archaeological_site,Heritage,0,0,2,,,,0
n1676740758,Parameshwara Temple,Hampi,15.33553,76.458784,sight,ruins,Heritage,0,0,3,,,,0
n977478684,Photo Museum,Hampi,15.334071,76.466357,sight,museum,Museum,0,0,3,,Tu-Su,,0
w1365951649,Pit,Hampi,15.316098,76.470256,sight,monument,Heritage,0,0,3,,,,0
w931077863,Plinth,Hampi,15.315589,76.469854,sight,ruins,Heritage,0,0,6,,,,0
w929180371,Public Bath,Hampi,15.314337,76.470475,sight,ruins,Heritage,0,0,4,,,,0
n977472885,Purandara Mandapa,Hampi,15.341993,76.472437,sight,ruins,Heritage,0,0,3,,,,0
w84305639,Pushkarini,Hampi,15.33494,76.46944,sight,ruins,Heritage,0,0,3,,,,0
r12566025,Pushkarini - Queen's Bath,Hampi,15.313416,76.472676,sight,attraction,Heritage,0,0,9,,,,0
n676875271,Raghunatha Temple,Hampi,15.324517,76.48781,sight,monument,Heritage,0,0,4,,,,0
n980400748,Ranga Mantapa,Hampi,15.333765,76.466886,sight,ruins,Heritage,0,0,3,,,,0
n1668645420,Ranga Temple,Hampi,15.31942,76.471883,sight,monument,Heritage,0,0,6,,,,0
w129323697,Royal Mint,Hampi,15.318381,76.467574,sight,ruins,Heritage,0,0,3,,,,0
n12633733341,Ruined Temple,Hampi,15.334774,76.470363,sight,archaeological_site,Heritage,0,0,3,,,,0
w809919927,Ruined bridge,Hampi,15.34156,76.471027,sight,ruins,Heritage,0,0,3,,,,0
w129325636,Sarasvati Temple,Hampi,15.315262,76.474573,sight,ruins,Heritage,0,0,3,,,,0
n4191584495,Sculpture museum,Hampi,15.321674,76.472253,sight,museum,Museum,0,0,5,,Sa-Th 10:00-17:00,no,0
n1668645410,Shaiva temple,Hampi,15.321206,76.47472,sight,monument,Heritage,0,0,5,,,,0
n1676740761,Shankeshwara temple,Hampi,15.335445,76.458783,sight,ruins,Heritage,0,0,3,,,,0
w657838093,Shiva Temple,Hampi,15.343941,76.476357,sight,archaeological_site,Heritage,0,0,4,,,,0
w657845271,Shivalaya Temple,Hampi,15.337349,76.471185,sight,archaeological_site,Heritage,0,0,4,,,,0
n1668645414,Shringarada hebbagilu,Hampi,15.32222,76.476345,sight,monument,Heritage,0,0,5,,,,0
n12633733390,Small Temple (no-named),Hampi,15.332239,76.471244,sight,archaeological_site,Heritage,0,0,3,,,,0
n2072718460,Somanatakote Durgamma,Hampi,15.346447,76.357295,sight,monument,Heritage,0,0,3,,,,0
n2115400313,Somanatheshwara,Hampi,15.342598,76.361414,sight,archaeological_site,Heritage,0,0,4,,,,0
n1668645418,Somavarada hebbagilu,Hampi,15.319264,76.477716,sight,monument,Heritage,0,0,5,,,,0
w252723635,Stepwell,Hampi,15.315017,76.470335,sight,attraction,Heritage,0,0,6,,,,0
w338585794,Stone Chariot,Hampi,15.342256,76.475898,sight,attraction,Heritage,0,0,5,,,,0
n6161853552,Stone Doors,Hampi,15.316461,76.470896,sight,ruins,Heritage,0,0,2,,,,0
n2115400689,Sudha tirta,Hampi,15.406738,76.487883,sight,archaeological_site,Heritage,0,0,2,,,,0
n6261539285,Sule Bazaar,Hampi,15.334009,76.470057,sight,attraction,Heritage,0,0,2,,,,0
n12637207026,Sunkada Bagilu,Hampi,15.362489,76.496615,sight,ruins,Heritage,0,0,3,Ruined Gate,,,0
w1365951644,Sunken Pit,Hampi,15.315953,76.470426,sight,monument,Heritage,0,0,3,,,,0
n980400456,Sunset Point,Hampi,15.332676,76.459409,sight,viewpoint,Viewpoint,0,0,2,,,,0
n13386427121,Sunset point Hemakuta Hill,Hampi,15.332433,76.459598,sight,viewpoint,Viewpoint,0,0,3,,,,0
n6268174685,Sunset viewpoint with temple and the river valley (for climbers),Hampi,15.343185,76.479706,sight,viewpoint,Viewpoint,0,0,2,,,,0
n2429395318,Temple,Hampi,15.282458,76.527083,sight,monument,Heritage,0,0,3,,,,0
n1148814960,Temple Elephant Bathing,Hampi,15.336969,76.457964,sight,attraction,Heritage,0,0,3,,08:00-08:30,,0
n12628402456,Tenali Rama Pavilion,Hampi,15.322477,76.469647,sight,ruins,Heritage,0,0,4,,,,0
w129323699,Treasury Building,Hampi,15.321188,76.470292,sight,ruins,Heritage,0,0,3,,,,0
n14141038533,Ugra Narasimha,Hampi,15.329114,76.458941,sight,monument,Heritage,0,0,3,,,,0
n339933896,Underground Chamber,Hampi,15.315909,76.469922,sight,ruins,Heritage,0,0,2,,,,0
n2115400330,Vaanibhadreshwara,Hampi,15.405745,76.487279,sight,archaeological_site,Heritage,0,0,3,,,,0
n1668645422,Vaishnava temple,Hampi,15.320951,76.474329,sight,monument,Heritage,0,0,5,,,,0
n2115400687,Vanibadreshwara temple,Hampi,15.406417,76.487767,sight,archaeological_site,Heritage,0,0,3,,,,0
w140192978,Vijaya Vitthala Temple,Hampi,15.342266,76.475469,sight,museum,Museum,1,0,16,,,yes,1
w450194541,Virupaksha Temple,Hampi,15.335171,76.458682,sight,place_of_worship,Temple,1,0,8,,,,1
n1676740767,Virupaksha rear entrance,Hampi,15.335682,76.458439,sight,archaeological_site,Heritage,0,0,4,,,,0
w657838094,Vishnu Temple II,Hampi,15.336432,76.470816,sight,archaeological_site,Heritage,0,0,4,,,,0
w931120848,Water Pavilion,Hampi,15.320229,76.470645,sight,ruins,Heritage,0,0,4,,,,0
w657944852,Zenana,Hampi,15.320854,76.47089,sight,ruins,Heritage,0,0,3,,,,0
n6926606386,view on the lake,Hampi,15.361028,76.437029,sight,viewpoint,Viewpoint,0,0,3,,,,0
r8815465,Rajaji National Park/Tiger Reserve,Haridwar,30.062775,78.129997,activity,nature_reserve,Activity,1,0,9,,,,1
n9476383272,Chandi Devi Temple,Haridwar,29.93355,78.180127,sight,place_of_worship,Temple,1,0,13,,,,1
n5984981985,Har ki Pauri,Haridwar,29.956638,78.170862,sight,attraction,Heritage,1,0,12,,,,1
n1758916125,Lord Shiva Statue,Haridwar,29.958746,78.174811,sight,monument,Heritage,0,0,3,,,,0
n567473869,Mansa Devi Temple,Haridwar,29.957927,78.16524,sight,place_of_worship,Temple,1,0,9,,,,1
w227300585,Museum,Haridwar,29.921601,78.122743,sight,museum,Museum,0,0,3,,,,0
w52097541,Acharya Jagadish Chandra Bose Indian Botanic Garden,Howrah,22.558448,88.291925,nature,park,Nature,1,0,8,,tu-su 06:00-17:00,,1
w971981456,Bagnan Railway Lake 1,Howrah,22.462209,87.972563,nature,lake,Nature,0,0,3,,,,0
w971981457,Bagnan Railway Lake 2,Howrah,22.46167,87.969938,nature,lake,Nature,0,0,3,,,,0
w517920538,Bidisha Lake,Howrah,22.555152,88.305577,nature,lake,Nature,0,0,3,,,,0
w225954127,Diwan Lake,Howrah,22.559628,88.29109,nature,lake,Nature,0,0,3,,,,0
w134097982,Dumurjola Lake,Howrah,22.588807,88.308663,nature,lake,Nature,0,0,3,,,,0
w225954465,Janardan Lake,Howrah,22.55804,88.291626,nature,lake,Nature,0,0,3,,,,0
w1493436135,Jheelpar,Howrah,22.703657,88.34223,nature,lake,Nature,0,0,3,,,,0
r3004256,Kings Lake,Howrah,22.55934,88.288487,nature,lake,Nature,0,0,4,,,,0
w698811900,Koylar Pukur,Howrah,22.531854,88.249308,nature,lake,Nature,0,0,4,,,,0
w225953846,Kunstier Lake,Howrah,22.560062,88.290017,nature,lake,Nature,0,0,3,,,,0
w427566668,Lakhi Pukur,Howrah,22.769814,88.22495,nature,lake,Nature,0,0,3,,,,0
r3003783,Leram Lake,Howrah,22.555807,88.298508,nature,lake,Nature,0,0,4,,,,0
w226962351,Lotus Pool,Howrah,22.560901,88.291954,nature,lake,Nature,0,0,3,,,,0
w427566437,Malipkur,Howrah,22.764739,88.215222,nature,lake,Nature,0,0,3,,,,0
w143609605,National Library,Howrah,22.532829,88.333484,nature,park,Nature,1,0,9,,,,1
w225522457,Neem Lake,Howrah,22.555809,88.302146,nature,lake,Nature,0,0,3,,,,0
r3004575,Prain Lake,Howrah,22.558479,88.286713,nature,lake,Nature,0,0,4,,,,0
w521553178,Rishra Jhil,Howrah,22.725864,88.343045,nature,lake,Nature,0,0,4,,,,0
w544453337,Santragachhi Jheel,Howrah,22.584125,88.292795,nature,lake,Nature,0,0,3,,,,0
w226962353,Scoriechine Lake,Howrah,22.561662,88.290998,nature,lake,Nature,0,0,3,,,,0
w225951808,Shadir Lake,Howrah,22.556321,88.293788,nature,lake,Nature,0,0,3,,,,0
w915898487,Vivekananda lake,Howrah,22.467226,87.970483,nature,lake,Nature,0,0,3,,,,0
w688498176,jagacha lake,Howrah,22.591868,88.282125,nature,lake,Nature,0,0,3,,,,0
w1267903656,jheel,Howrah,22.547934,88.254756,nature,lake,Nature,0,0,4,,,,0
w745642653,shivaji pond,Howrah,22.595306,88.293328,nature,lake,Nature,0,0,3,,,,0
n5982424388,Giant lilly garden,Howrah,22.559477,88.290753,sight,attraction,Heritage,0,0,2,,,,0
n5982424585,Guard house,Howrah,22.557404,88.287338,sight,attraction,Heritage,0,0,2,,,,0
n5982424389,Large palm house,Howrah,22.559186,88.290557,sight,attraction,Heritage,0,0,3,,,,0
n4567623237,MUNICIPALITY,Howrah,22.499075,88.2277,sight,monument,Heritage,0,0,4,,,,0
n13915062452,The Great Banyan Tree,Howrah,22.560825,88.286664,sight,attraction,Heritage,1,0,14,,,,1
w320765669,Devaragudihala Lake,Hubli,15.330872,75.051899,nature,lake,Nature,0,0,4,,,,0
w131172019,Kyarakoppa Kere,Hubli,15.442987,74.937379,nature,lake,Nature,0,0,6,,,,0
n2960537553,Mailarlingeshwara Betta,Hubli,15.44156,75.020593,nature,peak,Nature,0,0,3,,,,0
n2875879603,Nrupathunga Betta,Hubli,15.376454,75.129042,nature,peak,Nature,0,0,4,,,,0
w112358408,Sadhanakeri Kere,Hubli,15.464468,74.986787,nature,lake,Nature,0,0,5,,,,0
w134461017,Santhosh Nagar Lake,Hubli,15.375074,75.137992,nature,lake,Nature,0,0,7,,,,0
r5847193,Unakal Kere,Hubli,15.378198,75.104817,nature,lake,Nature,0,0,5,,,,0
n4752462141,Basava Vana,Hubli,15.352454,75.134427,sight,monument,Heritage,0,0,4,,,,0
n1575774542,Dr. B R Ambedkar Statue,Hubli,15.362611,75.131265,sight,monument,Heritage,0,0,4,,,,0
w835580269,Electric locomotive WAM-4 21320,Hubli,15.352568,75.166936,sight,monument,Heritage,0,0,3,,,,0
w835580270,Locomotive,Hubli,15.352826,75.16797,sight,monument,Heritage,0,0,3,,,,0
n1575774546,Mahatma Gandhi Statue,Hubli,15.360993,75.12704,sight,monument,Heritage,0,0,4,,,,0
n1377639754,Nrupathunga Betta View Point,Hubli,15.377543,75.127875,sight,viewpoint,Viewpoint,0,0,3,,,,0
w222450721,Nrupathunga Hill Park,Hubli,15.377451,75.12795,sight,attraction,Heritage,0,0,3,,,,0
n1645493489,Sangolli Rayanna,Hubli,15.350239,75.13892,sight,attraction,Heritage,0,0,4,,,,0
w835580268,Steam locomotive,Hubli,15.35288,75.166591,sight,monument,Heritage,0,0,3,,,,0
w558535323,Jalavihar Water Park,Hyderabad,17.432029,78.465313,activity,theme_park,Activity,0,0,3,,,,0
w28268610,Kasu Brahmananda Reddy National Park,Hyderabad,17.420234,78.420104,activity,nature_reserve,Activity,1,0,13,,,,1
n8386545885,Lakshmi Ganesh Aquarium,Hyderabad,17.518581,78.395739,activity,aquarium,Activity,0,0,2,,,,0
r9447947,Mahavir Harina Vanasthali National Park,Hyderabad,17.361014,78.607838,activity,nature_reserve,Activity,1,0,8,,,,1
n2217950163,Mahavir Nischalvan Eco Tourism,Hyderabad,17.335166,78.58526,activity,nature_reserve,Activity,0,0,2,,,,0
w875042391,Mount Opera,Hyderabad,17.315093,78.721775,activity,theme_park,Activity,0,0,3,,,,0
r12490378,Mrugavani National Park,Hyderabad,17.35898,78.33926,activity,national_park,Activity,1,0,7,,,,1
w27937605,Nehru Zoological Park,Hyderabad,17.35142,78.445468,activity,zoo,Activity,1,0,16,,Sa-Th 08:30-17:30; PH off,,1
w355725660,Ocean Blue Aquariums,Hyderabad,17.524751,78.371448,activity,aquarium,Activity,0,0,3,,,,0
w544177153,Ocean Park India,Hyderabad,17.389786,78.328944,activity,water_park,Activity,0,0,2,,,,0
r19917367,Ramoji Film City,Hyderabad,17.252172,78.680232,activity,theme_park,Activity,1,0,12,,,,1
w544179717,Treasure Island,Hyderabad,17.392264,78.316766,activity,theme_park,Activity,0,0,2,,,,0
n7707961947,Wonder Fun Park and Party Zone,Hyderabad,17.434717,78.475131,activity,theme_park,Activity,0,0,2,,,,0
w682819772,Wonderla amusement park,Hyderabad,17.21687,78.528965,activity,theme_park,Activity,0,0,9,,,,0
n13518983724,military training area,Hyderabad,17.374458,78.407121,activity,camp_site,Activity,0,0,3,,,,0
n11489438733,nature,Hyderabad,17.433702,78.545676,activity,nature_reserve,Activity,0,0,2,,,,0
n12596410834,water pond,Hyderabad,17.342558,78.544424,activity,water_park,Activity,0,0,2,,,,0
w574431439,Abdullapurmet lake,Hyderabad,17.319506,78.684468,nature,lake,Nature,0,0,4,,,,0
w1001141822,Achari Kunta Lake,Hyderabad,17.518216,78.376537,nature,lake,Nature,0,0,3,,,,0
w115772000,Ameenpur Lake,Hyderabad,17.523609,78.33344,nature,lake,Nature,1,0,7,,,,1
w1472896139,BANDAMKOMMU LAKE,Hyderabad,17.51282,78.320363,nature,lake,Nature,0,0,4,,,,0
w790655281,Bairagiguda Lake,Hyderabad,17.364539,78.374684,nature,lake,Nature,0,0,3,,,,0
r10842996,Banda Cheruvu,Hyderabad,17.461255,78.545797,nature,lake,Nature,0,0,4,,,,0
w291436063,Batula Cheruvu,Hyderabad,17.319797,78.600672,nature,lake,Nature,0,0,3,,,,0
w543750079,Biodiversity Park,Hyderabad,17.429063,78.376511,nature,park,Nature,1,0,5,,,,1
w29124485,Botanical Gardens,Hyderabad,17.455051,78.356984,nature,garden,Nature,1,0,8,,,,1
w989815631,Buffalo Lake,Hyderabad,17.452213,78.326994,nature,lake,Nature,0,0,3,,,,0
r19911201,Chandana Cheruvu,Hyderabad,17.335408,78.523387,nature,lake,Nature,0,0,4,,,,0
w694317636,Chengi Cherla Perumala Cheruvu,Hyderabad,17.423807,78.608151,nature,lake,Nature,0,0,6,,,,0
w989835967,Chilakala Kunta,Hyderabad,17.445401,78.32093,nature,lake,Nature,0,0,3,,,,0
w147232637,Chinna Cheruvu,Hyderabad,17.38425,78.370158,nature,lake,Nature,0,0,6,,,,0
w1442070839,Cognitive Lake,Hyderabad,17.464441,78.33044,nature,lake,Nature,0,0,6,,,,0
n2714358969,Devatala Gutta (MSL +630),Hyderabad,17.295733,78.513267,nature,peak,Nature,0,0,2,,,,0
w905262190,Eedula Cheruvu,Hyderabad,17.309242,78.634522,nature,lake,Nature,0,0,3,,,,0
n7380335856,Fakhruddin Gutta,Hyderabad,17.409789,78.365184,nature,peak,Nature,0,0,3,,,,0
w158331211,Gangaram Cheruvu,Hyderabad,17.500034,78.331075,nature,lake,Nature,0,0,4,,,,0
w989835969,Garloni Kunta,Hyderabad,17.463122,78.319333,nature,lake,Nature,0,0,3,,,,0
w1324064006,Gnyankund,Hyderabad,17.437518,78.3232,nature,lake,Nature,0,0,3,,,,0
n2714284426,Gopanapally Lake,Hyderabad,17.45129,78.303323,nature,lake,Nature,0,0,2,,,,0
r10207305,Gurram Cheruvu,Hyderabad,17.317799,78.488519,nature,lake,Nature,0,0,4,,,,0
r5411363,Himayat Sagar,Hyderabad,17.313506,78.353632,nature,lake,Nature,1,0,13,,,,1
w362966095,Himayat Sagar,Hyderabad,17.282332,78.361193,nature,lake,Nature,0,0,4,,,,0
w29251874,IDPL Tank,Hyderabad,17.478574,78.412784,nature,lake,Nature,0,0,3,,,,0
n2714223116,ISB Lake,Hyderabad,17.43236,78.33941,nature,lake,Nature,0,0,2,,,,0
w115702044,Ibrahimpatnam Cheruvu,Hyderabad,17.192941,78.62509,nature,lake,Nature,0,0,3,,,,0
w738106931,Imamguda lake,Hyderabad,17.306382,78.691485,nature,lake,Nature,0,0,3,,,,0
w29124111,Indira Park,Hyderabad,17.414664,78.482673,nature,park,Nature,1,0,10,,,,1
w1455961727,Indira Sagar,Hyderabad,17.258608,78.688265,nature,lake,Nature,0,0,3,,,,0
w740932271,Injapur Cheruvu,Hyderabad,17.288492,78.58365,nature,lake,Nature,0,0,3,,,,0
w29124311,Jalagam Vengal Rao Park,Hyderabad,17.422938,78.44814,nature,park,Nature,1,0,6,,,,1
n2949063980,Jalal Pahad,Hyderabad,17.325878,78.45281,nature,peak,Nature,0,0,2,,,,0
w271680422,Kandi Kunta,Hyderabad,17.516816,78.350799,nature,lake,Nature,0,0,3,,,,0
w450373046,Kappala Cheruvu,Hyderabad,17.314777,78.570068,nature,lake,Nature,0,0,3,,,,0
w265159686,Kapra lake,Hyderabad,17.493917,78.553475,nature,lake,Nature,1,0,5,,,,1
w661188648,Khajaguda Lake,Hyderabad,17.41475,78.361778,nature,lake,Nature,1,0,5,,,,1
r1988398,Khajaguda Talab,Hyderabad,17.425317,78.372715,nature,lake,Nature,1,0,9,,,,1
w1420118048,Kindi Kunta Lake,Hyderabad,17.505183,78.391167,nature,lake,Nature,0,0,3,,,,0
n2949063982,Koh E Tur,Hyderabad,17.33015,78.467018,nature,peak,Nature,0,0,2,,,,0
w686325013,Kokapet Lake,Hyderabad,17.402362,78.327488,nature,lake,Nature,0,0,3,,,,0
w450510026,Kummari Kunta,Hyderabad,17.32341,78.596467,nature,lake,Nature,0,0,3,,,,0
w461997210,Kuntloor Cheruvu,Hyderabad,17.347889,78.618646,nature,lake,Nature,0,0,3,,,,0
w557851060,Kurmalguda Cheruvu,Hyderabad,17.2678,78.516174,nature,lake,Nature,0,0,3,,,,0
r7982455,Lalgadi Malakpet Lake,Hyderabad,17.659761,78.603596,nature,lake,Nature,0,0,7,,,,0
w29124134,Lumbini Park,Hyderabad,17.40973,78.473154,nature,park,Nature,1,0,8,,,,1
w1001140160,Madhuranagar Lake,Hyderabad,17.518841,78.388651,nature,lake,Nature,0,0,3,,,,0
w122444390,Madinaguda Cheruvu,Hyderabad,17.486761,78.345885,nature,lake,Nature,0,0,3,,,,0
w274497497,Mallampet Cheruvu,Hyderabad,17.557676,78.379622,nature,lake,Nature,0,0,4,,,,0
w291435733,Mantrala Cheruvu,Hyderabad,17.323695,78.522164,nature,lake,Nature,0,0,3,,,,0
w261478392,Microsoft Lake,Hyderabad,17.43018,78.339638,nature,lake,Nature,0,0,3,,,,0
w271680421,Miyapur Cheruvu,Hyderabad,17.501399,78.358987,nature,lake,Nature,0,0,6,,,,0
w291437284,Mulagund Lake,Hyderabad,17.304965,78.411223,nature,lake,Nature,0,0,3,,,,0
w29050686,Mullakathuva Cheruvu,Hyderabad,17.46718,78.388069,nature,lake,Nature,0,0,3,,,,0
w140391601,Nacharam Cheruvu,Hyderabad,17.433452,78.548685,nature,lake,Nature,0,0,3,,,,0
w28268709,Nallacheruvu ( Uppal Mini Tank Bund ),Hyderabad,17.403352,78.57853,nature,lake,Nature,0,0,3,,,,0
r13111438,Nallagandla Chervu,Hyderabad,17.468915,78.315911,nature,lake,Nature,0,0,5,,,,0
n2894717914,Naubat Pahad,Hyderabad,17.402937,78.470608,nature,peak,Nature,0,0,4,,,,0
w274497491,Nizam Talab,Hyderabad,17.525116,78.384213,nature,lake,Nature,0,0,3,,,,0
r17966162,Noor Mohammed Cheruvu,Hyderabad,17.315526,78.427655,nature,lake,Nature,0,0,4,,,,0
w28130557,Osman Sagar,Hyderabad,17.374705,78.287766,nature,lake,Nature,1,0,15,,,,1
w747900029,Patel Cheruvu,Hyderabad,17.497252,78.351516,nature,lake,Nature,0,0,4,,,,0
w318348330,Peacock Lake,Hyderabad,17.44843,78.333906,nature,lake,Nature,0,0,3,,,,0
w28269088,Pedda Cheruvu,Hyderabad,17.421048,78.553833,nature,lake,Nature,0,0,5,,,,0
w305903668,Pedda Ravulapally cheruvu,Hyderabad,17.407672,78.839055,nature,lake,Nature,0,0,3,,,,0
w290790706,Peerzadiguda Cheruvu,Hyderabad,17.39804,78.594232,nature,lake,Nature,0,0,3,,,,0
w1324064004,"Quarry Trek, University of Hyderabad",Hyderabad,17.439496,78.322101,nature,lake,Nature,0,0,3,,,,0
w1082288768,Rajivgandhi Nagar Pond,Hyderabad,17.529731,78.367122,nature,lake,Nature,0,0,3,,,,0
w281800159,Rama Cheruvu,Hyderabad,17.427231,78.57217,nature,lake,Nature,0,0,6,,,,0
w271124286,Ramachandrapuram Cheruvu,Hyderabad,17.506331,78.294508,nature,lake,Nature,0,0,3,,,,0
w537051562,Ramakrishnapuram Cheruvu,Hyderabad,17.475922,78.533224,nature,lake,Nature,1,0,5,,,,1
w115701941,Revanpally Cheruvu,Hyderabad,17.362108,78.835487,nature,lake,Nature,0,0,5,,,,0
w1324064005,SDS Lake,Hyderabad,17.439051,78.319908,nature,lake,Nature,0,0,3,,,,0
w29124107,Sanjeevaiah Park,Hyderabad,17.431997,78.475572,nature,park,Nature,1,0,12,,05:00-19:00,,1
w27934981,Saroor Nagar Lake,Hyderabad,17.353933,78.52702,nature,lake,Nature,1,0,6,,,,1
w28196632,Shah Hatim Talab,Hyderabad,17.393544,78.413243,nature,lake,Nature,0,0,3,,,,0
w1236778106,Shambuni Kunta,Hyderabad,17.515203,78.299878,nature,lake,Nature,0,0,4,,,,0
n13108193493,TSIIC Hill Manchirevula,Hyderabad,17.376834,78.346429,nature,peak,Nature,0,0,2,,,,0
w291438377,Talla Cheruvu,Hyderabad,17.315772,78.5281,nature,lake,Nature,0,0,3,,,,0
w738103259,Tharimatipet lake,Hyderabad,17.346479,78.683472,nature,lake,Nature,0,0,3,,,,0
w90770155,Timmidkunta Lake,Hyderabad,17.457145,78.380864,nature,lake,Nature,0,0,3,,,,0
r10191256,Umda Sagar,Hyderabad,17.291554,78.455845,nature,lake,Nature,0,0,4,,,,0
w111987367,Vennalagadda Cheruvu,Hyderabad,17.504666,78.474634,nature,lake,Nature,0,0,4,,,,0
w117035111,Wipro Lake,Hyderabad,17.424902,78.342021,nature,lake,Nature,0,0,4,,,,0
w1034152794,mansoorabd,Hyderabad,17.353389,78.559883,nature,lake,Nature,0,0,3,,,,0
w274500699,patancheru,Hyderabad,17.536146,78.268729,nature,lake,Nature,0,0,3,,,,0
w738103257,pathakuntla lake,Hyderabad,17.332174,78.702443,nature,lake,Nature,0,0,3,,,,0
w738103256,peddacheruvu lake,Hyderabad,17.334422,78.704616,nature,lake,Nature,0,0,3,,,,0
w1076262687,ramanthapur lake,Hyderabad,17.401541,78.540369,nature,lake,Nature,0,0,3,,,,0
w740702842,sigma lake,Hyderabad,17.457272,78.343804,nature,lake,Nature,0,0,3,,,,0
n6808260893,18 Steps,Hyderabad,17.38974,78.395062,sight,archaeological_site,Heritage,0,0,6,,,,0
n626910659,Ajfan,Hyderabad,17.368476,78.475739,sight,monument,Heritage,0,0,4,,,,0
n5539307072,"Ambedkar Statue, Boduppal",Hyderabad,17.418368,78.584563,sight,monument,Heritage,0,0,2,,,,0
w90337179,Annamayya Concert Bhavan‎,Hyderabad,17.460533,78.376054,sight,attraction,Heritage,0,0,3,,,,0
w116436664,Annapurna Studios,Hyderabad,17.428511,78.42369,sight,attraction,Heritage,0,0,5,,,,0
w121543671,Arts College,Hyderabad,17.419202,78.52631,sight,monument,Heritage,0,0,5,,,,0
n4400596191,Ayyappa Temple,Hyderabad,17.447034,78.447842,sight,attraction,Heritage,0,0,3,,,,0
w105725101,B M Birla Planetarium,Hyderabad,17.403323,78.470717,sight,museum,Museum,0,0,3,,,,0
n3415677039,B M Birla Science Museum,Hyderabad,17.403312,78.469528,sight,museum,Museum,1,0,12,,,,1
n5135633623,"B-91, HAL Township",Hyderabad,17.470111,78.452107,sight,attraction,Heritage,0,0,4,,,,0
n10936819194,B.R.Ambedkar Statue,Hyderabad,17.41327,78.467398,sight,museum,Museum,0,0,8,,,,0
w1177107988,Basilica of Our Lady of the Assumption,Hyderabad,17.442268,78.50221,sight,place_of_worship,Temple,1,0,10,,,,1
n10836252952,Bhagwan Das Bagh,Hyderabad,17.378835,78.439451,sight,monument,Heritage,0,0,2,,,,0
w577120414,Bhagyalaxmi Temple,Hyderabad,17.361532,78.47484,sight,place_of_worship,Temple,1,0,18,,,,1
w105726070,Birla Mandir,Hyderabad,17.406064,78.469196,sight,attraction,Heritage,0,0,7,,"07:00-12:00,14:00-21:00",,0
w211408794,Buddha Statue Building complex,Hyderabad,17.415566,78.475113,sight,attraction,Heritage,0,0,7,,,,0
w238186115,Charminar,Hyderabad,17.361604,78.474639,sight,monument,Heritage,1,0,35,,09:00-17:30,,1
n11373181970,Chengicherla IDA Entrance,Hyderabad,17.411435,78.60705,sight,viewpoint,Viewpoint,0,0,3,,,,0
w361691482,Chiraan Palace,Hyderabad,17.420323,78.421134,sight,castle,Heritage,0,0,4,,,,0
w116031164,Chowmahalla Palace,Hyderabad,17.357542,78.471566,sight,attraction,Heritage,1,0,13,,,,1
n321710524,Clock Tower,Hyderabad,17.440901,78.498555,sight,monument,Heritage,0,0,3,,,,0
n626901359,Dabeerpura darwaza,Hyderabad,17.367922,78.485169,sight,monument,Heritage,0,0,2,,,,0
n3415666918,Dinosaurium,Hyderabad,17.403153,78.469892,sight,museum,Museum,0,0,5,,,,0
n6690779939,Dr B R Ambedkar Statue,Hyderabad,17.442387,78.439358,sight,monument,Heritage,0,0,3,,,,0
w28131043,Durgam Cheruvu,Hyderabad,17.431054,78.389997,sight,attraction,Heritage,1,0,11,,,,1
n626940817,Exhibition Grounds,Hyderabad,17.38675,78.470471,sight,attraction,Heritage,0,0,3,,,,0
w435588871,Falaknuma Palace,Hyderabad,17.331853,78.465856,sight,castle,Heritage,1,0,11,,,,1
r9128913,Golconda Fort,Hyderabad,17.383404,78.400995,sight,fort,Heritage,1,0,16,,09:00-17:30,,1
w933350847,Golconda Jail,Hyderabad,17.389642,78.396434,sight,archaeological_site,Heritage,0,0,5,,,,0
w933350848,Golkonda Reservoir,Hyderabad,17.388822,78.401555,sight,archaeological_site,Heritage,0,0,4,,,,0
n4313322315,Gulzar houz (fountain),Hyderabad,17.363451,78.474999,sight,archaeological_site,Heritage,0,0,3,,,,0
n626897472,High Court of Telangana,Hyderabad,17.369165,78.472133,sight,monument,Heritage,1,0,7,,,,1
w281501992,Hill Fort,Hyderabad,17.403344,78.47365,sight,castle,Heritage,1,0,7,,,,1
n728852369,Horticulture Dept and Museum,Hyderabad,17.399447,78.468961,sight,museum,Museum,0,0,2,,,,0
r2833155,Hussain Sagar,Hyderabad,17.422977,78.474552,sight,attraction,Heritage,1,0,15,,,,1
w970179147,Hzth Shah Raju Khattal Hussaini R.A.,Hyderabad,17.34774,78.463957,sight,tomb,Heritage,0,0,5,,,,0
n7966169681,JRD Tata Statue,Hyderabad,17.417301,78.430122,sight,monument,Heritage,0,0,2,,,,0
w933350842,Jamsheed Quli Qutub Shah,Hyderabad,17.394186,78.393546,sight,tomb,Heritage,0,0,4,,,,0
w238196320,Kacheguda Railway Station,Hyderabad,17.389273,78.499208,sight,monument,Heritage,0,0,3,,,,0
n7021221185,Kalakriti art Gallery,Hyderabad,17.416079,78.443411,sight,museum,Museum,0,0,2,,,,0
n4107092489,Kanjerla Laxmi Narayan Yadav Park,Hyderabad,17.449617,78.441128,sight,attraction,Heritage,0,0,4,,Mo-Fr 16:00-21:00; Sa-Su 09:00-21:00,,0
w318606404,Khairunissa Tomb,Hyderabad,17.409116,78.463634,sight,archaeological_site,Heritage,0,0,3,,,,0
n6634209091,Lord Shiva Arch,Hyderabad,17.420963,78.570979,sight,monument,Heritage,0,0,4,,,,0
n6710912125,Mahatma Gandhi Statue,Hyderabad,17.429494,78.5129,sight,monument,Heritage,0,0,2,,,,0
n8909177646,Mahatma Gandhi Statue,Hyderabad,17.438647,78.488789,sight,monument,Heritage,0,0,2,,,,0
w213636353,Maze,Hyderabad,17.376317,78.483662,sight,attraction,Heritage,0,0,2,,,,0
w116029684,Mecca Masjid,Hyderabad,17.360465,78.473582,sight,place_of_worship,Temple,1,0,12,,,,1
n626926304,Mehboob Chowk Clock Tower,Hyderabad,17.361879,78.470913,sight,monument,Heritage,1,0,3,,,,1
w170860198,Moazzam Jahi Market,Hyderabad,17.384396,78.475062,sight,monument,Heritage,0,0,3,,,,0
w238192600,Moghalpura Tomb,Hyderabad,17.3573,78.476433,sight,archaeological_site,Heritage,0,0,2,,,,0
w357991201,Moula Ali Dargah,Hyderabad,17.468688,78.556727,sight,place_of_worship,Temple,1,0,7,,,,1
n4149702191,Moula Ali Kamaan,Hyderabad,17.461253,78.558318,sight,monument,Heritage,0,0,2,,,,0
n626940816,Mozam Jahi Market Clock Tower,Hyderabad,17.384561,78.47505,sight,monument,Heritage,0,0,3,,,,0
n4684735889,Muslim Graveyard,Hyderabad,17.370046,78.474773,sight,attraction,Heritage,0,0,4,,,,0
w29124126,NTR Gardens,Hyderabad,17.412385,78.468115,sight,attraction,Heritage,1,0,10,,,,1
n2590326097,NTR Statue,Hyderabad,17.401161,78.581638,sight,monument,Heritage,0,0,2,,,,0
w358108314,National Fisheries Development Board building,Hyderabad,17.341712,78.420614,sight,attraction,Heritage,1,0,8,,,,1
n9885108778,Nehru statue,Hyderabad,17.35071,78.472902,sight,monument,Heritage,0,0,2,,,,0
n6758497454,Netaji Subash Chandra Bose Statue,Hyderabad,17.419861,78.516566,sight,monument,Heritage,0,0,2,,,,0
n6634208969,New Hema Nagar Colony Arch,Hyderabad,17.417786,78.566206,sight,monument,Heritage,0,0,3,,,,0
w267200642,Pahadi Shareef Dargah,Hyderabad,17.267692,78.471926,sight,place_of_worship,Temple,1,0,6,,,,1
w971970307,Paigah Tombs,Hyderabad,17.344288,78.503859,sight,tomb,Heritage,1,0,9,,,,1
n11278911369,Peddamma Temple,Hyderabad,17.430604,78.404906,sight,place_of_worship,Temple,1,0,4,,,,1
w1492076035,Pooja store,Hyderabad,17.373596,78.468795,sight,monument,Heritage,0,0,3,,,,0
w238192345,Purani Haveli,Hyderabad,17.365137,78.482687,sight,archaeological_site,Heritage,0,0,6,,,,0
w253509394,Qutub Shahi Tombs,Hyderabad,17.395464,78.396511,sight,archaeological_site,Heritage,0,0,5,,,,0
n4686864293,Railway Museum,Hyderabad,17.388699,78.4986,sight,museum,Museum,0,0,4,,Mo-Su 10:00-18:00,,0
n10836262029,Raja Bhagwan Das  Bagh,Hyderabad,17.378701,78.440223,sight,monument,Heritage,0,0,2,,,,0
w344499895,Raja Dhanrajgir Palace,Hyderabad,17.379921,78.465588,sight,castle,Heritage,0,0,4,,,,0
n6690779943,Rajiv Gandhi Statue,Hyderabad,17.442373,78.441062,sight,monument,Heritage,0,0,3,,,,0
n7113998288,Rolex,Hyderabad,17.431047,78.407461,sight,attraction,Heritage,0,0,2,,,,0
n2429327526,Sai Baba Temple,Hyderabad,17.367823,78.527249,sight,place_of_worship,Temple,1,0,6,,,,1
n13543816905,Saifabad Mint Museum,Hyderabad,17.409465,78.467098,sight,museum,Museum,0,0,2,,,,0
w356516954,Saint George’s Church,Hyderabad,17.393307,78.477116,sight,place_of_worship,Temple,1,0,6,,,,1
w238284090,Salar Jung Museum,Hyderabad,17.371351,78.480556,sight,museum,Museum,1,0,17,,,,1
w31549634,Saradhi Studios,Hyderabad,17.436413,78.442742,sight,attraction,Heritage,0,0,5,,,,0
w238186614,Shahi Maqbara,Hyderabad,17.360285,78.473669,sight,tomb,Heritage,0,0,3,,,,0
n317759267,Shilpa Kala Vedika,Hyderabad,17.451392,78.379288,sight,attraction,Heritage,0,0,4,,,,0
n317759720,Shilparamam Crafts Village,Hyderabad,17.452655,78.377974,sight,attraction,Heritage,0,0,4,,,,0
w859285500,"Shilparamam, Uppal",Hyderabad,17.382898,78.555856,sight,attraction,Heritage,0,0,9,,Mo-Su 14:00-20:00,,0
n726751707,Snow world,Hyderabad,17.41438,78.480832,sight,attraction,Heritage,0,0,2,,,,0
n817353672,Spanish Mosque,Hyderabad,17.443726,78.472555,sight,place_of_worship,Temple,1,0,5,,,,1
n7966169682,Sri. NTR & Smt. Basavatarakam Statue,Hyderabad,17.417036,78.430906,sight,monument,Heritage,0,0,2,,,,0
w417286609,St Joseph's Cathedral,Hyderabad,17.395744,78.477403,sight,place_of_worship,Temple,1,0,6,,,,1
n626897420,State Library,Hyderabad,17.374157,78.47822,sight,archaeological_site,Heritage,1,0,8,,,,1
n4187284199,Sunset Viewpoint,Hyderabad,17.414897,78.479051,sight,viewpoint,Viewpoint,0,0,2,,,,0
n4683189592,Taramati Baradari,Hyderabad,17.376124,78.378163,sight,attraction,Heritage,1,0,7,,Mo-Su 11:00-17:00,,1
w378458224,Telangana State Archaeology Museum,Hyderabad,17.399216,78.470288,sight,museum,Museum,0,0,10,It's a historic museum. It's original name was Andhra Pradesh Archaeology Museum before Telengana and Andhra Pradesh were separated.,Sa-Th 10:30-17:00,,0
n8621042251,Telugu thali statue,Hyderabad,17.451511,78.484152,sight,monument,Heritage,0,0,2,,,,0
n9923836904,The Heritage well,Hyderabad,17.424479,78.525509,sight,archaeological_site,Heritage,0,0,2,,,,0
n626897250,The Nizam's Museum,Hyderabad,17.365044,78.48327,sight,museum,Museum,0,0,5,,Mo-Su 10:00-17:00,,0
w332097820,Tomb,Hyderabad,17.403421,78.40005,sight,archaeological_site,Heritage,0,0,2,,,,0
w933350845,Tomb of Abdul Hasan Tana Shah,Hyderabad,17.395769,78.397539,sight,tomb,Heritage,0,0,4,,,,0
w253509403,Tomb of Abdullah Qutub Shah,Hyderabad,17.397059,78.398833,sight,tomb,Heritage,0,0,7,,,,0
w253509400,Tomb of Begun Hayat Bakshi,Hyderabad,17.396654,78.397019,sight,tomb,Heritage,0,0,5,,,,0
w356420864,Tomb of Ibrahim Quli Qutub Shah,Hyderabad,17.393516,78.394429,sight,tomb,Heritage,0,0,4,,,,0
w933350838,Tomb of Muhammad Quli Qutub Shah,Hyderabad,17.394209,78.394948,sight,tomb,Heritage,0,0,3,,,,0
w933350843,Tomb of Sultan Muhammad Qutub Shah,Hyderabad,17.395869,78.396139,sight,tomb,Heritage,0,0,5,,,,0
w933350840,Tomb of Sultan Quli Qutub Shah,Hyderabad,17.394572,78.393973,sight,tomb,Heritage,0,0,4,,,,0
w357586185,Tribal Museum,Hyderabad,17.403156,78.450377,sight,museum,Museum,0,0,2,,,,0
n2418791411,Umesh Chandra Statue,Hyderabad,17.442546,78.441469,sight,monument,Heritage,0,0,3,,,,0
n8651547296,Victory Cannon - Fateh Rahbar,Hyderabad,17.389846,78.394893,sight,archaeological_site,Heritage,0,0,4,,,,0
n6634224607,Vijaya Ganapathi Arch,Hyderabad,17.412055,78.561288,sight,monument,Heritage,0,0,3,,,,0
n10279877056,Vivekananda statue,Hyderabad,17.303911,78.439889,sight,monument,Heritage,0,0,2,,,,0
n344619886,Yellamma Temple Balkampet;Balkampet Yellamma Temple Jn,Hyderabad,17.447591,78.449077,sight,place_of_worship,Temple,1,0,6,,,,1
n626897221,alawa bibi,Hyderabad,17.365647,78.485889,sight,attraction,Heritage,0,0,5,,,,0
n626940819,gandhi bhavan,Hyderabad,17.388368,78.47104,sight,monument,Heritage,0,0,2,,,,0
n4431024690,old admin bldg opp ladies hostel,Hyderabad,17.411778,78.521842,sight,attraction,Heritage,0,0,2,,,,0
n4418622008,park,Hyderabad,17.40603,78.489823,sight,attraction,Heritage,0,0,3,,,,0
n626896827,shaik faiz kaman,Hyderabad,17.36182,78.486427,sight,monument,Heritage,0,0,2,,,,0
n3943151565,shilparamam,Hyderabad,17.452938,78.379494,sight,attraction,Heritage,0,0,3,,,,0
n4142875991,subba ram reddy,Hyderabad,17.378071,78.548998,sight,viewpoint,Viewpoint,0,0,2,,,,0
n4187311990,tank,Hyderabad,17.422403,78.485037,sight,monument,Heritage,0,0,2,,,,0
n1409718843,ultimus,Hyderabad,17.42459,78.45217,sight,museum,Museum,0,0,4,,,,0
n10262083169,Ānandavihāra,Hyderabad,17.448345,78.521754,sight,place_of_worship,Temple,1,0,37,,,,1
n11690381804,Fish Aquarium Home,Indore,22.722704,75.858994,activity,aquarium,Activity,0,0,2,,,,0
w191800514,Indore Zoo,Indore,22.701027,75.880059,activity,zoo,Activity,1,0,11,,,,1
n11690381779,Kamla Nehru Prani Sangralaya,Indore,22.704253,75.877852,activity,zoo,Activity,0,0,3,,Tu-Su 09:00-18:00,,0
n11690375143,Nakhrali Water park,Indore,22.636874,75.798363,activity,water_park,Activity,0,0,2,,,,0
w764377608,Ralamandal,Indore,22.643472,75.92003,activity,nature_reserve,Activity,0,0,4,,,,0
w677919318,Ralamandal Wildlife Sanctuary,Indore,22.649809,75.974482,activity,nature_reserve,Activity,1,0,8,,,,1
w1027408515,Tekri,Indore,22.644206,75.884848,activity,nature_reserve,Activity,0,0,2,,,,0
w471500117,Atal Bihari Vajpayee Regional Park,Indore,22.677864,75.857243,nature,park,Nature,1,0,8,,,,1
r1635907,Bilawali Lake,Indore,22.654995,75.872721,nature,lake,Nature,0,0,10,,,,0
w320858347,Khajrana Lake,Indore,22.733151,75.903407,nature,lake,Nature,0,0,3,,,,0
w118793243,Limbodi Pond,Indore,22.655376,75.895492,nature,lake,Nature,0,0,5,,,,0
w118793218,Local Water body,Indore,22.801503,75.917555,nature,lake,Nature,0,0,5,,,,0
n13800675301,Mohadi Waterfall,Indore,22.569899,76.005431,nature,waterfall,Nature,0,0,2,,,,0
w118827259,Pandutalab Lake,Indore,22.492711,76.147885,nature,lake,Nature,0,0,5,,,,0
n7555024924,Patalpani Falls,Indore,22.503864,75.798713,nature,waterfall,Nature,1,0,5,,,,1
w191828912,Pipaliya Pala,Indore,22.676134,75.861774,nature,lake,Nature,0,0,5,,,,0
w1026681117,Pipliyahana Lake,Indore,22.708468,75.907369,nature,lake,Nature,0,0,3,,,,0
w191992769,Sirpur Lake,Indore,22.700679,75.819314,nature,lake,Nature,0,0,3,,,,0
w191992770,Sirpur Lake,Indore,22.698077,75.809387,nature,lake,Nature,0,0,3,,,,0
w764345481,TC-A Ka Adda,Indore,22.68091,75.880448,nature,park,Nature,1,0,7,,24/7,,1
n1746202877,Central Museum - Indore,Indore,22.705232,75.879308,sight,museum,Museum,0,0,4,,,,0
n3294313809,GNG,Indore,22.722234,75.908957,sight,monument,Heritage,0,0,6,,,,0
n4576929574,Gita bhawan,Indore,22.718216,75.887734,sight,place_of_worship,Temple,1,0,8,,,,1
w561999448,Gopal Mandir,Indore,22.717527,75.854478,sight,attraction,Heritage,0,0,8,,,,0
w191830229,Krishna Pura Chatry,Indore,22.718912,75.858098,sight,monument,Heritage,0,0,8,,,,0
n8956997605,Mars mission monument,Indore,22.735622,75.79568,sight,monument,Heritage,0,0,2,,,,0
n6280436186,Okpl,Indore,22.820887,75.942932,sight,museum,Museum,0,0,2,,,,0
w191830230,Rajwada Palace,Indore,22.718434,75.854776,sight,monument,Heritage,1,0,6,,,,1
n4114694003,Sarafa Bazaar,Indore,22.717895,75.851858,sight,attraction,Heritage,0,0,3,Gold Market,,,0
n5411635122,Sardar Patel Statue,Indore,22.751079,75.895497,sight,monument,Heritage,0,0,2,,,,0
n9468152150,Sukhnivas Palace,Indore,22.669162,75.802624,sight,castle,Heritage,0,0,3,,,,0
n5698681621,TechForce composites p ltd.,Indore,22.797337,75.825633,sight,attraction,Heritage,0,0,3,,,,0
n5518187675,Yashwant Club,Indore,22.724077,75.877369,sight,monument,Heritage,0,0,2,,,,0
w1379386943,Amagarh Leopard Reserve Safari,Jaipur,26.917006,75.864893,activity,zoo,Activity,0,0,3,,,,0
n4455193020,Elefantastic,Jaipur,26.987458,75.900684,activity,zoo,Activity,0,0,6,Indian's first happy elephant farm,,,0
n11082457281,Fun Kingdom,Jaipur,26.837991,75.782783,activity,theme_park,Activity,0,0,2,,,,0
n8384426815,Nahargarh Biological Park,Jaipur,27.014129,75.874578,activity,zoo,Activity,0,0,7,,Mo-Su 09:00-5:00,yes,0
w667244115,Nahargarh WLS,Jaipur,26.996131,75.831817,activity,nature_reserve,Activity,1,0,7,,,,1
w902714498,Nahargarh Zoological Park,Jaipur,27.016421,75.865218,activity,zoo,Activity,0,0,4,,,yes,0
r17266113,Papad K Balaji to Charan Mandir,Jaipur,26.959843,75.809668,activity,hiking_route,Activity,0,0,6,,,,0
w1257421980,Tuesday Market,Jaipur,26.958368,75.711129,activity,camp_site,Activity,0,0,2,,,,0
w310382151,Amity Lake,Jaipur,27.174333,75.957584,nature,lake,Nature,0,0,3,,,,0
n12756760689,Animal cave,Jaipur,26.952988,75.832315,nature,cave_entrance,Nature,0,0,2,,,,0
w370170825,Jawahar Circle,Jaipur,26.839777,75.800915,nature,park,Nature,1,0,7,,,,1
w192118827,Kesar Kyari,Jaipur,26.984814,75.852504,nature,garden,Nature,1,0,10,,Mo-Su 08:00-20:00,,1
r2252564,Man Sagar,Jaipur,26.955943,75.849259,nature,lake,Nature,0,0,4,,,,0
r15961875,Maota Lake,Jaipur,26.983178,75.852318,nature,lake,Nature,1,0,8,,,,1
w878392562,Nevta Lake,Jaipur,26.804935,75.688791,nature,lake,Nature,0,0,4,,,,0
n13130570765,Papad ke Hanuman Ji Waterfall,Jaipur,26.968185,75.803259,nature,waterfall,Nature,0,0,2,,,,0
w272783001,Ram Niwas Public Gardens,Jaipur,26.912032,75.81969,nature,park,Nature,1,0,4,,,,1
w562376018,nurse ka chok,Jaipur,26.923018,75.803762,nature,lake,Nature,0,0,3,,,,0
n1496872519,Albert Hall,Jaipur,26.911705,75.819497,sight,museum,Museum,1,0,6,,,yes,1
w229590208,Albert Hall Museum,Jaipur,26.91168,75.819503,sight,museum,Museum,0,0,10,,Mo-Su 09:00-20:00,yes,0
n5553599905,Alice Garg Seashell Museum,Jaipur,26.844398,75.807211,sight,museum,Museum,0,0,2,,,,0
r2591473,Amber Fort,Jaipur,26.986069,75.850402,sight,castle,Heritage,1,0,20,,Mo-Su 08:00-17:30,,1
n9628392199,Amer Palace,Jaipur,26.985937,75.853714,sight,attraction,Heritage,0,0,3,,,,0
n4225298889,"Ashok Vihar, Jagatpura",Jaipur,26.829611,75.842558,sight,viewpoint,Viewpoint,0,0,2,,,,0
w230927032,Birla Mandir,Jaipur,26.892158,75.81549,sight,place_of_worship,Temple,1,0,8,,,,1
n13335517604,Caravana,Jaipur,26.954237,75.842634,sight,attraction,Heritage,0,0,2,,,,0
n10748448111,Chhoti roundabout view,Jaipur,26.924204,75.818617,sight,viewpoint,Viewpoint,0,0,2,,,,0
w554267131,Chulgiri Digamber Jain Temple,Jaipur,26.890849,75.8605,sight,castle,Heritage,0,0,6,,,,0
w455720627,City Palace,Jaipur,26.926237,75.823812,sight,castle,Heritage,1,0,9,,,,1
n5079249026,Diwan-i-Am,Jaipur,26.98629,75.85092,sight,attraction,Heritage,0,0,4,,,,0
w455721904,Diwan-i-Khas,Jaipur,26.92646,75.823864,sight,monument,Heritage,0,0,4,Hall of private audiences,,,0
n10747713654,Diwan-i-Khas,Jaipur,26.985793,75.850639,sight,attraction,Heritage,0,0,2,,,,0
n12909037307,EleJungle- Jaipur Elephant Ride,Jaipur,26.994224,75.877945,sight,attraction,Heritage,0,0,2,,,,0
n4706056289,Elefantastic,Jaipur,26.995632,75.876457,sight,attraction,Heritage,0,0,2,,,,0
n5828540786,Elephant Riding,Jaipur,26.986715,75.866135,sight,attraction,Heritage,0,0,7,,,,0
n542886858,Hawa Mahal,Jaipur,26.923932,75.826865,sight,monument,Heritage,1,0,21,,Mon-Su 09:00-18:30,yes,1
n3771356458,India gate,Jaipur,26.785425,75.822663,sight,monument,Heritage,0,0,2,,,,0
n2777043242,Iswari Minar Swarga Sali (Isarlat),Jaipur,26.924443,75.820817,sight,viewpoint,Viewpoint,0,0,9,,Mo-Su 09:00-17:00,,0
n542960968,Jaighar Fort,Jaipur,26.98469,75.8454,sight,castle,Heritage,1,0,10,,Mo-Su 09:00-18:30,,1
n4907276516,Jaipur Wax Museum,Jaipur,26.939111,75.816303,sight,museum,Museum,0,0,9,,Mo-Su 10:00-18:30,yes,0
n13408677696,Jal Mahal,Jaipur,26.953399,75.846144,sight,attraction,Heritage,0,0,7,,We-Sa 06:00-19:00,no,0
w102879535,Jantar Mantar,Jaipur,26.924728,75.82451,sight,archaeological_site,Heritage,1,0,14,,,,1
w134990320,Lake Palace,Jaipur,26.953427,75.846148,sight,castle,Heritage,1,0,21,,24/7,,1
n7030319493,"Lake Palace Viewpoint , JAIPUR",Jaipur,26.955614,75.843269,sight,viewpoint,Viewpoint,0,0,2,,,,0
n4707865291,Maharaniyon,Jaipur,26.944827,75.84074,sight,attraction,Heritage,0,0,3,,,,0
n5079243358,Moon Gate,Jaipur,26.987223,75.850863,sight,attraction,Heritage,0,0,6,,,,0
w230927025,Moti Doongri Fort,Jaipur,26.893593,75.816775,sight,fort,Heritage,0,0,3,,,,0
w170191935,Mubarak Mahal,Jaipur,26.92573,75.823632,sight,museum,Museum,0,0,11,,,,0
r2181610,Nahargah Fort,Jaipur,26.937492,75.815729,sight,fort,Heritage,1,0,6,,,,1
n11099430396,Nahargarh Sunrise Viewpoint,Jaipur,26.968166,75.835124,sight,viewpoint,Viewpoint,0,0,2,,,,0
n3747162226,Ninder Hill Point View,Jaipur,27.012516,75.748929,sight,viewpoint,Viewpoint,0,0,2,,,,0
n6081535814,Paanch Batti,Jaipur,26.916248,75.809857,sight,monument,Heritage,0,0,4,,,,0
w864605414,Patrika Gate,Jaipur,26.841507,75.801365,sight,monument,Heritage,0,0,6,,24/7,,0
n956223020,Pink City,Jaipur,26.923202,75.824393,sight,attraction,Heritage,0,0,4,,,,0
n14055799382,Pump House Museum & Cafe,Jaipur,26.938859,75.783931,sight,museum,Museum,0,0,2,,,,0
w1173501336,Ram Singh II tomb,Jaipur,26.943921,75.82472,sight,tomb,Heritage,0,0,3,,,,0
n11533709370,Rooftop view stairs,Jaipur,26.923816,75.820661,sight,attraction,Heritage,0,0,3,,,,0
w263783904,Royal Gaitor,Jaipur,26.942913,75.824661,sight,monument,Heritage,1,0,4,,,,1
w705758012,Sawai Bhawani Singh Tomb,Jaipur,26.942778,75.824883,sight,tomb,Heritage,0,0,3,,,,0
w705758795,Sawai Jai Singh ll Tomb,Jaipur,26.943785,75.824753,sight,tomb,Heritage,0,0,3,,,,0
w705758644,Sawai Madho Singh II’s tomb,Jaipur,26.942916,75.824666,sight,tomb,Heritage,0,0,3,,,,0
w705758643,Sawai Man Singh II Tomb,Jaipur,26.942721,75.824506,sight,tomb,Heritage,0,0,3,,,,0
n4784715022,Sawai Mansingh Townhall,Jaipur,26.925532,75.82727,sight,attraction,Heritage,0,0,3,,,,0
w705760651,Sawai Pratap Singh tomb,Jaipur,26.943741,75.824429,sight,tomb,Heritage,0,0,3,,,,0
n4907289135,Sheesh Mahal,Jaipur,26.985468,75.850093,sight,monument,Heritage,0,0,9,,,,0
w1181148520,Sisodiya Rani Bagh,Jaipur,26.899354,75.858738,sight,castle,Heritage,1,0,6,,,,1
w410063780,Stepwell Panna Meena,Jaipur,26.991208,75.851227,sight,monument,Heritage,1,0,5,,,,1
n5079237889,Sun Gate,Jaipur,26.986723,75.851357,sight,attraction,Heritage,0,0,7,,,,0
n12365157307,Sunrise point,Jaipur,26.940026,75.817083,sight,viewpoint,Viewpoint,0,0,2,,,,0
w863303428,Suraj Pol Gate,Jaipur,26.919156,75.844935,sight,monument,Heritage,0,0,3,,,,0
n10936818279,Turban museum,Jaipur,26.93216,75.831323,sight,museum,Museum,0,0,2,,,,0
n10904671039,amrapali museum,Jaipur,26.915044,75.801901,sight,museum,Museum,0,0,3,,,,0
n12365223401,dune,Jaipur,26.940115,75.813164,sight,attraction,Heritage,0,0,2,,,,0
n12367918008,rooftop view,Jaipur,26.924091,75.820769,sight,viewpoint,Viewpoint,0,0,2,,,,0
n4363112689,Baa ri haveli cultural centre and museum,Jaisalmer,26.912255,70.912511,sight,museum,Museum,0,0,6,,,,0
n353702975,Folklore museum,Jaisalmer,26.909509,70.920643,sight,museum,Museum,0,0,2,,,,0
w1243509280,Fort Palace Museum,Jaisalmer,26.912816,70.913334,sight,castle,Heritage,0,0,5,Palace of the Maharawal,,,0
w31614017,Jaisalmer Fort,Jaisalmer,26.912766,70.912815,sight,castle,Heritage,1,1,11,,,,1
n13413095433,Jaisalmer War Museum,Jaisalmer,26.940822,71.026472,sight,museum,Museum,0,0,19,,,,0
r10885738,Kothari's Patwa Haveli museum,Jaisalmer,26.916346,70.914371,sight,museum,Museum,0,0,7,,,,0
n3906003626,Kuldhara,Jaisalmer,26.869877,70.785123,sight,ruins,Heritage,0,0,3,,,,0
n353703047,Nathmal-ki-Haveli,Jaisalmer,26.915775,70.912596,sight,attraction,Heritage,0,0,2,,,,0
r10885735,Patwa Haveli (government museum),Jaisalmer,26.916259,70.914761,sight,attraction,Heritage,0,0,8,,,yes,0
n353703044,Salim Singh-ki-Haveli,Jaisalmer,26.913679,70.916017,sight,attraction,Heritage,0,0,2,,,,0
n2803462735,Sunset point,Jaisalmer,26.919791,70.910993,sight,viewpoint,Viewpoint,0,0,2,,,,0
n7254804400,The Thar Heritage Museum,Jaisalmer,26.919182,70.912929,sight,museum,Museum,0,0,2,,,,0
n10600573105,Vista forte,Jaisalmer,26.916992,70.914813,sight,viewpoint,Viewpoint,0,0,2,,,,0
n7232757986,Vyas Chhatri,Jaisalmer,26.922356,70.906816,sight,archaeological_site,Heritage,0,0,2,,,,0
n4079443946,ghost vlllage,Jaisalmer,26.812123,70.882293,sight,ruins,Heritage,0,0,2,,,,0
n6339591285,jaisalmer,Jaisalmer,26.915857,70.909955,sight,museum,Museum,0,0,3,,,,0
n12925241924,Dreamland Amusement and water park,Jalandhar,31.489132,75.623999,activity,water_park,Activity,0,0,11,,Mo-Su 09:00-18:00,,0
w176293007,Nikku Park,Jalandhar,31.30828,75.580444,activity,theme_park,Activity,0,0,2,,,,0
w123242062,Pushpa Gujral Science City,Jalandhar,31.356474,75.439736,activity,theme_park,Activity,1,0,5,,,,1
w123267429,Wonderland,Jalandhar,31.262307,75.532527,activity,theme_park,Activity,0,0,2,,,,0
n4226841605,"Baba Ishar Singh Nagar, Pholrhiwal, Jalandhar",Jalandhar,31.26788,75.600871,sight,viewpoint,Viewpoint,0,0,2,,,,0
n4238585590,"Dusehra Ground, Jalandhar Cantt",Jalandhar,31.290511,75.63025,sight,viewpoint,Viewpoint,0,0,2,,,,0
w647407214,Jang-e-Azadi Memorial,Jalandhar,31.433501,75.505568,sight,museum,Museum,1,0,3,,,,1
n8241637955,"Umer Deen Haveli, 1947",Jalandhar,31.196027,75.574299,sight,ruins,Heritage,0,0,2,,,,0
w668472257,Nandni WLS,Jammu,32.850056,74.955237,activity,nature_reserve,Activity,0,0,4,,,,0
w668415720,Ramnagar Rakha WLS,Jammu,32.775837,74.86232,activity,nature_reserve,Activity,0,0,4,,,,0
w668486755,Surinsar Mansar WLS,Jammu,32.75547,75.06928,activity,nature_reserve,Activity,1,0,6,,,,1
w321405613,Mansar Lake,Jammu,32.697362,75.145532,nature,lake,Nature,1,0,5,,,,1
n6314377219,Siroli,Jammu,33.043444,75.051486,nature,peak,Nature,0,0,2,,,,0
n6314377221,Suaj Kund,Jammu,33.027326,74.963112,nature,peak,Nature,0,0,2,,,,0
r14250036,Surinsar Lake,Jammu,32.770299,75.041557,nature,lake,Nature,1,0,6,,,,1
n12801701262,Trikuta Peak Ii,Jammu,33.030029,74.963048,nature,peak,Nature,0,0,3,,,,0
n12800506898,Trikuta peak I,Jammu,33.027636,74.959553,nature,peak,Nature,0,0,3,,,,0
w658580334,lak,Jammu,32.522072,74.544936,nature,lake,Nature,0,0,3,,,,0
n1794165463,Amar Mahal Museum & Library,Jammu,32.747754,74.872527,sight,museum,Museum,0,0,2,,,,0
w168407156,Amar Singh Museum,Jammu,32.747704,74.872266,sight,museum,Museum,0,0,3,,,,0
w168559926,Bahu Fort,Jammu,32.726189,74.880306,sight,fort,Heritage,0,0,3,,,,0
n1794772135,Bikram Chowk,Jammu,32.717688,74.859167,sight,monument,Heritage,0,0,2,,,,0
n10585778903,Dogra Art Museum,Jammu,32.738807,74.874913,sight,museum,Museum,0,0,5,,,,0
n1351875494,Old Jammu Railway Station,Jammu,32.716982,74.859473,sight,ruins,Heritage,0,0,5,,,,0
n5120113594,Valley Viewpoint,Jammu,32.77729,74.981216,sight,attraction,Heritage,0,0,2,,,,0
n10542237335,Wadia Museum of Natural History,Jammu,32.720498,74.870273,sight,museum,Museum,0,0,4,,,,0
w426340369,War Memorial,Jammu,32.717809,74.87756,sight,attraction,Heritage,0,0,2,,,,0
r17849502,City Wall Trail,Jodhpur,26.303032,73.01657,activity,hiking_route,Activity,0,0,5,,,,0
r17849499,Deckund Trail,Jodhpur,26.304483,73.023804,activity,hiking_route,Activity,0,0,7,,,yes,0
r17849501,Gully Trail,Jodhpur,26.303015,73.017313,activity,hiking_route,Activity,0,0,5,,,,0
w629441086,Machia Biological Park,Jodhpur,26.304616,72.979638,activity,zoo,Activity,0,0,3,,,,0
n11717165671,Playing ground,Jodhpur,26.307641,73.0907,activity,camp_site,Activity,0,0,2,,,,0
n12592454434,Rambagh ground,Jodhpur,26.30888,73.036365,activity,camp_site,Activity,0,0,2,,,,0
n12037313252,Resort Water Park,Jodhpur,26.410685,73.055146,activity,water_park,Activity,0,0,2,,,,0
r17849500,The Sandy Plot,Jodhpur,26.302063,73.018475,activity,hiking_route,Activity,0,0,5,,,,0
w1340315378,Banasagar Lake,Jodhpur,26.117081,73.090021,nature,lake,Nature,0,0,3,,,,0
w31725304,Fateh Sagar,Jodhpur,26.296719,73.029183,nature,lake,Nature,0,0,3,,,,0
w1339484068,Guda Lake,Jodhpur,26.13633,73.103033,nature,lake,Nature,0,0,3,,,,0
w629441083,Kayalana Lake,Jodhpur,26.290323,72.968743,nature,lake,Nature,1,0,4,,,,1
w31724418,Kayalana Lake,Jodhpur,26.310479,72.97329,nature,lake,Nature,1,0,4,,,,1
n8116671341,Batman shooting Location,Jodhpur,26.299991,73.018513,sight,viewpoint,Viewpoint,0,0,2,,,,0
n2008637312,City View,Jodhpur,26.299776,73.020646,sight,viewpoint,Viewpoint,0,0,2,,,,0
n355025171,City Wall,Jodhpur,26.288085,73.021999,sight,ruins,Heritage,0,0,2,,,,0
w1307305276,Devtaon Ki Sal and Hall of Heroes,Jodhpur,26.352223,73.032922,sight,museum,Museum,0,0,3,,,,0
n2688046087,Gulab Sagar viewpoint,Jodhpur,26.29684,73.024077,sight,viewpoint,Viewpoint,0,0,3,,,,0
w373401671,Jaswant Thada,Jodhpur,26.304351,73.025312,sight,attraction,Heritage,0,0,7,,,,0
n4780402344,Late Shri Bal Mukund Memorial,Jodhpur,26.284007,73.016736,sight,monument,Heritage,0,0,2,,,,0
w629437124,Machia Fort,Jodhpur,26.313408,72.979466,sight,fort,Heritage,0,0,2,,,,0
w31725311,Mehrangarh,Jodhpur,26.297999,73.018039,sight,castle,Heritage,1,0,9,,,,1
n354966730,Moti Mahal,Jodhpur,26.299134,73.01916,sight,attraction,Heritage,0,0,2,,,,0
n6435944085,Natural Pond (Swimming Allowed),Jodhpur,26.298804,73.015135,sight,attraction,Heritage,0,0,3,,,,0
n11111828032,Panchkunda Cenotaphs,Jodhpur,26.356863,73.02812,sight,monument,Heritage,0,0,3,Complex consisting of cenotaphs of Jodhpur Queens,,,0
w989727127,Raika Bagh,Jodhpur,26.288575,73.03938,sight,castle,Heritage,0,0,3,,,,0
n355028996,Sardar Government Museum,Jodhpur,26.291832,73.032263,sight,museum,Museum,0,0,3,,,,0
n5226822674,Sardar Mahal,Jodhpur,26.294638,73.022152,sight,monument,Heritage,0,0,2,,,,0
n3802084920,Sardar market,Jodhpur,26.29481,73.023855,sight,attraction,Heritage,0,0,3,,,,0
n4685660693,Sojati gate,Jodhpur,26.2886,73.023983,sight,attraction,Heritage,0,0,3,,,,0
n10265161070,State Museum Mandor,Jodhpur,26.35274,73.032603,sight,museum,Museum,0,0,4,100 rupees fee,Mo-Su 09:45-17:15,,0
n12059843706,Suraj Pol Museum,Jodhpur,26.298747,73.019534,sight,museum,Museum,0,0,2,,,,0
n12059843708,Turban Gallery,Jodhpur,26.298254,73.019495,sight,museum,Museum,0,0,2,,,,0
w252604952,Umaid Bhawan Palace,Jodhpur,26.281285,73.047126,sight,castle,Heritage,1,0,4,,,,1
n12037304461,Vintage cars display,Jodhpur,26.280888,73.048521,sight,museum,Museum,0,0,2,,,,0
n12059844038,Vulture Room,Jodhpur,26.304296,73.017191,sight,museum,Museum,0,0,2,,,,0
w571493301,brahma temple,Jodhpur,26.353662,73.033147,sight,ruins,Heritage,0,0,3,,,,0
w571493303,nahar singh ji temple,Jodhpur,26.353638,73.032218,sight,ruins,Heritage,0,0,3,,,,0
n10799133070,IITK Wall Climbing Facility,Kanpur,26.504712,80.229782,activity,climbing,Activity,0,0,6,,,,0
w704905546,Kanpur Zoological Park,Kanpur,26.499793,80.297947,activity,zoo,Activity,1,0,7,,,yes,1
w1033118968,Edward VII Memorial Hall Kanpur Sangrahalaya,Kanpur,26.466893,80.361983,sight,museum,Museum,0,0,5,,,,0
w1164877870,JK Temple,Kanpur,26.473552,80.305334,sight,place_of_worship,Temple,1,0,9,,,,1
r11234909,Animals Pass,Kasol,32.149944,77.448958,activity,hiking_route,Activity,0,0,5,,,,0
r13636446,Arang to Mahul,Kasol,31.871568,77.073237,activity,hiking_route,Activity,0,0,4,,,,0
n9688349825,Bhandag thach,Kasol,31.976226,77.448145,activity,camp_site,Activity,0,0,2,,,,0
r13471787,Bharali to Lapah,Kasol,31.757851,77.408656,activity,hiking_route,Activity,0,0,5,,,,0
n12196567322,Bhunbhuni,Kasol,31.988046,77.474703,activity,camp_site,Activity,0,0,11,,,,0
w930084426,Budhhaban,Kasol,32.035454,77.479772,activity,camp_site,Activity,0,0,2,,,,0
n4297684394,Camping site,Kasol,32.065174,77.226161,activity,camp_site,Activity,0,0,2,,,,0
n12865098366,Campsite,Kasol,31.766018,77.208669,activity,camp_site,Activity,0,0,2,,,,0
n9117093313,Capmsite,Kasol,32.070499,77.245583,activity,camp_site,Activity,0,0,2,,,,0
n9158312986,Cave shelter,Kasol,31.921976,77.360038,activity,camp_site,Activity,0,0,2,,,,0
n4297670102,Chaklani,Kasol,32.067256,77.212747,activity,camp_site,Activity,0,0,2,,,,0
r11233860,Chandrakhani,Kasol,32.082934,77.218459,activity,hiking_route,Activity,0,0,5,,,,0
r14097411,Chhaplang Tibba,Kasol,32.032111,77.073325,activity,hiking_route,Activity,0,0,4,,,,0
r13321068,Chheti to Jana,Kasol,32.068927,77.174159,activity,hiking_route,Activity,0,0,5,,,,0
n5139643222,Cosmos,Kasol,32.01147,77.310939,activity,camp_site,Activity,0,0,2,,,,0
r20678665,Futta Saur,Kasol,32.016287,77.183434,activity,hiking_route,Activity,0,0,4,,,,0
n9269887909,Futta Saur,Kasol,32.023892,77.194751,activity,camp_site,Activity,0,0,2,,,,0
n9231733145,Ghan Kuradi,Kasol,32.094712,77.193722,activity,camp_site,Activity,0,0,2,,,,0
r11233761,Gramang to Kadaun,Kasol,31.992999,77.020483,activity,hiking_route,Activity,0,0,6,,,,0
r11232461,Himri Pass,Kasol,32.037964,77.042166,activity,hiking_route,Activity,0,0,6,,,,0
r13321120,Jana to Jari,Kasol,32.010791,77.200053,activity,hiking_route,Activity,0,0,5,,,,0
r13364432,Kadingcha to Butti,Kasol,32.001709,77.00111,activity,hiking_route,Activity,0,0,5,,,,0
r17525923,Kais Dhar,Kasol,31.927817,77.077303,activity,hiking_route,Activity,0,0,5,,,,0
r15512156,Kais Dhar Trek,Kasol,31.916217,77.075043,activity,hiking_route,Activity,0,0,4,,,,0
w667926108,Kais WLS,Kasol,32.024955,77.174342,activity,nature_reserve,Activity,0,0,4,,,,0
r13468997,Kamand to Bhutti via Chambagarh,Kasol,31.93146,77.066483,activity,hiking_route,Activity,0,0,5,,,,0
w667930593,Kanawar WLS,Kasol,31.935794,77.311682,activity,nature_reserve,Activity,1,0,5,,,,1
r13325784,Kandi Galu,Kasol,31.804955,77.260814,activity,hiking_route,Activity,0,0,5,,,,0
r15803026,Kasol to Manikaran,Kasol,32.019089,77.331216,activity,hiking_route,Activity,0,0,4,,,,0
r13321431,Khauli Galu,Kasol,31.953464,77.341006,activity,hiking_route,Activity,0,0,5,,,,0
n10971271507,Kheerganga Mountain View and restaurant,Kasol,31.994808,77.510936,activity,camp_site,Activity,0,0,3,,,,0
n5522515292,Khirganga,Kasol,31.994857,77.511037,activity,camp_site,Activity,0,0,2,,,,0
w678579869,Khirganga National Park,Kasol,32.046116,77.602951,activity,nature_reserve,Activity,1,0,6,,,,1
r15689293,Khirganga to Barsheni,Kasol,32.000079,77.475528,activity,hiking_route,Activity,0,0,4,,,,0
w667904630,Khokhan WLS,Kasol,31.853745,77.084305,activity,nature_reserve,Activity,0,0,4,,,,0
r17953469,Kullu to Aut via Prashar Lake,Kasol,31.842585,77.113644,activity,hiking_route,Activity,0,0,4,,,,0
r18550188,Kullu to Bijli Mahadev,Kasol,31.943537,77.133943,activity,hiking_route,Activity,0,0,6,,,,0
r13400695,Kullu to Shalang,Kasol,31.980086,77.068791,activity,hiking_route,Activity,0,0,6,,,,0
n8632201675,Kuphri Thach,Kasol,32.051985,77.103255,activity,camp_site,Activity,0,0,2,,,,0
n8624687857,Kuta,Kasol,32.146738,77.480513,activity,camp_site,Activity,0,0,2,,,,0
w930081940,Kutla,Kasol,32.030451,77.471442,activity,camp_site,Activity,0,0,2,,,,0
r14700636,Lohri Acchri Dhar Traverse,Kasol,32.019354,77.067045,activity,hiking_route,Activity,0,0,4,,,,0
n10053202827,Mahadev River View Camp,Kasol,32.0122,77.303739,activity,camp_site,Activity,0,0,3,,,yes,0
r13354852,Malana Valley,Kasol,32.101761,77.318523,activity,hiking_route,Activity,0,0,5,,,,0
n9117096741,Manduki,Kasol,32.086466,77.196324,activity,camp_site,Activity,0,0,2,,,,0
n13898681343,Naya Tapru,Kasol,32.083066,77.199344,activity,camp_site,Activity,0,0,2,,,,0
n4421619190,Om Himalayan,Kasol,32.01009,77.308104,activity,camp_site,Activity,0,0,4,,,,0
n9117118530,Open shelter,Kasol,32.131896,77.369716,activity,camp_site,Activity,0,0,2,,,,0
n9513752644,Parvati Woods Camp Kasol,Kasol,32.006714,77.287325,activity,camp_site,Activity,0,0,13,,,yes,0
r13325890,Phangchi Galu,Kasol,31.893285,77.392097,activity,hiking_route,Activity,0,0,5,,,,0
n540560516,Pheti Goth,Kasol,32.028,77.033879,activity,camp_site,Activity,0,0,2,,,,0
r14466387,Pulag natural pools,Kasol,32.104275,77.203164,activity,hiking_route,Activity,0,0,4,,,,0
r15924238,Pulag to Malana via Rangcha Naal,Kasol,32.085203,77.230565,activity,hiking_route,Activity,0,0,8,,,,0
r11568192,Pulga 2 Kirganga,Kasol,31.998239,77.473195,activity,hiking_route,Activity,0,0,5,,,,0
r20692933,Raison to Jaana,Kasol,32.058738,77.146822,activity,hiking_route,Activity,0,0,4,,,,0
r17534260,Raison to Jana Waterfall,Kasol,32.05433,77.154429,activity,hiking_route,Activity,0,0,4,,,,0
r11233859,Rasol Pass,Kasol,32.037484,77.293008,activity,hiking_route,Activity,0,0,6,,,,0
n9117112775,Rock cave,Kasol,32.037309,77.307882,activity,camp_site,Activity,0,0,2,,,,0
r13468744,Rumsu to Bijli Mahadev,Kasol,32.02024,77.184487,activity,hiking_route,Activity,0,0,4,,,,0
w162361280,Sainj Wildlife Sanctuary,Kasol,31.828577,77.506356,activity,nature_reserve,Activity,0,0,4,,,,0
r17648906,Sajuni to Chhaplang Tibba,Kasol,32.038961,77.080869,activity,hiking_route,Activity,0,0,4,,,,0
r11248956,Sambha to Maror via Shakti,Kasol,31.783132,77.466455,activity,hiking_route,Activity,0,0,7,,,,0
n8624637310,Samsi,Kasol,32.118411,77.480095,activity,camp_site,Activity,0,0,2,,,,0
r11232368,Sar Pass,Kasol,31.977981,77.382648,activity,hiking_route,Activity,0,0,6,,,,0
r11234799,Sara Umga,Kasol,32.146865,77.492092,activity,hiking_route,Activity,0,0,6,,,,0
n8624671665,Saram,Kasol,32.084435,77.47961,activity,camp_site,Activity,0,0,2,,,,0
r13468583,Shalang to Lohri via Lorhi Achhri Pass,Kasol,32.017647,77.072157,activity,hiking_route,Activity,0,0,4,,,,0
w820186105,Shangarh to Neuli,Kasol,31.768108,77.380344,activity,hiking_route,Activity,0,0,3,,,,0
n9117118531,Shepherd camp,Kasol,32.049683,77.293211,activity,camp_site,Activity,0,0,2,,,,0
n9117102311,Shepherd camp,Kasol,32.084814,77.253515,activity,camp_site,Activity,0,0,2,,,,0
n12347237276,Shepherd camp,Kasol,32.098788,77.259145,activity,camp_site,Activity,0,0,2,,,,0
n9117103494,Shepherd camp,Kasol,32.111796,77.346408,activity,camp_site,Activity,0,0,2,,,,0
n9117100641,Shepherd camp,Kasol,32.112263,77.279875,activity,camp_site,Activity,0,0,2,,,,0
n9117104714,Shepherd camp,Kasol,32.108303,77.262595,activity,camp_site,Activity,0,0,2,,,,0
n9117110505,Shepherd camp,Kasol,32.12266,77.314336,activity,camp_site,Activity,0,0,2,,,,0
n9117096742,Shepherd camp,Kasol,32.124599,77.337159,activity,camp_site,Activity,0,0,2,,,,0
n9117099377,Shepherd camp,Kasol,32.132415,77.377189,activity,camp_site,Activity,0,0,2,,,,0
n9117119320,Shepherd camp,Kasol,31.894644,77.45277,activity,camp_site,Activity,0,0,2,,,,0
n9220769470,Shepherd camp,Kasol,31.87686,77.043896,activity,camp_site,Activity,0,0,2,,,,0
n9207778524,Shepherd camp,Kasol,31.929804,77.012989,activity,camp_site,Activity,0,0,2,,,,0
n9117118529,Shepherd shelter,Kasol,32.122779,77.32508,activity,camp_site,Activity,0,0,2,,,,0
n9235542883,Shepherd's camp,Kasol,32.044951,77.301391,activity,camp_site,Activity,0,0,2,,,,0
n10946816155,Shepherd's camp,Kasol,32.06863,77.259231,activity,camp_site,Activity,0,0,2,,,,0
n9269881564,Shepherd's camp,Kasol,32.048356,77.208194,activity,camp_site,Activity,0,0,2,,,,0
n9269880856,Shepherd's camp,Kasol,32.014438,77.190796,activity,camp_site,Activity,0,0,2,,,,0
n9269903112,Shepherd's camp,Kasol,32.082924,77.200499,activity,camp_site,Activity,0,0,2,,,,0
n9269901034,Shepherd's camp,Kasol,31.983234,77.171141,activity,camp_site,Activity,0,0,2,,,,0
n9269903114,Shepherd's camp,Kasol,31.973104,77.165579,activity,camp_site,Activity,0,0,2,,,,0
n12922381928,Shepherd's camp,Kasol,31.945552,77.460894,activity,camp_site,Activity,0,0,2,,,,0
n9275012340,Shepherd's camp,Kasol,32.012875,77.090324,activity,camp_site,Activity,0,0,2,,,,0
n9274996763,Shepherd's camp,Kasol,32.003242,77.048374,activity,camp_site,Activity,0,0,2,,,,0
n9260950049,Shepherd's camp,Kasol,32.034977,77.043626,activity,camp_site,Activity,0,0,2,,,,0
n9274955601,Shepherd's camp,Kasol,31.936559,77.05554,activity,camp_site,Activity,0,0,2,,,,0
n13881892186,Shonda Dhar,Kasol,31.865104,77.223376,activity,camp_site,Activity,0,0,2,,,,0
n11987087217,Stelling thach,Kasol,32.100989,77.189199,activity,camp_site,Activity,0,0,2,,,,0
r13400522,Sujaini Jot,Kasol,32.046181,77.307952,activity,hiking_route,Activity,0,0,5,,,,0
r20679846,Tarapur Garh,Kasol,31.91036,77.04414,activity,hiking_route,Activity,0,0,4,,,,0
n7690347503,Thakurkuan camp,Kasol,31.964428,77.623282,activity,camp_site,Activity,0,0,2,,,,0
n9773355036,The Alps Kasol,Kasol,32.009857,77.31084,activity,camp_site,Activity,0,0,13,,,,0
n4383748791,Tunda Bhuj 3360m,Kasol,31.973465,77.581192,activity,camp_site,Activity,0,0,2,,,,0
n7690347505,base camp,Kasol,32.195598,77.504665,activity,camp_site,Activity,0,0,2,,,,0
w1510516497,bhutti to chhuchhal,Kasol,31.963452,77.047542,activity,hiking_route,Activity,0,0,5,,,,0
n10003505167,Ali Ratni Tibba,Kasol,32.098259,77.406216,nature,peak,Nature,0,0,3,,,,0
n5612193352,Angdu Ri,Kasol,32.187191,77.569291,nature,peak,Nature,0,0,4,,,,0
w958337904,Animal Lake,Kasol,32.133816,77.45621,nature,lake,Nature,0,0,7,Beautiful lake where you may spot animals quenching their thirst.,,,0
n13849600903,Bari Ungli,Kasol,32.092539,77.438309,nature,peak,Nature,0,0,4,,,,0
n9789858161,Bari Wanshil,Kasol,32.028544,77.544529,nature,peak,Nature,0,0,2,,,,0
n10213359211,Barohi,Kasol,31.841934,77.435979,nature,peak,Nature,0,0,2,,,,0
n9791590906,Baskinag,Kasol,31.914503,77.504597,nature,peak,Nature,0,0,2,,,,0
n9789927509,Basuber,Kasol,31.935921,77.399626,nature,peak,Nature,0,0,3,,,,0
n9789824004,Basunag,Kasol,31.93847,77.51215,nature,peak,Nature,0,0,2,,,,0
n8296304246,Bhalan,Kasol,31.881384,77.504275,nature,peak,Nature,0,0,2,,,,0
n9791590907,Bhekhar Khal,Kasol,31.904904,77.432338,nature,peak,Nature,0,0,2,,,,0
n10107903394,Bhekhlu,Kasol,31.921908,77.376167,nature,peak,Nature,0,0,2,,,,0
n5612193347,Black Pk.,Kasol,32.071773,77.675442,nature,peak,Nature,0,0,4,,,,0
n10670301808,Bunga,Kasol,31.807233,77.368319,nature,peak,Nature,0,0,2,,,,0
n9803765810,Bunga,Kasol,31.720173,77.342742,nature,peak,Nature,0,0,2,,,,0
n5612193346,Cathedral,Kasol,32.13003,77.662285,nature,peak,Nature,0,0,6,,,,0
n12888099738,Cave shelter,Kasol,31.721792,77.354799,nature,cave_entrance,Nature,0,0,2,,,,0
w929944951,Chandar Tal,Kasol,32.171285,77.371463,nature,lake,Nature,0,0,3,,,,0
n8480991717,Chhalchhili,Kasol,32.029362,77.566996,nature,peak,Nature,0,0,2,,,,0
n8547386830,Chhaplang Tibba,Kasol,32.026338,77.053853,nature,peak,Nature,0,0,3,,,,0
n8480950639,Chhoti Dalari Tibba,Kasol,32.10926,77.529831,nature,peak,Nature,0,0,2,,,,0
n5612193331,Consolation Peak,Kasol,32.157704,77.346262,nature,peak,Nature,0,0,4,,,,0
w401906151,Dashal lake,Kasol,32.144507,77.300651,nature,lake,Nature,0,0,3,,,,0
w1066051883,Dauns Par Khol,Kasol,31.926098,77.661356,nature,peak,Nature,0,0,3,,,,0
n9774221810,Dev Uchha,Kasol,32.215606,77.501947,nature,peak,Nature,0,0,3,,,,0
n5612193330,Dewachand,Kasol,32.220569,77.546292,nature,peak,Nature,0,0,4,,,,0
n9789858241,Dhalar Hill,Kasol,32.138954,77.518458,nature,peak,Nature,0,0,2,,,,0
n5612193329,Dharmi Chura,Kasol,32.1597,77.607297,nature,peak,Nature,0,0,4,,,,0
n9789858080,Dharmi Chura,Kasol,32.073266,77.414432,nature,peak,Nature,0,0,2,,,,0
n9789858081,Dharmi Chura,Kasol,32.068683,77.448635,nature,peak,Nature,0,0,2,,,,0
n10779382210,Dhel,Kasol,31.751004,77.462698,nature,peak,Nature,0,0,2,,,,0
n8480950638,Dudha Toli,Kasol,32.13681,77.570836,nature,peak,Nature,0,0,2,,,,0
n9158327956,Falls,Kasol,31.958612,77.355896,nature,waterfall,Nature,0,0,2,,,,0
n11912073994,Falls,Kasol,31.934293,77.352127,nature,waterfall,Nature,0,0,2,,,,0
n11912140579,Falls (20m),Kasol,31.741917,77.403098,nature,waterfall,Nature,0,0,2,,,,0
w1066010180,Falls 100m,Kasol,32.020607,77.220776,nature,waterfall,Nature,0,0,2,,,,0
w1066051908,Falls 100m,Kasol,31.974276,77.599536,nature,waterfall,Nature,0,0,2,,,,0
w1066010185,Falls 105m,Kasol,32.046833,77.223501,nature,waterfall,Nature,0,0,2,,,,0
w1066051979,Falls 10m,Kasol,32.098493,77.246367,nature,waterfall,Nature,0,0,2,,,,0
n9117093315,Falls 23m,Kasol,32.04193,77.315791,nature,waterfall,Nature,0,0,2,,,,0
w1066051958,Falls 23m,Kasol,32.012065,77.449579,nature,waterfall,Nature,0,0,2,,,,0
w1066010208,Falls 29m,Kasol,32.120263,77.31012,nature,waterfall,Nature,0,0,2,,,,0
w1066051931,Falls 33m,Kasol,32.04506,77.311354,nature,waterfall,Nature,0,0,2,,,,0
w1066051934,Falls 36m,Kasol,32.042395,77.311778,nature,waterfall,Nature,0,0,2,,,,0
w1066010186,Falls 40m,Kasol,32.053124,77.271448,nature,waterfall,Nature,0,0,2,,,,0
w1066051955,Falls 53m,Kasol,32.04094,77.434741,nature,waterfall,Nature,0,0,2,,,,0
w1066010190,Falls 55m,Kasol,32.067686,77.279396,nature,waterfall,Nature,0,0,2,,,,0
w1066298104,Falls 60m,Kasol,31.78481,77.478177,nature,waterfall,Nature,0,0,2,,,,0
w1066010173,Falls 70m,Kasol,31.977875,77.188112,nature,waterfall,Nature,0,0,2,,,,0
w1066010192,Falls 72m,Kasol,32.084958,77.287002,nature,waterfall,Nature,0,0,2,,,,0
n10107925548,Gajraili,Kasol,31.915386,77.260943,nature,peak,Nature,0,0,3,,,,0
n9791678062,Garwari Tibba,Kasol,31.838729,77.548896,nature,peak,Nature,0,0,2,,,,0
n10074852106,Girvo Koti Peak,Kasol,32.151028,77.397726,nature,peak,Nature,0,0,3,,,,0
n8480950023,Gohru,Kasol,32.028344,77.605576,nature,peak,Nature,0,0,2,,,,0
n10213376309,Hargaren,Kasol,31.863486,77.374218,nature,peak,Nature,0,0,2,,,,0
n10107922132,Hathipur,Kasol,31.901314,77.024853,nature,peak,Nature,0,0,2,,,,0
n5612193322,Ice Sail,Kasol,32.051561,77.669844,nature,peak,Nature,0,0,4,,,,0
n5701379521,Jana waterfalls,Kasol,32.054643,77.172451,nature,waterfall,Nature,0,0,4,,,,0
n9892625440,Jodo,Kasol,32.118185,77.259683,nature,peak,Nature,0,0,2,,,,0
n773552991,Kasol Hot Springs,Kasol,32.012651,77.316259,nature,hot_spring,Nature,0,0,2,,,,0
n2380563860,Kheerganga Hot Spring,Kasol,31.991865,77.509741,nature,hot_spring,Nature,0,0,2,,,,0
n10823877363,Kobri,Kasol,31.715185,77.522175,nature,peak,Nature,0,0,2,,,,0
n7687991984,Kullu Eiger,Kasol,31.900924,77.665602,nature,peak,Nature,0,0,2,,,,0
n5239323337,Kullu Makalu,Kasol,32.106138,77.682447,nature,peak,Nature,0,0,5,,,,0
n5612192711,Lalana Peak,Kasol,32.233168,77.549484,nature,peak,Nature,0,0,4,,,,0
n10848176405,Manikaran Spires Pt 5120,Kasol,32.086913,77.394223,nature,peak,Nature,0,0,4,https://publications.americanalpineclub.org/articles/13201215782,,,0
n10848137377,Manikaran Spires Pt. 5320,Kasol,32.090026,77.390491,nature,peak,Nature,0,0,3,,,,0
n10823770909,Marhani,Kasol,31.724744,77.429145,nature,peak,Nature,0,0,3,,,,0
n9235540487,Natural cave,Kasol,32.030216,77.339135,nature,cave_entrance,Nature,0,0,2,,,,0
n5612192703,Norbu,Kasol,32.160065,77.3824,nature,peak,Nature,0,0,4,,,,0
n9789858162,Ori Tibba,Kasol,32.084375,77.522385,nature,peak,Nature,0,0,2,,,,0
n7687991978,PARBATI SOUTH,Kasol,31.842542,77.67316,nature,peak,Nature,0,0,2,,,,0
n9789858079,Papi Chura,Kasol,32.066902,77.438893,nature,peak,Nature,0,0,2,,,,0
n8480950024,Papi Chura,Kasol,32.128996,77.614095,nature,peak,Nature,0,0,2,,,,0
n4094294648,Papsura,Kasol,32.212293,77.553723,nature,peak,Nature,0,0,4,,,,0
n10918212125,Paptula,Kasol,32.103428,77.409238,nature,peak,Nature,0,0,2,,,,0
n10680654085,Peak,Kasol,31.745139,77.059093,nature,peak,Nature,0,0,2,,,,0
n8480950640,Phaikal,Kasol,32.14842,77.52584,nature,peak,Nature,0,0,2,,,,0
w1066010211,Phuta Sar,Kasol,32.131075,77.278591,nature,lake,Nature,0,0,3,,,,0
r2817778,Prashar Lake,Kasol,31.754471,77.101058,nature,lake,Nature,1,0,12,,,,1
n6549730458,Rakhundi Top,Kasol,31.700778,77.49194,nature,peak,Nature,0,0,2,,,,0
n13923208694,Ram Chukor,Kasol,32.102211,77.438423,nature,peak,Nature,0,0,3,,,,0
w964621502,Rarag Sar,Kasol,31.942515,77.42821,nature,lake,Nature,0,0,3,,,,0
n5612192696,Rubal Kang,Kasol,32.100773,77.676456,nature,peak,Nature,0,0,4,,,,0
w958337900,Ruminisar Lake,Kasol,32.064831,77.462733,nature,lake,Nature,0,0,3,,,,0
n9774221805,Sara Nagi,Kasol,32.19597,77.53217,nature,peak,Nature,0,0,2,,,,0
n10107904593,Saragpur,Kasol,31.889457,77.032588,nature,peak,Nature,0,0,2,,,,0
n10183073573,Satupurna,Kasol,31.955959,77.293571,nature,peak,Nature,0,0,2,,,,0
n5612192695,Shakkar Kang,Kasol,32.059291,77.675019,nature,peak,Nature,0,0,4,,,,0
n5612192694,Shigrila,Kasol,32.175624,77.583762,nature,peak,Nature,0,0,4,,,,0
n5612192691,Snow Dome,Kasol,32.171654,77.599967,nature,peak,Nature,0,0,4,,,,0
n10918212838,South Malana Peak,Kasol,32.081461,77.432718,nature,peak,Nature,0,0,3,,,,0
w1067561434,Sukasar,Kasol,31.758307,77.079341,nature,lake,Nature,0,0,3,,,,0
n13447721965,Tarapurgarh,Kasol,31.907332,77.024848,nature,peak,Nature,0,0,2,,,,0
n7694669610,Thini top,Kasol,31.723997,77.36413,nature,peak,Nature,0,0,2,,,,0
n5612192687,Tiger Tooth Peak,Kasol,32.142295,77.65265,nature,peak,Nature,0,0,4,,,,0
w1161145721,Tilalotan Sar,Kasol,31.945193,77.411824,nature,lake,Nature,0,0,3,,,,0
n9790931890,Tiri Thunth,Kasol,31.932424,77.315168,nature,peak,Nature,0,0,3,,,,0
n10213341113,Tiwan,Kasol,31.812505,77.287132,nature,peak,Nature,0,0,2,,,,0
n11235819719,"Tunda
Bhuj (hot spring?!)",Kasol,31.971104,77.591667,nature,hot_spring,Nature,0,0,3,,,,0
n11235380955,Tunnel into the mountain,Kasol,31.995803,77.448784,nature,cave_entrance,Nature,0,0,2,,,,0
n8480991817,Ujla Tichu,Kasol,32.08821,77.554786,nature,peak,Nature,0,0,2,,,,0
n2380563864,WaterFall,Kasol,31.997432,77.486136,nature,waterfall,Nature,0,0,2,,,,0
n12888077315,Waterfall,Kasol,31.72773,77.357918,nature,waterfall,Nature,0,0,2,,,,0
n5612192685,West Horn,Kasol,32.035009,77.62748,nature,peak,Nature,0,0,4,,,,0
n5612192684,White Pk.,Kasol,32.081123,77.685411,nature,peak,Nature,0,0,4,,,,0
n4094294649,White Sail,Kasol,32.198926,77.565565,nature,peak,Nature,0,0,7,"Also known as White Sail, the name Dharmsura in the local language of Lahaul means Peak of Good.",,,0
n13849787208,choti Ungli,Kasol,32.090029,77.416661,nature,peak,Nature,0,0,2,,,,0
n6644197637,Choj bridge,Kasol,32.01683,77.328291,sight,attraction,Heritage,0,0,3,,,,0
n14081810101,Deo Sor (lake),Kasol,31.938264,77.417221,sight,attraction,Heritage,0,0,2,,,,0
n5175304237,Fairy Forest,Kasol,31.991701,77.441315,sight,attraction,Heritage,0,0,3,,,,0
n6766260262,Narang,Kasol,32.051295,77.260653,sight,attraction,Heritage,0,0,3,,,,0
n14081810102,Shiva Lake (Himsu Lake),Kasol,31.917656,77.422194,sight,attraction,Heritage,0,0,2,,,,0
n4950057421,misora thach,Kasol,32.015745,77.423248,sight,viewpoint,Viewpoint,0,0,3,,,,0
n4950057521,topa thach,Kasol,32.009861,77.414607,sight,viewpoint,Viewpoint,0,0,3,,,,0
n4398548191,waterfall viewpoint,Kasol,32.023042,77.462722,sight,viewpoint,Viewpoint,0,0,2,,,,0
r11264633,Dhankar Tso,Kaza,32.087908,78.222542,activity,hiking_route,Activity,0,0,5,,,,0
n4956100754,Kanamo Base Camp,Kaza,32.349454,78.0533,activity,camp_site,Activity,0,0,5,Water available nearby stream,,,0
n5047797523,Kanamo Basecamp,Kaza,32.346286,78.064029,activity,camp_site,Activity,0,0,3,,,,0
r8171355,Kanamo Peak,Kaza,32.351835,78.047333,activity,hiking_route,Activity,0,0,4,,,,0
r18021113,Kaza to Demul,Kaza,32.195793,78.12663,activity,hiking_route,Activity,0,0,4,,,,0
r11244174,Kaza to Dhankar,Kaza,32.157835,78.138911,activity,hiking_route,Activity,0,0,4,,,,0
r11244178,Key upper,Kaza,32.31384,78.036799,activity,hiking_route,Activity,0,0,5,,,,0
n3719962886,Kibber camping,Kaza,32.343711,78.018536,activity,camp_site,Activity,0,0,8,,,no,0
r11309262,Langza to Hikkim,Kaza,32.262428,78.091973,activity,hiking_route,Activity,0,0,5,,,,0
n8575725138,Lingti 2014 English Expedition Base Camp,Kaza,32.214061,78.346616,activity,camp_site,Activity,0,0,2,,,,0
n9000216199,Open camp,Kaza,32.431923,78.037931,activity,camp_site,Activity,0,0,2,,,,0
r11308779,Sangam to Tango,Kaza,32.039267,77.971766,activity,hiking_route,Activity,0,0,5,,,,0
n9967262017,Spiti Nature Camp,Kaza,32.375274,77.926035,activity,camp_site,Activity,0,0,2,,,,0
n5860718685,Zeltplatz,Kaza,32.275897,78.095016,activity,camp_site,Activity,0,0,2,,,,0
n7690347510,base camp,Kaza,32.475615,78.062824,activity,camp_site,Activity,0,0,2,,,,0
n9781318612,Ache,Kaza,32.278098,77.717714,nature,peak,Nature,0,0,4,,,,0
n5612193334,Central Peak,Kaza,32.2401,77.675682,nature,peak,Nature,0,0,4,,,,0
n3992146957,Chau Chau Kang Nilda,Kaza,32.309879,78.163586,nature,peak,Nature,0,0,4,,,,0
n7494854289,Chau Chau Kang Nilda II,Kaza,32.325675,78.16454,nature,peak,Nature,0,0,4,,,,0
n5612192686,Chemma,Kaza,32.285564,77.728544,nature,peak,Nature,0,0,5,,,,0
n10219729716,Chhochodun,Kaza,32.100446,78.449343,nature,peak,Nature,0,0,2,,,,0
n9793495070,Chindan,Kaza,32.469328,77.888346,nature,peak,Nature,0,0,3,,,,0
n8575772268,Chota Sgurr,Kaza,32.189458,78.392886,nature,peak,Nature,0,0,3,,,,0
n10213340237,Chugtago,Kaza,32.115604,77.885435,nature,peak,Nature,0,0,2,,,,0
n5612193332,Concave Peak,Kaza,32.183645,77.697131,nature,peak,Nature,0,0,4,,,,0
n8480950022,Convex Peak,Kaza,32.167385,77.720289,nature,peak,Nature,0,0,2,,,,0
n4276086764,Corner Pk.,Kaza,32.103869,77.704719,nature,peak,Nature,0,0,5,,,,0
n10219766156,Dabla Siakche,Kaza,32.474844,77.820509,nature,peak,Nature,0,0,2,,,,0
n3155983810,Dangmachan,Kaza,32.321573,78.049152,nature,peak,Nature,0,0,3,,,,0
w41802008,Dhankar Tso,Kaza,32.089937,78.228162,nature,lake,Nature,0,0,4,,,,0
n8576487981,Dhhun Peak,Kaza,32.450087,78.197284,nature,peak,Nature,0,0,3,,,,0
n10219805427,Dhungringmo,Kaza,32.200082,78.030576,nature,peak,Nature,0,0,2,,,,0
n5612193328,Dibibokri Parvat,Kaza,32.036845,77.776556,nature,peak,Nature,0,0,4,,,,0
n4406586400,Dibibokri Pyramid,Kaza,32.073254,77.753782,nature,peak,Nature,0,0,4,,,,0
n5612192708,Dongrimo,Kaza,32.356467,77.775588,nature,peak,Nature,0,0,4,,,,0
n8576066106,Faktapidungo,Kaza,32.332983,78.050981,nature,peak,Nature,0,0,4,Acclimatization Point for Kanamo,,,0
n5612192697,Fluted Peak,Kaza,32.002912,77.740814,nature,peak,Nature,0,0,3,,,,0
n5612193326,Fluted Pk.,Kaza,32.333153,77.744032,nature,peak,Nature,0,0,4,,,,0
n9595070894,Fyanlabte West,Kaza,32.246508,77.706202,nature,peak,Nature,0,0,4,https://publications.americanalpineclub.org/articles/13201216004,,,0
n8491135318,Gangpopo,Kaza,32.480298,77.852511,nature,peak,Nature,0,0,2,,,,0
n10219778387,Gebbe,Kaza,32.062092,78.36978,nature,peak,Nature,0,0,2,,,,0
n10213288584,Ghonrgan,Kaza,32.245967,78.129351,nature,peak,Nature,0,0,2,,,,0
n5239108496,Gunthar Peak,Kaza,32.19303,77.787597,nature,peak,Nature,0,0,4,,,,0
n5935203139,Hersang,Kaza,32.023086,78.202185,nature,peak,Nature,0,0,3,,,,0
n5612193321,Jeldi,Kaza,32.145243,77.686174,nature,peak,Nature,0,0,4,,,,0
n3156789654,Kamelang,Kaza,32.102896,78.299892,nature,peak,Nature,0,0,2,,,,0
n5522568207,Kanamo Peak,Kaza,32.369139,78.093379,nature,peak,Nature,0,0,4,,,,0
n4072587492,Kanamo West,Kaza,32.370379,78.0848,nature,peak,Nature,0,0,5,,,,0
n5612192719,Kangla Tarbo I,Kaza,32.058296,77.811691,nature,peak,Nature,0,0,4,,,,0
n5612192718,Kangla Tarbo II,Kaza,32.062093,77.815974,nature,peak,Nature,0,0,4,,,,0
n5612192716,Karcha Parbat,Kaza,32.354055,77.721473,nature,peak,Nature,0,0,4,,,,0
n5612192714,Khhang Shiling,Kaza,32.126006,77.768713,nature,peak,Nature,0,0,4,,,,0
n9812084142,Kuanglungba,Kaza,32.063083,78.163497,nature,peak,Nature,0,0,2,,,,0
n5239099546,Kullu Pumori,Kaza,32.12548,77.710468,nature,peak,Nature,0,0,4,,,,0
n8477283941,Lagma,Kaza,32.197187,78.36977,nature,peak,Nature,0,0,3,,,,0
n1522843768,Lakhang,Kaza,32.436064,78.19512,nature,peak,Nature,0,0,4,,,,0
n5612192710,Lamandi,Kaza,32.27243,77.958941,nature,peak,Nature,0,0,5,,,,0
n5612192709,Larimo,Kaza,32.374287,77.780135,nature,peak,Nature,0,0,4,,,,0
n5612192707,Lion Pk.,Kaza,32.23536,77.680752,nature,peak,Nature,0,0,4,,,,0
n10219782056,Mangling,Kaza,31.986059,78.119663,nature,peak,Nature,0,0,2,,,,0
n1428784717,Meditation caves,Kaza,32.09659,78.382599,nature,cave_entrance,Nature,0,0,2,,,,0
n10056963281,Mt. Heyden,Kaza,32.281612,78.039575,nature,peak,Nature,0,0,3,,,,0
n9303053937,Naagraj(Serpent),Kaza,31.956142,78.309746,nature,peak,Nature,0,0,4,Serpent Peak. Easily visible from the Dhankar Village right side to the Manirang Peak. Looks distinct like a serpent with big fangs or cobra,,,0
n8572736398,Num Themga,Kaza,32.360194,77.774782,nature,peak,Nature,0,0,4,"Arun Samant 1994 Expedition; https://www.alpinejournal.org.uk/Contents/Contents_1996_files/AJ%201996%2097-102%20Samant%20Spiti.pdf

Anindya Mukherjee 2017 Expedition http://publications.americanalpineclub.org/articles/13201215689",,,0
n10219796739,Nunuluka,Kaza,32.105649,78.133891,nature,peak,Nature,0,0,2,,,,0
n8491122925,Pachan Horlo Dumba,Kaza,32.47255,77.774878,nature,peak,Nature,0,0,2,,,,0
n8491122918,Painyan,Kaza,32.415237,77.996149,nature,peak,Nature,0,0,2,,,,0
n8576484155,Parilungbi,Kaza,32.479725,78.187839,nature,peak,Nature,0,0,3,,,,0
n5239099942,Parvati Parbat,Kaza,32.090537,77.73467,nature,peak,Nature,0,0,6,,,,0
n10213340236,Pashirma,Kaza,32.181868,77.817642,nature,peak,Nature,0,0,2,,,,0
n8477283925,Patang Langsa,Kaza,32.117605,78.411822,nature,peak,Nature,0,0,2,,,,0
n8572789389,Peak 6015,Kaza,32.387362,77.787841,nature,peak,Nature,0,0,4,http://publications.americanalpineclub.org/articles/13201215689,,,0
n8627269219,Pt 6050,Kaza,32.425376,78.18322,nature,peak,Nature,0,0,3,,,,0
n8627198685,Pt 6050m,Kaza,32.426991,78.166164,nature,peak,Nature,0,0,3,,,,0
n8627270364,Pt 6080m,Kaza,32.42549,78.141729,nature,peak,Nature,0,0,3,,,,0
n8627265533,Pt 6120,Kaza,32.412233,78.116995,nature,peak,Nature,0,0,3,,,,0
n8633619137,Pt 6150,Kaza,32.295913,78.226118,nature,peak,Nature,0,0,3,,,,0
n8627257657,Pt 6150m,Kaza,32.419882,78.125948,nature,peak,Nature,0,0,3,,,,0
n5612192700,Ratang,Kaza,32.183066,77.834371,nature,peak,Nature,0,0,4,,,,0
n5612192699,Ratang Tower,Kaza,32.195055,77.862461,nature,peak,Nature,0,0,4,,,,0
n5612192698,Ratiruni Pyramid,Kaza,31.97099,77.780123,nature,peak,Nature,0,0,4,,,,0
n10219779259,Rishi Gebbe,Kaza,32.036443,78.345678,nature,peak,Nature,0,0,2,,,,0
n8601419457,SUTD,Kaza,32.256668,77.704131,nature,peak,Nature,0,0,3,,,,0
n8491135217,Samgar Chhomo,Kaza,32.417827,77.961774,nature,peak,Nature,0,0,2,,,,0
n5239105429,Shigri Parbat,Kaza,32.136853,77.775937,nature,peak,Nature,0,0,4,,,,0
n3992125005,Shilla,Kaza,32.405993,78.200796,nature,peak,Nature,1,0,6,"Shilla is a mountain peak close to Spiti Valley, part of the Himalaya mountains. Its is 6,132 metres (20,118 ft) above sea level. It is in Himachal Pradesh in Northern India.",,,1
n3156789865,Sisbang,Kaza,32.152795,78.319162,nature,peak,Nature,0,0,2,,,,0
n10213361437,Snow Cone,Kaza,32.179199,77.804674,nature,peak,Nature,0,0,2,,,,0
w310269306,Sopona Lake,Kaza,32.017599,78.28128,nature,lake,Nature,0,0,3,,,,0
n5612192683,Tahmo,Kaza,32.419287,77.772274,nature,peak,Nature,0,0,6,Also known as Gammo; Marked on Arun Samant 1994 Expedition Map,,,0
n8575789634,Taklu,Kaza,32.17543,78.36238,nature,peak,Nature,0,0,3,,,,0
n8575714208,Tangmor,Kaza,32.184019,78.362386,nature,peak,Nature,0,0,3,,,,0
n9812084143,Tanjangkari,Kaza,32.068283,78.166544,nature,peak,Nature,0,0,2,,,,0
n8576821903,Thongsal,Kaza,32.55308,78.251247,nature,peak,Nature,0,0,3,,,,0
n9908069833,Tung Ringbho,Kaza,32.407755,77.71647,nature,peak,Nature,0,0,2,,,,0
n5860719386,Balaari Top (4.737m),Kaza,32.136343,78.173988,sight,viewpoint,Viewpoint,0,0,2,,,,0
n3881808190,Few rocks that make for a great view point,Kaza,32.339748,78.021964,sight,viewpoint,Viewpoint,0,0,2,,,,0
n287411686,Ki Gompa,Kaza,32.29728,78.011849,sight,place_of_worship,Temple,1,0,8,,,,1
n9985766519,Old Monastery,Kaza,32.239698,78.08535,sight,attraction,Heritage,0,0,2,,,,0
n4358818889,Rock Art Museum,Kaza,32.228275,78.067275,sight,museum,Museum,0,0,2,,,,0
n4295600693,Bamuni Hill,Kaziranga,26.617,92.816253,nature,peak,Nature,0,0,4,,,,0
w669401054,Ken Gharial Sanctuary,Khajuraho,24.889122,80.058757,activity,nature_reserve,Activity,1,0,7,,,,1
w677915138,Panna (Gangau) WLS,Khajuraho,24.684631,80.0881,activity,nature_reserve,Activity,0,0,4,,,,0
w160695615,Panna National Park,Khajuraho,24.613533,79.942056,activity,national_park,Activity,1,0,9,,,,1
w499846846,Benisagar Lake,Khajuraho,24.714845,80.184339,nature,lake,Nature,0,0,3,,,,0
w499853735,Dubey Pond,Khajuraho,24.696207,80.168171,nature,lake,Nature,0,0,3,,,,0
w499853738,Kamlabai Ka Taal,Khajuraho,24.72613,80.170658,nature,lake,Nature,0,0,3,,,,0
n1727311749,Pandav Falls,Khajuraho,24.730074,80.067638,nature,waterfall,Nature,0,0,3,,,,0
n2073489132,Raneh Falls,Khajuraho,24.875433,80.052642,nature,waterfall,Nature,1,0,3,,,,1
w199227539,Adinatha Temple,Khajuraho,24.845137,79.936588,sight,attraction,Heritage,1,0,7,,,,1
w199237447,Archaeological Museum,Khajuraho,24.851285,79.923661,sight,museum,Museum,0,0,3,,,,0
w199250379,Beejamandal Temple ruins,Khajuraho,24.829404,79.934544,sight,ruins,Heritage,0,0,3,,,,0
w199232943,Brahma Temple,Khajuraho,24.849201,79.932763,sight,attraction,Heritage,1,0,7,,,,1
n1124755992,Chaterbuja,Khajuraho,24.825174,79.930997,sight,monument,Heritage,0,0,5,,,,0
w199249135,Chaturbhuj Temple,Khajuraho,24.825161,79.931038,sight,monument,Heritage,0,0,6,,,,0
n7038602085,Chausath Yogini Temple,Khajuraho,24.84972,79.918095,sight,monument,Heritage,1,0,5,,,,1
w199055921,Chitragupta Temple,Khajuraho,24.854391,79.920103,sight,monument,Heritage,1,0,8,,,,1
w199077140,Duladeo Shiva Temple,Khajuraho,24.839035,79.931729,sight,monument,Heritage,1,0,9,,,,1
w199229602,Ghantai Temple,Khajuraho,24.846138,79.933401,sight,attraction,Heritage,1,0,7,,,,1
n2092538654,Hanuman Statue,Khajuraho,24.852241,79.922716,sight,monument,Heritage,0,0,5,,,,0
w199055923,Jagadambi Temple,Khajuraho,24.853399,79.919721,sight,monument,Heritage,1,0,8,,,,1
w199046104,Jain Art Museum,Khajuraho,24.844744,79.935759,sight,museum,Museum,0,0,3,,,,0
w199231640,Jawari Temple,Khajuraho,24.849467,79.935293,sight,attraction,Heritage,1,0,7,,,,1
w199236287,Jordine Museum,Khajuraho,24.851611,79.921535,sight,museum,Museum,0,0,5,,,,0
w199055924,Kandariya Mahadev Temple,Khajuraho,24.853037,79.919634,sight,monument,Heritage,1,0,8,,,,1
w199056978,Khajuraho Archaeological Museum,Khajuraho,24.859014,79.920649,sight,museum,Museum,0,0,7,,,,0
w199236660,Khajuraho palace,Khajuraho,24.851511,79.922749,sight,attraction,Heritage,0,0,5,,,,0
w199055925,Lakshman Temple,Khajuraho,24.852228,79.921699,sight,monument,Heritage,1,0,9,,,,1
w199055917,Lakshmi shrine,Khajuraho,24.852182,79.922237,sight,attraction,Heritage,1,0,7,,,,1
n7038602086,Lalguan Mahadev Temple,Khajuraho,24.85081,79.911312,sight,attraction,Heritage,0,0,2,,,,0
w199261670,Mahadeva Temple,Khajuraho,24.853217,79.919706,sight,monument,Heritage,0,0,6,,,,0
n1124756065,Matangeshwar Temple,Khajuraho,24.852016,79.921614,sight,monument,Heritage,1,0,7,,,,1
w199055918,Nandi Temple,Khajuraho,24.853355,79.922713,sight,monument,Heritage,1,0,8,,,,1
w199227613,Parshwanath Temple,Khajuraho,24.844913,79.936509,sight,attraction,Heritage,1,0,8,,,,1
w199055920,Parvati Temple,Khajuraho,24.853237,79.921968,sight,monument,Heritage,1,0,8,,,,1
w199055926,Pratapeshwara Temple,Khajuraho,24.852899,79.922314,sight,monument,Heritage,0,0,6,,,,0
w199227781,Shantinath Temple,Khajuraho,24.844633,79.936307,sight,attraction,Heritage,1,0,7,,,,1
n7038605785,Sunset viewpoint over the water reservoir,Khajuraho,24.792152,79.87335,sight,viewpoint,Viewpoint,0,0,2,,,,0
w199234346,Tribal Art Museum,Khajuraho,24.85706,79.924344,sight,museum,Museum,0,0,6,,,,0
w199232548,Vamana Temple,Khajuraho,24.851523,79.934995,sight,attraction,Heritage,1,0,7,,,,1
w199055919,Varaha shrine,Khajuraho,24.852092,79.92222,sight,attraction,Heritage,1,0,7,,,,1
w199055922,Vishwanatha Temple,Khajuraho,24.853402,79.922367,sight,monument,Heritage,1,0,8,,,,1
w199055511,Western Group of Temples,Khajuraho,24.85328,79.920763,sight,archaeological_site,Heritage,0,0,7,,,,0
w621308727,Aries Rope Access Training Centre,Kochi,10.089528,76.397494,activity,climbing,Activity,0,0,3,,,,0
w798438563,Bhaskaran Colony,Kochi,9.967778,76.358812,activity,camp_site,Activity,0,0,3,,,,0
n7497618896,Fine Aquarium,Kochi,10.020972,76.274277,activity,aquarium,Activity,0,0,3,,,no,0
n7488853700,Fish World Aquarium,Kochi,10.022588,76.402654,activity,aquarium,Activity,0,0,2,,,,0
n7488111417,Golden aquarium Aluva,Kochi,10.113129,76.351455,activity,aquarium,Activity,0,0,2,,,,0
w799444134,Kannan Kulam,Kochi,9.808109,76.353112,activity,water_park,Activity,0,0,4,,,,0
n10700114940,MADAVANA M N COLONY,Kochi,9.873081,76.30817,activity,camp_site,Activity,0,0,3,,,,0
n8410823559,MODERN AQUARIUM SHOP,Kochi,9.784447,76.450553,activity,aquarium,Activity,0,0,2,,,,0
w619023959,Matsyafed Public Aquarium,Kochi,9.749669,76.389527,activity,aquarium,Activity,0,0,3,,,,0
n9378241594,Melezhathu Kulam,Kochi,9.78781,76.418328,activity,water_park,Activity,0,0,6,,,,0
n10700245385,NEW STAR FC GROUND,Kochi,9.866101,76.314742,activity,camp_site,Activity,0,0,2,,,,0
n10700127401,PROJECT COLONY,Kochi,9.882745,76.299384,activity,camp_site,Activity,0,0,3,,,,0
n10028933035,Ramalloor chira,Kochi,10.004154,76.422771,activity,water_park,Activity,0,0,3,,,,0
n7496688086,Smart Pets & Aquarium,Kochi,10.08557,76.375014,activity,aquarium,Activity,0,0,2,,,,0
n10700119494,THOSKANA COLONY,Kochi,9.873218,76.310219,activity,camp_site,Activity,0,0,3,,,,0
n7515051812,Ullas Aquarium,Kochi,10.018002,76.303124,activity,aquarium,Activity,0,0,2,,,,0
n7487997922,Vaikom Park,Kochi,9.749915,76.389542,activity,theme_park,Activity,0,0,2,,,,0
n10074825277,Valiyaparambu kulam,Kochi,10.033803,76.255542,activity,water_park,Activity,0,0,4,,,,0
w133761840,Wonderla Amusement Park,Kochi,10.026672,76.391813,activity,theme_park,Activity,0,0,12,,"Mo-Su 09:00-12:00,13:30-18:30; Su 09:00-17:00; PH closed",,0
n8567380306,chemmeen kettu,Kochi,10.05705,76.25218,activity,aquarium,Activity,0,0,2,,,,0
w45725477,Ambalamedu,Kochi,9.985489,76.383603,nature,lake,Nature,0,0,3,,,,0
w1245902672,Arattuvazhi,Kochi,9.728107,76.286107,nature,beach,Beach,0,0,3,,,,0
n2996408685,Areekkal Waterfalls,Kochi,9.9183,76.537634,nature,waterfall,Nature,0,0,3,,,,0
w265588396,Changampuzha Park,Kochi,10.016483,76.302027,nature,park,Nature,1,0,9,,,,1
r8492957,Chenganda lake,Kochi,9.789452,76.339671,nature,lake,Nature,0,0,4,,,,0
r8492955,Cheppanam-Panagad Kayal,Kochi,9.865625,76.356997,nature,lake,Nature,0,0,4,,,,0
w25977369,Cherai Beach,Kochi,10.144188,76.177342,nature,beach,Beach,1,0,7,,,,1
r1811311,Chilavannur Lake,Kochi,9.954604,76.310568,nature,lake,Nature,0,0,5,,,,0
w1288961685,Edavanakkadu Beach,Kochi,10.08132,76.194719,nature,beach,Beach,0,0,3,,,,0
w1134603081,Fort Kochi Beach,Kochi,9.967136,76.239822,nature,beach,Beach,1,0,9,,,,1
w464030133,Indranchira,Kochi,9.995471,76.467627,nature,lake,Nature,0,0,4,,,,0
w653416969,Kuzhupilly Beach,Kochi,10.109453,76.187276,nature,beach,Beach,0,0,2,,,,0
w221576638,Manappattu Chira 2,Kochi,10.203527,76.499248,nature,lake,Nature,0,0,4,,,,0
w583758469,Manickamangalam Thora,Kochi,10.181199,76.444208,nature,lake,Nature,0,0,3,,,,0
n12839325416,Munakkal Beach,Kochi,10.180663,76.161993,nature,beach,Beach,0,0,3,,,,0
w653416971,Munambam Beach,Kochi,10.176046,76.165604,nature,beach,Beach,0,0,4,,,,0
w722690664,Nazareth Beach,Kochi,9.945188,76.241644,nature,beach,Beach,0,0,2,,,,0
w1288963500,Pazhangadu Puthan Kadappuram,Kochi,10.08335,76.19425,nature,beach,Beach,0,0,3,,,,0
r10362835,Perandoor Canal,Kochi,10.021783,76.280465,nature,lake,Nature,0,0,5,,,,0
n7469531359,Perumatton Chira,Kochi,9.994987,76.59128,nature,waterfall,Nature,0,0,2,,,,0
w1134432575,Puthanthodu Beach,Kochi,9.869445,76.262817,nature,beach,Beach,0,0,3,,,,0
w653426967,Puthuvype Beach,Kochi,9.998685,76.218341,nature,beach,Beach,0,0,2,,,,0
n12012639954,THEVARTHU MALA,Kochi,9.777407,76.5492,nature,peak,Nature,0,0,2,,,,0
n9245120732,Thonippara Waterfall,Kochi,9.847681,76.581762,nature,waterfall,Nature,0,0,3,,,,0
w903282108,Valappu Beach,Kochi,10.008282,76.216044,nature,beach,Beach,0,0,5,Valappu Beach,,,0
r20298114,Vembanad Lake,Kochi,9.84916,76.302404,nature,lake,Nature,1,0,11,,,,1
w943543329,Vypeen Beach,Kochi,9.972736,76.240644,nature,beach,Beach,0,0,3,,,,0
w1134603085,Zone 1,Kochi,9.966044,76.238504,nature,beach,Beach,0,0,3,,,,0
r8714863,Arayukulangara Sreekrishnaswamy Temple,Kochi,9.846267,76.358247,sight,place_of_worship,Temple,1,0,8,,,,1
w797866670,Aroor Church,Kochi,9.876865,76.30295,sight,place_of_worship,Temple,1,0,10,,,,1
r8722967,Aroor Sree Karthyayani Devi Temple,Kochi,9.8674,76.306097,sight,place_of_worship,Temple,1,0,6,,,,1
w722975378,Aspinwall House,Kochi,9.968635,76.24654,sight,attraction,Heritage,0,0,6,,,,0
w722704258,Bastion Bungalow,Kochi,9.967457,76.241173,sight,attraction,Heritage,0,0,4,,,,0
w612914491,Bolgatty Palace,Kochi,9.985139,76.267593,sight,castle,Heritage,1,0,11,,,,1
w169338018,Bolghatty Palace & Island Resort,Kochi,9.98443,76.26659,sight,attraction,Heritage,0,0,3,,,,0
w27250406,Broadway,Kochi,9.978661,76.277508,sight,attraction,Heritage,1,0,17,Historic shopping street,,,1
w798644618,Chakkankulangara Temple,Kochi,9.949204,76.345784,sight,place_of_worship,Temple,1,0,5,,,,1
w800659870,Changaram Wetlands,Kochi,9.801305,76.291182,sight,attraction,Heritage,0,0,6,,,,0
w722702817,Chembittapally Juma Mosque,Kochi,9.948809,76.259581,sight,place_of_worship,Temple,1,0,5,,,,1
n8661045107,"Chinese Fishing Net, Vypeen",Kochi,9.972072,76.242071,sight,attraction,Heritage,0,0,3,,,,0
n600348761,Chinese Fishing Nets,Kochi,9.968191,76.242168,sight,attraction,Heritage,0,0,4,,,,0
w599126081,Chittoor Sree Krishna SwamyTemple,Kochi,10.033315,76.27338,sight,place_of_worship,Temple,1,0,9,,,,1
w800465056,Chottanikkara Devi temple,Kochi,9.933302,76.391741,sight,place_of_worship,Temple,1,0,15,,,,1
w1268563831,Dhakshina Udupi Dhanwanthari Temple,Kochi,9.941651,76.354487,sight,place_of_worship,Temple,1,0,6,,,,1
n6357739885,Dhobi Khana,Kochi,9.951514,76.244073,sight,attraction,Heritage,0,0,2,,,,0
w838495714,Elamana Palace,Kochi,9.949149,76.34261,sight,castle,Heritage,0,0,11,Currently Under NSS Higher Secondary School,,,0
w1392872646,Elamkunnappuzha Beach,Kochi,10.023855,76.212158,sight,attraction,Heritage,0,0,4,,,,0
r17669175,Elankunnapuzha Subrahmanya Temple,Kochi,10.030887,76.228867,sight,place_of_worship,Temple,1,0,7,,,,1
n10946336212,Ernakulam District Heritage Museum,Kochi,9.967468,76.241067,sight,museum,Museum,0,0,5,,,,0
n6342407547,Ernakulam Terminus,Kochi,9.988213,76.27427,sight,ruins,Heritage,1,0,10,,,,1
n7467966713,Fathima Matha Groto,Kochi,9.912373,76.270935,sight,monument,Heritage,0,0,2,,,,0
n600348698,"Fort Immanuel,Fort Kochi",Kochi,9.966316,76.239012,sight,ruins,Heritage,1,0,7,,,,1
w407703323,Fort Kochi Jail,Kochi,9.967656,76.243912,sight,attraction,Heritage,0,0,6,,Mo-Su 08:00-17:00,,0
w289319863,Fort Vypin Walkway,Kochi,9.972939,76.242122,sight,attraction,Heritage,0,0,8,,,,0
w216651733,Hill Palace Complex,Kochi,9.953428,76.364029,sight,museum,Museum,1,0,8,,"Tu-Su 09:00-12:30, 14:00-16:30",,1
n5337494921,Idili Pura.,Kochi,10.012191,76.357849,sight,attraction,Heritage,0,0,2,,,,0
w1134803957,Indian Naval Maritime Museum,Kochi,9.958277,76.238864,sight,museum,Museum,0,0,6,,"Tu-Fr 9:30-13:30, 14:30-17:30; Sa-Su 9:30-13:30, 14:30-20:00",yes,0
n600348684,Indo-Portuguese Museum,Kochi,9.962314,76.240272,sight,museum,Museum,1,0,7,,"Tu-Su 09:00-13:00, 14:00-18:00",,1
w37768684,Jawaharlal Nehru International Stadium,Kochi,9.997234,76.300834,sight,attraction,Heritage,1,0,10,,,,1
w799846675,Kaattupuram Juma Masjid,Kochi,9.850278,76.339332,sight,place_of_worship,Temple,1,0,6,,,,1
n6537569563,Kadavumbhagam Ernakulam Synagogue,Kochi,9.980196,76.278404,sight,attraction,Heritage,0,0,9,,,,0
w1340510444,Kerala Folklore Museum,Kochi,9.933021,76.299147,sight,museum,Museum,0,0,23,,,yes,0
w389522750,Kerala Kathakali Centre,Kochi,9.963892,76.242808,sight,attraction,Heritage,0,0,12,,,,0
w676492952,Kerala Museum,Kochi,10.038,76.314747,sight,museum,Museum,1,0,13,Museum of Kerala History by Madhavan Nair Foundation,Mo-Sa 10:00-17:00,yes,1
w676492953,Kerala Museum Art Gallery,Kochi,10.038477,76.314377,sight,museum,Museum,0,0,5,,Mo-Sa 08:00-20:00,,0
n10587459006,Kochi Tourist Boating Centre,Kochi,9.958292,76.260524,sight,attraction,Heritage,0,0,2,,,,0
n4228830989,Kochinbackwaters Boat Club,Kochi,9.936587,76.312072,sight,attraction,Heritage,0,0,2,,,,0
n1686911337,Kovil Homestay,Kochi,9.957496,76.244641,sight,monument,Heritage,0,0,2,,,,0
w626667965,Kunnel Dharmadaiva Temple,Kochi,9.844467,76.353027,sight,place_of_worship,Temple,1,0,6,,,,1
n7561426485,M G Road,Kochi,9.976466,76.284394,sight,attraction,Heritage,0,0,3,,,,0
n12005593208,Mangalavanam Bird Sanctuary,Kochi,9.988774,76.272653,sight,attraction,Heritage,0,0,9,"Quiet, forested nature refuge in the middle of the city attracting migratory birds & other animals.",,,0
n7016742693,"Marine Drive, Kochi",Kochi,9.978478,76.275773,sight,attraction,Heritage,1,0,8,,,,1
w53018554,Mattancherry Dutch Palace,Kochi,9.958339,76.259396,sight,museum,Museum,0,0,9,,09:00-17:00; Fr off,yes,0
w722671018,Mattancherry Dutch Palace Complex,Kochi,9.95844,76.258986,sight,castle,Heritage,1,0,8,,,,1
w589578696,Mattancherry Paradesi Synagogue,Kochi,9.957483,76.259302,sight,attraction,Heritage,1,0,17,,"10:00-12:00,15:00-17:00; Fr,Sa off",,1
w716028819,Mulanthuruthy Marthoman Orthodox Church Cathedral,Kochi,9.900182,76.387564,sight,place_of_worship,Temple,1,0,9,,,,1
w619746955,Neduvelil Bhagavati Temple,Kochi,9.878158,76.373201,sight,place_of_worship,Temple,1,0,6,,,,1
w380235390,Old church,Kochi,10.022352,76.30565,sight,monument,Heritage,0,0,3,,,,0
w621205901,Ooraliparambu Dharmasastha Temple,Kochi,9.817055,76.33776,sight,place_of_worship,Temple,1,0,6,,,,1
n2928683963,Our Lady of Hope Church,Kochi,9.973476,76.243309,sight,place_of_worship,Temple,1,0,7,,,,1
w407920595,Our Lady of Life's Church,Kochi,9.961289,76.258066,sight,place_of_worship,Temple,1,0,5,,,,1
r20295440,Pallippattu Durga Temple,Kochi,9.849301,76.365428,sight,place_of_worship,Temple,1,0,7,,,,1
w589501803,Papavinashanathirtham,Kochi,9.956535,76.251464,sight,attraction,Heritage,0,0,5,,,,0
r8602549,Pavumbayil,Kochi,9.88429,76.299825,sight,place_of_worship,Temple,1,0,6,,,,1
n10946364338,Pearl of Kochi - Lourdes,Kochi,9.993073,76.270165,sight,attraction,Heritage,0,0,2,,,,0
w288771647,Perumthrikovil Temple,Kochi,9.920966,76.361132,sight,place_of_worship,Temple,1,0,4,,,,1
n1668506230,Police Museum,Kochi,9.95596,76.26,sight,museum,Museum,0,0,4,,,no,0
r8593091,Puthiyakavu Bhagavathy Temple,Kochi,9.923626,76.359489,sight,place_of_worship,Temple,1,0,6,,,,1
w620574441,Puthukkadu Subrahmanya Temple,Kochi,9.840795,76.354689,sight,place_of_worship,Temple,1,0,5,,,,1
w1188443822,Ramnath Santheri Kamaskshi Devasthan,Kochi,9.957164,76.249235,sight,place_of_worship,Temple,1,0,7,,,,1
w363223692,Saint George Forane Church,Kochi,10.021978,76.304735,sight,place_of_worship,Temple,1,0,7,,,,1
w52981122,Santa Cruz Cathedral Basilica,Kochi,9.964842,76.242798,sight,place_of_worship,Temple,1,0,19,,,,1
r8714864,Shanmukhapuram Temple,Kochi,9.846146,76.353817,sight,place_of_worship,Temple,1,0,7,,,,1
n5581987921,Spot on the rocks,Kochi,9.917324,76.285033,sight,attraction,Heritage,0,0,2,,,,0
w1134333432,St Francis Assisi Cathedral,Kochi,9.983817,76.275417,sight,place_of_worship,Temple,1,0,9,,,,1
w411229869,St Francis Church,Kochi,9.965938,76.241068,sight,attraction,Heritage,1,0,11,,,,1
w154782468,St Mary's Cathedral Basilica,Kochi,9.982971,76.275824,sight,place_of_worship,Temple,1,0,14,,,,1
w799215273,St. Mary's Church,Kochi,9.849575,76.308228,sight,place_of_worship,Temple,1,0,5,,,,1
w623053112,St.Lawrence Church,Kochi,9.896847,76.296026,sight,place_of_worship,Temple,1,0,6,,,,1
n11059182605,Sunset View,Kochi,9.968606,76.243893,sight,viewpoint,Viewpoint,0,0,3,,,,0
w25978884,Synagogue Lane,Kochi,9.956941,76.259732,sight,attraction,Heritage,0,0,7,,,,0
w1178325278,Synodal Museum,Kochi,9.918496,76.362029,sight,museum,Museum,0,0,4,,,,0
w364406523,The Basilica of Our Lady of Ransom,Kochi,9.990132,76.249998,sight,place_of_worship,Temple,1,0,16,,,,1
n11951875499,Valappu Wetland Viewpoint,Kochi,10.007837,76.217234,sight,viewpoint,Viewpoint,0,0,2,,,,0
n600348749,Vasco da Gama Square,Kochi,9.967955,76.242432,sight,attraction,Heritage,0,0,5,,,,0
w46513033,Venduruthy Bridge,Kochi,9.946475,76.287764,sight,attraction,Heritage,0,0,15,,,,0
r9336901,Kodaikanal WLS,Kodaikanal,10.257504,77.514682,activity,nature_reserve,Activity,1,0,8,,,,1
r11279546,Kurinjimala WLS,Kodaikanal,10.209039,77.265065,activity,nature_reserve,Activity,1,0,9,,,,1
n13793393701,Arankanal Malai,Kodaikanal,10.315046,77.61888,nature,peak,Nature,0,0,2,,,,0
n9873984925,Arunkula Malai,Kodaikanal,10.166475,77.391086,nature,peak,Nature,0,0,2,,,,0
n9919213980,Bangala medi,Kodaikanal,10.221497,77.34414,nature,peak,Nature,0,0,2,,,,0
n1168848798,Bear Shola Falls,Kodaikanal,10.239617,77.478641,nature,waterfall,Nature,0,0,2,,,,0
n9919220012,Chakkillliyan Kombu,Kodaikanal,10.232031,77.346425,nature,peak,Nature,0,0,2,,,,0
n9873944248,Chandana Parai,Kodaikanal,10.228722,77.392952,nature,peak,Nature,0,0,2,,,,0
n9874021526,Chendanurkanal Malai,Kodaikanal,10.152746,77.358684,nature,peak,Nature,0,0,2,,,,0
n7326229180,Dolmen Peak,Kodaikanal,10.298477,77.513589,nature,peak,Nature,0,0,4,360 degree views,,,0
n9920370348,Erumai Malai,Kodaikanal,10.375126,77.249451,nature,peak,Nature,0,0,2,,,,0
n11181026341,Fairy Falls,Kodaikanal,10.223701,77.466806,nature,waterfall,Nature,0,0,2,,,,0
n9919208619,Falls 100m,Kodaikanal,10.313108,77.35013,nature,waterfall,Nature,0,0,2,,,,0
n9873984802,Falls 10m,Kodaikanal,10.192769,77.308077,nature,waterfall,Nature,0,0,2,,,,0
n9873972658,Falls 15m,Kodaikanal,10.218797,77.347537,nature,waterfall,Nature,0,0,2,,,,0
n9873972707,Falls 15m,Kodaikanal,10.18797,77.328152,nature,waterfall,Nature,0,0,2,,,,0
n9873972706,Falls 18m,Kodaikanal,10.268366,77.308903,nature,waterfall,Nature,0,0,2,,,,0
n9919253064,Falls 20m,Kodaikanal,10.286938,77.337448,nature,waterfall,Nature,0,0,2,,,,0
n9920352167,Falls 20m,Kodaikanal,10.293461,77.267965,nature,waterfall,Nature,0,0,2,,,,0
n9873984928,Falls 21m,Kodaikanal,10.145163,77.294998,nature,waterfall,Nature,0,0,2,,,,0
n9919247918,Falls 25m,Kodaikanal,10.208364,77.345032,nature,waterfall,Nature,0,0,2,,,,0
n9873984922,Falls 25m,Kodaikanal,10.148839,77.293716,nature,waterfall,Nature,0,0,2,,,,0
n9873972708,Falls 28m,Kodaikanal,10.175024,77.303674,nature,waterfall,Nature,0,0,2,,,,0
n9920368734,Falls 31m,Kodaikanal,10.239344,77.408045,nature,waterfall,Nature,0,0,2,,,,0
n9919217276,Falls 32m,Kodaikanal,10.298089,77.367823,nature,waterfall,Nature,0,0,2,,,,0
n9873984923,Falls 35m,Kodaikanal,10.162251,77.334856,nature,waterfall,Nature,0,0,2,,,,0
n9874021529,Falls 40m,Kodaikanal,10.194115,77.372356,nature,waterfall,Nature,0,0,2,,,,0
n9873984774,Falls 59m,Kodaikanal,10.211406,77.315651,nature,waterfall,Nature,0,0,2,,,,0
n9873984740,Falls 60m,Kodaikanal,10.240115,77.314192,nature,waterfall,Nature,0,0,2,,,,0
n9873984778,Falls 95m,Kodaikanal,10.206686,77.315769,nature,waterfall,Nature,0,0,2,,,,0
n9920368712,Gundar Falls 80m,Kodaikanal,10.247691,77.43265,nature,waterfall,Nature,0,0,2,,,,0
n9873935182,Ibex Peak,Kodaikanal,10.135215,77.306435,nature,peak,Nature,0,0,2,,,,0
n10688816229,Idumban Malai,Kodaikanal,10.441348,77.527331,nature,peak,Nature,0,0,4,,,,0
n10757900692,Jamba Malai,Kodaikanal,10.263476,77.263273,nature,peak,Nature,0,0,2,,,,0
n9919245830,Katavetti Malai,Kodaikanal,10.242258,77.293823,nature,peak,Nature,0,0,2,,,,0
w31541343,Kodaikanal Lake,Kodaikanal,10.234008,77.486833,nature,lake,Nature,1,0,9,,,,1
n10757906377,Kolakkattu Malai,Kodaikanal,10.235386,77.270314,nature,peak,Nature,0,0,2,,,,0
w507937025,Kookal Lake,Kodaikanal,10.284523,77.361496,nature,lake,Nature,0,0,4,,,,0
n13802867028,Kottakkai Malai,Kodaikanal,10.389812,77.638793,nature,peak,Nature,0,0,3,,,,0
n4973500900,Kudiraiyar Waterfalls,Kodaikanal,10.369362,77.367777,nature,waterfall,Nature,0,0,3,,,,0
n9874021525,Landslip Hill,Kodaikanal,10.135679,77.32624,nature,peak,Nature,0,0,2,,,,0
n9560886525,Liri Falls,Kodaikanal,10.221238,77.474498,nature,waterfall,Nature,0,0,2,,,,0
w737062840,Mannavanur Lake,Kodaikanal,10.224458,77.360677,nature,lake,Nature,0,0,3,,,,0
n9919245618,Minam Kanavai,Kodaikanal,10.203412,77.342174,nature,peak,Nature,0,0,2,,,,0
n9874021527,Mukkamparai Falls 25m,Kodaikanal,10.197209,77.424191,nature,waterfall,Nature,0,0,2,,,,0
n9920378612,Pachchal Kombu,Kodaikanal,10.245038,77.413406,nature,peak,Nature,0,0,2,,,,0
n10688816228,Palani Malai,Kodaikanal,10.438766,77.519976,nature,peak,Nature,0,0,4,,,,0
n9919247059,Pappalamman Malai,Kodaikanal,10.290038,77.347883,nature,peak,Nature,0,0,2,,,,0
n9873984933,Para Tumbu,Kodaikanal,10.231774,77.288003,nature,peak,Nature,0,0,2,,,,0
n9873935183,Pass Peak,Kodaikanal,10.137602,77.345188,nature,peak,Nature,0,0,2,,,,0
n9874019120,Pattitalaichi Malai,Kodaikanal,10.175662,77.276373,nature,peak,Nature,0,0,2,,,,0
n9874021561,Periya Malai,Kodaikanal,10.166559,77.320147,nature,peak,Nature,0,0,2,,,,0
n9874019119,Pillisuli Nettu,Kodaikanal,10.156759,77.387738,nature,peak,Nature,0,0,2,,,,0
n9874021530,Pinji Kanavai,Kodaikanal,10.173867,77.379713,nature,peak,Nature,0,0,2,,,,0
w790650279,Second Waterfall,Kodaikanal,10.322158,77.523762,nature,waterfall,Nature,0,0,4,,,,0
w790650278,Skambha Waterfall,Kodaikanal,10.291293,77.523186,nature,waterfall,Nature,0,0,3,,,,0
n9874021559,Soman Kanavai,Kodaikanal,10.176951,77.32255,nature,peak,Nature,0,0,2,,,,0
n9874021524,Talai Malai,Kodaikanal,10.139566,77.314095,nature,peak,Nature,0,0,2,,,,0
w790232230,Tevankarai Waterfall,Kodaikanal,10.316616,77.520088,nature,waterfall,Nature,0,0,4,,,,0
w148287293,Thamaraikulam,Kodaikanal,10.422403,77.485378,nature,lake,Nature,0,0,6,,,,0
n9873935184,Tula Kanavai,Kodaikanal,10.18089,77.383924,nature,peak,Nature,0,0,2,,,,0
n9919213981,Tulukkanpatti Malai,Kodaikanal,10.205498,77.284361,nature,peak,Nature,0,0,2,,,,0
n9873984924,Tuppiyan Kanavai,Kodaikanal,10.187173,77.355122,nature,peak,Nature,0,0,2,,,,0
n9874021558,Uruman Kanavai,Kodaikanal,10.182062,77.320275,nature,peak,Nature,0,0,2,,,,0
n9873984921,Valley Hill,Kodaikanal,10.136546,77.293796,nature,peak,Nature,0,0,2,,,,0
n10777172637,Vellaiyan Tuval,Kodaikanal,10.175561,77.294195,nature,peak,Nature,0,0,2,,,,0
n9102624523,Vellakai Malai,Kodaikanal,10.40754,77.640252,nature,peak,Nature,0,0,2,,,,0
n9919233354,Vellari Malai,Kodaikanal,10.263223,77.348973,nature,peak,Nature,0,0,2,,,,0
n9873944247,Vembadi Shola,Kodaikanal,10.205166,77.404089,nature,peak,Nature,0,0,3,,,,0
n9873984936,Venki Kombu,Kodaikanal,10.245584,77.349415,nature,peak,Nature,0,0,2,,,,0
n7345615404,small fall,Kodaikanal,10.318598,77.523557,nature,waterfall,Nature,0,0,3,,,,0
n3447500693,Ashoka Pillar,Kodaikanal,10.229903,77.491787,sight,monument,Heritage,0,0,2,,,,0
n7648787699,Avocado Hill,Kodaikanal,10.315549,77.503815,sight,viewpoint,Viewpoint,0,0,2,,,,0
n1167079520,Boat House,Kodaikanal,10.232232,77.490917,sight,attraction,Heritage,0,0,3,,,,0
n4405908784,Boathouse,Kodaikanal,10.238029,77.487773,sight,attraction,Heritage,0,0,3,,,,0
n3514039593,Coaker's Walk,Kodaikanal,10.232375,77.493739,sight,attraction,Heritage,0,0,6,,,,0
n4405908698,Devil's kitchen,Kodaikanal,10.210454,77.461609,sight,attraction,Heritage,0,0,6,,,,0
n1167052391,Dolphin's Nose,Kodaikanal,10.209045,77.487211,sight,viewpoint,Viewpoint,0,0,2,,,,0
n11184171081,Green Valley View,Kodaikanal,10.209986,77.476106,sight,viewpoint,Viewpoint,0,0,2,,,,0
n8888374081,Greencrest,Kodaikanal,10.261579,77.479775,sight,attraction,Heritage,0,0,3,,,,0
n4405908701,Guna's cave viewpoint,Kodaikanal,10.210575,77.461589,sight,viewpoint,Viewpoint,0,0,2,,,,0
n9591495621,Kodai Observatory Museum,Kodaikanal,10.23222,77.46335,sight,museum,Museum,0,0,2,,,,0
n11808710376,Mannavanur Ecotourism Site,Kodaikanal,10.220466,77.358458,sight,attraction,Heritage,0,0,2,,,,0
n4405908711,Moir's Point View,Kodaikanal,10.210521,77.448307,sight,viewpoint,Viewpoint,0,0,3,,Mo-Su 08:00-16:00,,0
n11808712569,Palani Temple Majestic Viewpoint,Kodaikanal,10.248507,77.416582,sight,viewpoint,Viewpoint,0,0,2,,,,0
n7634654481,Palani Viewpoint,Kodaikanal,10.32043,77.514282,sight,viewpoint,Viewpoint,0,0,3,,,,0
n10996771143,Palar Dam viewpoint,Kodaikanal,10.293446,77.54104,sight,viewpoint,Viewpoint,0,0,3,,,,0
n2152354375,Pillar Rocks View,Kodaikanal,10.209928,77.465155,sight,viewpoint,Viewpoint,0,0,3,,,yes,0
n12845777731,Resting and Viewpoint,Kodaikanal,10.22627,77.461683,sight,viewpoint,Viewpoint,0,0,2,,,,0
n7345589817,River Valley Viewpoint,Kodaikanal,10.321873,77.523761,sight,viewpoint,Viewpoint,0,0,3,,,,0
n7633164472,Seruppadi Mattam,Kodaikanal,10.320814,77.510573,sight,attraction,Heritage,0,0,3,,,,0
w1357955070,Shenbaganur Museum of Natural History,Kodaikanal,10.231052,77.500975,sight,museum,Museum,0,0,5,,Mo-Su 09:00-18:00,INR30,0
n9560774088,Silver Cascade Falls,Kodaikanal,10.241993,77.510299,sight,attraction,Heritage,0,0,4,,,,0
n2152354426,Suicide Point,Kodaikanal,10.209937,77.457043,sight,viewpoint,Viewpoint,0,0,2,,,,0
n1167080197,TTDC Boat House,Kodaikanal,10.234632,77.487336,sight,attraction,Heritage,0,0,2,,,,0
n4471154090,Temple poombari,Kodaikanal,10.249863,77.414647,sight,viewpoint,Viewpoint,0,0,3,,,,0
n9874021528,Watch tower,Kodaikanal,10.184195,77.418616,sight,viewpoint,Viewpoint,0,0,2,,,,0
n2152354429,Wax World,Kodaikanal,10.21772,77.477918,sight,museum,Museum,0,0,4,,,,0
n11300230212,Acharya Roy Park,Kolkata,22.46412,88.377135,activity,theme_park,Activity,0,0,4,,,,0
w1176667527,Adamas Knowledge City playground,Kolkata,22.739796,88.457491,activity,camp_site,Activity,0,0,15,,,yes,0
n13007248701,Aquaelegance,Kolkata,22.491222,88.3766,activity,aquarium,Activity,0,0,7,,"Mo-Sa 11:00-13:30, 19:00-23:00; Su 19:00-23:00",,0
w514284957,Aquatica,Kolkata,22.562465,88.464914,activity,water_park,Activity,0,0,3,,,,0
w1158422521,Butterfly Garden,Kolkata,22.607885,88.465546,activity,zoo,Activity,0,0,6,,,,0
n12556755003,Chintamani Kar Bird Sanctuary,Kolkata,22.428784,88.401718,activity,nature_reserve,Activity,0,0,2,,,,0
w1067436598,"DVC Headquarters, Kolkata",Kolkata,22.587505,88.391584,activity,nature_reserve,Activity,1,0,19,,,,1
w153948903,Green Verge,Kolkata,22.60089,88.411772,activity,nature_reserve,Activity,0,0,4,,,,0
w1157886187,Harinalaya,Kolkata,22.608345,88.461584,activity,zoo,Activity,0,0,4,,,,0
w134101437,Nicco Park,Kolkata,22.570867,88.421866,activity,water_park,Activity,0,0,2,,,,0
n12743648401,Promodnagar Jheel,Kolkata,22.646605,88.39802,activity,water_park,Activity,0,0,3,,,,0
n1833426020,Sparkz,Kolkata,22.520673,88.323516,activity,theme_park,Activity,0,0,2,,,,0
w52098113,Alipore Zoo,Kolkata,22.536839,88.331832,nature,park,Nature,1,0,13,,Fr-We 09:00-17:00,,1
w23104338,Central Park Lake,Kolkata,22.586359,88.417448,nature,lake,Nature,0,0,4,,,,0
w103477676,College Square Park,Kolkata,22.574653,88.363905,nature,park,Nature,1,0,5,,,,1
w1340032894,Curzon Park,Kolkata,22.564968,88.34969,nature,park,Nature,1,0,5,,,,1
w35875337,Deshapriya Park,Kolkata,22.518405,88.353515,nature,park,Nature,1,0,5,,,,1
w442404698,Dhopar Pukur,Kolkata,22.533346,88.394377,nature,lake,Nature,0,0,3,,,,0
w412641073,Diamond Park Lake,Kolkata,22.452261,88.304523,nature,lake,Nature,0,0,3,,,,0
w221380306,Didhirpar Lake,Kolkata,22.620267,88.383432,nature,lake,Nature,0,0,3,,,,0
r9365696,Eco Park,Kolkata,22.602214,88.466388,nature,park,Nature,1,0,16,,Tu-Su 12:30-20:30,,1
w122755067,Harish Park,Kolkata,22.530543,88.343761,nature,park,Nature,1,0,3,,,,1
w476285483,Jheel 1,Kolkata,22.476947,88.389516,nature,lake,Nature,0,0,3,,,,0
w476285482,Jheel 2,Kolkata,22.475748,88.389928,nature,lake,Nature,0,0,3,,,,0
w940333179,Kheyatori,Kolkata,22.702711,88.45173,nature,lake,Nature,0,0,3,,,,0
w122151349,Maddox Square,Kolkata,22.52628,88.354647,nature,park,Nature,1,0,4,,,,1
w44961376,Madhumurali Lake,Kolkata,22.712062,88.49841,nature,lake,Nature,0,0,6,,,,0
r9102486,Maidan,Kolkata,22.552574,88.345442,nature,park,Nature,1,0,8,,,,1
w101966466,Millennium Park,Kolkata,22.573957,88.34462,nature,park,Nature,1,0,12,,Mo-Su 10:00-20:00,,1
w331410985,Mirania Lake,Kolkata,22.534175,88.392458,nature,lake,Nature,0,0,3,,,,0
w469883540,Mohor Kunja,Kolkata,22.543767,88.344432,nature,park,Nature,1,0,6,,"Mo-Su 05:00-09:00,15:00-20:00",,1
w723309062,Moja Dighi,Kolkata,22.474959,88.369144,nature,lake,Nature,0,0,7,,,,0
w325932155,Nandan Nagar Jheel,Kolkata,22.670152,88.396753,nature,lake,Nature,0,0,4,,,,0
w420013468,New Garia Lake,Kolkata,22.475694,88.4038,nature,lake,Nature,0,0,3,,,,0
w396125547,Paddapukur,Kolkata,22.505016,88.302961,nature,lake,Nature,0,0,3,,,,0
w238964199,Panchasayar Lake No. 1,Kolkata,22.478825,88.396168,nature,lake,Nature,0,0,3,,,,0
w238964201,Panchasayar Lake No. 2,Kolkata,22.477754,88.397332,nature,lake,Nature,0,0,3,,,,0
w238964202,Panchasayar Lake No. 4,Kolkata,22.476073,88.399212,nature,lake,Nature,0,0,3,,,,0
w420734930,Panchasayar Lake No. 5,Kolkata,22.476486,88.395486,nature,lake,Nature,0,0,5,,,,0
w238964207,Panchasayar Pond No. 4,Kolkata,22.473883,88.398318,nature,lake,Nature,0,0,3,,,,0
w112696534,Park Circus Maidan,Kolkata,22.543306,88.369952,nature,park,Nature,1,0,3,,,,1
w396125548,Parnasree Lake,Kolkata,22.510405,88.305966,nature,lake,Nature,0,0,3,,,,0
w476285481,Pukur,Kolkata,22.477103,88.388136,nature,lake,Nature,0,0,3,,,,0
w333576083,RR Plot Jheel,Kolkata,22.51033,88.402772,nature,lake,Nature,0,0,7,,,,0
r8257894,Rabindra Sarobar,Kolkata,22.512258,88.363934,nature,lake,Nature,1,0,5,,,,1
w727968101,Railway Yard Road Stream,Kolkata,22.922024,88.432822,nature,lake,Nature,0,0,6,,,,0
w723330098,Ramgarh Lake,Kolkata,22.475714,88.374942,nature,lake,Nature,0,0,5,,,,0
w51766263,Saheb Mara Bheri,Kolkata,22.548774,88.434026,nature,lake,Nature,0,0,5,,,,0
r14582692,Sajirhat Jheel,Kolkata,22.69641,88.439941,nature,lake,Nature,0,0,4,,,,0
r49602,Subhash Sarobar,Kolkata,22.568363,88.400879,nature,lake,Nature,0,0,7,,,,0
w728977814,Victoria Memorial Garden,Kolkata,22.54474,88.34344,nature,park,Nature,1,0,14,,Mo-Su 10:00-18:00,,1
w398561526,Viveknagar Jheel,Kolkata,22.498757,88.374275,nature,lake,Nature,0,0,4,,,,0
w831232530,broti lake,Kolkata,22.707755,88.468724,nature,lake,Nature,0,0,3,,,,0
w831218677,hridaypur lake,Kolkata,22.710262,88.470809,nature,lake,Nature,0,0,5,,,,0
w815418194,water body,Kolkata,22.553485,88.306827,nature,lake,Nature,0,0,3,,,,0
n10175842484,Abanindranath Tagore's Baganbari,Kolkata,22.696644,88.359933,sight,museum,Museum,1,0,10,,Mo-Su 10:00-17:00,yes,1
n4742888721,Ahuja Museum for Arts,Kolkata,22.538091,88.349234,sight,museum,Museum,0,0,9,,Mo-Su 11:00-19:00,,0
w114817957,Amar Mishtanna Bhandar,Kolkata,22.656648,88.348475,sight,attraction,Heritage,0,0,6,,,,0
n5305920325,Bagbazar Lock Gates (1820 CE),Kolkata,22.607787,88.368266,sight,attraction,Heritage,0,0,2,,,,0
n5297343926,Bank of Bengal Historic Building,Kolkata,22.568577,88.344385,sight,attraction,Heritage,0,0,2,,,,0
n4830776726,Banking Museum,Kolkata,22.569667,88.343028,sight,museum,Museum,0,0,3,,,,0
w1158240739,Bengal Village,Kolkata,22.602766,88.466338,sight,museum,Museum,0,0,3,,,,0
w137958777,Birla Industrial & Technological Museum,Kolkata,22.534711,88.363755,sight,museum,Museum,1,0,23,,Mo-Su 09:30-18:00,,1
w166894089,Birla Mandir,Kolkata,22.530496,88.36495,sight,place_of_worship,Temple,1,0,12,,,,1
n5295350470,Bishnuram Chakraborty’s 18th C. Temples,Kolkata,22.604466,88.365214,sight,attraction,Heritage,0,0,2,,,,0
n7232757987,Black Hole of Calcutta,Kolkata,22.573319,88.347952,sight,attraction,Heritage,0,0,3,,,,0
n4738184821,Centre for International Modern Art,Kolkata,22.531581,88.364694,sight,museum,Museum,1,0,7,,Mo-Sa 11:00-19:00,,1
n5295758423,Chinese Alms House,Kolkata,22.573483,88.356514,sight,attraction,Heritage,0,0,7,,,,0
n12063469069,Clock tower,Kolkata,22.59141,88.393107,sight,attraction,Heritage,0,0,5,,,,0
w291865633,Dakshineswar Kali Hindu Temple,Kolkata,22.654855,88.357541,sight,place_of_worship,Temple,1,0,24,,,,1
n7029035888,Datta Ancestral Home - Birthplace of Vivekananda,Kolkata,22.586342,88.367332,sight,museum,Museum,0,0,2,,,,0
n11949719569,Durga Museum (Maa Phire Elo),Kolkata,22.50942,88.359042,sight,museum,Museum,0,0,4,,Mo-Su 06:00-20:00,,0
w52153188,Eastern Railway Museum,Kolkata,22.578444,88.340129,sight,museum,Museum,0,0,6,,10:00-15:30; Th off,,0
n9819170927,Emperor Edward VII Memorial Arch,Kolkata,22.542876,88.342169,sight,monument,Heritage,0,0,2,,,,0
w178011877,Gallery Sanskriti,Kolkata,22.520509,88.329791,sight,museum,Museum,0,0,2,,,,0
n7416391785,Gandhi Bhawan,Kolkata,22.563722,88.389185,sight,attraction,Heritage,0,0,2,,,,0
n249369186,Geological Survey Of India (GSI),Kolkata,22.58448,88.424148,sight,monument,Heritage,0,0,3,,,,0
n1462167615,Ghosh house,Kolkata,22.603093,88.367767,sight,monument,Heritage,0,0,3,,,,0
w1448557095,Greek Orthodox Cemetery,Kolkata,22.572549,88.389042,sight,attraction,Heritage,0,0,5,,,,0
n4742846622,Harrington Street Arts Centre,Kolkata,22.547284,88.352249,sight,attraction,Heritage,0,0,3,,,,0
n4209577082,Holy Rosary's Catholic Cathedral,Kolkata,22.578642,88.352756,sight,place_of_worship,Temple,1,0,7,,,,1
n7029122185,House of Pandit Ishwar Chandra Vidyasagar,Kolkata,22.581733,88.371842,sight,museum,Museum,0,0,2,,,,0
n12749085301,House of Raja Subodh Chandra Basu Mallik,Kolkata,22.56326,88.36044,sight,castle,Heritage,0,0,3,,,,0
w325369042,Howrah Bridge,Kolkata,22.585091,88.3468,sight,attraction,Heritage,1,0,15,,,,1
n5808896366,Howrah Junction Railway Station,Kolkata,22.582794,88.342393,sight,attraction,Heritage,0,0,4,,,,0
r2900062,Indian Museum,Kolkata,22.557619,88.350961,sight,museum,Museum,1,0,13,,,,1
n2934412982,Indira Gandhi,Kolkata,22.546181,88.347517,sight,monument,Heritage,0,0,3,,,,0
w469676019,James Princep Memorial,Kolkata,22.555231,88.331145,sight,monument,Heritage,0,0,2,,,,0
n12745623502,Jatindas Statue,Kolkata,22.659425,88.391441,sight,monument,Heritage,0,0,2,,,,0
n7029094686,Jorasanko Thakur Bari,Kolkata,22.585003,88.359049,sight,museum,Museum,1,0,7,,,yes,1
w146081534,Kalighat Kali Temple,Kolkata,22.520278,88.342031,sight,place_of_worship,Temple,1,0,8,,,,1
n7415807885,Khadi Pratishtan,Kolkata,22.699994,88.379079,sight,attraction,Heritage,0,0,2,,,,0
n7029094685,Kolkata Police Museum,Kolkata,22.582723,88.373836,sight,museum,Museum,1,0,4,,,,1
n7053793928,Kolkata Police Museum,Kolkata,22.554119,88.355652,sight,museum,Museum,0,0,3,,,,0
w377331085,Lake Town Clock Tower,Kolkata,22.600108,88.406698,sight,attraction,Heritage,0,0,11,A miniature clock tower that looks like the Big Ben.,,,0
w469678553,Lascar War Memorial,Kolkata,22.553012,88.328799,sight,monument,Heritage,1,0,5,,,,1
n11755534869,METAMORFOSEOS GREEK CHURCH,Kolkata,22.520352,88.346886,sight,attraction,Heritage,0,0,2,,,,0
n5295350166,Madan Mohan Tala (1761 CE),Kolkata,22.600656,88.363819,sight,attraction,Heritage,0,0,2,,,,0
n4930665951,Maghen David Synagogue,Kolkata,22.57769,88.351874,sight,place_of_worship,Temple,1,0,4,,,,1
w573336195,Marble Palace,Kolkata,22.582126,88.360212,sight,museum,Museum,0,0,3,,,,0
n10285627429,Michael Madhusudan Das Statue,Kolkata,22.559417,88.346176,sight,attraction,Heritage,0,0,2,,,,0
n11127999741,Mother's Wax Museum,Kolkata,22.599456,88.472245,sight,museum,Museum,1,0,15,,Tu-Su 12:00-19:30,yes,1
w1158240743,Musical Fountain,Kolkata,22.602332,88.468373,sight,attraction,Heritage,0,0,8,,,,0
w325837615,Nakhoda Mosque,Kolkata,22.577609,88.356102,sight,place_of_worship,Temple,1,0,7,,,,1
n2461173851,National Council of Science Museums,Kolkata,22.570128,88.428343,sight,museum,Museum,0,0,2,,,,0
w234739617,Natya Bhavan,Kolkata,22.580615,88.425032,sight,museum,Museum,0,0,8,,,,0
w362945041,Nehru Children's Museum,Kolkata,22.542528,88.347124,sight,museum,Museum,0,0,10,,,yes,0
w358782035,Netaji Bhavan,Kolkata,22.537525,88.351012,sight,museum,Museum,1,0,7,,,,1
n4178815700,Night Market,Kolkata,22.559391,88.352682,sight,attraction,Heritage,0,0,2,,,,0
n5305922624,Old Bagbazar Tram Depot (now defunct),Kolkata,22.607246,88.36809,sight,attraction,Heritage,0,0,2,,,,0
n5295747622,Old Jewish Girls’ School,Kolkata,22.575503,88.352594,sight,attraction,Heritage,0,0,3,,,,0
n4209577085,Old Mission Church,Kolkata,22.571719,88.351471,sight,place_of_worship,Temple,1,0,7,,,,1
w190959647,Palace of Maharaja Barddhaman,Kolkata,22.523927,88.325781,sight,castle,Heritage,0,0,2,,,,0
n2461204981,Paribesh Bhavan,Kolkata,22.56193,88.409066,sight,museum,Museum,0,0,3,,,no,0
n7040422488,Princep Ghat-I,Kolkata,22.556672,88.331198,sight,attraction,Heritage,0,0,2,,,,0
n10285613144,Pritalata Waddedar Statue,Kolkata,22.559567,88.345775,sight,attraction,Heritage,0,0,2,,,,0
n7029094688,Raja Rammohun Roy Memorial Museum,Kolkata,22.583213,88.371247,sight,museum,Museum,1,0,10,,,,1
w356322288,Ramakrishna Museum,Kolkata,22.631991,88.355539,sight,museum,Museum,0,0,4,,,no,0
n4100514319,SLWA,Kolkata,22.597124,88.412501,sight,attraction,Heritage,0,0,2,,,,0
w363681621,Saint Andrew's Protestant Church,Kolkata,22.573122,88.350907,sight,place_of_worship,Temple,1,0,7,,,,1
n4175474594,Saint John's Church,Kolkata,22.569937,88.345921,sight,place_of_worship,Temple,1,0,13,,Mo-Su 08:00-17:00,,1
w177714594,Saint Thomas' Catholic Church,Kolkata,22.550192,88.35222,sight,place_of_worship,Temple,1,0,7,,,,1
w187721429,Science City,Kolkata,22.540044,88.396009,sight,museum,Museum,1,0,16,,,,1
w1158422530,Seven Wonders,Kolkata,22.609973,88.467024,sight,museum,Museum,0,0,8,,,yes,0
w584818793,Shaheed Minar,Kolkata,22.562877,88.349261,sight,monument,Heritage,1,0,6,,,,1
w359480716,Shobhabazar Rajbari Nathmandir,Kolkata,22.596826,88.367193,sight,museum,Museum,0,0,3,,,,0
w1158201996,Solar Dome,Kolkata,22.602275,88.465394,sight,museum,Museum,0,0,9,,,,0
n7029031632,State Archeological Museum,Kolkata,22.499349,88.318064,sight,museum,Museum,0,0,2,,,,0
n11809258769,Statue of Karl Marx and Friedrich Engels,Kolkata,22.564727,88.34814,sight,attraction,Heritage,0,0,2,,,,0
n10134807817,Statue of Mahatma Gandhi,Kolkata,22.559577,88.348198,sight,monument,Heritage,0,0,2,,,,0
n11809437469,Statue of Vladimir Lenin,Kolkata,22.565105,88.351058,sight,attraction,Heritage,0,0,2,,,,0
w493963486,Swetamber Dadaji's Jain Temple,Kolkata,22.591303,88.378757,sight,place_of_worship,Temple,1,0,6,,,,1
n4974850621,Tagore's House,Kolkata,22.584871,88.358241,sight,attraction,Heritage,0,0,7,,,,0
n11449358469,Tala Prattoy - Durga Puja Art,Kolkata,22.608923,88.382266,sight,attraction,Heritage,0,0,6,,24/7,,0
n7954234714,Tazaung,Kolkata,22.5642,88.339593,sight,place_of_worship,Temple,1,0,6,,,,1
n4209581189,Tipu Sultan Mosque,Kolkata,22.565503,88.352088,sight,place_of_worship,Temple,1,0,6,,,,1
n5297343925,Town Hall Museum,Kolkata,22.56802,88.344965,sight,museum,Museum,0,0,2,,,,0
w36165294,Victoria Memorial,Kolkata,22.54496,88.342553,sight,museum,Museum,1,0,19,,"Tu-Fr 10:00-18:00, Sa-Su 10:00-20:00, PH closed",yes,1
n6375289885,Victoria Memorial Hall,Kolkata,22.54508,88.342643,sight,attraction,Heritage,0,0,8,,Mo-Su 10:00-18:00,,0
w52097603,Vijay Durg,Kolkata,22.554724,88.337902,sight,fort,Heritage,1,0,10,,,,1
w669780824,Balukhand Konark WLS,Konark,19.857408,86.031071,activity,nature_reserve,Activity,1,0,6,,,,1
w277014051,Chandrabhaga Beach,Konark,19.865338,86.112197,nature,beach,Beach,0,0,3,,,,0
w488204941,Chandrabhaga Lake,Konark,19.867419,86.114097,nature,lake,Nature,0,0,3,,,,0
w1554704053,Keluni Beach Picnic Spot,Konark,19.90548,86.228796,nature,beach,Beach,0,0,2,,,,0
n4552828924,"Archeological Museum, Konark",Konark,19.891141,86.094478,sight,museum,Museum,0,0,3,,,,0
n11162569210,Arka Kshetra,Konark,19.887231,86.098067,sight,museum,Museum,0,0,9,,Sa-Th 09:00-17:00,,0
w168244384,Konark Sun Temple,Konark,19.887564,86.094489,sight,archaeological_site,Heritage,1,1,16,,,,1
w168251719,Urban Hata,Konark,19.886249,86.098835,sight,attraction,Heritage,0,0,2,,,,0
n9790730243,AQUA PET MALL,Kozhikode,11.263599,75.810383,activity,aquarium,Activity,0,0,2,,,,0
n9487476986,Aathadikunh colony,Kozhikode,11.263241,76.005985,activity,camp_site,Activity,0,0,2,,,,0
n8764335522,Alankar Aquarium,Kozhikode,11.449075,75.818988,activity,aquarium,Activity,0,0,3,,,,0
n8647168317,"Alfitrah, kids park ,Kizhakkoth",Kozhikode,11.36381,75.90377,activity,theme_park,Activity,0,0,3,,,,0
n9484077177,Alungal colony,Kozhikode,11.273813,75.983734,activity,camp_site,Activity,0,0,3,,,,0
n8853763648,CK Aquarium Store,Kozhikode,11.262588,75.904305,activity,aquarium,Activity,0,0,2,,,,0
w799470176,Central Marine Fisheries Research Institute Aquarium,Kozhikode,11.27976,75.762544,activity,aquarium,Activity,0,0,2,,,,0
n9487617224,Chelamkunh colony,Kozhikode,11.28003,76.009335,activity,camp_site,Activity,0,0,2,,,,0
n7508043904,Daffodils Nursery,Kozhikode,11.240502,75.879273,activity,nature_reserve,Activity,0,0,2,,,,0
n8386844812,ENTHAD A L P SCHOOL,Kozhikode,11.376243,75.8066,activity,camp_site,Activity,0,0,3,,,,0
n10067118689,ENTHAD KULAM,Kozhikode,11.375769,75.804427,activity,water_park,Activity,0,0,2,,,,0
r1285740,Elathur Backwaters,Kozhikode,11.40666,75.753315,activity,nature_reserve,Activity,0,0,6,,,,0
w1430150565,FUNTURA,Kozhikode,11.240679,75.803309,activity,theme_park,Activity,0,0,4,,,,0
n8559597385,Guppy Shop,Kozhikode,11.173156,75.90239,activity,aquarium,Activity,0,0,6,,24/7,,0
n10067084043,KUTTYVAYAL KULAM,Kozhikode,11.401563,75.851458,activity,water_park,Activity,0,0,2,,,,0
n9487509303,Kalakudikunh colony,Kozhikode,11.271848,76.01032,activity,camp_site,Activity,0,0,2,,,,0
n9487500427,Kannaparamb colony,Kozhikode,11.278755,76.000168,activity,camp_site,Activity,0,0,2,,,,0
n9484376459,Karakutty lakshamveed colony,Kozhikode,11.285378,75.997129,activity,camp_site,Activity,0,0,2,,,,0
n9484397761,Kayunammal colony,Kozhikode,11.278394,76.002578,activity,camp_site,Activity,0,0,2,,,,0
n9487505595,Kottamal colony,Kozhikode,11.286366,75.985398,activity,camp_site,Activity,0,0,2,,,,0
n9484402889,Mattumuri colony,Kozhikode,11.281321,76.00531,activity,camp_site,Activity,0,0,2,,,,0
n9487507509,Muthaparamb colony,Kozhikode,11.264857,76.007581,activity,camp_site,Activity,0,0,2,,,,0
n9487481662,Polukunh colony,Kozhikode,11.270741,76.003183,activity,camp_site,Activity,0,0,2,,,,0
n6713028060,RAJIV GANDHI MINI STADIUM,Kozhikode,11.386415,75.824087,activity,camp_site,Activity,0,0,3,,,,0
n10067067569,SOUPARNIKA GROUND,Kozhikode,11.398941,75.850959,activity,camp_site,Activity,0,0,3,,,,0
w202802813,Sarovaram Bio Park,Kozhikode,11.268168,75.793578,activity,nature_reserve,Activity,1,0,7,,,,1
n7521548584,Thonikallupara Waterfall,Kozhikode,11.195652,75.958017,activity,water_park,Activity,0,0,4,,,,0
n5273602642,angel,Kozhikode,11.420513,75.830501,activity,aquarium,Activity,0,0,6,,,,0
n7517794103,naduvattam Fish store,Kozhikode,11.190152,75.804768,activity,aquarium,Activity,0,0,2,,,,0
n7493920591,sarovaram,Kozhikode,11.268912,75.791779,activity,nature_reserve,Activity,0,0,2,,,,0
w1426058750,Alungal Beach;Chettipadi Beach,Kozhikode,11.069616,75.844684,nature,beach,Beach,0,0,2,,,,0
r5394506,Kalipoika,Kozhikode,11.268152,75.794796,nature,lake,Nature,0,0,4,,,,0
w362554194,Konad Beach,Kozhikode,11.276237,75.762717,nature,beach,Beach,0,0,2,,,,0
w264623652,Kottachali,Kozhikode,11.104466,75.847966,nature,lake,Nature,0,0,3,,,,0
w443807912,Koyilandi Beach,Kozhikode,11.449896,75.680303,nature,beach,Beach,0,0,2,,,,0
w359831226,Kozhikode Beach,Kozhikode,11.2555,75.769218,nature,beach,Beach,0,0,3,,,,0
w803764308,Myladi para,Kozhikode,11.363273,75.975026,nature,cave_entrance,Nature,0,0,2,,,,0
n4025142966,Mysore Mala Nithins place peak,Kozhikode,11.284638,76.018951,nature,peak,Nature,0,0,2,,,,0
w1426053323,Ottummal Beach,Kozhikode,11.052255,75.848982,nature,beach,Beach,0,0,4,,,,0
w779924107,Outtukulam Lake,Kozhikode,11.274941,75.789632,nature,lake,Nature,0,0,3,,,,0
w623990814,Parappanangadi Beach,Kozhikode,11.05557,75.848122,nature,beach,Beach,0,0,3,,,,0
w1412794545,Payyoli Meladi Beach,Kozhikode,11.512694,75.608759,nature,beach,Beach,0,0,2,,,,0
r1285738,Perumthuruthy,Kozhikode,11.328721,75.755274,nature,lake,Nature,0,0,5,,,,0
n2485108643,Pukkunnu Mala,Kozhikode,11.406098,75.819485,nature,peak,Nature,0,0,2,,,,0
n7687613709,Unniyal Beach,Kozhikode,10.918331,75.882361,nature,beach,Beach,0,0,4,,,,0
w802611102,Vellayicode Mannkuzhi,Kozhikode,11.234571,75.886822,nature,lake,Nature,0,0,3,,,,0
n2975780095,ephiramal stream,Kozhikode,11.553662,75.827636,nature,lake,Nature,0,0,3,,,,0
n9843827064,kodikal beach,Kozhikode,11.477731,75.617349,nature,beach,Beach,0,0,2,,,,0
n9918315270,mattu's quarry,Kozhikode,11.210942,76.099037,nature,cave_entrance,Nature,0,0,2,,,,0
w320059926,parappalli beach,Kozhikode,11.450137,75.676901,nature,beach,Beach,0,0,2,,,,0
n7511755448,poonath,Kozhikode,11.482889,75.829742,nature,waterfall,Nature,0,0,2,,,,0
n10240443491,Calicut Beach,Kozhikode,11.251632,75.771161,sight,attraction,Heritage,0,0,2,,,,0
w839628563,Calicut Planetarium,Kozhikode,11.263249,75.785575,sight,attraction,Heritage,0,0,4,,,,0
w1081043585,Madani Usthad Maqam,Kozhikode,11.307724,75.879811,sight,place_of_worship,Temple,1,0,13,,,,1
w206995911,Mananchira Square,Kozhikode,11.254262,75.780644,sight,attraction,Heritage,0,0,3,,,,0
n7509946896,Mel pazhani,Kozhikode,11.271418,75.860597,sight,tomb,Heritage,0,0,3,,,,0
n418861952,Palakot Temple pond,Kozhikode,11.287496,75.847895,sight,attraction,Heritage,0,0,3,,,,0
n7517576573,Pazhassiraja Archaeological Museum,Kozhikode,11.29267,75.778109,sight,museum,Museum,0,0,3,,,,0
w798844442,Pazhassiraja Archeological Museum,Kozhikode,11.292688,75.778163,sight,museum,Museum,0,0,3,,,,0
w802787788,Poopathi Vehicle Pollution Testing Center,Kozhikode,11.255844,75.892679,sight,attraction,Heritage,0,0,5,,,,0
w202776800,Regional Science Centre & Planetarium,Kozhikode,11.263196,75.786143,sight,museum,Museum,0,0,8,,,,0
w401398497,SM Street Market,Kozhikode,11.250711,75.781646,sight,attraction,Heritage,0,0,5,It is the cultural space of Kozhikode where you can find every aspects that you want.,,,0
n289607903,Sarovaram Boating,Kozhikode,11.267021,75.794123,sight,attraction,Heritage,0,0,3,,,,0
n289607576,Sweetmeat Street,Kozhikode,11.249909,75.78134,sight,attraction,Heritage,0,0,7,,,,0
n493500793,Advanced Base Camp 5356 m,Leh,33.984419,77.457107,activity,camp_site,Activity,0,0,3,,,,0
n9821359696,Angshing,Leh,34.219378,77.81133,activity,camp_site,Activity,0,0,2,,,,0
n9829628811,Ara,Leh,33.956741,77.600829,activity,camp_site,Activity,0,0,2,,,,0
n9829628810,Ata,Leh,33.96049,77.606242,activity,camp_site,Activity,0,0,2,,,,0
n2041539268,Barwa Skunsum Lato,Leh,34.239209,77.400447,activity,camp_site,Activity,0,0,2,,,,0
n493498930,Base Camp 4979 m,Leh,33.98301,77.475543,activity,camp_site,Activity,0,0,3,,,,0
n493484879,Changma,Leh,34.028512,77.503516,activity,camp_site,Activity,0,0,3,,,,0
r11567365,Chham Kangri,Leh,34.189691,77.570567,activity,hiking_route,Activity,0,0,7,,,,0
r19437065,Chhamkangri (Scrambling Route),Leh,34.189995,77.57055,activity,hiking_route,Activity,0,0,5,,,,0
r19437039,Chhamkangri Circuit,Leh,34.19343,77.57055,activity,hiking_route,Activity,0,0,5,,,,0
n9829628812,Chumik Marpo,Leh,33.923433,77.571006,activity,camp_site,Activity,0,0,2,,,,0
n492461942,Daisy Camping - Zingchen,Leh,34.098521,77.413248,activity,camp_site,Activity,0,0,3,,,,0
r11244860,Digar La,Leh,34.225224,77.733005,activity,hiking_route,Activity,0,0,5,,,,0
n9821359700,Dorang,Leh,34.238028,77.710973,activity,camp_site,Activity,0,0,2,,,,0
r11232943,Ganda La,Leh,34.018253,77.346491,activity,hiking_route,Activity,0,0,7,,,,0
n493569524,Ganda La Base Camp,Leh,34.046671,77.387554,activity,camp_site,Activity,0,0,2,,,,0
n493569532,Ganda La Upper Base Camp,Leh,34.046314,77.376589,activity,camp_site,Activity,0,0,2,,,,0
n4422173521,Gangpoche,Leh,33.951155,77.547672,activity,camp_site,Activity,0,0,3,,,,0
r15531586,Hemis Gotsang Gompa,Leh,33.91127,77.713699,activity,hiking_route,Activity,0,0,4,,,,0
n492461867,Jingchan Lower Camp,Leh,34.104234,77.408538,activity,camp_site,Activity,0,0,2,,,,0
n9821359690,Kamgo,Leh,34.216641,77.854897,activity,camp_site,Activity,0,0,2,,,,0
n9821359698,Kaunkele,Leh,34.282612,77.784465,activity,camp_site,Activity,0,0,2,,,,0
r16173994,Khardung Tso,Leh,34.292513,77.630991,activity,hiking_route,Activity,0,0,5,,,,0
n9821359695,Khyan Kamgo,Leh,34.222146,77.821225,activity,camp_site,Activity,0,0,2,,,,0
n9821359694,Lanak Gongma,Leh,34.142127,77.835783,activity,camp_site,Activity,0,0,2,,,,0
n9821359693,Lanak Yogma,Leh,34.14706,77.837627,activity,camp_site,Activity,0,0,2,,,,0
r11243715,Lasermo La,Leh,34.405978,77.468081,activity,hiking_route,Activity,0,0,7,,,,0
n12105524754,Lato,Leh,34.331629,77.345745,activity,camp_site,Activity,0,0,2,,,,0
r11567483,Leh to Choma,Leh,34.189938,77.54047,activity,hiking_route,Activity,0,0,5,,,,0
r11567480,Leh to Murabak,Leh,34.224605,77.545628,activity,hiking_route,Activity,0,0,4,,,,0
r11301865,Leh to Saboo,Leh,34.149006,77.617533,activity,hiking_route,Activity,0,0,5,,,,0
r11301864,Leh to Saboo 2,Leh,34.14525,77.614469,activity,hiking_route,Activity,0,0,4,,,,0
r16200357,Leh to Shey,Leh,34.12044,77.637075,activity,hiking_route,Activity,0,0,4,,,,0
n390295764,Mankarmo Camp 4390 m,Leh,34.001875,77.499421,activity,camp_site,Activity,0,0,3,,,,0
n9821359691,Marela,Leh,34.169047,77.847981,activity,camp_site,Activity,0,0,2,,,,0
r16480779,Matho to Shang,Leh,33.926148,77.608447,activity,hiking_route,Activity,0,0,7,,,,0
r11243716,Murabak La,Leh,34.22114,77.497371,activity,hiking_route,Activity,0,0,5,,,,0
n9821359699,Phu,Leh,34.287788,77.772013,activity,camp_site,Activity,0,0,2,,,,0
r17950323,Phyang La,Leh,34.210868,77.542418,activity,hiking_route,Activity,0,0,5,,,,0
n2074191088,Rang Char gapo (Lato),Leh,34.20049,77.430846,activity,camp_site,Activity,0,0,3,,,,0
r16200308,Saboo to Shey via Saboo La (difficult),Leh,34.096066,77.647125,activity,hiking_route,Activity,0,0,5,,,,0
n9821359701,Shagarmerhath,Leh,34.228433,77.70705,activity,camp_site,Activity,0,0,2,,,,0
r15531642,Shang Phu to Stok,Leh,33.940767,77.556218,activity,hiking_route,Activity,0,0,5,,,,0
r17911476,Shatichhose Tso,Leh,34.345033,77.481251,activity,hiking_route,Activity,0,0,5,,,,0
n11195560058,Sheoherd's camp,Leh,33.965832,77.610508,activity,camp_site,Activity,0,0,2,,,,0
n9781326603,Shepherd camp,Leh,34.066712,77.51322,activity,camp_site,Activity,0,0,2,,,,0
n9781308155,Shepherd's camp,Leh,34.077451,77.516962,activity,camp_site,Activity,0,0,2,,,,0
n11195557252,Shepherd's camp,Leh,33.934549,77.565192,activity,camp_site,Activity,0,0,2,,,,0
n12094568069,Shepherd's camp,Leh,34.042795,77.348108,activity,camp_site,Activity,0,0,2,,,,0
n11195477575,Shepherd's camp,Leh,33.92335,77.571156,activity,camp_site,Activity,0,0,2,,,,0
r11567362,South Pullu,Leh,34.224809,77.61256,activity,hiking_route,Activity,0,0,5,,,,0
r14333676,Stok Gompa hike,Leh,34.072857,77.53048,activity,hiking_route,Activity,0,0,5,,,,0
r11232945,Stok Kangri,Leh,34.017568,77.489715,activity,hiking_route,Activity,0,0,6,,,,0
r11232944,Stok La,Leh,34.041635,77.484881,activity,hiking_route,Activity,0,0,6,,,,0
n5907817985,Wild campsite (no water),Leh,34.027325,77.481858,activity,camp_site,Activity,0,0,2,,,,0
n2072601333,Yarchung Galmo (Lato),Leh,34.208318,77.436785,activity,camp_site,Activity,0,0,2,,,,0
n9821359697,Yarle Pharwan,Leh,34.190202,77.820256,activity,camp_site,Activity,0,0,2,,,,0
n9821359692,Yungle,Leh,34.159879,77.840921,activity,camp_site,Activity,0,0,2,,,,0
n493490060,camp 4298 m,Leh,34.010151,77.499009,activity,camp_site,Activity,0,0,3,,,,0
n7713554423,Alchi,Leh,34.158389,77.256525,nature,peak,Nature,0,0,2,,,,0
n3773323469,Chham Kangri,Leh,34.18539,77.567228,nature,peak,Nature,0,0,5,,,,0
w465021904,Chhochan Tso,Leh,34.386316,77.410985,nature,lake,Nature,0,0,3,,,,0
n9911294576,Chogdo Ri,Leh,33.828501,77.603173,nature,peak,Nature,0,0,2,,,,0
n7713554416,Choksti,Leh,33.990151,77.417467,nature,peak,Nature,0,0,2,,,,0
n13064368892,Dawa Peak,Leh,34.44178,77.376792,nature,peak,Nature,0,0,3,,,,0
n9911293597,Digar,Leh,34.279914,77.721019,nature,peak,Nature,0,0,2,,,,0
n8596728084,Ganda Ri,Leh,34.033831,77.365631,nature,peak,Nature,0,0,3,,,,0
n7687458365,Golep Kangri,Leh,33.935434,77.487082,nature,peak,Nature,0,0,2,,,,0
n7726312634,Hanu,Leh,34.347405,77.291951,nature,peak,Nature,0,0,3,,,,0
n4539949531,Hemis,Leh,33.908312,77.634151,nature,peak,Nature,0,0,2,,,,0
n13695510938,Kang Kunze,Leh,34.22664,77.694068,nature,peak,Nature,0,0,3,,,,0
n7687853239,Kangri II,Leh,33.946333,77.478945,nature,peak,Nature,0,0,2,,,,0
n9911293292,Kardung,Leh,34.403971,77.604428,nature,peak,Nature,0,0,2,,,,0
w736357373,Khardung Tso,Leh,34.279722,77.62912,nature,lake,Nature,0,0,3,,,,0
n7862828525,Lasirmou,Leh,34.268468,77.494038,nature,peak,Nature,0,0,2,,,,0
n8596913694,Lungmochey Kangri,Leh,34.437739,77.496694,nature,peak,Nature,0,0,3,,,,0
n7687458369,Manikeo,Leh,34.013932,77.355815,nature,peak,Nature,0,0,3,,,,0
n9822498076,Manjkeo,Leh,34.01304,77.334394,nature,peak,Nature,0,0,2,,,,0
n7687458370,Matho Kangri,Leh,33.888855,77.551542,nature,peak,Nature,0,0,2,,,,0
n9911293598,Nangtase,Leh,34.306612,77.691793,nature,peak,Nature,0,0,2,,,,0
n9790117734,Nimu,Leh,34.168241,77.381311,nature,peak,Nature,0,0,2,,,,0
n7687458363,Nyimaling Kangri,Leh,33.845073,77.581358,nature,peak,Nature,0,0,2,,,,0
n7687458366,Palam,Leh,34.062809,77.324781,nature,peak,Nature,0,0,2,,,,0
n7687458368,Parcha Kangri,Leh,34.009919,77.45335,nature,peak,Nature,0,0,2,,,,0
n7713554422,Phe,Leh,34.09339,77.323466,nature,peak,Nature,0,0,2,,,,0
n9911293440,Pulu Kardung,Leh,34.331246,77.610641,nature,peak,Nature,0,0,2,,,,0
n7687458367,Rumbag kangri,Leh,34.050847,77.47395,nature,peak,Nature,0,0,2,,,,0
n13802067401,Saspol Caves,Leh,34.250463,77.159514,nature,cave_entrance,Nature,0,0,2,,,,0
n8596942908,Shabib Chhera,Leh,34.3939,77.431722,nature,peak,Nature,0,0,4,,,,0
w964331920,Shatichhose Tso,Leh,34.342187,77.489544,nature,lake,Nature,0,0,3,,,,0
n9790052167,Shisher,Leh,33.961091,77.746114,nature,peak,Nature,0,0,2,,,,0
n7687458364,Shuku Kangri,Leh,33.959686,77.455277,nature,peak,Nature,0,0,2,,,,0
n493502723,Stok Kangri,Leh,33.986291,77.442149,nature,peak,Nature,1,0,4,,,,1
w306331318,Tso Ltak,Leh,34.093998,77.984952,nature,lake,Nature,0,0,8,,,,0
w964331460,Yanak lake,Leh,34.382015,77.35516,nature,lake,Nature,0,0,3,,,,0
n6946049086,14 Corps,Leh,34.151692,77.574942,sight,castle,Heritage,0,0,2,,,,0
n5022305121,5 Gompas,Leh,34.09465,77.602866,sight,monument,Heritage,0,0,3,,,,0
n5013716329,Arch & Buddhist writtings on stone,Leh,34.09643,77.601577,sight,attraction,Heritage,0,0,3,,,,0
n6031232191,Cemetery,Leh,34.168821,77.582198,sight,attraction,Heritage,0,0,2,,,,0
n4390123390,Central Asian Museum,Leh,34.165237,77.584895,sight,museum,Museum,0,0,7,,,yes,0
w168001251,Chandazik Gompa,Leh,34.165807,77.587902,sight,attraction,Heritage,0,0,6,,,,0
n12082174269,Curved Buddha,Leh,34.087613,77.608279,sight,attraction,Heritage,0,0,2,,,,0
n5013728227,Gompa and prayer wheel,Leh,34.161346,77.585979,sight,monument,Heritage,0,0,3,,,,0
n5013790121,Gompas and prayer wheels,Leh,34.160602,77.58628,sight,monument,Heritage,0,0,3,,,,0
n5356953622,Ice Hockey Lake,Leh,34.136321,77.504447,sight,viewpoint,Viewpoint,0,0,3,,,,0
n11187927461,Indus Valley,Leh,34.140948,77.483101,sight,viewpoint,Viewpoint,0,0,2,,,,0
n3699683318,Indus valley viewpoint,Leh,34.147455,77.470834,sight,viewpoint,Viewpoint,0,0,2,,,,0
n5648018421,KHARDUNGLA TOP,Leh,34.237189,77.614247,sight,viewpoint,Viewpoint,0,0,4,,,,0
n13985482620,King Singay Namgyal Chowk,Leh,34.151961,77.576142,sight,monument,Heritage,0,0,2,,,,0
n3699683100,Ladakh House,Leh,34.17546,77.585103,sight,museum,Museum,0,0,2,,,,0
n3699683113,Ladakh Rocks & Minerals museum,Leh,34.174284,77.585688,sight,museum,Museum,0,0,2,,,,0
w167572743,Leh Palace,Leh,34.165935,77.586203,sight,castle,Heritage,1,0,12,,,,1
w1208496675,Mani-wall,Leh,34.146282,77.585279,sight,attraction,Heritage,0,0,5,,,,0
w899246356,Mani-wall,Leh,34.113796,77.589937,sight,attraction,Heritage,0,0,5,,,,0
w1209951555,Mani-wall,Leh,34.051242,77.667547,sight,attraction,Heritage,0,0,4,,,,0
n5013727942,Mani-wall and gompa,Leh,34.159688,77.586243,sight,attraction,Heritage,0,0,3,,,,0
w1528922098,Phyang Monastery,Leh,34.186502,77.489367,sight,place_of_worship,Temple,1,0,6,,,,1
n3713488395,Prayer wheel,Leh,34.188216,77.589599,sight,monument,Heritage,0,0,2,,,,0
n3713488527,Prayer wheels,Leh,34.145491,77.566885,sight,monument,Heritage,0,0,2,,,,0
w167863573,Samkar Gompa,Leh,34.174171,77.585405,sight,attraction,Heritage,1,0,8,,,,1
w167574960,Shanti Stupa,Leh,34.173755,77.574938,sight,attraction,Heritage,0,0,8,,,,0
n484215321,Shey Palace,Leh,34.071617,77.632758,sight,castle,Heritage,1,0,4,,,,1
n5365981824,Snow Mountain View Point,Leh,34.225321,77.616214,sight,viewpoint,Viewpoint,0,0,2,,,,0
w168837739,Soma Gompa,Leh,34.164394,77.584696,sight,attraction,Heritage,0,0,9,,,,0
w168002443,Spituk Gompa,Leh,34.125507,77.52639,sight,attraction,Heritage,1,0,7,,,,1
n2932140140,Spituk Parka lookout,Leh,34.107034,77.542031,sight,viewpoint,Viewpoint,0,0,2,,,,0
n9781351670,Stanglagar Khar (Fort),Leh,34.032781,77.510218,sight,ruins,Heritage,0,0,2,,,,0
n2990350623,Stok Gompa,Leh,34.065762,77.54204,sight,place_of_worship,Temple,1,0,4,,,,1
w344088934,Stok Palace,Leh,34.073026,77.548651,sight,castle,Heritage,1,0,6,,,,1
n9290789286,Stupa Viewpoint,Leh,34.188002,77.593617,sight,viewpoint,Viewpoint,0,0,5,,,,0
w186122436,Thiksey Gompa,Leh,34.056552,77.666747,sight,place_of_worship,Temple,1,0,9,,,,1
n5022291522,Thiksey Museum,Leh,34.056361,77.667228,sight,museum,Museum,0,0,6,,,yes,0
w344066474,Tisuru Stupa,Leh,34.181691,77.584061,sight,attraction,Heritage,0,0,6,,,,0
w168001905,Tsemo Castle,Leh,34.167424,77.590347,sight,castle,Heritage,1,0,10,,,,1
n9371054851,Zorawar Fort,Leh,34.158409,77.569736,sight,ruins,Heritage,0,0,5,,,,0
n13371505181,Agro tourism Camping,Lonavala,18.688519,73.478691,activity,camp_site,Activity,0,0,4,Sector 04 Shindgaon,,,0
r19893135,Ambenalichya jurra,Lonavala,18.974617,73.495932,activity,hiking_route,Activity,0,0,6,,,,0
w860524194,Andharban Trail,Lonavala,18.506864,73.406066,activity,hiking_route,Activity,0,0,4,,,,0
r16864572,Anghai Fort to Tail Baila,Lonavala,18.598384,73.333949,activity,hiking_route,Activity,0,0,5,,,,0
r11855333,Anghai fort,Lonavala,18.618884,73.329526,activity,hiking_route,Activity,0,0,5,,,,0
r19893145,Barfachya Ohol,Lonavala,18.98396,73.510902,activity,hiking_route,Activity,0,0,6,,,,0
r19892414,Behran Patthar Exploration,Lonavala,18.808252,73.366953,activity,hiking_route,Activity,0,0,6,,,,0
r18560636,Behran Plateau,Lonavala,18.800447,73.360857,activity,hiking_route,Activity,0,0,6,,,,0
r11855339,Bhatrashi Peak,Lonavala,18.72968,73.503768,activity,hiking_route,Activity,0,0,4,,,,0
w866856889,Bhatrishi peak,Lonavala,18.730933,73.496346,activity,hiking_route,Activity,0,0,5,,,,0
w864212688,Buruj,Lonavala,18.963949,73.227375,activity,hiking_route,Activity,0,0,5,,,,0
w866533540,Canyon valley,Lonavala,18.765974,73.380056,activity,hiking_route,Activity,0,0,5,,,,0
r18497203,Choudharwadi to Methalwadi,Lonavala,18.972959,73.482686,activity,hiking_route,Activity,0,0,7,,,,0
w1233610458,Dare ghat,Lonavala,18.535796,73.381856,activity,hiking_route,Activity,0,0,5,,,,0
w194706373,Della Adventure,Lonavala,18.780311,73.389899,activity,theme_park,Activity,1,0,6,,,,1
r19930339,Derya Ghat,Lonavala,18.538765,73.360993,activity,hiking_route,Activity,0,0,6,,,,0
w860774930,Dhak Bahiri,Lonavala,18.87102,73.432727,activity,hiking_route,Activity,0,0,5,,,,0
w863731354,Dhak Bahiri route,Lonavala,18.869135,73.413139,activity,hiking_route,Activity,0,0,5,,,,0
r15583898,Dhangarwada,Lonavala,18.970947,73.280374,activity,hiking_route,Activity,0,0,4,,,,0
r11855340,Dongarwadi - Malewadi,Lonavala,18.732373,73.57824,activity,hiking_route,Activity,0,0,4,,,,0
w866534584,Duke's nose,Lonavala,18.745666,73.366383,activity,hiking_route,Activity,0,0,5,,,,0
r20980446,EST 21,Lonavala,18.954602,73.498308,activity,hiking_route,Activity,0,0,10,,,,0
r20980485,EST 22,Lonavala,18.850438,73.47193,activity,hiking_route,Activity,0,0,10,,,,0
r20989124,EST 23,Lonavala,18.879548,73.380683,activity,hiking_route,Activity,0,0,10,,,,0
r20989437,EST 24,Lonavala,18.967797,73.283799,activity,hiking_route,Activity,0,0,9,,,,0
r20990500,EST 25,Lonavala,18.867701,73.273812,activity,hiking_route,Activity,0,0,9,,,,0
r20990621,EST 26,Lonavala,18.680403,73.361797,activity,hiking_route,Activity,0,0,9,,,,0
r20990811,EST 27,Lonavala,18.565484,73.344522,activity,hiking_route,Activity,0,0,9,,,,0
w1530104056,Ekole to Kevani trail,Lonavala,18.54866,73.361674,activity,hiking_route,Activity,0,0,5,,,,0
n12008907071,GAIA Ekole,Lonavala,18.546538,73.363631,activity,camp_site,Activity,0,0,7,,,,0
w1454257246,Gaal Devi Ghaat,Lonavala,18.88533,73.423927,activity,hiking_route,Activity,0,0,5,,,,0
r18497286,Gaaldevi Ghat,Lonavala,18.890326,73.405077,activity,hiking_route,Activity,0,0,6,,,,0
r19893146,Ghalichi Waat,Lonavala,18.994391,73.504056,activity,hiking_route,Activity,0,0,6,,,,0
r11855364,Ghangad Fort,Lonavala,18.530035,73.348517,activity,hiking_route,Activity,0,0,4,,,,0
w866881126,Ghangad trail,Lonavala,18.55301,73.37099,activity,hiking_route,Activity,0,0,5,,,,0
r19829618,Ghodejin Ghat,Lonavala,18.557485,73.327491,activity,hiking_route,Activity,0,0,6,,,,0
r19930338,Ghondaand,Lonavala,18.521746,73.351547,activity,hiking_route,Activity,0,0,6,,,,0
w867005501,Ghutake to Hirdi,Lonavala,18.508193,73.384642,activity,hiking_route,Activity,0,0,5,,,,0
r15623107,Hinjawadi to Tikona,Lonavala,18.605043,73.595784,activity,hiking_route,Activity,0,0,4,,,,0
w332878716,Imagica,Lonavala,18.766781,73.281759,activity,theme_park,Activity,1,0,7,,,,1
w645274736,Imagica Water Park,Lonavala,18.766273,73.277989,activity,water_park,Activity,0,0,2,,,,0
w864212689,Irshalgad to prabalgad,Lonavala,18.944392,73.230739,activity,hiking_route,Activity,0,0,5,,,,0
n9828927022,Jackiline School Of Thought,Lonavala,18.610372,73.581015,activity,camp_site,Activity,0,0,13,,,yes,0
w860774931,Jambhavali,Lonavala,18.859322,73.43685,activity,hiking_route,Activity,0,0,5,,,,0
w863733036,Jambhavali to Wadeshwar trail,Lonavala,18.867506,73.495952,activity,hiking_route,Activity,0,0,5,,,,0
w866998461,Jambhulpada,Lonavala,18.572614,73.307221,activity,hiking_route,Activity,0,0,5,,,,0
r19876539,Kadam Naal,Lonavala,18.958741,73.272314,activity,hiking_route,Activity,0,0,6,,,,0
w867165285,Kailasgad trail,Lonavala,18.521133,73.482692,activity,hiking_route,Activity,0,0,5,,,,0
r16563430,Karvandi Ghat,Lonavala,18.693419,73.366538,activity,hiking_route,Activity,0,0,8,,,,0
r19799896,Katwan to Beatrice Cliff,Lonavala,18.987363,73.280207,activity,hiking_route,Activity,0,0,6,,,,0
w1529464125,Khetoba,Lonavala,18.989041,73.519135,activity,hiking_route,Activity,0,0,5,,,,0
r19876544,Koltya Naal,Lonavala,18.971269,73.27463,activity,hiking_route,Activity,0,0,6,,,,0
r11846897,Kondhane Caves,Lonavala,18.842045,73.38003,activity,hiking_route,Activity,0,0,4,,,,0
r15552814,Koraigad Trek Route,Lonavala,18.625228,73.385682,activity,hiking_route,Activity,0,0,4,,,,0
r19894330,Kothaldara (Ambenali to Falyan),Lonavala,18.707162,73.354775,activity,hiking_route,Activity,0,0,6,,,,0
w1529464124,Kothaligad,Lonavala,18.978992,73.524479,activity,hiking_route,Activity,0,0,6,,,,0
r16863865,Kurwande to Vasonde via Duke's Nose,Lonavala,18.703946,73.351484,activity,hiking_route,Activity,0,0,8,,,,0
w1530028415,LoBhi,Lonavala,18.832782,73.418207,activity,hiking_route,Activity,0,0,5,,,,0
r15552749,Loganwadi,Lonavala,18.710518,73.474283,activity,hiking_route,Activity,0,0,4,,,,0
w1151421258,Mandavi Peak,Lonavala,18.63516,73.543779,activity,hiking_route,Activity,0,0,5,,,,0
w1155833764,Mandavi top,Lonavala,18.632301,73.539004,activity,hiking_route,Activity,0,0,5,,,,0
r11855343,Manikgad,Lonavala,18.833638,73.191744,activity,hiking_route,Activity,0,0,4,,,,0
w867163440,Manikgad trail,Lonavala,18.84085,73.192129,activity,hiking_route,Activity,0,0,5,,,,0
r19892612,Manjarsumbha,Lonavala,18.843668,73.414948,activity,hiking_route,Activity,0,0,6,,,,0
w866536198,Morgiri fort,Lonavala,18.664941,73.414111,activity,hiking_route,Activity,0,0,5,,,,0
r11855338,Mrugagad,Lonavala,18.686081,73.361942,activity,hiking_route,Activity,0,0,4,,,,0
w866535677,Mrughagad trail,Lonavala,18.687019,73.363369,activity,hiking_route,Activity,0,0,5,,,,0
r19829615,Naandand,Lonavala,18.52584,73.334473,activity,hiking_route,Activity,0,0,6,,,,0
r16863868,Pasalwadi to Kalamb,Lonavala,18.641054,73.327251,activity,hiking_route,Activity,0,0,5,,,,0
r19824459,Paymodi Trail,Lonavala,18.687108,73.372741,activity,hiking_route,Activity,0,0,6,,,,0
w1018315714,Payri and Fenyadevi ghat route,Lonavala,18.9527,73.500686,activity,hiking_route,Activity,0,0,5,,,,0
r11846901,Payri-Fenyadevi Ghat,Lonavala,18.960973,73.492032,activity,hiking_route,Activity,0,0,4,,,,0
r18497202,Peth to Dhamni,Lonavala,18.996677,73.504402,activity,hiking_route,Activity,0,0,6,,,,0
w864212686,Pisarnath Ladder Route,Lonavala,18.975956,73.255537,activity,hiking_route,Activity,0,0,5,,,,0
r15552720,Rajmachi Fort,Lonavala,18.820826,73.39596,activity,hiking_route,Activity,0,0,4,,,,0
r15570850,Ratnagad Fort,Lonavala,18.682509,73.172918,activity,hiking_route,Activity,0,0,4,,,,0
w867162052,Ratnagad trail,Lonavala,18.682509,73.172918,activity,hiking_route,Activity,0,0,5,,,,0
w1150924816,Sain Dongar trail,Lonavala,18.910472,73.449919,activity,hiking_route,Activity,0,0,5,,,,0
r19895145,Salthar Loop,Lonavala,18.580234,73.34674,activity,hiking_route,Activity,0,0,6,,,,0
r15570849,Sankshi Fort,Lonavala,18.7929,73.125034,activity,hiking_route,Activity,0,0,4,,,,0
r18497193,Shilachi Vaat,Lonavala,18.904395,73.414176,activity,hiking_route,Activity,0,0,8,,,,0
r19800002,Sondaand and Kurwande Ghat,Lonavala,18.722259,73.346974,activity,hiking_route,Activity,0,0,5,,,,0
r15552721,Sondai Fort,Lonavala,18.943177,73.288212,activity,hiking_route,Activity,0,0,4,,,,0
w1314987842,Songiri fort-Gambhirnath caves,Lonavala,18.870873,73.324811,activity,hiking_route,Activity,0,0,7,,,,0
r15587564,South Matheran,Lonavala,18.93151,73.301116,activity,hiking_route,Activity,0,0,4,,,,0
w866881129,Sudhagad fort,Lonavala,18.531175,73.323314,activity,hiking_route,Activity,0,0,5,,,,0
w1233596185,Sudhagad to tailbaila,Lonavala,18.569789,73.335909,activity,hiking_route,Activity,0,0,5,,,,0
r15552813,Tail Baila 1,Lonavala,18.562376,73.320705,activity,hiking_route,Activity,0,0,4,,,,0
r15556677,Tail Baila 2,Lonavala,18.570832,73.320288,activity,hiking_route,Activity,0,0,4,,,,0
r15556676,Tail Baila 3,Lonavala,18.563263,73.351792,activity,hiking_route,Activity,0,0,4,,,,0
w866881127,Tailbaila to Ghangad,Lonavala,18.563103,73.353223,activity,hiking_route,Activity,0,0,5,,,,0
w866881128,Tailbaila trail,Lonavala,18.566304,73.334957,activity,hiking_route,Activity,0,0,5,,,,0
r11855363,Tamhini Valley 1,Lonavala,18.509513,73.371506,activity,hiking_route,Activity,0,0,4,,,,0
r15554602,Tamhini Valley 2,Lonavala,18.488109,73.402353,activity,hiking_route,Activity,0,0,4,,,,0
r16864740,Thakurwadi to Ghangad,Lonavala,18.526594,73.343143,activity,hiking_route,Activity,0,0,5,,,,0
r11855335,Tikona Fort,Lonavala,18.632176,73.515534,activity,hiking_route,Activity,0,0,4,,,,0
r11855336,Tung,Lonavala,18.659482,73.461464,activity,hiking_route,Activity,0,0,4,,,,0
w866869052,Unghai fort,Lonavala,18.62155,73.325701,activity,hiking_route,Activity,0,0,5,,,,0
w1184662768,Valley of adventure,Lonavala,18.582474,73.512945,activity,theme_park,Activity,0,0,5,,,,0
w866857763,Visapur,Lonavala,18.726544,73.499822,activity,hiking_route,Activity,0,0,5,,,,0
r15552768,Visapur Fort,Lonavala,18.720463,73.490323,activity,hiking_route,Activity,0,0,4,,,,0
n4533591689,Adlabs Imagica Theme Park,Lonavala,18.76616,73.279986,sight,attraction,Heritage,0,0,3,,,,0
w41393392,Bhaje Caves,Lonavala,18.728976,73.481326,sight,attraction,Heritage,1,0,8,,,,1
w958591197,Bhushi Dam,Lonavala,18.722548,73.396111,sight,attraction,Heritage,0,0,5,,,,0
w78500506,Dargah,Lonavala,18.710041,73.477604,sight,ruins,Heritage,0,0,4,,,,0
n10270820331,Dhak Bahiri Viewpoint,Lonavala,18.855597,73.431665,sight,viewpoint,Viewpoint,0,0,2,,,,0
n1127945662,Dhanya kothar,Lonavala,18.82769,73.399459,sight,attraction,Heritage,0,0,4,,,,0
n8100609542,Fountain,Lonavala,18.834479,73.308676,sight,monument,Heritage,0,0,2,,,,0
n12752224219,Giant Swings,Lonavala,18.623214,73.398102,sight,attraction,Heritage,0,0,4,,,,0
n13691343801,Jay chand chowk,Lonavala,18.749529,73.406635,sight,monument,Heritage,0,0,2,,,,0
n1065807980,Karla Caves,Lonavala,18.783743,73.470324,sight,archaeological_site,Heritage,1,0,4,,,,1
w626026552,Kondana Caves,Lonavala,18.839401,73.384434,sight,archaeological_site,Heritage,1,0,5,,,,1
n3222953530,Kondana Caves,Lonavala,18.842178,73.407764,sight,ruins,Heritage,0,0,2,,,,0
n12752224218,Lagoon,Lonavala,18.624741,73.398136,sight,attraction,Heritage,0,0,4,,,,0
n283144394,Lion Point,Lonavala,18.704114,73.387617,sight,viewpoint,Viewpoint,0,0,2,,,,0
n9197072319,Lohagad Fort,Lonavala,18.709872,73.475996,sight,fort,Heritage,0,0,2,,,,0
r10567786,Lohgad,Lonavala,18.707141,73.477727,sight,ruins,Heritage,0,0,8,,,,0
n843780223,Manaranjan Fort,Lonavala,18.829824,73.395469,sight,fort,Heritage,0,0,3,,,,0
n7251607940,Monkey Point,Lonavala,18.701307,73.388528,sight,viewpoint,Viewpoint,0,0,2,,,,0
n8100609573,Monolith,Lonavala,18.833729,73.308937,sight,monument,Heritage,0,0,2,,,,0
n9197072320,Mrughagad fort,Lonavala,18.688008,73.362685,sight,fort,Heritage,0,0,2,,,,0
n13649044841,Network Point (Jio),Lonavala,18.83819,73.422618,sight,viewpoint,Viewpoint,0,0,2,,,,0
n8100609572,Portal,Lonavala,18.833464,73.308926,sight,monument,Heritage,0,0,2,,,,0
n810328975,Rajmachi Fort,Lonavala,18.829683,73.397411,sight,attraction,Heritage,1,0,7,,,,1
n843780210,Shrivardhan Fort,Lonavala,18.826763,73.3999,sight,fort,Heritage,0,0,4,,,,0
n9197147725,Songiri Fort,Lonavala,18.862641,73.332638,sight,fort,Heritage,0,0,2,,,,0
n7251607939,Tiger Point,Lonavala,18.695877,73.385199,sight,viewpoint,Viewpoint,0,0,2,,,,0
w99862612,Tung Fort,Lonavala,18.659754,73.463657,sight,ruins,Heritage,0,0,5,,,,0
n8589563847,Varadvinayak Ashtavinayak Temple,Lonavala,18.810504,73.301333,sight,place_of_worship,Temple,1,0,11,अष्टविनायकांपैकी चौथा गणपती. Fourth temple in Ashtavinayak yatra.,,,1
n9197072318,Visapur Fort,Lonavala,18.720846,73.488985,sight,fort,Heritage,0,0,4,,,,0
n9481240185,चैत्यगृह,Lonavala,18.729372,73.481314,sight,archaeological_site,Heritage,0,0,3,,,,0
n9481240184,दुमजली कोरीव विहार,Lonavala,18.729207,73.481252,sight,archaeological_site,Heritage,0,0,3,,,,0
n2081729952,प्रवेशद्वार,Lonavala,18.729367,73.481236,sight,archaeological_site,Heritage,0,0,3,,,,0
n10607551024,Kukrail Crocodile Park,Lucknow,26.910555,80.988566,activity,zoo,Activity,0,0,3,,,,0
w1327944169,Eldeco Lake,Lucknow,26.765314,80.943899,nature,lake,Nature,0,0,3,,,,0
w508418521,Janeshwar Mishra Park,Lucknow,26.835929,80.986124,nature,park,Nature,1,0,6,,,,1
n12451234443,Kashana-e-Hashmi,Lucknow,26.882577,80.840054,nature,peak,Nature,0,0,2,,,,0
w209245862,Manyawar Shri Kanshiram Ji Green Eco Garden,Lucknow,26.8094,80.91948,nature,park,Nature,1,0,7,,,,1
w211375521,Ram Manohar Lohia Park,Lucknow,26.854159,80.980594,nature,park,Nature,1,0,5,,,,1
w1461480937,1857 Memorial Museum,Lucknow,26.861453,80.925427,sight,museum,Museum,0,0,8,,Mo-Su 09:00-17:00; Fr closed,,0
n4102825492,Akbari Gate,Lucknow,26.862164,80.907292,sight,monument,Heritage,0,0,2,,,,0
n4792679675,Alliance Francais,Lucknow,26.83725,80.961863,sight,monument,Heritage,0,0,2,,,,0
w45740443,Banqueting Hall,Lucknow,26.861114,80.926608,sight,ruins,Heritage,0,0,4,,,,0
w212500767,Bara Imambara,Lucknow,26.869527,80.913511,sight,monument,Heritage,1,0,8,,,,1
w1288664340,Baradari,Lucknow,26.864824,80.936886,sight,monument,Heritage,0,0,2,,,,0
w1124286800,Chandar Nagar Quila,Lucknow,26.812636,80.904332,sight,castle,Heritage,0,0,5,,,,0
n9491660188,Chhatar Manzil,Lucknow,26.858692,80.932394,sight,monument,Heritage,0,0,2,,,,0
w214212792,Chhota Imambara,Lucknow,26.873732,80.904394,sight,monument,Heritage,1,0,10,,,,1
w45739768,Church,Lucknow,26.862771,80.924939,sight,ruins,Heritage,0,0,5,,,,0
w45740389,Dr Fayrer's house,Lucknow,26.860263,80.926515,sight,ruins,Heritage,0,0,6,,,,0
w1461480939,German's Post,Lucknow,26.859039,80.926614,sight,ruins,Heritage,0,0,4,,,,0
n13087181490,Grand Staircase,Lucknow,26.851528,81.050198,sight,monument,Heritage,0,0,2,,,,0
n6898823017,Hanuman Setu Temple,Lucknow,26.860496,80.937646,sight,place_of_worship,Temple,1,0,13,This Hanuman temple is famous for fulfilling devotee's wishes. One must write a letter to the deity describing the wish they would like to get fulfilled & the priest will read out the letter in front of the idol. Legend has it that the deity fails nobody.,,,1
n4731492121,Hindi,Lucknow,26.842907,81.022152,sight,attraction,Heritage,0,0,9,,,,0
w214215447,Husainabad Clock Tower,Lucknow,26.874004,80.908006,sight,attraction,Heritage,0,0,8,,,,0
w1269878461,Hussainnabad Imambara (Hussainabad Picture Gallery),Lucknow,26.874997,80.907541,sight,museum,Museum,0,0,4,,Sa-Th 10:00-18:00,,0
w45740090,Imambara and Mosque,Lucknow,26.86002,80.925711,sight,ruins,Heritage,0,0,5,,,,0
w45740129,Inglis's Quarters,Lucknow,26.859413,80.925166,sight,ruins,Heritage,0,0,5,,,,0
w1496440335,Lucknow Bioscope,Lucknow,26.851949,80.934173,sight,museum,Museum,0,0,6,,,,0
n4792674920,Martin Summer Palace,Lucknow,26.836904,80.96136,sight,monument,Heritage,0,0,2,,,,0
w842625699,Memorial of Boulone Lise,Lucknow,26.838413,80.961061,sight,monument,Heritage,0,0,4,,,,0
w45740527,Native House,Lucknow,26.860911,80.927157,sight,ruins,Heritage,0,0,4,,,,0
w45739770,Ommaney's Cottage,Lucknow,26.860531,80.924997,sight,ruins,Heritage,0,0,5,,,,0
w212818838,Pearl Palace,Lucknow,26.857967,80.940341,sight,castle,Heritage,0,0,2,,,,0
w667768998,Pillars of Unity,Lucknow,26.856212,80.97932,sight,monument,Heritage,0,0,2,,,,0
w212503402,Residency,Lucknow,26.861622,80.925625,sight,ruins,Heritage,0,0,3,,,,0
n13418238401,Sadat Ali khan Tomb,Lucknow,26.854338,80.933642,sight,tomb,Heritage,0,0,2,,,,0
n5338661622,Safed Baradan,Lucknow,26.852334,80.932051,sight,attraction,Heritage,0,0,2,,,,0
w212876911,Sardar Patel Park,Lucknow,26.845471,80.945669,sight,attraction,Heritage,0,0,5,,,,0
n10770841599,Satkhanda,Lucknow,26.874891,80.905914,sight,monument,Heritage,0,0,4,,,,0
w212818843,Shah E Najaf Imambara,Lucknow,26.858432,80.946224,sight,monument,Heritage,0,0,6,,,,0
w212876827,State Museum Lucknow,Lucknow,26.845391,80.954982,sight,museum,Museum,0,0,7,,Tu-Su 09:00-16:00,,0
n5839453488,The Residency,Lucknow,26.860904,80.925877,sight,attraction,Heritage,0,0,7,,,,0
w45740531,Treasury Building,Lucknow,26.860961,80.926915,sight,ruins,Heritage,0,0,4,,,,0
n243970258,Dreamland Fun Park,Ludhiana,30.832296,75.983602,activity,theme_park,Activity,0,0,2,,,,0
w9205527,Hardy's World,Ludhiana,30.976884,75.800721,activity,theme_park,Activity,0,0,3,,,,0
n690672714,Soil Test,Ludhiana,30.911762,75.726058,activity,camp_site,Activity,0,0,2,,,,0
n4441531589,#4500,Ludhiana,30.866189,75.864525,sight,viewpoint,Viewpoint,0,0,2,,,,0
n4226772619,"56,Singhpura colony, Ludhiana",Ludhiana,30.911749,75.776641,sight,viewpoint,Viewpoint,0,0,2,,,,0
w135441338,Bachat Bhawan,Ludhiana,30.901275,75.837033,sight,attraction,Heritage,0,0,2,,,,0
n4347492191,Cheema Chowk,Ludhiana,30.89788,75.872105,sight,viewpoint,Viewpoint,0,0,2,,,,0
n107291175,Clock Tower,Ludhiana,30.916522,75.848312,sight,attraction,Heritage,0,0,3,,,,0
w135441330,Deputy Commissioner Office,Ludhiana,30.901645,75.836106,sight,attraction,Heritage,0,0,2,,,,0
w135441333,District Transport Office,Ludhiana,30.901671,75.835596,sight,attraction,Heritage,0,0,2,,,,0
w1559227744,Dr. Uppal Museum of Water & Power Resources of Northern India,Ludhiana,30.900523,75.813468,sight,museum,Museum,0,0,3,,,,0
n179251944,Gill Telephone Exchange,Ludhiana,30.837574,75.863774,sight,attraction,Heritage,0,0,2,,,,0
n179477643,Guga Mari,Ludhiana,30.841017,75.943239,sight,attraction,Heritage,0,0,3,,,,0
w135440579,Guru Nanak Bhawan,Ludhiana,30.901189,75.838186,sight,attraction,Heritage,0,0,2,,,,0
n4308904318,Kochar Market Chowk,Ludhiana,30.896946,75.838625,sight,viewpoint,Viewpoint,0,0,2,,,,0
n10189235933,Maharaja Ranjit Singh War Museum,Ludhiana,30.957645,75.82287,sight,museum,Museum,0,0,7,,,,0
n173315458,Mini Secretariat,Ludhiana,30.901532,75.835631,sight,attraction,Heritage,0,0,3,,,,0
w135441332,Office of ADC (D),Ludhiana,30.901609,75.837035,sight,attraction,Heritage,0,0,2,,,,0
w135440817,Punjabi Bhawan,Ludhiana,30.902005,75.837886,sight,attraction,Heritage,0,0,2,,,,0
n4355014290,Samrala Chowk,Ludhiana,30.91061,75.879574,sight,viewpoint,Viewpoint,0,0,2,,,,0
n4215309896,Singhpura colony,Ludhiana,30.912044,75.775448,sight,viewpoint,Viewpoint,0,0,2,,,,0
w135436412,Sutlej Club,Ludhiana,30.909713,75.84181,sight,attraction,Heritage,0,0,2,,,,0
w135441336,Suvidha Centre,Ludhiana,30.901093,75.837061,sight,attraction,Heritage,0,0,2,,,,0
n4233768090,"Vill. Ayali Khurd, Ludhiana",Ludhiana,30.917585,75.771272,sight,viewpoint,Viewpoint,0,0,2,,,,0
n4237221890,"Vill. Bagge Khurd, Ludhiana",Ludhiana,30.949911,75.765797,sight,viewpoint,Viewpoint,0,0,2,,,,0
w27742146,mini rose garden,Ludhiana,30.904895,75.865701,sight,attraction,Heritage,0,0,3,,,,0
w135441335,"office of Commissioner of Police, Ludhiana",Ludhiana,30.901339,75.834965,sight,attraction,Heritage,0,0,2,,,,0
w740895715,Athisayam,Madurai,9.968314,78.039573,activity,theme_park,Activity,1,0,7,,,,1
n13266861683,Eagle Park,Madurai,9.919036,78.093441,activity,theme_park,Activity,0,0,2,,,,0
n12400421032,Kalugumalai (Ovamalai),Madurai,10.022345,78.258368,nature,peak,Nature,0,0,3,,,,0
n4439102112,Laden Temple,Madurai,9.965943,78.188858,nature,cave_entrance,Nature,0,0,6,,,,0
w136448547,Sellur Kanmai,Madurai,9.940804,78.115875,nature,lake,Nature,0,0,8,,,,0
w1024879574,Arch,Madurai,9.936302,78.144612,sight,monument,Heritage,0,0,4,,,,0
w502944817,Arulmigu Subramaniya Swami Temple,Madurai,9.87962,78.070993,sight,place_of_worship,Temple,1,0,11,,,,1
w1308969447,Asthagiriswararkoil,Madurai,9.879646,78.071041,sight,monument,Heritage,0,0,3,,,,0
w1034787749,Brahmi Kalvettu,Madurai,9.946155,77.988431,sight,monument,Heritage,0,0,3,,,,0
w1308952197,Brahmi Kalvettugal,Madurai,9.964727,78.186842,sight,monument,Heritage,0,0,3,,,,0
w1060263932,Entrance Arch,Madurai,9.90167,78.120775,sight,monument,Heritage,0,0,7,,,,0
w1060306828,Entrance Arch,Madurai,9.909974,78.152381,sight,monument,Heritage,0,0,7,,,,0
w1066524650,Entrance Arch,Madurai,9.935244,78.044264,sight,monument,Heritage,0,0,7,,,,0
w1027027522,Gallery Kutir Asthi Peedam,Madurai,9.929545,78.138111,sight,museum,Museum,0,0,3,,,,0
w496461084,Gandhi Memorial,Madurai,9.929847,78.137774,sight,monument,Heritage,0,0,5,,,,0
n518961467,Gandhi Memorial Museum,Madurai,9.929879,78.138608,sight,museum,Museum,1,0,15,,24/7,,1
n7100854585,Government Museum - Madurai,Madurai,9.930336,78.138719,sight,museum,Museum,0,0,5,,,,0
n4439102111,Jain sculptures & Jain Monks rock shelter,Madurai,9.963369,78.186756,sight,archaeological_site,Heritage,0,0,3,,,,0
w1308982702,Karungalakkudi Kalvettu,Madurai,9.922698,78.047568,sight,monument,Heritage,0,0,3,,,,0
w949998929,Kazimar Big Mosque,Madurai,9.912748,78.114257,sight,place_of_worship,Temple,1,0,13,"Kazimar Periya Pallivasal or Kazimar Big Mosque is the oldest mosque in Madurai city, Tamil Nadu, India constructed in the year 1284AD and continues to be in existence for more than 7 centuries till today.",,,1
n3720959173,Keeladi,Madurai,9.863889,78.188333,sight,archaeological_site,Heritage,1,0,7,,,,1
w1363049396,Keezhadi Archeological Museum,Madurai,9.86361,78.184916,sight,museum,Museum,1,0,20,,"Mo, We-Fr 10:00-18:00; Sa, Su 10:00-19:00; Tu off; PH off",yes,1
w1308954300,Kovalanpottal,Madurai,9.903542,78.099341,sight,monument,Heritage,0,0,3,,,,0
n13335406137,Mathavan Dream House 2025( Pearl Palace),Madurai,9.890143,78.090045,sight,castle,Heritage,0,0,8,,,,0
w496461076,Nandi Statue,Madurai,9.92025,78.121768,sight,monument,Heritage,0,0,3,,,,0
w1308951633,Paththu Thungal,Madurai,9.917021,78.123681,sight,monument,Heritage,0,0,3,,,,0
w884208593,Samanar Hills,Madurai,9.924218,78.044474,sight,attraction,Heritage,1,0,8,,,,1
w446674983,Sangham Period settlement,Madurai,9.85519,78.194677,sight,archaeological_site,Heritage,1,0,7,,,,1
r21232993,Sri Meenakshi Amman Temple,Madurai,9.919522,78.119368,sight,place_of_worship,Temple,1,0,27,"Ancient, walled, Hindu place of worship with sacred
water tank and colourful, sculpted gate towers",Mo-Su 09:00-19:00,,1
n2152139503,Temple Holy Car Shelter,Madurai,9.920267,78.123238,sight,attraction,Heritage,0,0,2,,,,0
w1308951980,Theerthangarar Sculptures,Madurai,9.970963,78.197298,sight,monument,Heritage,0,0,2,,,,0
w49175978,Tirumalai Nayak Palace,Madurai,9.914874,78.123872,sight,castle,Heritage,1,0,11,,,,1
w446674981,Udayagiriswararkoil,Madurai,9.903464,78.252852,sight,monument,Heritage,0,0,3,,,,0
w1309197166,Urn Burial Site and Habitation Sites,Madurai,9.853273,78.22616,sight,monument,Heritage,0,0,3,,,,0
w756020642,Vilakkuthoon,Madurai,9.917783,78.123759,sight,monument,Heritage,0,0,3,,,,0
w496461074,Yaanaikal,Madurai,9.924483,78.123201,sight,monument,Heritage,0,0,3,,,,0
w446674984,Yanaimalai,Madurai,9.972149,78.197825,sight,attraction,Heritage,1,0,8,,,,1
w224684383,Crocodile Bank,Mahabalipuram,12.742909,80.239885,activity,zoo,Activity,1,0,13,The Madras Crocodile Bank Trust and Centre for Herpetology is one of the largest reptile zoos in the world.,Tu-Su 08:30-17:30,,1
r19819994,Dakshin Chitra,Mahabalipuram,12.823009,80.242054,activity,theme_park,Activity,1,0,7,,,,1
n325783950,MGM Dizee World,Mahabalipuram,12.826656,80.242049,activity,theme_park,Activity,0,0,3,,,,0
w35459480,MGM Dizzee World,Mahabalipuram,12.825619,80.244012,activity,theme_park,Activity,1,0,12,,"Mo-Fr 10:30-18:30, Sa-Su,PH 10:30-19:30",,1
n1155184387,Night Safari,Mahabalipuram,12.868135,80.095299,activity,zoo,Activity,0,0,4,,,,0
w1498226027,"Wonderla Amusement Park, Chennai",Mahabalipuram,12.742545,80.173844,activity,theme_park,Activity,0,0,4,,,,0
n10302265197,Blue Flag Beach,Mahabalipuram,12.802355,80.248694,nature,beach,Beach,0,0,2,,,,0
r1819656,Covelong Beach,Mahabalipuram,12.790429,80.251623,nature,beach,Beach,0,0,5,,,,0
n12137704802,"Covelong Beach,Tamil Nadu",Mahabalipuram,12.772165,80.251911,nature,beach,Beach,0,0,2,,,,0
w176519614,Lake Maduranthakam,Mahabalipuram,12.523975,79.872988,nature,lake,Nature,1,0,7,,,,1
n12137680245,"Mahabalipuram Beach, Tamil nadu",Mahabalipuram,12.609153,80.19598,nature,beach,Beach,0,0,2,,,,0
w1163543652,Malayambakkam Lake,Mahabalipuram,12.729012,79.993429,nature,lake,Nature,0,0,3,,,,0
w273202864,Paramankeni,Mahabalipuram,12.358037,80.075301,nature,beach,Beach,0,0,2,,,,0
w98357562,Pudhupakkam Lake,Mahabalipuram,12.818977,80.192579,nature,lake,Nature,0,0,3,,,,0
n5106036681,Rāma Malal,Mahabalipuram,12.738684,80.08559,nature,peak,Nature,0,0,4,,,,0
w873992875,Venpakkam Chitheri,Mahabalipuram,12.666799,79.972988,nature,lake,Nature,0,0,4,,,,0
w765318752,Venpākkam Big Tank,Mahabalipuram,12.661982,79.975176,nature,lake,Nature,0,0,3,,,,0
n353978523,Arjuna's Penance,Mahabalipuram,12.617909,80.192697,sight,ruins,Heritage,1,0,6,,,,1
n5511537906,Arunjas Penance Model,Mahabalipuram,12.615112,80.19226,sight,ruins,Heritage,0,0,4,,,,0
n5517871828,Dharmaraja Mandapam,Mahabalipuram,12.614764,80.191699,sight,ruins,Heritage,0,0,4,,,,0
n325783921,ECR Beach View point,Mahabalipuram,12.725277,80.231743,sight,viewpoint,Viewpoint,0,0,2,,,,0
n5517872769,Five Celled Rock Cave,Mahabalipuram,12.618555,80.191339,sight,ruins,Heritage,0,0,4,,,,0
w103082949,Five Rathas,Mahabalipuram,12.608951,80.18959,sight,archaeological_site,Heritage,1,1,14,,,,1
w911713515,Fort Sadras,Mahabalipuram,12.52567,80.163626,sight,fort,Heritage,0,0,5,,,,0
w597062759,Ganesh Ratha,Mahabalipuram,12.61843,80.192504,sight,place_of_worship,Temple,1,0,7,,,,1
w103163461,Group of Monuments - Mahabalipuram,Mahabalipuram,12.617206,80.191745,sight,archaeological_site,Heritage,0,0,8,,,,0
n4121381964,India Seashell Museum,Mahabalipuram,12.60943,80.187669,sight,museum,Museum,0,0,3,,Mo-Su 08:00-08:00,,0
n5517874190,Keneri Mandapam,Mahabalipuram,12.618606,80.19137,sight,ruins,Heritage,0,0,4,,,,0
n5517872748,Kodikal Mandapam,Mahabalipuram,12.619747,80.192228,sight,ruins,Heritage,0,0,4,,,,0
w596118069,Krishna Mandapam,Mahabalipuram,12.617364,80.192598,sight,ruins,Heritage,1,0,8,,,,1
w753671961,Krishna's Butterball,Mahabalipuram,12.619086,80.1924,sight,attraction,Heritage,1,0,10,,,,1
n5518300719,Lighthouse Heritage Museum,Mahabalipuram,12.616511,80.192264,sight,museum,Museum,0,0,2,,,,0
n353978541,Mahishamadhini Cave,Mahabalipuram,12.615227,80.191539,sight,ruins,Heritage,1,0,6,,,,1
w370135158,Mamallapuram Shore Temple,Mahabalipuram,12.61648,80.199235,sight,place_of_worship,Temple,1,0,12,,,,1
n5517879855,Maritime Museum,Mahabalipuram,12.616242,80.19226,sight,museum,Museum,0,0,2,,,,0
n5096205107,Mukunda Nayanar,Mahabalipuram,12.627166,80.19485,sight,ruins,Heritage,0,0,5,,,,0
n5685948849,Olakkannesvara Temple,Mahabalipuram,12.614924,80.191673,sight,ruins,Heritage,0,0,3,,,,0
w597062775,Old lighthouse,Mahabalipuram,12.615123,80.191365,sight,ruins,Heritage,0,0,4,,,,0
n5679713257,Panchapandava Mandapam,Mahabalipuram,12.617646,80.19263,sight,ruins,Heritage,0,0,4,,,,0
w596622866,Pidari ratha and Valayankuttai ratha,Mahabalipuram,12.620245,80.187597,sight,archaeological_site,Heritage,0,0,5,,,,0
n353978517,Ramanuja Mandapam,Mahabalipuram,12.616568,80.191843,sight,ruins,Heritage,0,0,4,,,,0
w597062769,Rayala Gopuram,Mahabalipuram,12.617604,80.192285,sight,ruins,Heritage,0,0,4,,,,0
n13078006569,Retro Surf Club,Mahabalipuram,12.61932,80.197381,sight,attraction,Heritage,0,0,10,"We offers surf lessons for beginners and intermediate surfers in the heart of Mahabs. We offer private and group lessons, focusing on the basics, improving technique, and having fun.",,,0
w390473765,"Shore Temple Complex, Mahabalipuram",Mahabalipuram,12.616633,80.199141,sight,archaeological_site,Heritage,1,1,17,,,,1
n7246575985,South Entrance,Mahabalipuram,12.61418,80.191229,sight,attraction,Heritage,0,0,2,,,,0
r8171518,Sthalasayana Perumal Temple,Mahabalipuram,12.617427,80.192979,sight,place_of_worship,Temple,1,0,9,,,,1
w123059911,Tiger Cave,Mahabalipuram,12.65697,80.20934,sight,attraction,Heritage,1,0,8,A 7th century monument built by Pallavas by sculpting rocks,,,1
n5517872608,Tirmurthy Cave,Mahabalipuram,12.619794,80.192653,sight,ruins,Heritage,0,0,4,,,,0
n353978532,Varaha Mandapam / Cave,Mahabalipuram,12.618086,80.192223,sight,ruins,Heritage,1,0,6,,,,1
n650702948,Vedhagirishwarar Temple,Mahabalipuram,12.609975,80.059314,sight,place_of_worship,Temple,1,0,9,,,,1
n9181211983,"(Emergency) Campsite, 1-2 small tents max",Manali,32.245757,77.147771,activity,camp_site,Activity,0,0,2,,,,0
n11199228643,2 tent,Manali,32.343283,77.217595,activity,camp_site,Activity,0,0,2,,,,0
r11568188,Ajani Mahadev,Manali,32.301222,77.159423,activity,hiking_route,Activity,0,0,5,,,,0
r15504766,Bahang - Shanag - Goshal,Manali,32.280058,77.175461,activity,hiking_route,Activity,0,0,4,,,,0
n4996923860,Bakkar Thach,Manali,32.351648,77.095709,activity,camp_site,Activity,0,0,5,,,yes,0
r15913159,Baror - Parsha Falls,Manali,32.206854,77.185884,activity,hiking_route,Activity,0,0,4,,,,0
r17459218,Barsai Falls,Manali,32.164851,77.197351,activity,hiking_route,Activity,0,0,5,,,,0
n3794360737,Base Camp,Manali,32.175094,77.369825,activity,camp_site,Activity,0,0,2,,,,0
r18901847,Beas Kund,Manali,32.357678,77.100269,activity,hiking_route,Activity,0,0,5,,,,0
r12855978,Beas Kund (Circuit Route),Manali,32.358589,77.100269,activity,hiking_route,Activity,0,0,4,,,,0
n5026644217,Bhoj Campsite,Manali,32.350831,77.08596,activity,camp_site,Activity,0,0,2,,,,0
r11244101,Bhrigu Lake (Vashisht Route),Manali,32.278506,77.214788,activity,hiking_route,Activity,0,0,7,,,,0
n6817087393,Boulder,Manali,32.230804,77.19017,activity,climbing,Activity,0,0,4,,,,0
w954231850,Burwa traverse,Manali,32.294672,77.166921,activity,hiking_route,Activity,0,0,8,,,,0
n13167335202,Camp,Manali,32.236157,77.181294,activity,camp_site,Activity,0,0,2,,,,0
n5059830722,Camp 1,Manali,32.254723,77.168393,activity,camp_site,Activity,0,0,4,,,,0
n9106436432,Camp Site,Manali,32.266815,77.210409,activity,camp_site,Activity,0,0,2,,,,0
n12228290970,Camping ground,Manali,32.204986,77.179187,activity,camp_site,Activity,0,0,2,,,,0
n12739008513,Chaudah Mod campsite,Manali,32.319239,77.207528,activity,camp_site,Activity,0,0,7,,,no,0
r19730972,Chhaki to Soyal,Manali,32.133909,77.179131,activity,hiking_route,Activity,0,0,5,,,,0
n9345822309,Chhika,Manali,32.28254,77.256249,activity,camp_site,Activity,0,0,2,,,,0
r15506039,Chichoga - Aleo,Manali,32.237567,77.197412,activity,hiking_route,Activity,0,0,4,,,,0
r13814549,Chichoga Forest Loop,Manali,32.246829,77.196587,activity,hiking_route,Activity,0,0,4,,,,0
r14128948,Crystal Waterfal Loop,Manali,32.145605,77.194366,activity,hiking_route,Activity,0,0,4,,,,0
r13689087,Dachani Tarashi Loop,Manali,32.106544,77.127092,activity,hiking_route,Activity,0,0,4,,,,0
r15883590,Dachani to Bhujnu,Manali,32.104464,77.109247,activity,hiking_route,Activity,0,0,4,,,,0
r15883583,Dachani to Nagoni Meadow,Manali,32.110535,77.114086,activity,hiking_route,Activity,0,0,4,,,,0
r11244080,Deo Tibba,Manali,32.186337,77.299596,activity,hiking_route,Activity,0,0,5,,,,0
n848344125,Devi ki Marhi,Manali,32.222063,76.971516,activity,camp_site,Activity,0,0,2,,,,0
n848343966,Devi ki Marhi II,Manali,32.223889,76.992852,activity,camp_site,Activity,0,0,2,,,,0
r19216841,Dhara to Parbhi Galu,Manali,32.08146,77.085294,activity,hiking_route,Activity,0,0,8,,,,0
r9458668,Dhauladhar WLS,Manali,32.268157,76.878541,activity,nature_reserve,Activity,1,0,7,,,,1
r18185880,Dhumaldev ka Mandir to Garh,Manali,32.133036,77.097985,activity,hiking_route,Activity,0,0,4,,,,0
r13689040,Dobhi to Bhatkaral,Manali,32.082331,77.110402,activity,hiking_route,Activity,0,0,4,,,,0
n13816784384,Du Du Thach,Manali,32.193233,77.297173,activity,camp_site,Activity,0,0,2,,,,0
r13181828,Dumaldev Ka Mandir,Manali,32.152812,77.099113,activity,hiking_route,Activity,0,0,5,,,,0
r16145040,Duwara to Bhujnu,Manali,32.101386,77.113085,activity,hiking_route,Activity,0,0,4,,,,0
r15883578,Duwara to Dachani Forest trail,Manali,32.102637,77.12259,activity,hiking_route,Activity,0,0,4,,,,0
r15690243,Duwara to Galang,Manali,32.105388,77.091316,activity,hiking_route,Activity,0,0,4,,,,0
r13737875,Duwara to Shil,Manali,32.116739,77.125168,activity,hiking_route,Activity,0,0,4,,,,0
r15690270,Duwara to Tarashi,Manali,32.104239,77.126193,activity,hiking_route,Activity,0,0,4,,,,0
r13313858,Friendship Peak circuit,Manali,32.380107,77.100032,activity,hiking_route,Activity,0,0,4,,,,0
r17584161,Garh (Fort Ruins),Manali,32.126601,77.117426,activity,hiking_route,Activity,0,0,4,,,,0
n848344047,Garhthala,Manali,32.237157,76.943585,activity,camp_site,Activity,0,0,2,,,,0
r11264594,Gephan Lake,Manali,32.502923,77.172385,activity,hiking_route,Activity,0,0,6,,,,0
n11199214538,Good place for 2 tent,Manali,32.329565,77.211795,activity,camp_site,Activity,0,0,2,,,,0
n699800578,Gorudhugh,Manali,32.071051,76.980209,activity,camp_site,Activity,0,0,2,,,,0
r19107017,Goshal Loop,Manali,32.269342,77.174308,activity,hiking_route,Activity,0,0,4,,,,0
r15803006,Goshal to Old Manali,Manali,32.264479,77.177844,activity,hiking_route,Activity,0,0,4,,,,0
r13312536,Gullaba to Bhrigu lake,Manali,32.307091,77.223021,activity,hiking_route,Activity,0,0,9,,,,0
r19157727,Halindi Loop,Manali,32.274964,77.153371,activity,hiking_route,Activity,0,0,4,,,,0
r18295645,Hallan-I to Shedu Pathar thach,Manali,32.130176,77.203498,activity,hiking_route,Activity,0,0,4,,,,0
r11230779,Hampta Pass,Manali,32.277396,77.301412,activity,hiking_route,Activity,0,0,7,,,,0
n1911202766,Hamta La base,Manali,32.288724,77.279697,activity,camp_site,Activity,0,0,2,,,,0
n6564281186,Hamta la base camp,Manali,32.276263,77.317243,activity,camp_site,Activity,0,0,2,,,,0
n6564283788,Hamta pass base camp,Manali,32.278861,77.301446,activity,camp_site,Activity,0,0,2,,,,0
r15506663,Highway - Vashisht,Manali,32.262095,77.188071,activity,hiking_route,Activity,0,0,4,,,,0
n5022331221,Himvalley Theme Park,Manali,32.276956,77.180982,activity,theme_park,Activity,0,0,3,,,,0
w666695328,Inderkilla National Park,Manali,32.268558,77.312708,activity,nature_reserve,Activity,1,0,6,,,,1
r13818174,Jagatsukh to Khaknal,Manali,32.184938,77.201099,activity,hiking_route,Activity,0,0,4,,,,0
n9682706844,Jamu Thach,Manali,32.183116,77.213827,activity,camp_site,Activity,0,0,2,,,,0
n1911202610,Jobri,Manali,32.267694,77.245889,activity,camp_site,Activity,0,0,2,,,,0
r15505443,Jogini Falls loop,Manali,32.277355,77.185371,activity,hiking_route,Activity,0,0,4,,,,0
n8904798743,Joling Thach,Manali,32.147588,77.073148,activity,camp_site,Activity,0,0,2,,,,0
w1177279581,Kadingcha to Butti,Manali,32.040291,76.995384,activity,hiking_route,Activity,0,0,7,,,,0
r15907209,Kalaint to Salin,Manali,32.205282,77.178375,activity,hiking_route,Activity,0,0,4,,,,0
r15910167,Kalath Ridge,Manali,32.189327,77.17182,activity,hiking_route,Activity,0,0,4,,,,0
r11230945,Kaliheni Pass,Manali,32.244289,76.981604,activity,hiking_route,Activity,0,0,6,,,,0
r15504770,Kanial to Khanpari,Manali,32.229608,77.162703,activity,hiking_route,Activity,0,0,4,,,,0
r19136238,Kanial to Rani Sui,Manali,32.210927,77.160116,activity,hiking_route,Activity,0,0,4,,,,0
r15913184,Kanial to Salin,Manali,32.207434,77.182272,activity,hiking_route,Activity,0,0,4,,,,0
r14695435,Kasheri 2 Riyali Thach,Manali,32.191969,77.123495,activity,hiking_route,Activity,0,0,4,,,,0
r12903522,Khanpari & Rani Sui,Manali,32.20569,77.15136,activity,hiking_route,Activity,0,0,4,,,,0
r19106958,Khanpari Falls,Manali,32.222471,77.166376,activity,hiking_route,Activity,0,0,4,,,,0
r15505696,Khanpari Tibba - Shila Gaura Tibba,Manali,32.221809,77.103083,activity,hiking_route,Activity,0,0,4,,,,0
r11243962,Kho Waterfall,Manali,32.251595,77.149018,activity,hiking_route,Activity,0,0,6,,,,0
r18984935,Kukri to Khodu thach,Manali,32.130311,77.035349,activity,hiking_route,Activity,0,0,4,,,,0
n14148193423,Kulhri Thach,Manali,32.179694,77.226018,activity,camp_site,Activity,0,0,2,,,,0
n6506268365,Lady leg camp,Manali,32.367194,77.093275,activity,camp_site,Activity,0,0,2,,,,0
r12903566,Lamadugh Circuit,Manali,32.243563,77.159781,activity,hiking_route,Activity,0,0,4,,,,0
r19107020,Lion King Loop,Manali,32.238429,77.17004,activity,hiking_route,Activity,0,0,4,,,,0
r19107019,Lower Waterfall,Manali,32.276111,77.170787,activity,hiking_route,Activity,0,0,4,,,,0
n848344214,Lumba Padh,Manali,32.259481,76.921399,activity,camp_site,Activity,0,0,2,,,,0
r15802531,Mahili Thach to Kasheri,Manali,32.180521,77.13322,activity,hiking_route,Activity,0,0,4,,,,0
r14045789,Majach Meadows,Manali,32.296937,77.154265,activity,hiking_route,Activity,0,0,4,,,,0
w1152784765,Majach to Burwa,Manali,32.280291,77.158841,activity,hiking_route,Activity,0,0,7,,,,0
r15907009,Manali - Chiyal - Kanial,Manali,32.231038,77.18131,activity,hiking_route,Activity,0,0,4,,,,0
r15505404,Manali - Mathiana,Manali,32.249371,77.193123,activity,hiking_route,Activity,0,0,4,,,,0
r15504737,Manali - Old Manali,Manali,32.252272,77.182419,activity,hiking_route,Activity,0,0,4,,,,0
r15506084,Manali Loop,Manali,32.24763,77.184932,activity,hiking_route,Activity,0,0,4,,,,0
w667906690,Manali WLS,Manali,32.245616,77.117908,activity,nature_reserve,Activity,1,0,6,,,,1
r15907101,Manali to Kanial,Manali,32.232682,77.180856,activity,hiking_route,Activity,0,0,4,,,,0
r12854221,Manali to Sangchar,Manali,32.204636,77.16846,activity,hiking_route,Activity,0,0,4,,,,0
r12886818,Manalsu loop,Manali,32.255656,77.153839,activity,hiking_route,Activity,0,0,6,,,,0
r16301335,Mandir Loop,Manali,32.241205,77.17106,activity,hiking_route,Activity,0,0,4,,,,0
r14048537,Mangankot Peak circuit,Manali,32.270781,77.161742,activity,hiking_route,Activity,0,0,4,,,,0
r16375062,Marhi - Dashuar Lake - Rohtang,Manali,32.363404,77.230961,activity,hiking_route,Activity,0,0,4,,,,0
r15802992,Marhi - Rotang loop,Manali,32.347236,77.229744,activity,hiking_route,Activity,0,0,4,,,,0
r13313909,Marhi climb,Manali,32.340978,77.207453,activity,hiking_route,Activity,0,0,4,,,,0
r15505638,Mathiana - Manali,Manali,32.250812,77.191746,activity,hiking_route,Activity,0,0,4,,,,0
r13814518,Mathiana to Aleo,Manali,32.24305,77.197814,activity,hiking_route,Activity,0,0,5,,,,0
r13838122,Mathiana to Aleo lower trail,Manali,32.241694,77.195526,activity,hiking_route,Activity,0,0,4,,,,0
r12903395,Mathiana to Sethan,Manali,32.247106,77.216965,activity,hiking_route,Activity,0,0,5,,,,0
r18451833,Mordugh to Bhujnu,Manali,32.113417,77.10328,activity,hiking_route,Activity,0,0,4,,,,0
r18997078,Naggar to Tillasharni,Manali,32.10184,77.165149,activity,hiking_route,Activity,0,0,6,,,,0
n9682751654,Negi Dugh,Manali,32.186958,77.209711,activity,camp_site,Activity,0,0,2,,,,0
w72510377,Nehru Park,Manali,32.250502,77.18552,activity,nature_reserve,Activity,0,0,4,,,,0
n699804196,Nihar Thach,Manali,32.049243,76.99276,activity,camp_site,Activity,0,0,2,,,,0
r15692893,Niyalag to 14 Mile,Manali,32.140215,77.145836,activity,hiking_route,Activity,0,0,4,,,,0
r15504760,Old Manali - Goshal,Manali,32.266238,77.172798,activity,hiking_route,Activity,0,0,4,,,,0
r15506212,Old Manali Loop,Manali,32.254424,77.175557,activity,hiking_route,Activity,0,0,4,,,,0
r13182257,Old Manali to Solang traverse,Manali,32.285621,77.163036,activity,hiking_route,Activity,0,0,7,,,,0
n6836422385,Palchani Nala Campsite,Manali,32.353454,77.109569,activity,camp_site,Activity,0,0,6,,24/7,,0
n8904804270,Pan Thach,Manali,32.174823,77.070363,activity,camp_site,Activity,0,0,2,,,,0
r15506705,Parini - Sethan,Manali,32.228203,77.210692,activity,hiking_route,Activity,0,0,4,,,,0
n11219636678,Parkuni,Manali,32.13666,77.247041,activity,camp_site,Activity,0,0,2,,,,0
r13312854,Patalsu circuit,Manali,32.334087,77.173153,activity,hiking_route,Activity,0,0,4,,,,0
r14878684,Phalain Parbhi Loop,Manali,32.075042,77.095015,activity,hiking_route,Activity,0,0,4,,,,0
r13472640,Phojal 2 Lug,Manali,32.078451,77.021332,activity,hiking_route,Activity,0,0,5,,,,0
n10946823595,Piangniru Campsite,Manali,32.243406,77.298845,activity,camp_site,Activity,0,0,2,,,,0
r14028866,Rahani Waterfall,Manali,32.251328,77.199156,activity,hiking_route,Activity,0,0,4,,,,0
r14460679,Rani Sui Lake trail,Manali,32.196147,77.140435,activity,hiking_route,Activity,0,0,4,,,,0
w1413204200,Raoli Kholi Campground,Manali,32.315504,77.238237,activity,camp_site,Activity,0,0,11,,,no,0
n6824616361,Raoul & Marcel's Boulder,Manali,32.227679,77.190533,activity,climbing,Activity,0,0,4,,,,0
w991854264,Rauli Kholi - Bhrigu Lake,Manali,32.302687,77.241299,activity,hiking_route,Activity,0,0,9,,,,0
n848373191,Riyali Thach,Manali,32.204464,77.099561,activity,camp_site,Activity,0,0,3,,,,0
n8904825982,Rup Thach,Manali,32.152906,77.07429,activity,camp_site,Activity,0,0,2,,,,0
r17459200,Sajla Waterfall,Manali,32.173344,77.19752,activity,hiking_route,Activity,0,0,5,,,,0
r19730967,Sajla to Hallan,Manali,32.148724,77.191283,activity,hiking_route,Activity,0,0,5,,,,0
r15506143,Salin 1,Manali,32.197458,77.181227,activity,hiking_route,Activity,0,0,4,,,,0
r15913158,Salin 2,Manali,32.194823,77.183859,activity,hiking_route,Activity,0,0,4,,,,0
r15910166,Salin to Rani Sui,Manali,32.196147,77.156997,activity,hiking_route,Activity,0,0,4,,,,0
r13122186,Saman Jot,Manali,32.149414,77.057509,activity,hiking_route,Activity,0,0,4,,,,0
r15690035,Sangchar 1,Manali,32.15949,77.160132,activity,hiking_route,Activity,0,0,4,,,,0
r15907196,Sangchar 2,Manali,32.159199,77.159585,activity,hiking_route,Activity,0,0,4,,,,0
n848372918,Sanghor (Theli),Manali,32.21185,77.070964,activity,camp_site,Activity,0,0,2,,,,0
n806250442,Seri,Manali,32.182627,77.332247,activity,camp_site,Activity,0,0,2,,,,0
r15768128,Sethan to Jagatsukh,Manali,32.215508,77.226318,activity,hiking_route,Activity,0,0,4,,,,0
r14751827,Sethan to Piangniru via Sethan dome,Manali,32.246084,77.261958,activity,hiking_route,Activity,0,0,5,,,,0
r15508304,Shangchar - Shegli,Manali,32.160436,77.142983,activity,hiking_route,Activity,0,0,4,,,,0
r17565234,Shegli to Thoti Campsite,Manali,32.168017,77.138662,activity,hiking_route,Activity,0,0,6,,,,0
n10677686538,Shepheard campsite,Manali,32.332947,76.955189,activity,camp_site,Activity,0,0,6,,,no,0
n10677686542,Shepheard shelter,Manali,32.338645,76.949878,activity,camp_site,Activity,0,0,6,,,no,0
n10677686540,Shepher campsite,Manali,32.358277,76.994054,activity,camp_site,Activity,0,0,2,,,,0
n10677686536,Shepher campsite,Manali,32.181066,76.948687,activity,camp_site,Activity,0,0,2,,,,0
n9106441774,Shepherd camp,Manali,32.266993,77.201143,activity,camp_site,Activity,0,0,8,,,,0
n10929170786,Shepherd camp,Manali,32.242468,77.143129,activity,camp_site,Activity,0,0,2,,,,0
n10929143497,Shepherd camp,Manali,32.208902,77.162476,activity,camp_site,Activity,0,0,2,,,,0
n10931465175,Shepherd camp,Manali,32.194595,77.154647,activity,camp_site,Activity,0,0,2,,,,0
n9192749976,Shepherd camp,Manali,32.109198,77.017321,activity,camp_site,Activity,0,0,2,,,,0
n9192745011,Shepherd camp,Manali,32.102834,76.991123,activity,camp_site,Activity,0,0,2,,,,0
n9513782289,Shepherd hut,Manali,32.244973,77.20102,activity,camp_site,Activity,0,0,2,,,,0
n9260943380,Shepherd's,Manali,32.051806,76.980881,activity,camp_site,Activity,0,0,2,,,,0
n8903520386,Shepherd's camp,Manali,32.230992,77.157894,activity,camp_site,Activity,0,0,2,,,,0
n10883143801,Shepherd's camp,Manali,32.200878,77.175556,activity,camp_site,Activity,0,0,2,,,,0
n8903520387,Shepherd's camp,Manali,32.258915,77.135495,activity,camp_site,Activity,0,0,2,,,,0
n9670314449,Shepherd's camp,Manali,32.288087,77.148177,activity,camp_site,Activity,0,0,2,,,,0
n9682744270,Shepherd's camp,Manali,32.180752,77.224231,activity,camp_site,Activity,0,0,2,,,,0
n11809527311,Shepherd's camp,Manali,32.155033,77.200405,activity,camp_site,Activity,0,0,2,,,,0
n11226357113,Shepherd's camp,Manali,32.161369,77.278739,activity,camp_site,Activity,0,0,2,,,,0
n9260950634,Shepherd's camp,Manali,32.051161,77.051065,activity,camp_site,Activity,0,0,2,,,,0
n9260950356,Shepherd's camp,Manali,32.055755,76.97747,activity,camp_site,Activity,0,0,2,,,,0
n9795007616,Shepherds camp,Manali,32.175807,77.240843,activity,camp_site,Activity,0,0,2,,,,0
n10148851885,Shepherds' camp,Manali,32.2342,77.238707,activity,camp_site,Activity,0,0,2,,,,0
n10148843939,Shepherds'camp,Manali,32.242946,77.271176,activity,camp_site,Activity,0,0,2,,,,0
r16394706,Shirgan Tungu Saur,Manali,32.177652,77.250371,activity,hiking_route,Activity,0,0,4,,,,0
n6033723526,Shitidhar Base Camp One,Manali,32.387574,77.083455,activity,camp_site,Activity,0,0,7,,,no,0
r11243986,Shitidhar peak,Manali,32.378645,77.084285,activity,hiking_route,Activity,0,0,5,,,,0
r13312608,Shubh Narayan Lake,Manali,32.304227,77.248433,activity,hiking_route,Activity,0,0,4,,,,0
r13837841,Shuru to Jagatsukh,Manali,32.208891,77.202199,activity,hiking_route,Activity,0,0,4,,,,0
r13837984,Shuru to Jagatsukh Upper,Manali,32.208891,77.208947,activity,hiking_route,Activity,0,0,4,,,,0
n8911997106,Small camp,Manali,32.504388,77.173683,activity,camp_site,Activity,0,0,2,,,,0
n6402029686,Soroutoo Camping Site,Manali,32.212097,77.234595,activity,camp_site,Activity,0,0,2,,,,0
n848344065,Sukha Padh,Manali,32.240263,76.940539,activity,camp_site,Activity,0,0,6,,,no,0
n5741543025,Summed camp,Manali,32.306338,77.434713,activity,camp_site,Activity,0,0,2,,,,0
r16555216,Tarashi to Nagoni Meadow,Manali,32.110419,77.119715,activity,hiking_route,Activity,0,0,4,,,,0
n7209801685,The Lost tribe camp,Manali,32.204603,77.214923,activity,camp_site,Activity,0,0,3,,,,0
n6401778711,The Open Road Camp,Manali,32.209827,77.192207,activity,camp_site,Activity,0,0,4,,,,0
n11217697154,Thoti camp site,Manali,32.172873,77.144991,activity,camp_site,Activity,0,0,2,,,,0
n6402062985,Tilgan Camping Site,Manali,32.20452,77.214005,activity,camp_site,Activity,0,0,2,,,,0
n6594934686,Travelosic Forest Campsite,Manali,32.204639,77.214634,activity,camp_site,Activity,0,0,10,,24/7,,0
r17359011,Trisri to Phojal,Manali,32.082828,77.094882,activity,hiking_route,Activity,0,0,4,,,,0
r18988614,Trisri to Silingcha,Manali,32.080671,77.112605,activity,hiking_route,Activity,0,0,4,,,,0
r15725070,Upper Mathiana,Manali,32.255325,77.195266,activity,hiking_route,Activity,0,0,4,,,,0
r15505420,Upper Vashist Loop,Manali,32.269015,77.189945,activity,hiking_route,Activity,0,0,4,,,,0
r19107018,Upper Waterfall,Manali,32.275125,77.170026,activity,hiking_route,Activity,0,0,4,,,,0
r15504733,Vashisht - Jogini,Manali,32.270574,77.185738,activity,hiking_route,Activity,0,0,4,,,,0
r15504722,Vashisht - Koshla,Manali,32.261246,77.190927,activity,hiking_route,Activity,0,0,4,,,,0
r15505596,Vashisht Waterfall loop,Manali,32.262347,77.19225,activity,hiking_route,Activity,0,0,4,,,,0
r14647240,Vashisht to Kulang,Manali,32.285824,77.194087,activity,hiking_route,Activity,0,0,5,,,,0
r18658845,Vashist to Bhrigu lake,Manali,32.279089,77.214788,activity,hiking_route,Activity,0,0,5,,,,0
w1168273953,Vashist to Kothi traverse,Manali,32.302494,77.192287,activity,hiking_route,Activity,0,0,6,,,,0
r17459217,Vishnu Kund (Balu Mosar),Manali,32.16989,77.200725,activity,hiking_route,Activity,0,0,5,,,,0
r14222853,jagatsukh -jagatsukh,Manali,32.214015,77.214612,activity,hiking_route,Activity,0,0,3,,,,0
n12816589152,100m shanag waterfall,Manali,32.276176,77.168713,nature,waterfall,Nature,0,0,2,,,,0
n10810965249,10m falls,Manali,32.250245,77.205912,nature,waterfall,Nature,0,0,2,,,,0
n10030845713,30m Waterfall,Manali,32.27987,77.152899,nature,waterfall,Nature,0,0,2,,,,0
n10811006040,30m falls,Manali,32.250464,77.204274,nature,waterfall,Nature,0,0,2,,,,0
n12243189704,50m falls,Manali,32.211941,77.182738,nature,waterfall,Nature,0,0,2,,,,0
n7687853252,ASHAGIRI CB 42,Manali,32.430199,77.398215,nature,peak,Nature,0,0,2,,,,0
n9303200169,Baan,Manali,32.437662,77.259883,nature,peak,Nature,0,0,4,Baan also known as arrow.Peak Looks like an arrow. Visible from Rohtang La and Khoksar,,,0
n11809576854,Barsai Falls,Manali,32.160061,77.200108,nature,waterfall,Nature,0,0,2,,,,0
r6033203,Beas Kund,Manali,32.366512,77.085555,nature,lake,Nature,0,0,4,,,,0
n5584900251,Beas Rishi,Manali,32.377114,77.23843,nature,peak,Nature,0,0,3,,,,0
n9375817619,Beast,Manali,32.459832,77.027897,nature,peak,Nature,0,0,4,Visible from Khangsar,,,0
n7628704373,Bhrigu  Peak,Manali,32.296819,77.244815,nature,peak,Nature,0,0,3,,,,0
w402138654,Bhrigu Lake,Manali,32.293237,77.242517,nature,lake,Nature,1,0,12,,,,1
n11934876254,Boulder,Manali,32.252493,77.197762,nature,cave_entrance,Nature,0,0,3,,,,0
n10810988032,Boulder cave,Manali,32.251565,77.202363,nature,cave_entrance,Nature,0,0,3,,,,0
n5612193342,CB 13,Manali,32.351374,77.555897,nature,peak,Nature,0,0,4,,,,0
n7687853247,CB 16,Manali,32.321217,77.526563,nature,peak,Nature,0,0,2,,,,0
n7688038987,CB 19,Manali,32.331695,77.509519,nature,peak,Nature,0,0,2,,,,0
n7687853246,CB 20,Manali,32.401322,77.525955,nature,peak,Nature,0,0,2,,,,0
n7687853245,CB 22,Manali,32.407669,77.548614,nature,peak,Nature,0,0,2,,,,0
n7687853244,CB 26,Manali,32.373096,77.459318,nature,peak,Nature,0,0,2,,,,0
n5612193338,CB 31,Manali,32.431134,77.470789,nature,peak,Nature,0,0,4,,,,0
n5612193339,CB 32,Manali,32.426434,77.483705,nature,peak,Nature,0,0,4,,,,0
n7687853243,CB 50,Manali,32.517326,77.396276,nature,peak,Nature,0,0,2,,,,0
n7688038986,CB 52,Manali,32.51535,77.418159,nature,peak,Nature,0,0,2,,,,0
n5612193345,CB-10 Tara Pahar,Manali,32.447485,77.479482,nature,peak,Nature,0,0,4,,,,0
n7687853241,CB-11,Manali,32.38077,77.517853,nature,peak,Nature,0,0,2,,,,0
n5612193343,CB-12,Manali,32.332517,77.54859,nature,peak,Nature,0,0,4,,,,0
n5612193341,CB-14,Manali,32.371167,77.566918,nature,peak,Nature,0,0,4,,,,0
n5612193337,CB-33 MINAR,Manali,32.471691,77.486602,nature,peak,Nature,0,0,4,,,,0
n7688038988,CB18,Manali,32.327892,77.521068,nature,peak,Nature,0,0,2,,,,0
n10148843938,Cave,Manali,32.233217,77.243393,nature,cave_entrance,Nature,0,0,2,,,,0
n9774201476,Chachi Mug,Manali,32.533753,77.134323,nature,peak,Nature,0,0,4,,,,0
n9658586199,Crystal waterfall,Manali,32.142113,77.204918,nature,waterfall,Nature,0,0,2,,,,0
n806307629,Deo Tibba,Manali,32.195623,77.382522,nature,peak,Nature,1,0,6,,,,1
n9303418910,Dhanush,Manali,32.429179,77.290284,nature,peak,Nature,0,0,4,,,,0
n6319294671,Drilbu Ri,Manali,32.539556,77.010101,nature,peak,Nature,0,0,2,,,,0
n10939757392,Falls,Manali,32.193238,77.185569,nature,waterfall,Nature,0,0,2,,,,0
n10948655117,Falls,Manali,32.282473,77.151656,nature,waterfall,Nature,0,0,2,,,,0
n10929155735,Falls 138m,Manali,32.206419,77.180932,nature,waterfall,Nature,0,0,2,,,,0
w1066005478,Falls 150m,Manali,32.375721,77.172687,nature,waterfall,Nature,0,0,2,,,,0
w1066005482,Falls 45m,Manali,32.370331,77.206081,nature,waterfall,Nature,0,0,2,,,,0
w1066005480,Falls 45m,Manali,32.183759,77.342112,nature,waterfall,Nature,0,0,2,,,,0
w1066005486,Falls 56m,Manali,32.184424,77.244314,nature,waterfall,Nature,0,0,2,,,,0
w1066005526,Falls 74m,Manali,32.363284,77.080182,nature,waterfall,Nature,0,0,2,,,,0
w1066005488,Falls 75m,Manali,32.345252,77.234259,nature,waterfall,Nature,0,0,2,,,,0
w1066005487,Falls 95m,Manali,32.186009,77.340256,nature,waterfall,Nature,0,0,2,,,,0
w1066005476,Falls 98m,Manali,32.187392,77.24711,nature,waterfall,Nature,0,0,2,,,,0
n7991896983,Friendship Peak,Manali,32.396694,77.109295,nature,peak,Nature,0,0,3,,,,0
n11217727731,Galun waterfall,Manali,32.168124,77.116689,nature,waterfall,Nature,0,0,2,,,,0
n5612193325,Gepang Goh,Manali,32.486071,77.202866,nature,peak,Nature,0,0,4,,,,0
r6033369,Gephan Lake,Manali,32.524457,77.218579,nature,lake,Nature,0,0,7,,,,0
n4081209467,Goh Kincha,Manali,32.415185,77.152808,nature,peak,Nature,0,0,3,,,,0
n10176055794,Gohru,Manali,32.174759,77.317006,nature,peak,Nature,0,0,2,,,,0
n9774201500,Goplang Goh,Manali,32.564899,77.203546,nature,peak,Nature,0,0,3,,,,0
n11176611080,Gupt Parbat,Manali,32.457094,77.036234,nature,peak,Nature,0,0,3,,,,0
n4094023779,Hanuman Tibba,Manali,32.342148,77.041516,nature,peak,Nature,0,0,3,,,,0
n10107816457,Harshin Jot,Manali,32.289722,77.339694,nature,peak,Nature,0,0,2,,,,0
n2299417365,Hot Water,Manali,32.265602,77.188013,nature,hot_spring,Nature,0,0,3,,,,0
n10756203377,Indar Kila,Manali,32.333353,77.307468,nature,peak,Nature,0,0,2,,,,0
n4094234994,Indrasan,Manali,32.213793,77.396441,nature,peak,Nature,1,0,6,,,,1
n12049762137,Jojomb,Manali,32.454278,77.067925,nature,peak,Nature,0,0,3,,,,0
w71282218,Kaliheni Lake,Manali,32.216438,77.030806,nature,lake,Nature,0,0,6,,,,0
n12822566297,Kanyal Falls,Manali,32.220087,77.160559,nature,waterfall,Nature,0,0,3,,,,0
n9999497018,Khalkhundu Tibba,Manali,32.097848,76.998217,nature,peak,Nature,0,0,2,,,,0
n5612192715,Khanpari Tibba,Manali,32.22389,77.131372,nature,peak,Nature,0,0,4,,,,0
n9215521809,Kho waterfall,Manali,32.249014,77.123704,nature,waterfall,Nature,0,0,2,,,,0
n7628738809,Khrei Ra Jot,Manali,32.326902,77.262927,nature,peak,Nature,0,0,3,,,,0
n4392343750,Koksar Falls,Manali,32.409514,77.233185,nature,waterfall,Nature,0,0,4,,,,0
n10102565380,KulKangri,Manali,32.245888,77.029406,nature,peak,Nature,0,0,3,,,,0
n4072369090,Ladakhi,Manali,32.399663,77.075233,nature,peak,Nature,0,0,3,,,,0
n5612192712,Lalana,Manali,32.240145,77.541088,nature,peak,Nature,0,0,4,,,,0
n9658615018,Large cave,Manali,32.250603,77.202869,nature,cave_entrance,Nature,0,0,3,,,,0
n856333170,Lower Jogini Falls,Manali,32.275198,77.18801,nature,waterfall,Nature,0,0,2,,,,0
n7687991982,M 10,Manali,32.569589,77.32195,nature,peak,Nature,0,0,2,,,,0
n7687853224,M 5,Manali,32.549156,77.402767,nature,peak,Nature,0,0,2,,,,0
n7687853222,M 8,Manali,32.522313,77.354705,nature,peak,Nature,0,0,2,,,,0
n7687991979,M 9,Manali,32.535388,77.341983,nature,peak,Nature,0,0,2,,,,0
n7687853223,MULKILA M6,Manali,32.531847,77.39971,nature,peak,Nature,0,0,2,,,,0
n10183527357,Mahura,Manali,32.271931,77.41933,nature,peak,Nature,0,0,2,,,,0
n4094133127,Manali,Manali,32.408006,77.077361,nature,peak,Nature,0,0,4,,,,0
n8903542218,Mangankot,Manali,32.264993,77.148332,nature,peak,Nature,0,0,2,,,,0
n5612192674,Maxypa Tan,Manali,32.278044,77.379236,nature,peak,Nature,0,0,5,,,,0
n4094133126,Mukar Beh,Manali,32.4188,77.075954,nature,peak,Nature,0,0,3,,,,0
n3157402860,Mulkila,Manali,32.545996,77.411538,nature,peak,Nature,0,0,6,,,,0
n8621275834,Muri Tibba,Manali,32.329385,76.985465,nature,peak,Nature,0,0,2,,,,0
w402330392,Naag Dhumal Saur,Manali,32.170473,77.041075,nature,lake,Nature,0,0,6,,,,0
w1066005499,Naag Saur,Manali,32.221683,77.276629,nature,lake,Nature,0,0,3,,,,0
n13242946647,Natural Cave,Manali,32.141697,77.184535,nature,cave_entrance,Nature,0,0,2,,,,0
n5059843721,Nilmal waterfalls,Manali,32.253628,77.160221,nature,waterfall,Nature,0,0,3,,,,0
n12892236501,Orionwaterfall,Manali,32.11873,77.184027,nature,waterfall,Nature,0,0,2,,,,0
n5026692710,Patalsu Peak,Manali,32.353967,77.190888,nature,peak,Nature,0,0,4,,,,0
n10107927567,Pataori Jot,Manali,32.319507,77.282472,nature,peak,Nature,0,0,2,,,,0
n13249375250,Pha Khanda,Manali,32.216535,77.268936,nature,peak,Nature,0,0,2,,,,0
n9658604123,Rahani Waterfall,Manali,32.250569,77.203754,nature,waterfall,Nature,0,0,2,,,,0
w402130576,Rani Sui Lake,Manali,32.211624,77.13487,nature,lake,Nature,0,0,6,,,,0
n5295276740,Sacred hot spring,Manali,32.265581,77.187909,nature,hot_spring,Nature,0,0,5,,,,0
n11809630614,Sajla Waterfall,Manali,32.173199,77.20227,nature,waterfall,Nature,0,0,2,,,,0
n6548873785,Selva Waterfall,Manali,32.267463,77.191476,nature,waterfall,Nature,0,0,2,,,,0
n10148844810,Sethan Dome,Manali,32.232529,77.260169,nature,peak,Nature,0,0,2,,,,0
n5963597109,Sha Jot,Manali,32.463904,76.911732,nature,peak,Nature,0,0,3,,,,0
n13282227273,Shaadhi Hill,Manali,32.04439,77.032363,nature,peak,Nature,0,0,2,,,,0
n10182997895,Shankarpal,Manali,32.204481,76.933107,nature,peak,Nature,0,0,2,,,,0
n9513783322,Shelter,Manali,32.243939,77.19839,nature,cave_entrance,Nature,0,0,2,,,,0
n4094133128,Shikar Beh,Manali,32.433321,77.054025,nature,peak,Nature,0,0,5,,,,0
n9642897934,Shila Gauru Tibba,Manali,32.226658,77.08668,nature,peak,Nature,0,0,3,,,,0
n10180021018,Shirgan Tungu,Manali,32.165031,77.301105,nature,peak,Nature,0,0,2,,,,0
n567273204,Shitidhar,Manali,32.396378,77.085603,nature,peak,Nature,0,0,3,,,,0
n13180308801,Sissu waterfall,Manali,32.466602,77.122289,nature,waterfall,Nature,0,0,2,,,,0
n11954982769,Solang waterfall,Manali,32.324396,77.162953,nature,waterfall,Nature,0,0,2,,,,0
n5612192690,Sri Lata,Manali,32.480638,77.351291,nature,peak,Nature,0,0,4,,,,0
n7687991975,TAMBU CB 48,Manali,32.468333,77.400556,nature,peak,Nature,0,0,2,,,,0
n7688038993,TARAGIRI M 7,Manali,32.52276,77.381794,nature,peak,Nature,0,0,2,,,,0
n7687991973,TILAKALHAR CB 49,Manali,32.506183,77.379049,nature,peak,Nature,0,0,2,,,,0
n10102591150,Tantgari,Manali,32.271725,77.026974,nature,peak,Nature,0,0,2,,,,0
n5022316133,Tashi waterfalls,Manali,32.332443,77.198724,nature,waterfall,Nature,0,0,3,,,,0
n5612192689,Tent Pk.,Manali,32.488288,77.365223,nature,peak,Nature,0,0,4,,,,0
n12510961432,The Stairmaster,Manali,32.356761,77.163649,nature,peak,Nature,0,0,3,,,,0
n12510961431,Tisra Peak,Manali,32.371659,77.148095,nature,peak,Nature,0,0,3,,,,0
n8015544385,Togo waterfall,Manali,32.271381,77.194909,nature,waterfall,Nature,0,0,2,,,,0
n9950483780,Trikalpar Jot,Manali,32.401715,76.969189,nature,peak,Nature,0,0,2,,,,0
n10176061118,Tung,Manali,32.390895,77.326356,nature,peak,Nature,0,0,2,,,,0
n877072997,Upper Jogini Falls,Manali,32.276744,77.190554,nature,waterfall,Nature,0,0,3,,,,0
n1187068049,Vashisht Hotspring,Manali,32.265594,77.187984,nature,hot_spring,Nature,0,0,3,,,,0
n12905133021,Water,Manali,32.26851,77.21799,nature,waterfall,Nature,0,0,2,,,,0
n12045441173,WaterBank,Manali,32.25781,77.194407,nature,waterfall,Nature,0,0,2,,,,0
n10911179105,Waterfall Karpich,Manali,32.268877,77.170527,nature,waterfall,Nature,0,0,3,,,,0
n9961443198,small Waterfall,Manali,32.25688,77.199758,nature,waterfall,Nature,0,0,4,,,,0
n9613364684,Aleo Viewpoint,Manali,32.239205,77.199359,sight,viewpoint,Viewpoint,0,0,2,,,,0
n8870157696,Bran phatta Viewpoint,Manali,32.184392,77.169866,sight,viewpoint,Viewpoint,0,0,2,,,,0
n9673176946,Deo Tibba Viewpoint,Manali,32.264075,77.153789,sight,viewpoint,Viewpoint,0,0,2,,,,0
n10148849454,Dhauladhar Viewpoint,Manali,32.234021,77.239342,sight,viewpoint,Viewpoint,0,0,2,,,,0
n5059843821,End trail,Manali,32.247466,77.122925,sight,attraction,Heritage,0,0,3,,,,0
n9521410474,Friendship peak Viewpoint,Manali,32.20474,77.20229,sight,viewpoint,Viewpoint,0,0,2,,,,0
n2086705002,Gayatri Mata Temple,Manali,32.19887,77.202306,sight,monument,Heritage,0,0,2,,,,0
n6746746088,Great Hadimba Weavers welfare,Manali,32.257177,77.176181,sight,attraction,Heritage,0,0,4,,,,0
n12852241099,Halindi View,Manali,32.27117,77.14349,sight,viewpoint,Viewpoint,0,0,2,,,,0
n11178994503,Jogini Viewpoint,Manali,32.264814,77.174155,sight,viewpoint,Viewpoint,0,0,2,,,,0
n8903540848,Kanyal top boulder,Manali,32.227623,77.168316,sight,viewpoint,Viewpoint,0,0,2,,,,0
n2086702608,Kartik Temple,Manali,32.177554,77.195442,sight,monument,Heritage,0,0,2,,,,0
n10931524429,Kullu valley view,Manali,32.1856,77.16604,sight,viewpoint,Viewpoint,0,0,2,,,,0
n9758050910,Kullu valley viewpoint,Manali,32.257447,77.219441,sight,viewpoint,Viewpoint,0,0,2,,,,0
n5156228121,Lamadugh,Manali,32.236396,77.146982,sight,viewpoint,Viewpoint,0,0,2,,,,0
n10792589916,Mahili,Manali,32.185185,77.146029,sight,viewpoint,Viewpoint,0,0,3,Kullu Valley viewpoint,,,0
n10925686827,Manali viewpoint,Manali,32.24767,77.194192,sight,viewpoint,Viewpoint,0,0,2,,,,0
n11176429300,Manali viewpoint,Manali,32.240789,77.176742,sight,viewpoint,Viewpoint,0,0,2,,,,0
n12871539665,Manalsu Nala Viewpoint,Manali,32.253975,77.167016,sight,viewpoint,Viewpoint,0,0,2,,,,0
n9658615323,Manalsu valley viewpoint,Manali,32.254806,77.196682,sight,viewpoint,Viewpoint,0,0,2,,,,0
n10678177631,Manalsu valley viewpoint,Manali,32.225173,77.053943,sight,viewpoint,Viewpoint,0,0,2,,,,0
n6473296596,Meadow viewpoint,Manali,32.241429,77.144574,sight,viewpoint,Viewpoint,0,0,2,,,,0
n2221375398,Mt. Phatru,Manali,32.315502,77.146546,sight,viewpoint,Viewpoint,0,0,2,,,,0
n4347327289,Museum of Himachal Culture & Folk Arts,Manali,32.246144,77.180771,sight,museum,Museum,0,0,3,,,,0
n861687589,Naggar Castle,Manali,32.11199,77.164641,sight,castle,Heritage,0,0,3,,,,0
n11178947036,Old Manali View,Manali,32.259849,77.171684,sight,viewpoint,Viewpoint,0,0,2,,,,0
n12768462600,Rani Sui Lake 360° view point,Manali,32.199474,77.142145,sight,viewpoint,Viewpoint,0,0,2,,,,0
w220718538,Roerich Museum and Art Gallery,Manali,32.116737,77.167666,sight,museum,Museum,0,0,6,,"Tu-Su 10:00-13:00, 13:30-17:00",100 INR,0
n1186171837,Sacred trees,Manali,32.11566,77.179539,sight,attraction,Heritage,0,0,4,,,,0
n11934879307,Scenic meadow,Manali,32.251047,77.19814,sight,viewpoint,Viewpoint,0,0,2,,,,0
n9513784398,Simsa viewpoint,Manali,32.242528,77.201647,sight,viewpoint,Viewpoint,0,0,2,,,,0
n11971245769,Studio Manali,Manali,32.289764,77.171361,sight,museum,Museum,0,0,9,,Mo-Fr 11:00-17:00,,0
w220718144,Urusvati Folk & Art Museum,Manali,32.115716,77.169183,sight,museum,Museum,0,0,5,,"Tu-Su 10:00-13:00, 13:30-17:00",,0
n10951281381,Valley Viewpoint,Manali,32.301071,77.189236,sight,viewpoint,Viewpoint,0,0,2,,,,0
n6420467285,Valley viewpoint,Manali,32.262306,77.177595,sight,viewpoint,Viewpoint,0,0,2,,,,0
n9236908117,Vashisht View,Manali,32.26602,77.172478,sight,viewpoint,Viewpoint,0,0,3,,,,0
n12045944169,View of valley and waterfall across,Manali,32.266455,77.175422,sight,viewpoint,Viewpoint,0,0,2,,,,0
n6640051586,View to waterfall,Manali,32.266435,77.17633,sight,viewpoint,Viewpoint,0,0,2,,,,0
n13242948876,Viewpoint,Manali,32.151563,77.185742,sight,viewpoint,Viewpoint,0,0,2,,,,0
n5051326721,Wayland viewpoint,Manali,32.252354,77.156148,sight,viewpoint,Viewpoint,0,0,3,,,,0
w199050473,Manasa Amusement Park,Mangalore,12.926613,74.896382,activity,theme_park,Activity,0,0,2,,,,0
n6312913179,Pererira Aquarium,Mangalore,12.984736,74.801574,activity,aquarium,Activity,0,0,2,,,,0
w199050474,Pilikula Biological Park,Mangalore,12.927541,74.902134,activity,zoo,Activity,0,0,5,,,,0
w173961593,Aanekere,Mangalore,13.207793,74.998188,nature,lake,Nature,0,0,7,,,,0
n6368210937,Adyar falls,Mangalore,12.872651,74.93431,nature,waterfall,Nature,0,0,3,,,,0
n1632204450,Bahubali Hill,Mangalore,13.203484,75.005641,nature,peak,Nature,0,0,3,,,,0
w253205808,Chithrapura Beach,Mangalore,12.950521,74.801326,nature,beach,Beach,0,0,5,,,,0
r19728732,Hosabettu Beach,Mangalore,12.973316,74.796665,nature,beach,Beach,0,0,5,,,,0
w480051893,Infosys Lake,Mangalore,12.800881,74.946388,nature,lake,Nature,0,0,3,,,,0
w620574212,Kanwathirtha beach,Mangalore,12.743036,74.870531,nature,beach,Beach,0,0,4,,,,0
w195721792,Kapu Beach,Mangalore,13.218732,74.73868,nature,beach,Beach,0,0,3,,,,0
w1311844335,Kavoor Lake,Mangalore,12.918724,74.859754,nature,lake,Nature,0,0,4,,,,0
n13065260625,Mukka,Mangalore,13.03482,74.783836,nature,beach,Beach,0,0,3,,,,0
n8356544384,Narahari Betta,Mangalore,12.852056,75.055973,nature,peak,Nature,0,0,3,,,,0
w466692307,New Thannirbhavi Beach,Mangalore,12.885371,74.815144,nature,beach,Beach,0,0,5,,,,0
w1095292194,Padubidri,Mangalore,13.116091,74.765869,nature,beach,Beach,0,0,3,,,,0
w253205804,Panambur Beach,Mangalore,12.936615,74.804051,nature,beach,Beach,0,0,5,,,,0
w672375767,Rama Samudra,Mangalore,13.207558,75.010392,nature,lake,Nature,0,0,5,,,,0
w479055788,Sasihitlu Beach,Mangalore,13.062216,74.7782,nature,beach,Beach,0,0,5,,,,0
w192093169,Surathkal Beach,Mangalore,12.999467,74.790864,nature,beach,Beach,0,0,5,,,,0
w380543963,Tannirbhavi Beach,Mangalore,12.90475,74.809672,nature,beach,Beach,0,0,5,,,,0
w1393580106,Temple Lake,Mangalore,12.766284,75.100733,nature,lake,Nature,0,0,5,,,,0
w198771661,Ullal Beach,Mangalore,12.81151,74.841096,nature,beach,Beach,0,0,5,,,,0
n14008183412,vote peak point,Mangalore,12.74974,75.166935,nature,peak,Nature,0,0,3,,,,0
w378248685,Artisan's Village,Mangalore,12.929421,74.906325,sight,attraction,Heritage,0,0,2,,,,0
n8324572521,Bhremer Sana,Mangalore,12.852925,74.87162,sight,monument,Heritage,0,0,3,,,,0
w474192029,Cashew Plant - Achal Industries,Mangalore,12.95288,74.820932,sight,attraction,Heritage,0,0,7,Largely manual production of cashew nuts. Tours offered.,,,0
w132058606,Central Market,Mangalore,12.866552,74.838908,sight,attraction,Heritage,0,0,3,,,,0
w143831522,Fish Market,Mangalore,12.86303,74.836861,sight,attraction,Heritage,0,0,4,,,,0
w895551522,Gudde Guthu house,Mangalore,12.852299,74.863338,sight,monument,Heritage,0,0,3,,,,0
w895553794,Karmbistana,Mangalore,12.853614,74.871125,sight,monument,Heritage,0,0,5,,,,0
w225875011,Kudroli Temple Complex,Mangalore,12.875876,74.831399,sight,attraction,Heritage,0,0,3,,,,0
n2345814949,Kudroli Temple Entrance arch,Mangalore,12.876607,74.83327,sight,attraction,Heritage,0,0,3,,,,0
n10731265599,Mangalore Clock Tower,Mangalore,12.865362,74.840216,sight,attraction,Heritage,0,0,3,,,,0
w1473937322,Old Music and Konkani Institute,Mangalore,12.874802,74.844424,sight,museum,Museum,0,0,3,,,,0
r5638371,Pilikula Gutthu Mane,Mangalore,12.927899,74.904681,sight,museum,Museum,0,0,6,,,,0
w378247881,Pilikula Regional Science Centre,Mangalore,12.925382,74.899177,sight,museum,Museum,0,0,2,,,,0
n3264801073,Shri Rajarajeshwari Temple,Mangalore,12.934091,74.955315,sight,place_of_worship,Temple,1,0,6,,,,1
w103725239,Sultan Battery,Mangalore,12.889571,74.821253,sight,archaeological_site,Heritage,0,0,4,,,,0
w132058602,Temple Square,Mangalore,12.869905,74.838221,sight,attraction,Heritage,0,0,3,,,,0
w1384899614,Aryanak Camp,Margao,15.342376,74.252598,activity,camp_site,Activity,0,0,4,"Camp site run by forest office of Panjim, in Baghwan national park. Book in Panjim before coming. Camp site du forest office de Panjim. Réserver aux bureau de Panjim avant de venir.",,,0
n3951791157,BLASCO,Margao,15.246854,73.981323,activity,camp_site,Activity,0,0,2,,,,0
r19618486,Bhagwan Mahavir WLS ESZ (North),Margao,15.419104,74.218773,activity,nature_reserve,Activity,0,0,8,1km Buffer,,,0
r19618488,Bhagwan Mahavir WLS ESZ (South),Margao,15.299068,74.193742,activity,nature_reserve,Activity,0,0,8,1km Buffer,,,0
r19705217,Bondla WLS,Margao,15.430845,74.106538,activity,nature_reserve,Activity,1,0,7,,,,1
r19107893,Bondla WLS ESZ,Margao,15.431221,74.108747,activity,nature_reserve,Activity,0,0,8,ref values for each point coorespond to the notified coordinates in the gazzette,,,0
w314711237,Bondla Zoo,Margao,15.434155,74.106453,activity,zoo,Activity,0,0,2,,,,0
w428690749,Froggyland's,Margao,15.321581,73.951429,activity,water_park,Activity,0,0,2,,,,0
w461135498,Jungle Book,Margao,15.336589,74.244674,activity,theme_park,Activity,0,0,2,,,,0
r19618487,Mollem NP ESZ,Margao,15.352329,74.236786,activity,nature_reserve,Activity,0,0,7,1km Buffer,,,0
r19619038,Netravali WLS ESZ,Margao,15.141592,74.215565,activity,nature_reserve,Activity,0,0,7,,,,0
w128594641,Agonda Beach,Margao,15.042583,73.985237,nature,beach,Beach,0,0,6,,,,0
w258687692,Ambulor Lake,Margao,15.340196,73.94113,nature,lake,Nature,0,0,3,,,,0
n1002534290,Arossim Beach,Margao,15.335133,73.892912,nature,beach,Beach,1,0,3,,,,1
n12851270229,Avachitgad,Margao,15.491297,74.248738,nature,peak,Nature,0,0,3,,,,0
n4290216992,Bamanbudo Waterfall,Margao,15.057995,74.158177,nature,waterfall,Nature,0,0,3,,,,0
n9413872240,Barsen hill,Margao,15.051776,74.05843,nature,peak,Nature,0,0,2,,,,0
w397058623,Benaulim Beach,Margao,15.253251,73.920015,nature,beach,Beach,0,0,3,,,,0
n2637221112,Betalbatim Beach,Margao,15.293192,73.907745,nature,beach,Beach,1,0,3,,,,1
w409238682,Butterfly Beach,Margao,15.019465,74.00164,nature,beach,Beach,0,0,2,,,,0
w314569393,Cabo de Rama Beach,Margao,15.104195,73.925071,nature,beach,Beach,0,0,3,,,,0
w314569356,Canaguinim Beach,Margao,15.127449,73.940386,nature,beach,Beach,0,0,2,,,,0
n2634447577,Cansaulim Beach,Margao,15.326782,73.896034,nature,beach,Beach,0,0,2,,,,0
w90864112,Cansaulim beach,Margao,15.354845,73.881322,nature,beach,Beach,0,0,2,,,,0
w397058898,Cavelossim Beach,Margao,15.171046,73.942466,nature,beach,Beach,1,0,4,,,,1
n9415710818,Chandreshwar Parvat,Margao,15.213363,74.036801,nature,peak,Nature,0,0,2,,,,0
w256543723,Chota Cola Beach,Margao,15.06524,73.966842,nature,beach,Beach,0,0,2,,,,0
n13317039342,Codela Dongar,Margao,15.131787,74.145441,nature,peak,Nature,0,0,3,,,,0
w256543711,Cola Beach,Margao,15.059202,73.96995,nature,beach,Beach,1,0,4,,,,1
n13317039345,Colamla Dongar,Margao,15.167992,74.148016,nature,peak,Nature,0,0,3,,,,0
r8103116,Colomb Beach,Margao,15.002456,74.027515,nature,beach,Beach,0,0,4,,,,0
w397058297,Colva Beach,Margao,15.285362,73.910172,nature,beach,Beach,0,0,3,,,,0
n493623284,Colva Beach,Margao,15.275651,73.913726,nature,beach,Beach,0,0,2,,,,0
w1408873961,Curtorim Lake,Margao,15.289435,74.018736,nature,lake,Nature,0,0,4,,,,0
n10230500821,Damna hill,Margao,15.051909,74.080957,nature,peak,Nature,0,0,2,,,,0
n13317039347,Devan Dongar,Margao,15.172755,74.130764,nature,peak,Nature,0,0,3,,,,0
n1241285499,Dudhsagar Falls,Margao,15.315618,74.314249,nature,waterfall,Nature,1,0,9,,,,1
n2635792322,Fatrade Beach,Margao,15.207904,73.932602,nature,beach,Beach,0,0,2,,,,0
n10230226028,Firefly beach,Margao,15.018301,74.006977,nature,beach,Beach,0,0,2,,,,0
w256543728,Galgibaga Beach,Margao,14.96577,74.046245,nature,beach,Beach,1,0,7,,,,1
w409239168,Honeymoon Beach,Margao,15.021498,73.99665,nature,beach,Beach,0,0,2,,,,0
n13250394755,Ishwarbhat Cave,Margao,15.443569,74.040822,nature,cave_entrance,Nature,0,0,2,,,,0
n13230031047,Kadri Dongar,Margao,15.18544,74.308264,nature,peak,Nature,0,0,2,,,,0
w314569394,Kakolem Beach,Margao,15.073005,73.954498,nature,beach,Beach,0,0,3,,,,0
n4323097073,Kesarvale Spring,Margao,15.38347,73.92904,nature,waterfall,Nature,0,0,2,,,,0
w314569392,Little Canaguinim Beach,Margao,15.119279,73.940603,nature,beach,Beach,0,0,2,,,,0
w1074176103,Macasana Lake,Margao,15.289217,74.052929,nature,lake,Nature,0,0,5,,,,0
n10943523192,Mainapi Waterfall,Margao,15.069379,74.256892,nature,waterfall,Nature,0,0,3,,,,0
w221469527,Marjoda Beach,Margao,15.320037,73.89831,nature,beach,Beach,0,0,3,,,,0
n11881084713,Maruti Gad,Margao,15.256557,74.106723,nature,peak,Nature,0,0,2,,,,0
n13232996670,Mitmati Maddi,Margao,15.131311,74.322188,nature,peak,Nature,0,0,2,,,,0
n11203038388,Monte Hill,Margao,15.279564,73.962804,nature,peak,Nature,0,0,2,,,,0
w1491249198,Nuem Beach,Margao,15.112588,73.935894,nature,beach,Beach,0,0,2,,,,0
n13231433354,Pali Falls,Margao,15.096468,74.247378,nature,waterfall,Nature,0,0,2,,,,0
r8111859,Palolem Beach,Margao,15.008666,74.020305,nature,beach,Beach,1,0,9,,,,1
w128594643,Patnem Beach,Margao,14.996997,74.032248,nature,beach,Beach,1,0,5,,,,1
n13317039344,Phelitika Dongar,Margao,15.169939,74.155183,nature,peak,Nature,0,0,3,,,,0
w128594644,Rajbag Beach,Margao,14.989092,74.037085,nature,beach,Beach,0,0,5,,,,0
n13249161521,Ram Dongar,Margao,15.026225,74.229233,nature,peak,Nature,0,0,3,,,,0
n13207282667,Ravana Dongar,Margao,15.036379,74.229062,nature,peak,Nature,0,0,3,,,,0
n7236718287,Savari Waterfalls,Margao,15.061318,74.231787,nature,waterfall,Nature,0,0,2,,,,0
n3289901179,Sunset Beach,Margao,15.301026,73.905031,nature,beach,Beach,0,0,2,,,,0
w256543722,Talpona Beach,Margao,14.978068,74.041441,nature,beach,Beach,0,0,4,,,,0
n4389545889,Tambdi Surla waterfall,Margao,15.4218,74.265842,nature,waterfall,Nature,0,0,3,,,,0
n2634447620,Utorda Beach,Margao,15.319635,73.898934,nature,beach,Beach,0,0,3,,,,0
n13249161520,Vagh Dongar,Margao,15.027655,74.233289,nature,peak,Nature,0,0,3,,,,0
w397058899,Varca Beach,Margao,15.218242,73.929766,nature,beach,Beach,1,0,4,,,,1
n2635792802,Varca Beach,Margao,15.232144,73.925924,nature,beach,Beach,0,0,2,,,,0
w851198310,Xandrem Beach,Margao,14.938297,74.045703,nature,beach,Beach,0,0,3,,,,0
n2637221317,Zalor Beach,Margao,15.200662,73.934514,nature,beach,Beach,0,0,2,,,,0
n4269208991,Abyss Marine Fish Aquarium,Margao,15.3741,73.925967,sight,attraction,Heritage,0,0,2,,,,0
n4307398589,Ambora Spring,Margao,15.336471,73.9889,sight,attraction,Heritage,0,0,2,,,,0
n4270094790,Ancestral Goa,Margao,15.339748,73.98668,sight,museum,Museum,0,0,2,,,,0
n4270038692,Ashvek Vintage world- Car Museum,Margao,15.320844,73.941655,sight,museum,Museum,0,0,2,,,,0
n4623086752,Assolna Heritage Mansion,Margao,15.18202,73.969337,sight,attraction,Heritage,0,0,3,,,,0
n4270094091,Big Foot Cross Museum,Margao,15.339523,73.9876,sight,museum,Museum,0,0,2,,,,0
w1408882771,Braganza House,Margao,15.261275,74.043543,sight,museum,Museum,0,0,9,,,yes,0
w1482886923,Casa Araujo Alvares,Margao,15.339415,73.986473,sight,attraction,Heritage,0,0,3,,,,0
w1459313559,Chandor Excavated Site,Margao,15.258143,74.054961,sight,archaeological_site,Heritage,1,0,3,,,,1
n4618611689,Confetti wedding hall,Margao,15.165283,73.986055,sight,attraction,Heritage,0,0,3,,,,0
n4378361889,Cris Cruises,Margao,15.17315,73.9472,sight,attraction,Heritage,0,0,3,,,,0
n4288726489,DSouza Mansion,Margao,15.248037,73.950905,sight,attraction,Heritage,0,0,2,,,,0
n4378354689,Eden Gardens,Margao,15.31028,73.91052,sight,attraction,Heritage,0,0,3,,,,0
w1185083513,Farmagudi Shivaji Fort,Margao,15.412724,73.989358,sight,fort,Heritage,1,0,4,,,,1
n2614415019,Fernandes Heritage Home,Margao,15.255674,74.051853,sight,museum,Museum,0,0,2,,,,0
w1482886930,Figueiredo Mansion,Margao,15.346567,73.978827,sight,attraction,Heritage,0,0,3,,,,0
n4367177295,Go Green Spice Plantation,Margao,15.179747,73.949849,sight,attraction,Heritage,0,0,3,,,,0
n4270037210,Goa Chitra museum,Margao,15.264821,73.941344,sight,museum,Museum,1,0,3,,,,1
n13383525907,Headless Nandi,Margao,15.258137,74.054965,sight,ruins,Heritage,0,0,3,,,,0
n4319289847,Kuskem Waterfall,Margao,15.299214,74.124047,sight,attraction,Heritage,0,0,2,,,,0
w1475176294,Laterite Ruins,Margao,15.259261,73.938434,sight,ruins,Heritage,0,0,3,,,,0
n4713099789,Louisa by the sea,Margao,15.172806,73.946672,sight,attraction,Heritage,0,0,3,,,,0
n4311034924,Maison Rodesa,Margao,15.350229,73.891961,sight,attraction,Heritage,0,0,2,,,,0
n5866107232,Mannawaall Waterfall,Margao,15.361674,74.04297,sight,attraction,Heritage,0,0,5,,,,0
n4307051289,Milsim Goa PaintBall,Margao,15.32193,73.939759,sight,attraction,Heritage,0,0,2,,,,0
n4269324291,Monte Hill Viewpoint,Margao,15.279806,73.962531,sight,viewpoint,Viewpoint,0,0,2,,,,0
n4238756592,Nagesh Gardens,Margao,15.242618,74.03319,sight,attraction,Heritage,0,0,2,,,,0
n4326450522,Paradise Farm,Margao,15.292761,73.962346,sight,attraction,Heritage,0,0,2,,,,0
n4560525896,Perpetual Gardens,Margao,15.3087,73.904848,sight,attraction,Heritage,0,0,3,,,,0
w519476798,Rachol Church,Margao,15.308661,74.01046,sight,place_of_worship,Temple,1,0,6,,,,1
w1425373389,Rachol Fort,Margao,15.309072,74.005536,sight,fort,Heritage,1,0,3,,,,1
w1425373393,Rachol Fort Gate,Margao,15.308553,74.000921,sight,attraction,Heritage,0,0,4,,,,0
w1185083512,Safa Masjid,Margao,15.406407,73.999984,sight,archaeological_site,Heritage,1,0,5,,,,1
n6452529785,Sahakari Spice Farms,Margao,15.40815,74.023823,sight,attraction,Heritage,0,0,5,,,,0
n4378353089,Sailabhatt Childrens Park,Margao,15.25924,74.03401,sight,attraction,Heritage,0,0,3,,,,0
w1185058826,Shankar Parvati Temple,Margao,15.396367,73.997327,sight,attraction,Heritage,0,0,4,,,,0
w1185058814,Shree Ramnathi Temple,Margao,15.398847,73.981141,sight,place_of_worship,Temple,1,0,5,,,,1
w1185079378,Shree Shantadurga Temple Site,Margao,15.387604,73.938462,sight,ruins,Heritage,0,0,4,,,,0
w598544797,Shri Nageshi Temple,Margao,15.407444,73.983629,sight,place_of_worship,Temple,1,0,5,,,,1
n7954230500,Shri. Santadurga Kunkalikaran Prasann,Margao,15.181434,74.000957,sight,archaeological_site,Heritage,0,0,3,,,,0
n5002443793,Socos Farm,Margao,15.217281,73.978449,sight,attraction,Heritage,0,0,2,,,,0
n4294194789,Sonia Shirsat,Margao,15.391854,73.996923,sight,attraction,Heritage,0,0,2,,,,0
n4270045092,Techspots,Margao,15.2831,73.9765,sight,museum,Museum,0,0,2,,,,0
n5363385716,The village,Margao,15.322377,73.951471,sight,attraction,Heritage,0,0,2,,,,0
w1476253473,Three Kings Chapel,Margao,15.360411,73.900778,sight,place_of_worship,Temple,1,0,6,,,,1
n3799318434,Udear Springs,Margao,15.347978,73.946474,sight,attraction,Heritage,0,0,3,,,,0
n4378315391,Virginkar Park,Margao,15.27455,73.98199,sight,attraction,Heritage,0,0,3,,,,0
n4582412391,Wayside cross,Margao,15.301206,73.920764,sight,attraction,Heritage,0,0,3,,,,0
n8745544217,elephant ferm,Margao,15.407093,74.023467,sight,attraction,Heritage,0,0,3,,,,0
w335568944,Aerovat Kunda,Mathura,27.469676,77.438225,nature,lake,Nature,0,0,5,,,,0
w335565193,Govinda Kunda,Mathura,27.468633,77.440682,nature,lake,Nature,0,0,5,,,,0
w335571300,Lalita Kunda,Mathura,27.526233,77.493095,nature,lake,Nature,0,0,3,,,,0
w335565200,Manasi Ganga,Mathura,27.498953,77.463881,nature,lake,Nature,0,0,7,,,,0
w335571302,Radha Kund,Mathura,27.525143,77.491346,nature,lake,Nature,0,0,3,,,,0
w335565197,Radha Kund,Mathura,27.510169,77.475577,nature,lake,Nature,0,0,3,,,,0
w335565198,Shankarshan Kund,Mathura,27.470931,77.44504,nature,lake,Nature,0,0,3,,,,0
w335571305,Shyama Kunda,Mathura,27.525201,77.49253,nature,lake,Nature,0,0,3,,,,0
w335568947,Surabhi Kunda,Mathura,27.467132,77.436148,nature,lake,Nature,0,0,5,,,,0
w335568948,Uddhava Kund,Mathura,27.513855,77.476646,nature,lake,Nature,0,0,3,,,,0
w672474755,mahadev lake junsuti,Mathura,27.466494,77.570268,nature,lake,Nature,0,0,3,,,,0
w491875572,Dwarikadeesh Temple,Mathura,27.505169,77.684896,sight,place_of_worship,Temple,1,0,9,,,,1
w671782859,Kans Fort,Mathura,27.508007,77.682309,sight,castle,Heritage,0,0,4,,,,0
w120531775,Kesava Deo Temple,Mathura,27.504771,77.669705,sight,place_of_worship,Temple,1,0,11,,,,1
w55130556,Potrakund,Mathura,27.504069,77.667696,sight,attraction,Heritage,0,0,7,,,,0
w229134115,Shri Krishna Garbh Gruha,Mathura,27.505427,77.669334,sight,place_of_worship,Temple,1,0,12,,,,1
n6362356581,Vishram Ghat,Mathura,27.505719,77.685439,sight,attraction,Heritage,1,0,3,,,,1
w122077942,Mount Abu WLS,Mount Abu,24.617883,72.746305,activity,nature_reserve,Activity,1,0,9,,,,1
w1535484031,BNHS Nature Reserve,Mumbai,19.1627,72.892733,activity,nature_reserve,Activity,0,0,4,,,,0
w1280642434,Belapur Sports Club Camping Site,Mumbai,19.031748,73.048413,activity,camp_site,Activity,0,0,10,,,no,0
w1160064880,Butterfly Park,Mumbai,19.030566,73.036489,activity,zoo,Activity,0,0,5,,,yes,0
w878078194,Danda Mangrove Reserved Forest,Mumbai,19.066394,72.821808,activity,nature_reserve,Activity,0,0,4,,,,0
w1123427069,Dolphin Aquarium,Mumbai,19.10761,72.842898,activity,aquarium,Activity,0,0,3,,,,0
w49422950,Essel World and Water Kingdom,Mumbai,19.23275,72.805527,activity,theme_park,Activity,0,0,5,,Mo-Su 10:00-18:30,,0
n13094303210,Fortune Heights,Mumbai,19.160026,72.83898,activity,theme_park,Activity,0,0,2,,,,0
n4048579847,Go Bonkers,Mumbai,18.914299,72.826145,activity,theme_park,Activity,0,0,6,,Tu-Su 10:00-20:00,,0
w1134074266,Green Valley Park,Mumbai,19.036369,73.035656,activity,nature_reserve,Activity,0,0,4,,sunrise-sunset,,0
n10729476633,Kharghar Hills Camping Site,Mumbai,19.088638,73.060921,activity,camp_site,Activity,0,0,10,,,no,0
n13091770542,KidZania,Mumbai,19.099505,72.916845,activity,theme_park,Activity,0,0,7,,,,0
n1070203946,Landmark Heights Apartment Park,Mumbai,19.28451,72.874088,activity,theme_park,Activity,0,0,2,,,,0
r15570858,Mama Bhanja,Mumbai,19.208718,72.94151,activity,hiking_route,Activity,0,0,4,,,,0
n9132436362,Pant Nagar Station,Mumbai,19.082177,72.912686,activity,camp_site,Activity,0,0,5,,,,0
w1167591484,Parsik Hill Plateau Camp Site,Mumbai,19.042633,73.038953,activity,camp_site,Activity,0,0,12,,,no,0
r6245228,Sanjay Gandhi National Park,Mumbai,19.240623,72.920608,activity,nature_reserve,Activity,1,0,19,,,,1
w626407341,Suraj Water Park,Mumbai,19.254675,72.970505,activity,water_park,Activity,0,0,8,,Mo-Su 10:00-18:00,,0
n4119416792,Taraporewala Aquarium,Mumbai,18.949188,72.819922,activity,aquarium,Activity,1,0,8,,,,1
r15073373,Thane Creek Flamingo Sanctuary,Mumbai,19.114768,72.962885,activity,nature_reserve,Activity,0,0,8,,,,0
w1158933420,Tiger & Lion Safari,Mumbai,19.234896,72.875188,activity,zoo,Activity,0,0,3,,,,0
w128971258,Tikujiniwadi Water Park,Mumbai,19.238232,72.966591,activity,theme_park,Activity,1,0,5,,,,1
w112796885,Veermata Jijabai Bhosale Zoo & Botanical Garden,Mumbai,18.978148,72.836784,activity,zoo,Activity,1,0,11,,Th-Tu 09:30-18:00,yes,1
w1355310199,ABC,Mumbai,19.232526,73.180808,nature,lake,Nature,0,0,3,,,,0
w257584555,Achole Lake,Mumbai,19.410124,72.829072,nature,lake,Nature,0,0,11,Lake in vasai - nallasopra region of mumbai,,,0
w54226701,Adai lake,Mumbai,19.005239,73.123303,nature,lake,Nature,0,0,4,,,,0
w469472818,Agroli Lake,Mumbai,19.02204,73.037605,nature,lake,Nature,0,0,6,,,,0
w202661508,Aksa Beach,Mumbai,19.185447,72.795684,nature,beach,Beach,0,0,2,,,,0
w204345421,Ambe Ghosale Lake,Mumbai,19.205079,72.97944,nature,lake,Nature,0,0,3,,,,0
w1385281685,Amboodbav,Mumbai,19.405424,72.799428,nature,lake,Nature,0,0,4,lake that is always full of hycinth due to poor wateer quality and flow of sewage,,,0
n771136229,Antop Hill,Mumbai,19.020761,72.865256,nature,peak,Nature,0,0,2,,,,0
w301041969,Anushaktinagar Lake,Mumbai,19.037591,72.917721,nature,lake,Nature,0,0,3,,,,0
w40748778,August Kranti Maidan,Mumbai,18.96231,72.81021,nature,park,Nature,1,0,8,,,,1
n11443086342,Awas Beach,Mumbai,18.766058,72.864563,nature,beach,Beach,0,0,2,,,,0
w54228760,Ballaleshwar Lake,Mumbai,18.993966,73.11176,nature,lake,Nature,0,0,3,,,,0
n10732503485,Belapur Waterfall,Mumbai,19.041703,73.036506,nature,waterfall,Nature,0,0,5,,,,0
w1153998011,Belapur Waterfall Lake,Mumbai,19.041718,73.03627,nature,lake,Nature,0,0,6,,,,0
n10717919841,Belapur Waterfalls,Mumbai,19.041072,73.040537,nature,waterfall,Nature,0,0,6,,,,0
w1385724282,Bhatela Lake,Mumbai,19.412205,72.803099,nature,lake,Nature,0,0,4,"lake that was connected to the sopara creek , in the past hasd a portuguese jetty and was sometimes used for shipbuilding, now the jettu is in ruins due to encrochments",,,0
n10717947748,Bhavkhaleshwar Waterfall,Mumbai,19.090901,73.039977,nature,waterfall,Nature,0,0,6,,,,0
w363260917,Bramhala Lake,Mumbai,19.202692,72.975239,nature,lake,Nature,0,0,3,,,,0
n6627211410,Cannon hill,Mumbai,18.961027,72.92877,nature,peak,Nature,0,0,2,,,,0
w554805309,Carter Road Beach,Mumbai,19.06913,72.822503,nature,beach,Beach,0,0,3,,,,0
n6291030489,Cave 1,Mumbai,19.207736,72.904941,nature,cave_entrance,Nature,0,0,2,,,,0
n6291030616,Cave 10,Mumbai,19.208732,72.905845,nature,cave_entrance,Nature,0,0,2,,,,0
n6291030615,Cave 11,Mumbai,19.208597,72.905912,nature,cave_entrance,Nature,0,0,2,,,,0
n6291030408,Cave 12,Mumbai,19.208706,72.905994,nature,cave_entrance,Nature,0,0,2,,,,0
n6291030091,Cave 14,Mumbai,19.20916,72.90552,nature,cave_entrance,Nature,0,0,2,,,,0
n6291027635,Cave 15,Mumbai,19.209156,72.90553,nature,cave_entrance,Nature,0,0,2,,,,0
n6291030410,Cave 16,Mumbai,19.209134,72.905568,nature,cave_entrance,Nature,0,0,2,,,,0
n6291027632,Cave 19,Mumbai,19.20868,72.906357,nature,cave_entrance,Nature,0,0,2,,,,0
n6291029255,Cave 2,Mumbai,19.207982,72.904965,nature,cave_entrance,Nature,0,0,2,,,,0
n6291030614,Cave 20,Mumbai,19.208747,72.906457,nature,cave_entrance,Nature,0,0,2,,,,0
n6291027629,Cave 21,Mumbai,19.208782,72.906521,nature,cave_entrance,Nature,0,0,2,,,,0
n6291030611,Cave 22,Mumbai,19.208784,72.90656,nature,cave_entrance,Nature,0,0,2,,,,0
n6291030404,Cave 23,Mumbai,19.208837,72.906631,nature,cave_entrance,Nature,0,0,2,,,,0
n6291027630,Cave 24,Mumbai,19.208851,72.906672,nature,cave_entrance,Nature,0,0,2,,,,0
n6291030612,Cave 25,Mumbai,19.208775,72.906843,nature,cave_entrance,Nature,0,0,2,,,,0
n6291030405,Cave 26,Mumbai,19.208855,72.906941,nature,cave_entrance,Nature,0,0,2,,,,0
n6291024186,Cave 27,Mumbai,19.20887,72.907053,nature,cave_entrance,Nature,0,0,2,,,,0
n6291030613,Cave 28,Mumbai,19.20907,72.907115,nature,cave_entrance,Nature,0,0,2,,,,0
n6291030406,Cave 29,Mumbai,19.208974,72.907261,nature,cave_entrance,Nature,0,0,2,,,,0
n6291030394,Cave 3,Mumbai,19.208156,72.905038,nature,cave_entrance,Nature,0,0,2,,,,0
n6291027631,Cave 30,Mumbai,19.208954,72.907351,nature,cave_entrance,Nature,0,0,2,,,,0
n6291029301,Cave 34,Mumbai,19.208725,72.90673,nature,cave_entrance,Nature,0,0,2,,,,0
n6291030401,Cave 35,Mumbai,19.20874,72.906954,nature,cave_entrance,Nature,0,0,2,,,,0
n6291029277,Cave 36,Mumbai,19.208663,72.907043,nature,cave_entrance,Nature,0,0,2,,,,0
n6291030607,Cave 37,Mumbai,19.208625,72.907138,nature,cave_entrance,Nature,0,0,2,,,,0
n6291030402,Cave 38,Mumbai,19.20862,72.907184,nature,cave_entrance,Nature,0,0,2,,,,0
n6291027628,Cave 39,Mumbai,19.208617,72.907238,nature,cave_entrance,Nature,0,0,2,,,,0
n14118809918,Cave 4,Mumbai,18.962502,72.93146,nature,cave_entrance,Nature,0,0,3,,,,0
n6291030395,Cave 4,Mumbai,19.208197,72.904946,nature,cave_entrance,Nature,0,0,2,,,,0
n6291030608,Cave 40,Mumbai,19.20862,72.907274,nature,cave_entrance,Nature,0,0,2,,,,0
n6291030403,Cave 41,Mumbai,19.208556,72.907424,nature,cave_entrance,Nature,0,0,2,,,,0
n6291029256,Cave 5,Mumbai,19.208568,72.905089,nature,cave_entrance,Nature,0,0,2,,,,0
n6291029276,Cave 53,Mumbai,19.208217,72.906797,nature,cave_entrance,Nature,0,0,2,,,,0
n6291030400,Cave 54,Mumbai,19.208133,72.90675,nature,cave_entrance,Nature,0,0,2,,,,0
n6291029300,Cave 55,Mumbai,19.208044,72.906599,nature,cave_entrance,Nature,0,0,2,,,,0
n6291030617,Cave 6,Mumbai,19.208575,72.905382,nature,cave_entrance,Nature,0,0,2,,,,0
n6291029275,Cave 61,Mumbai,19.208162,72.906563,nature,cave_entrance,Nature,0,0,2,,,,0
n6291030399,Cave 62,Mumbai,19.208174,72.906391,nature,cave_entrance,Nature,0,0,2,,,,0
n6291030493,Cave 63,Mumbai,19.208269,72.906359,nature,cave_entrance,Nature,0,0,2,,,,0
n6291029274,Cave 64,Mumbai,19.208278,72.90624,nature,cave_entrance,Nature,0,0,2,,,,0
n6291030398,Cave 65,Mumbai,19.208354,72.906138,nature,cave_entrance,Nature,0,0,2,,,,0
n6291030492,Cave 66,Mumbai,19.208317,72.906038,nature,cave_entrance,Nature,0,0,2,,,,0
n6291029269,Cave 67,Mumbai,19.208405,72.905783,nature,cave_entrance,Nature,0,0,2,,,,0
n6291027633,Cave 68,Mumbai,19.208376,72.905705,nature,cave_entrance,Nature,0,0,2,,,,0
n6291030397,Cave 69,Mumbai,19.208288,72.905585,nature,cave_entrance,Nature,0,0,2,,,,0
n6291027634,Cave 7,Mumbai,19.2086,72.905549,nature,cave_entrance,Nature,0,0,2,,,,0
n6291030491,Cave 70,Mumbai,19.208478,72.905316,nature,cave_entrance,Nature,0,0,2,,,,0
n6291030396,Cave 71,Mumbai,19.208483,72.905253,nature,cave_entrance,Nature,0,0,2,,,,0
n6291030490,Cave 72,Mumbai,19.208439,72.905134,nature,cave_entrance,Nature,0,0,2,,,,0
n6291030409,Cave 8,Mumbai,19.208625,72.905715,nature,cave_entrance,Nature,0,0,2,,,,0
n6291027636,Cave 95?,Mumbai,19.209032,72.905625,nature,cave_entrance,Nature,0,0,2,,,,0
w1249183941,Central Lake,Mumbai,19.229333,72.990941,nature,lake,Nature,0,0,3,,,,0
r14983098,Central Park,Mumbai,19.058118,73.067788,nature,park,Nature,1,0,7,,Mo-Sa 6:00-9:00,,1
n7187973323,Chanderi,Mumbai,19.06434,73.245807,nature,peak,Nature,0,0,3,,,,0
n8344285126,Chimbai Beach,Mumbai,19.056221,72.823718,nature,beach,Beach,0,0,3,,,,0
w851763910,Chulna Talav,Mumbai,19.381043,72.807911,nature,lake,Nature,0,0,3,,,,0
w558704154,DPS Lake,Mumbai,19.005436,73.020201,nature,lake,Nature,0,0,3,,,,0
w1030994894,Dadar Beach,Mumbai,19.021922,72.83021,nature,beach,Beach,0,0,2,,,,0
w910346415,Danda Beach,Mumbai,19.081364,72.824463,nature,beach,Beach,0,0,3,,,,0
w966029979,Dronagiri fort,Mumbai,18.867028,72.936173,nature,peak,Nature,0,0,4,,,,0
n10717924948,Durga Mata Waterfall,Mumbai,19.043383,73.040993,nature,waterfall,Nature,0,0,6,,,,0
w1295554463,Fanaspada Lake,Mumbai,19.04263,73.051982,nature,lake,Nature,0,0,6,,,,0
w54224946,Flora Fountain,Mumbai,18.932491,72.831501,nature,garden,Nature,1,0,9,,,,1
w346412124,Ganesh Talav,Mumbai,19.05588,72.906088,nature,lake,Nature,0,0,3,,,,0
w305606064,"Ganesh Visarjan Talao,Thakurli",Mumbai,19.219652,73.10176,nature,lake,Nature,0,0,3,,,,0
w1385258788,Gass Talav,Mumbai,19.406053,72.796352,nature,lake,Nature,0,0,4,Gass Lake Also known as Gass Tank in old gov documents also called gass talav by Locals,,,0
n10719642143,Gavli Dev Waterfall,Mumbai,19.129123,73.023333,nature,waterfall,Nature,0,0,3,,,,0
n7200612560,Gharapuri,Mumbai,18.966352,72.936973,nature,peak,Nature,0,0,3,,,,0
w38718382,Girgaum Chowpatty Beach,Mumbai,18.954387,72.811424,nature,beach,Beach,0,0,7,,,,0
n5439209206,Godrej Hill,Mumbai,19.111698,72.923441,nature,peak,Nature,0,0,2,,,,0
n1067930909,Haji Malanggad,Mumbai,19.113422,73.178936,nature,peak,Nature,0,0,3,,,,0
n10717948621,Hanuman Kada Waterfall,Mumbai,19.063649,73.047302,nature,waterfall,Nature,0,0,6,,,,0
n3602053088,Hanuman Tekdi,Mumbai,19.141188,72.918533,nature,peak,Nature,0,0,3,,,,0
n5913743689,Har Har Gange Waterfalls,Mumbai,19.254603,72.969503,nature,waterfall,Nature,0,0,3,,,,0
w151869164,Hariyali Talao,Mumbai,19.185791,72.9776,nature,lake,Nature,0,0,3,,,,0
w40743182,Horniman Circle Garden,Mumbai,18.931977,72.835022,nature,park,Nature,1,0,10,,sunrise-sunset,,1
w130533404,Hutatma Chowk,Mumbai,18.932781,72.831652,nature,garden,Nature,1,0,5,,,,1
w554783245,Istreal Talav,Mumbai,18.982781,73.114948,nature,lake,Nature,0,0,4,,,,0
w35374738,Jail Lake,Mumbai,19.199746,72.980523,nature,lake,Nature,0,0,3,,,,0
n5923884842,Jambulmal,Mumbai,19.21639,72.92009,nature,peak,Nature,0,0,3,,,,0
w151253238,Juhu Beach,Mumbai,19.102963,72.823057,nature,beach,Beach,0,0,8,,,,0
w608429347,Juhu Beach,Mumbai,19.122125,72.819077,nature,beach,Beach,0,0,3,,,,0
w35357668,Kacharali Lake,Mumbai,19.196256,72.968068,nature,lake,Nature,0,0,3,,,,0
w31508318,Kala Talao,Mumbai,19.246045,73.131352,nature,lake,Nature,0,0,3,,,,0
n1218984241,Kalavantin Durg,Mumbai,18.982848,73.219848,nature,peak,Nature,1,0,6,,,,1
w39181022,Kamala Nehru Park,Mumbai,18.95502,72.804877,nature,park,Nature,1,0,6,,05:00-21:00,,1
n5928770058,Kaman Durg,Mumbai,19.382151,72.956611,nature,peak,Nature,0,0,2,,,,0
r9343281,Kanheri Caves,Mumbai,19.208448,72.906182,nature,cave_entrance,Nature,1,0,9,,,yes,1
n7780079651,Karnala,Mumbai,18.881349,73.118167,nature,peak,Nature,0,0,3,,,,0
w375775212,Kasarvadavli Lake,Mumbai,19.271453,72.970297,nature,lake,Nature,0,0,3,,,,0
w1461994295,Khambale Tale,Mumbai,18.76364,72.872637,nature,lake,Nature,0,0,3,,,,0
w461278314,Khandeshwar lake,Mumbai,19.010608,73.108666,nature,lake,Nature,0,0,3,,,,0
w964985070,Kharegaon Lake,Mumbai,19.202406,73.003959,nature,lake,Nature,0,0,6,,,,0
w1153705943,Kharghar Lake,Mumbai,19.073237,73.069569,nature,lake,Nature,0,0,6,,,,0
n10717919874,Kharghar Waterfalls,Mumbai,19.032954,73.053714,nature,waterfall,Nature,0,0,6,,,,0
w520517862,Khidkali Lake,Mumbai,19.155477,73.064692,nature,lake,Nature,0,0,3,,,,0
n11438437871,Kihim Beach,Mumbai,18.724227,72.864686,nature,beach,Beach,0,0,2,,,,0
w1124686320,Kihim Talav,Mumbai,18.728784,72.870034,nature,lake,Nature,0,0,3,,,,0
n13176779961,Koknipada Waterfall,Mumbai,19.240065,72.957148,nature,waterfall,Nature,0,0,5,,,,0
w1137141797,Kolshet Khadi,Mumbai,19.240885,73.001252,nature,lake,Nature,0,0,4,,,,0
w54227837,Krishna Lake,Mumbai,18.986451,73.110109,nature,lake,Nature,0,0,3,,,,0
w1472902875,Lake Mansarovar,Mumbai,19.302389,72.939238,nature,lake,Nature,0,0,6,,,,0
w556482954,Lotus Lake,Mumbai,19.177339,72.965512,nature,lake,Nature,0,0,3,,,,0
w682935903,Madadre Lake,Mumbai,19.205029,72.974747,nature,lake,Nature,0,0,3,,,,0
w204704714,Madh Chowpatty,Mumbai,19.151039,72.786713,nature,beach,Beach,0,0,6,,,,0
w53366367,Mahim Beach,Mumbai,19.044076,72.838153,nature,beach,Beach,0,0,2,,,,0
w35358060,Makhamali Talaav,Mumbai,19.19847,72.971368,nature,lake,Nature,0,0,3,,,,0
n8797252337,Malanggad,Mumbai,19.110181,73.178683,nature,peak,Nature,0,0,3,,,,0
n11042624587,Mama Bhanja,Mumbai,19.212492,72.938864,nature,peak,Nature,0,0,3,,,,0
w49423605,Manori Aum Beach,Mumbai,19.203752,72.783241,nature,beach,Beach,0,0,2,,,,0
n9196971651,Mhaismal,Mumbai,19.070117,73.2387,nature,peak,Nature,0,0,2,,,,0
w257479176,Mini Sea Shore,Mumbai,19.081566,72.99278,nature,lake,Nature,0,0,3,,,,0
n10951322105,Mogliche Dam,Mumbai,19.175107,73.011513,nature,waterfall,Nature,0,0,5,,,,0
n5913741268,Mount Poinsur,Mumbai,19.243225,72.852761,nature,peak,Nature,0,0,2,,,,0
n3965865849,Mulund Peak,Mumbai,19.18123,72.932073,nature,peak,Nature,0,0,3,,,,0
w536026257,NMMC Holding Pond,Mumbai,19.012846,73.026753,nature,lake,Nature,0,0,7,,,,0
r14522095,NRI Lake,Mumbai,19.006182,73.011141,nature,lake,Nature,0,0,8,,,,0
w1123967302,Nandivali Lake,Mumbai,19.207787,73.136292,nature,lake,Nature,0,0,3,,,,0
n632352284,Neat's Tongue,Mumbai,19.030034,72.916863,nature,peak,Nature,0,0,2,,,,0
w520519052,Nilaje Lake,Mumbai,19.166109,73.080741,nature,lake,Nature,0,0,3,,,,0
n13649027759,Nimda Dongar,Mumbai,19.00379,73.239954,nature,peak,Nature,0,0,2,,,,0
w1458682047,Nirmal Lake,Mumbai,19.398112,72.778818,nature,lake,Nature,0,0,3,,,,0
r20724809,Palava Twin Lakes,Mumbai,19.16478,73.112121,nature,lake,Nature,0,0,4,,,,0
w679503279,Pandurang B Bhoir Lake,Mumbai,19.173061,72.971924,nature,lake,Nature,0,0,3,,,,0
n630729034,Parsik Hill,Mumbai,19.19185,73.016154,nature,peak,Nature,0,0,2,,,,0
n5934004116,Parsik Hills Summit,Mumbai,19.069064,73.042869,nature,peak,Nature,0,0,3,,,,0
w38883141,Pherozeshah Mehta Gardens (Hanging Gardens),Mumbai,18.956606,72.80482,nature,park,Nature,1,0,8,,Mo-Su 05:00-21:00,,1
w1495853070,Pisarve Lake,Mumbai,19.09111,73.086868,nature,lake,Nature,0,0,3,,,,0
r8546709,Powai Lake,Mumbai,19.127716,72.904702,nature,lake,Nature,1,0,12,,,,1
w1019454081,Prabhadevi Beach,Mumbai,19.018532,72.825511,nature,beach,Beach,0,0,2,,,,0
w843580056,Rabale Hilltop Lake,Mumbai,19.1541,73.008193,nature,lake,Nature,0,0,3,,,,0
w151861332,Rayladevi Lake,Mumbai,19.189424,72.957107,nature,lake,Nature,0,0,4,,,,0
n696874699,Saat Pir Baba,Mumbai,19.109685,73.176716,nature,peak,Nature,0,0,4,,,,0
w510511578,"Seawoods Lake, Jeweles",Mumbai,19.026567,73.009469,nature,lake,Nature,0,0,3,,,,0
n10719659957,Shirvane / Shiravane Waterfall,Mumbai,19.057996,73.038576,nature,waterfall,Nature,0,0,5,,,,0
w113711205,Shivaji Park,Mumbai,19.027282,72.838188,nature,park,Nature,1,0,16,,,,1
w315440370,Shivaji Talao,Mumbai,19.147338,72.929979,nature,lake,Nature,0,0,3,,,,0
w227785907,Siddheshwar Lake,Mumbai,19.201279,72.96844,nature,lake,Nature,0,0,3,,,,0
n7192414641,Sion/Shiv Fort,Mumbai,19.046579,72.867745,nature,peak,Nature,0,0,3,,,,0
w977337219,Small Lake,Mumbai,19.169098,73.225436,nature,lake,Nature,0,0,3,,,,0
w560452309,T.S. Chanakya Lake,Mumbai,19.015958,73.005769,nature,lake,Nature,0,0,3,,,,0
n8792023088,Tahuli,Mumbai,19.134869,73.198225,nature,peak,Nature,0,0,3,,,,0
w1033439730,TalainLake,Mumbai,18.779568,72.871794,nature,lake,Nature,0,0,3,,,,0
r8728646,Talao Pali,Mumbai,19.193036,72.975272,nature,lake,Nature,1,0,10,,,,1
r6244817,Tulsi Lake,Mumbai,19.191107,72.91827,nature,lake,Nature,1,0,6,,,,1
w1550112361,Umbarde Lake,Mumbai,19.270292,73.126517,nature,lake,Nature,0,0,3,,,,0
w37813439,Upvan Lake,Mumbai,19.221431,72.956082,nature,lake,Nature,1,0,6,,,,1
w203054460,Versova Beach,Mumbai,19.129979,72.813308,nature,beach,Beach,0,0,3,,,,0
w1458682052,Vimal Lake,Mumbai,19.39837,72.782819,nature,lake,Nature,0,0,3,,,,0
w1228546519,anvi,Mumbai,19.247769,72.976884,nature,lake,Nature,0,0,9,wowwwwwwwwwwwwwwwwww,,,0
w1385294020,dirty lake,Mumbai,19.409911,72.797906,nature,lake,Nature,0,0,4,lake made dirty due to discharge from illegal buildings and slums,,,0
w1385724284,dirty lake2,Mumbai,19.411779,72.800932,nature,lake,Nature,0,0,4,"old lake currently the water is used by illegal water filter plant next to it which sells it, the watr quality is extremely bad due to discharge from buildingds and slaughterhoudes next to it",,,0
w1447091509,mini seashore,Mumbai,19.081735,72.992933,nature,lake,Nature,0,0,3,,,,0
w629094968,Abu Village,Mumbai,19.163991,72.888835,sight,attraction,Heritage,0,0,4,Set of rural Indian village used for film shootings,,,0
w415512973,Ambedkar Memorial,Mumbai,19.149868,72.989724,sight,monument,Heritage,0,0,2,,,,0
n346611983,Amphitheatre,Mumbai,19.042567,72.818872,sight,attraction,Heritage,0,0,3,,,,0
n10552506472,Archdiocesan Heritage Museum,Mumbai,19.168133,72.857267,sight,museum,Museum,0,0,2,,,,0
n5056120381,BEST Museum,Mumbai,19.046688,72.877711,sight,museum,Museum,0,0,7,,Mo-Su 10:00-21:00,,0
w654567861,Bandra Fort,Mumbai,19.041877,72.818511,sight,fort,Heritage,0,0,5,,,,0
n6813467113,Bandra Fort Gate,Mumbai,19.042924,72.818597,sight,attraction,Heritage,0,0,2,,,,0
n13990919364,Bhandup Bird Watching Point,Mumbai,19.139219,72.957134,sight,viewpoint,Viewpoint,0,0,2,,,,0
n674906629,Bhau Daji Lad Museum (Victoria & Albert Museum),Mumbai,18.979164,72.834801,sight,museum,Museum,1,0,7,,,,1
n2841826661,Bombay Skyline viewpoint,Mumbai,18.960798,72.928887,sight,viewpoint,Viewpoint,0,0,2,,,,0
n5880343480,Buddha (Gandhara School),Mumbai,19.133822,72.915268,sight,monument,Heritage,0,0,7,,,,0
n2841826659,Cannon 1,Mumbai,18.962089,72.928593,sight,attraction,Heritage,0,0,3,,,,0
n2841826660,Cannon 2,Mumbai,18.960216,72.92883,sight,attraction,Heritage,0,0,3,,,,0
n494772647,Castella de Aguada,Mumbai,19.041979,72.8185,sight,attraction,Heritage,0,0,4,,,,0
n2127352566,Cave 3,Mumbai,18.962723,72.931698,sight,ruins,Heritage,1,0,8,,,,1
w1234028110,Chaitya Bhumi,Mumbai,19.025091,72.833826,sight,monument,Heritage,1,0,5,,,,1
w1226336539,Chhatrapati Shivaji Maharaj Monument,Mumbai,19.098389,72.826771,sight,monument,Heritage,0,0,5,,,,0
n5880343486,Chhatrapati Shivaji Maharaj bust,Mumbai,19.132972,72.915278,sight,monument,Heritage,0,0,3,,,,0
n10091567348,Cts No. 887 Miranda Fort,Mumbai,19.07615,72.827223,sight,archaeological_site,Heritage,0,0,4,,,,0
n12811701117,Custom House,Mumbai,19.047477,72.854152,sight,monument,Heritage,0,0,3,,,,0
r8757021,Dadasaheb Phalke Film City,Mumbai,19.158291,72.890124,sight,attraction,Heritage,1,0,11,,,,1
n5880343485,Dr. B.R. Ambedkar,Mumbai,19.132944,72.915306,sight,monument,Heritage,0,0,2,,,,0
w53369531,Dr. Bhau Daji Lad Museum,Mumbai,18.97917,72.83481,sight,museum,Museum,1,0,7,,,,1
w1564169347,Elephanta Caves,Mumbai,18.962787,72.931549,sight,attraction,Heritage,1,0,13,,,,1
w629094962,Film City Temple,Mumbai,19.154747,72.895178,sight,attraction,Heritage,0,0,2,,,,0
w55794887,Flamingo Point,Mumbai,18.995624,72.861544,sight,attraction,Heritage,0,0,4,,,,0
n10102996131,Frere Temple,Mumbai,18.979434,72.838281,sight,monument,Heritage,0,0,2,,,,0
n12386067450,GSLV Rocket Model,Mumbai,19.180079,72.939634,sight,attraction,Heritage,0,0,2,,,,0
n4815556924,Galaxy (Salman Khan House),Mumbai,19.054035,72.823484,sight,attraction,Heritage,0,0,7,,,,0
n2568671333,Gender & Science Exhibit,Mumbai,19.042172,72.928049,sight,attraction,Heritage,0,0,2,,,,0
w73045131,Gilbert Hill,Mumbai,19.120535,72.839962,sight,attraction,Heritage,1,0,7,,,,1
w1289053374,Gloria Church,Mumbai,18.975125,72.834327,sight,place_of_worship,Temple,1,0,8,,,,1
n674769829,Haji Ali Dargah,Mumbai,18.982823,72.808993,sight,place_of_worship,Temple,1,0,10,,,,1
w510975324,Holy Cross Church,Mumbai,19.083347,72.887162,sight,place_of_worship,Temple,1,0,12,,,,1
n12811681069,Jairam Sheth Chawl,Mumbai,19.047581,72.853945,sight,monument,Heritage,0,0,2,,,,0
n12842089410,Jalsa (Amitabh Bacchan House),Mumbai,19.104909,72.827534,sight,attraction,Heritage,0,0,3,,,,0
n12811636774,Jamat Chawl,Mumbai,19.046364,72.85401,sight,monument,Heritage,0,0,2,,,,0
n5360967180,Jewel of Navi Mumbai,Mumbai,19.026018,73.01001,sight,attraction,Heritage,0,0,8,,,,0
w625929082,Jogeshwari Caves,Mumbai,19.138935,72.857019,sight,archaeological_site,Heritage,1,0,7,,,,1
n6187853587,Kabutar Khana,Mumbai,19.018905,72.840452,sight,monument,Heritage,0,0,3,,,,0
n10108039535,Kala Ghoda,Mumbai,18.978748,72.835292,sight,monument,Heritage,0,0,4,,,,0
w369460776,Kanheri Cave Complex,Mumbai,19.206473,72.906147,sight,archaeological_site,Heritage,1,0,5,,,,1
n4302253089,Khada Parsi,Mumbai,18.971581,72.832448,sight,monument,Heritage,1,0,4,,,,1
n4230836350,Kwan Tai Shek Temple,Mumbai,18.96605,72.846772,sight,attraction,Heritage,0,0,4,Chinese Temple dedicated to General Kwan Tai Kwon,,,0
n12811698532,Lagdu Pedru Chawl,Mumbai,19.047775,72.85464,sight,monument,Heritage,0,0,2,,,,0
n4640203708,Legendary New India Monument,Mumbai,19.114788,72.838832,sight,monument,Heritage,0,0,2,,,,0
n1579184280,Loop Gallery,Mumbai,19.103719,72.851007,sight,viewpoint,Viewpoint,0,0,2,,,,0
r6417294,Madh Fort,Mumbai,19.13234,72.794773,sight,fort,Heritage,1,0,6,,,,1
w115064729,Magen David Synagogue,Mumbai,18.96695,72.832078,sight,place_of_worship,Temple,1,0,8,,,,1
w496634583,Mahakali Caves,Mumbai,19.130467,72.873629,sight,archaeological_site,Heritage,1,0,7,,,,1
w944078279,Mahalakshmi Mandir,Mumbai,18.977366,72.806464,sight,place_of_worship,Temple,1,0,7,,,,1
n537766323,Mahim Fort,Mumbai,19.042011,72.838127,sight,fort,Heritage,1,0,7,,,,1
n1289231870,Mancherji Edulji Joshi Statue,Mumbai,19.01755,72.849167,sight,monument,Heritage,0,0,5,,,,0
w79304233,Mangaldas Market,Mumbai,18.948204,72.832405,sight,attraction,Heritage,0,0,6,,,,0
n12793696103,Mangalyan Chawl,Mumbai,19.046843,72.85392,sight,monument,Heritage,0,0,2,,,,0
w39835569,Mani Bhavan,Mumbai,18.95989,72.811498,sight,museum,Museum,1,0,7,Mahatma Ghandi's home 1917-1932,,,1
n4815555824,Mannat Lands End (Shah Rukh Khan's Bungalow),Mumbai,19.046835,72.820114,sight,attraction,Heritage,0,0,9,,Mo-Sa 09:00-18:00,,0
n4343426454,Mazagaon Fort,Mumbai,18.967037,72.8429,sight,ruins,Heritage,1,0,4,,,,1
n5908533456,Monolithic Bas Relief Depicting Shiva,Mumbai,19.000756,72.847389,sight,monument,Heritage,0,0,5,,,,0
n5380297057,Mount Blanc View Gallery,Mumbai,18.963718,72.803886,sight,viewpoint,Viewpoint,0,0,2,,,,0
w281241933,Mount Mary Church,Mumbai,19.046568,72.822641,sight,place_of_worship,Temple,1,0,16,,,,1
n14119124912,Museum of Solutions,Mumbai,19.005683,72.827392,sight,museum,Museum,0,0,6,,,,0
n11022219695,Nature Education Centre,Mumbai,19.052484,72.862651,sight,museum,Museum,0,0,2,,,,0
w979386029,Nehru Science Centre,Mumbai,18.990649,72.818796,sight,museum,Museum,1,0,7,,,,1
n12811636776,New Jamat Hall,Mumbai,19.046482,72.854389,sight,monument,Heritage,0,0,2,,,,0
n12811692499,Old Jamat Hall,Mumbai,19.046349,72.854201,sight,monument,Heritage,0,0,2,,,,0
w779260411,Our Lady of Egypt Church Kalina,Mumbai,19.078402,72.869214,sight,place_of_worship,Temple,1,0,13,"Our Lady of Egypt is a Roman Catholic church in Kalina, Mumbai under the Archdiocese of Bombay. The church was founded in 1606 and celebrated its 400th anniversary in mid-2006",,,1
n4129555689,Patidar Co Op Housing Society,Mumbai,19.175605,72.841413,sight,viewpoint,Viewpoint,0,0,2,,,,0
n12811682578,Patil Wada,Mumbai,19.047708,72.854984,sight,monument,Heritage,0,0,2,,,,0
w220303375,Portuguese Church,Mumbai,19.01862,72.836451,sight,place_of_worship,Temple,1,0,6,,,,1
n6784511247,Powai Lake Viewpoint,Mumbai,19.129892,72.910351,sight,viewpoint,Viewpoint,0,0,2,,,,0
n11697760314,Powai Vatika,Mumbai,19.122915,72.906933,sight,attraction,Heritage,0,0,2,,,,0
n537762970,Riwa Fort,Mumbai,19.05099,72.860165,sight,ruins,Heritage,1,0,7,,,,1
w192598442,Saint Andrew's,Mumbai,19.055066,72.824665,sight,place_of_worship,Temple,1,0,8,,,,1
n5882322886,Sameer Hill,Mumbai,19.140891,72.918113,sight,viewpoint,Viewpoint,0,0,2,,,,0
n1646526516,Samyukta Maharashtra Daalan,Mumbai,19.027994,72.836582,sight,museum,Museum,0,0,2,,,,0
w626249301,Sewri Fort,Mumbai,19.000508,72.860127,sight,fort,Heritage,1,0,6,,,,1
w431512593,Sion Fort,Mumbai,19.046611,72.867602,sight,castle,Heritage,1,0,14,,Mo-Su 04:00-20:00,,1
n2851477517,St John The Baptist Shrine/Oratory,Mumbai,19.048195,72.825897,sight,attraction,Heritage,0,0,6,,,,0
w194654625,"St, Michael's Church",Mumbai,19.042772,72.840793,sight,place_of_worship,Temple,1,0,9,,,,1
n5936660853,St. John the Baptist Church,Mumbai,19.121741,72.874401,sight,ruins,Heritage,1,0,8,,,,1
n12389469713,Tulsi Lake View,Mumbai,19.181291,72.932005,sight,viewpoint,Viewpoint,0,0,2,,,,0
n12850034015,Tulsi Lake Viewpoint,Mumbai,19.188893,72.934721,sight,viewpoint,Viewpoint,0,0,2,,,,0
w628861196,Vedic Park,Mumbai,19.132894,72.89823,sight,attraction,Heritage,0,0,2,,,,0
w1289189671,Veer Savarkar Smarak,Mumbai,19.02844,72.836641,sight,museum,Museum,0,0,4,,,,0
w1006878175,Veermata Jijabhai Sculpture,Mumbai,18.97832,72.836382,sight,monument,Heritage,0,0,2,,,,0
n12811670438,Vithal Bhaskar Chawl,Mumbai,19.047171,72.853953,sight,monument,Heritage,0,0,2,,,,0
w53361712,Worli Fort,Mumbai,19.023739,72.816837,sight,fort,Heritage,1,0,9,,,,1
w323686920,Akkamalai Antipoaching Camp (Shed),Munnar,10.331692,77.019467,activity,camp_site,Activity,0,0,3,,,,0
r15036911,Anamudi Shola National Park,Munnar,10.208711,77.199233,activity,nature_reserve,Activity,1,0,8,,,,1
r11279547,Chinnar WLS,Munnar,10.305206,77.179354,activity,nature_reserve,Activity,1,0,9,,,,1
r19236297,Chokramudi Trail,Munnar,10.035931,77.114259,activity,hiking_route,Activity,0,0,5,,,,0
n7448604861,Cloud Farm Munnar,Munnar,10.121611,77.206571,activity,camp_site,Activity,0,0,2,,,,0
r4148317,Eravikulam National Park,Munnar,10.228728,77.065809,activity,national_park,Activity,1,0,7,,,,1
n13350810301,Gypsys Paradiso Vattavada,Munnar,10.202092,77.240602,activity,camp_site,Activity,0,0,10,,Mo-Su 15:00-11:00,,0
n5883827997,Koodaram Camping,Munnar,10.055276,77.061474,activity,camp_site,Activity,0,0,3,,,,0
w666719511,Mathikettan Shola National Park,Munnar,9.985988,77.246976,activity,nature_reserve,Activity,1,0,9,,,,1
n7131461885,Munnar IWA HERE,Munnar,10.048548,77.221323,activity,camp_site,Activity,0,0,2,,,,0
r11279545,Pambadum Shola National Park,Munnar,10.142801,77.259768,activity,nature_reserve,Activity,1,0,9,,,,1
w50917809,Rhonda Valley,Munnar,10.098603,77.1882,activity,camp_site,Activity,0,0,5,,,,0
n7131456186,Tent Polo,Munnar,10.048143,77.221324,activity,camp_site,Activity,0,0,3,,,,0
n10049309105,bovidae woods,Munnar,10.16751,77.254495,activity,camp_site,Activity,0,0,4,,,,0
n7469886450,peetes,Munnar,10.01305,76.956928,activity,aquarium,Activity,0,0,2,,,,0
n13798383983,Akka Malai,Munnar,10.360516,77.068834,nature,peak,Nature,0,0,3,,,,0
n5224499201,Anamudi,Munnar,10.170023,77.061667,nature,peak,Nature,1,0,11,,,,1
n12336660796,Anchuruli Waterfalls,Munnar,9.771202,77.074577,nature,waterfall,Nature,0,0,5,,,,0
n5463574823,Attukad waterfall,Munnar,10.053504,77.058623,nature,waterfall,Nature,0,0,2,,,,0
n10757837053,Bhula Malai,Munnar,10.219159,77.102093,nature,peak,Nature,0,0,2,,,,0
n12541001884,Calvary Mount,Munnar,9.806528,77.036878,nature,peak,Nature,0,0,4,,,,0
n7432096002,Chamappara Waterfalls,Munnar,10.111777,76.813748,nature,waterfall,Nature,0,0,4,,,,0
n2905873493,Cheeyappara Waterfalls,Munnar,10.05412,76.829875,nature,waterfall,Nature,0,0,2,,,,0
n3393406855,Chokramudi,Munnar,10.035474,77.105768,nature,peak,Nature,0,0,5,,,,0
n10777203683,Devi Malai,Munnar,10.059048,77.150488,nature,peak,Nature,0,0,2,,,,0
n3158128887,Eravikulam Mala,Munnar,10.226007,77.07405,nature,peak,Nature,0,0,3,,,,0
n5224499172,Eruma Mala,Munnar,10.240535,77.062053,nature,peak,Nature,0,0,3,,,,0
n2080124718,Ezhunilakkutthu,Munnar,9.960876,76.83775,nature,waterfall,Nature,0,0,4,,,,0
n10757966049,Jenda Mala,Munnar,10.177461,77.2223,nature,peak,Nature,0,0,2,,,,0
n13793765364,Kadatti Malai,Munnar,10.383396,77.123251,nature,peak,Nature,0,0,3,,,,0
n3158129889,Kallar Mala,Munnar,10.313178,77.077775,nature,peak,Nature,0,0,5,,,,0
n3158129891,Kaludaisutti Malai,Munnar,10.327059,77.089264,nature,peak,Nature,0,0,3,,,,0
n5134637110,Kanni Mala,Munnar,10.136815,77.086639,nature,peak,Nature,0,0,3,,,,0
n10757819642,Karikombu Malai,Munnar,10.199299,77.081122,nature,peak,Nature,0,0,2,,,,0
n3158128891,Katradi Mala,Munnar,10.254265,77.097959,nature,peak,Nature,0,0,3,,,,0
n7814372437,Kattadikunnu Viewpoint,Munnar,9.981409,76.829987,nature,peak,Nature,0,0,3,,,,0
n13793765363,Kokkana Malai,Munnar,10.393695,77.100849,nature,peak,Nature,0,0,3,,,,0
n3158128892,Kumarikal Mala,Munnar,10.283539,77.11512,nature,peak,Nature,0,0,3,,,,0
n10757834666,Kundale Talai Mala,Munnar,10.173954,77.164316,nature,peak,Nature,0,0,2,,,,0
n3753001463,Kurathi Mala,Munnar,9.845577,76.974017,nature,peak,Nature,0,0,3,,,,0
n3753001462,Kuravan Mala,Munnar,9.841519,76.979446,nature,peak,Nature,0,0,3,,,,0
n13811927639,Kuyili Mala,Munnar,9.862848,76.935689,nature,peak,Nature,0,0,3,,,,0
n3158129332,Lakkom falls,Munnar,10.189038,77.111156,nature,waterfall,Nature,1,0,4,,,,1
n10757896463,Madayari Mala,Munnar,10.194043,77.202082,nature,peak,Nature,0,0,2,,,,0
n10757980422,Manchola Mala,Munnar,10.226669,77.22261,nature,peak,Nature,0,0,2,,,,0
n3941131660,Manna Malai,Munnar,10.098448,77.202825,nature,peak,Nature,0,0,6,,,,0
n4568066533,Meenuliyanpara,Munnar,10.000775,76.865654,nature,peak,Nature,1,0,6,Elevation above sea level: 891 Mtr,,,1
n649248791,Meesapulimala,Munnar,10.087559,77.204433,nature,peak,Nature,0,0,5,,,,0
n3158128893,Naikolli Mala,Munnar,10.151834,77.043133,nature,peak,Nature,0,0,3,,,,0
n10777243961,Netti Malai,Munnar,10.091049,77.157144,nature,peak,Nature,0,0,2,,,,0
n3304664723,Oosimalai,Munnar,10.320865,77.045893,nature,peak,Nature,0,0,4,,,,0
n9873984929,Pambadi Shola Malai,Munnar,10.119182,77.26661,nature,peak,Nature,0,0,2,,,,0
n13793765357,Pambu Malai,Munnar,10.394202,77.182131,nature,peak,Nature,0,0,3,,,,0
n13793765361,Pariyakulam Malai,Munnar,10.349793,77.126169,nature,peak,Nature,0,0,3,,,,0
n3158128895,Perattu Mala,Munnar,10.296695,77.092362,nature,peak,Nature,0,0,3,,,,0
n13798383981,Periya Anai Malai,Munnar,10.357138,77.034931,nature,peak,Nature,0,0,3,,,,0
n3158128896,Perumal Mala,Munnar,10.241068,77.110439,nature,peak,Nature,0,0,3,,,,0
n7394220966,Perumbankuthu Waterfalls,Munnar,10.138629,76.913979,nature,waterfall,Nature,0,0,4,,,,0
n7473386605,Pettimudi,Munnar,10.017568,76.978679,nature,peak,Nature,0,0,4,,,,0
n13793765358,Pichchi Malai,Munnar,10.404163,77.156467,nature,peak,Nature,0,0,3,,,,0
n3158128890,Podu Mala,Munnar,10.314257,77.091512,nature,peak,Nature,0,0,3,,,,0
n5224499159,Raja Mala,Munnar,10.176003,77.015379,nature,peak,Nature,0,0,3,,,,0
n4345664042,Ram Rock,Munnar,9.816305,77.246026,nature,peak,Nature,0,0,5,,,,0
n6375856385,Ripple Waterfalls,Munnar,9.98182,77.062769,nature,waterfall,Nature,0,0,2,,,,0
n3158152602,Samba Mala,Munnar,10.266855,77.043042,nature,peak,Nature,0,0,3,,,,0
n10757834667,Samba Mala,Munnar,10.211945,77.064631,nature,peak,Nature,0,0,2,,,,0
n13793765362,Samburavi Malai,Munnar,10.360516,77.107801,nature,peak,Nature,0,0,3,,,,0
n10757982432,Silavar,Munnar,10.19389,77.239992,nature,peak,Nature,0,0,2,,,,0
n3158128901,Siluva Mala,Munnar,10.280513,77.084826,nature,peak,Nature,0,0,3,,,,0
n13798383982,Tangachi Malai,Munnar,10.373096,77.078876,nature,peak,Nature,0,0,3,,,,0
n7814372421,Thalaman Kuthu Waterfall,Munnar,10.052184,76.84009,nature,waterfall,Nature,0,0,2,,,,0
n5132263316,Thanakku Malai,Munnar,10.351944,77.072996,nature,peak,Nature,0,0,3,,,,0
n5834065681,Thooval watrer fall,Munnar,9.850295,77.103333,nature,waterfall,Nature,0,0,4,,,,0
n4331270453,Thoovanam Falls,Munnar,10.287013,77.187803,nature,waterfall,Nature,0,0,2,,,,0
n10757819641,Tirtha Mala,Munnar,10.189104,77.167919,nature,peak,Nature,0,0,2,,,,0
n5224499196,Umaya Mala,Munnar,10.174543,77.084627,nature,peak,Nature,0,0,3,,,,0
n10757980423,Undakkal Mala,Munnar,10.210677,77.104992,nature,peak,Nature,0,0,2,,,,0
n13793765360,Uppu Malai,Munnar,10.369296,77.176638,nature,peak,Nature,0,0,3,,,,0
n3870703093,Valara Waterfalls,Munnar,10.046571,76.839536,nature,waterfall,Nature,0,0,2,,,,0
n9874021523,Vandaravu Malai,Munnar,10.148427,77.27339,nature,peak,Nature,0,0,2,,,,0
n10757966050,Varayadu Motte,Munnar,10.207429,77.091169,nature,peak,Nature,0,0,2,,,,0
n10757980961,Vellogiri Mala,Munnar,10.249384,77.236089,nature,peak,Nature,0,0,2,,,,0
n7483885369,Viripara Waterfall,Munnar,10.078479,76.961936,nature,waterfall,Nature,0,0,3,,,,0
w617337932,kulamavu lake,Munnar,9.791883,76.887769,nature,lake,Nature,0,0,3,,,,0
n5068708622,Anaimudi view,Munnar,10.149332,77.082205,sight,viewpoint,Viewpoint,0,0,2,,,,0
n13591855101,Anamudi Peak,Munnar,10.1667,77.0667,sight,attraction,Heritage,0,0,7,Anamudi Peak in Idukki is a popular mountain attraction.,8:00 AM - 6:00 PM,no,0
n7090073885,Calmelagiri Botanical Garden,Munnar,10.09606,77.101435,sight,attraction,Heritage,0,0,2,,,,0
n6232415087,Cheeky river crossing to Latchmi Estate,Munnar,10.072338,77.056862,sight,attraction,Heritage,0,0,2,,,,0
n6110716685,Circular Tea Plantations,Munnar,10.056495,77.115173,sight,viewpoint,Viewpoint,0,0,2,,,,0
n1668697736,Deepa World Spicegarden,Munnar,10.023656,76.998458,sight,attraction,Heritage,0,0,2,,,,0
n7474354014,Echo Point,Munnar,9.956182,77.047142,sight,attraction,Heritage,0,0,2,,,,0
n4528545689,Echo point,Munnar,10.120752,77.151739,sight,attraction,Heritage,0,0,3,,,,0
n11043914206,Eravikulam National Park,Munnar,10.196012,77.00431,sight,attraction,Heritage,0,0,2,,,,0
n5068708623,Green Valley View,Munnar,10.144542,77.097679,sight,viewpoint,Viewpoint,0,0,3,,,,0
n7101661885,Hill Top View Point,Munnar,10.054109,77.043608,sight,viewpoint,Viewpoint,0,0,2,,,,0
n4621777396,Honey Tree,Munnar,10.093346,77.091887,sight,attraction,Heritage,0,0,3,,,,0
w498447464,Hydel Park,Munnar,10.069622,77.06551,sight,attraction,Heritage,0,0,9,,,,0
n7467328501,Jeep Safari,Munnar,10.033715,77.040893,sight,attraction,Heritage,0,0,2,,,,0
n7471893196,Jeep Safari,Munnar,10.02081,77.034901,sight,attraction,Heritage,0,0,2,,,,0
r15401924,KDHP Tea Museum,Munnar,10.094291,77.050498,sight,museum,Museum,1,0,14,,Tu-Su 09:00-17:00,,1
n6429953786,Looking Stone,Munnar,10.180809,77.110864,sight,attraction,Heritage,0,0,2,,,,0
n7474344479,Nadukani View Point,Munnar,9.962596,77.054153,sight,attraction,Heritage,0,0,2,,,,0
n354073879,Periya Canal Waterfall,Munnar,10.037664,77.155439,sight,attraction,Heritage,0,0,3,,,,0
n4621817191,Photo Point,Munnar,10.092355,77.089065,sight,viewpoint,Viewpoint,0,0,3,,,,0
n4620707789,Photo Point,Munnar,10.04529,77.11248,sight,viewpoint,Viewpoint,0,0,3,,,,0
n4625636189,Point #10,Munnar,10.034681,77.116219,sight,viewpoint,Viewpoint,0,0,3,,,,0
n4625626491,Point #11,Munnar,10.034724,77.115789,sight,viewpoint,Viewpoint,0,0,3,,,,0
n4625626490,Point #9,Munnar,10.034604,77.116856,sight,viewpoint,Viewpoint,0,0,3,,,,0
n7473697160,Ponmudi Dam,Munnar,9.96061,77.055444,sight,attraction,Heritage,0,0,2,,,,0
n2081993259,Ponmudi Hanging Bridge,Munnar,9.963831,77.056824,sight,viewpoint,Viewpoint,0,0,2,,,,0
w198006354,Ponmudi Suspension Bridge,Munnar,9.963825,77.056804,sight,attraction,Heritage,0,0,21,This suspension bridge does not permit more than one vehecle at a time. Heavy vehecles are strictly prohibited,,,0
n4627941691,Pothamedu,Munnar,10.059648,77.064075,sight,viewpoint,Viewpoint,0,0,3,,,,0
r20386669,Rajakkad Mahadevar Temple,Munnar,9.964555,77.096233,sight,place_of_worship,Temple,1,0,10,,,,1
n11665787206,Sunset Deck,Munnar,10.053223,77.065618,sight,viewpoint,Viewpoint,0,0,2,,,,0
n7035726885,Sunset point,Munnar,10.041295,77.039079,sight,viewpoint,Viewpoint,0,0,3,,,,0
n13511961001,Sunset/sunrise view,Munnar,10.092244,77.187624,sight,viewpoint,Viewpoint,0,0,2,,,,0
n353395204,Tea,Munnar,10.090236,77.087822,sight,viewpoint,Viewpoint,0,0,2,,,,0
n6235897186,Tea paddies,Munnar,10.091875,77.087279,sight,viewpoint,Viewpoint,0,0,3,,,,0
n6235948285,Tea paddies panorama,Munnar,10.090996,77.08811,sight,viewpoint,Viewpoint,0,0,2,,,,0
w552400970,The Fog Resort & Spa,Munnar,10.008191,77.048628,sight,attraction,Heritage,0,0,9,,Mo-Su 09:00-21:00,,0
n4625575595,The cross,Munnar,10.034885,77.114079,sight,viewpoint,Viewpoint,0,0,3,,,,0
n7118610017,Tiger Caves - Trekking to Nakshatrakuthu Waterfalls,Munnar,10.088947,76.948035,sight,attraction,Heritage,0,0,6,,,,0
n7996534639,Tourist spot - Forest,Munnar,10.200357,77.084675,sight,attraction,Heritage,0,0,2,,,,0
n11738716702,Camp Awara,Mussoorie,30.403341,78.352455,activity,camp_site,Activity,0,0,22,,,,0
r15747998,Chapra to Naugaon,Mussoorie,30.566409,78.220429,activity,hiking_route,Activity,0,0,4,,,,0
r15747999,Chinyalisaur to Chapra,Mussoorie,30.586044,78.286368,activity,hiking_route,Activity,0,0,4,,,,0
r15720460,Hangeri to Sendul,Mussoorie,30.611734,78.093865,activity,hiking_route,Activity,0,0,4,,,,0
n8327897198,Joyland Waterpark,Mussoorie,30.385855,78.129664,activity,water_park,Activity,0,0,6,,,,0
r15720410,Mussoori - Ladhur Loop,Mussoorie,30.468682,78.093068,activity,hiking_route,Activity,0,0,4,,,,0
w681258821,Mussoorie WLS,Mussoorie,30.484007,78.013744,activity,nature_reserve,Activity,1,0,7,,,,1
r11918384,Mussorie to Kyari,Mussoorie,30.500749,78.11662,activity,hiking_route,Activity,0,0,4,,,,0
r15683464,Nag Tibba,Mussoorie,30.58688,78.12019,activity,hiking_route,Activity,0,0,4,,,,0
r11926305,Pantwari to Bangaon,Mussoorie,30.639363,78.12762,activity,hiking_route,Activity,0,0,4,,,,0
r15748033,Rajrajeshwari to Maldevta,Mussoorie,30.372983,78.140639,activity,hiking_route,Activity,0,0,4,,,,0
r15720411,Rajrajeshwari to Mussorie,Mussoorie,30.426179,78.115516,activity,hiking_route,Activity,0,0,4,,,,0
r15720446,Tangri to Nagthat,Mussoorie,30.590616,78.071811,activity,hiking_route,Activity,0,0,4,,,,0
r15747997,Tathyur to Rajrajeshwari,Mussoorie,30.454153,78.143272,activity,hiking_route,Activity,0,0,4,,,,0
n9830837276,Achhrandra Tibba,Mussoorie,30.635457,78.154131,nature,peak,Nature,0,0,2,,,,0
n6440168534,Bahak,Mussoorie,30.751333,78.225649,nature,peak,Nature,0,0,3,,,,0
n6434644892,Bajamara Tibba,Mussoorie,30.765098,77.886506,nature,peak,Nature,0,0,3,,,,0
n12383563501,Benog peak,Mussoorie,30.47683,78.014186,nature,peak,Nature,0,0,2,,,,0
n9827318509,Bhatawa Tibba,Mussoorie,30.793239,77.933707,nature,peak,Nature,0,0,2,,,,0
n9830506727,Byas Shikhar,Mussoorie,30.751868,77.868605,nature,peak,Nature,0,0,2,,,,0
n12383538746,Dalai Hill,Mussoorie,30.474277,78.047952,nature,peak,Nature,0,0,2,,,,0
n9830837277,Jhandi,Mussoorie,30.706198,78.198924,nature,peak,Nature,0,0,2,,,,0
n10738804868,Kempty waterfall,Mussoorie,30.487678,78.036784,nature,waterfall,Nature,0,0,2,,,,0
n2365764332,Mani Tipri,Mussoorie,30.671353,78.165832,nature,peak,Nature,0,0,4,,,,0
w317325548,Mussoorie lake,Mussoorie,30.446366,78.078,nature,lake,Nature,0,0,3,,,,0
n775963633,Nag Tibba,Mussoorie,30.586463,78.151493,nature,peak,Nature,1,0,4,,,,1
n12357661500,Radhanath Sikdar Peak,Mussoorie,30.456246,78.02774,nature,peak,Nature,0,0,2,,,,0
n6434644891,Sao Jandri Tibba,Mussoorie,30.749167,77.910045,nature,peak,Nature,0,0,3,,,,0
n12999643048,Shikhar Falls,Mussoorie,30.411172,78.098067,nature,waterfall,Nature,0,0,2,,,,0
n1538864885,Benog Tibba,Mussoorie,30.476349,78.013969,sight,viewpoint,Viewpoint,0,0,2,,,,0
n3160886809,Char Dukan,Mussoorie,30.460802,78.095238,sight,attraction,Heritage,0,0,2,,,,0
n5001731235,Children,Mussoorie,30.459851,78.064533,sight,monument,Heritage,0,0,3,,,,0
n506119105,Company Gardens,Mussoorie,30.460825,78.052027,sight,attraction,Heritage,0,0,2,,,,0
n11405607170,Dehradun Zoo (Malsi Deer Park),Mussoorie,30.390192,78.07486,sight,attraction,Heritage,0,0,8,,Mo-Su 10:00-18:00,,0
n12999634069,Doon Valley Viewpoint,Mussoorie,30.418203,78.084508,sight,viewpoint,Viewpoint,0,0,2,,,,0
n1538846905,George Everest House,Mussoorie,30.458622,78.023281,sight,viewpoint,Viewpoint,0,0,3,,,,0
n10981967005,George Everest Peak,Mussoorie,30.456225,78.028447,sight,viewpoint,Viewpoint,0,0,2,,,,0
n506152937,Gun Hill Ropeway,Mussoorie,30.459428,78.07479,sight,attraction,Heritage,0,0,2,,,,0
n13001527132,Jharipani Waterfall,Mussoorie,30.427197,78.093122,sight,viewpoint,Viewpoint,0,0,2,,,,0
n10026662676,Kappu View Point,Mussoorie,30.406332,78.096375,sight,viewpoint,Viewpoint,0,0,2,,,,0
n506119103,Lal Tibba,Mussoorie,30.466743,78.095053,sight,viewpoint,Viewpoint,0,0,2,,,,0
n12999634067,Mehla Viewpoint (Kipling Trail),Mussoorie,30.416764,78.086892,sight,viewpoint,Viewpoint,0,0,2,,,,0
n4212057865,Periscope Point,Mussoorie,30.459234,78.075089,sight,viewpoint,Viewpoint,0,0,2,,,,0
n12999634068,Rocky Point-Trek,Mussoorie,30.417804,78.085111,sight,viewpoint,Viewpoint,0,0,2,,,,0
n10026662643,Thappi View point,Mussoorie,30.410025,78.095376,sight,viewpoint,Viewpoint,0,0,2,,,,0
n1538867336,The Abbey,Mussoorie,30.460828,78.043135,sight,ruins,Heritage,0,0,2,,,,0
n5001731430,Viewdeck,Mussoorie,30.459488,78.064267,sight,viewpoint,Viewpoint,0,0,3,,,,0
n1568870392,Aquarium,Mysore,12.422539,76.574843,activity,aquarium,Activity,0,0,2,,,,0
w670561818,Arabithittu WLS,Mysore,12.326978,76.405916,activity,nature_reserve,Activity,1,0,7,,,,1
w28240152,GRS Fantasy Park,Mysore,12.353971,76.633591,activity,theme_park,Activity,0,0,26,,"Mo-Sa 10:30-18:00; Su, PH 10:30-19:00",,0
w1198033079,Lokaranjan Aquarium,Mysore,12.304807,76.663947,activity,aquarium,Activity,0,0,3,,,,0
r9329660,Ranganathittu Bird Sanctuary,Mysore,12.397434,76.689076,activity,nature_reserve,Activity,1,0,7,,,,1
w28950421,Sri Chamarajendra Zoological Garden,Mysore,12.300775,76.667576,activity,zoo,Activity,1,0,7,,,,1
n6075120822,Balamuri Waterfall,Mysore,12.413395,76.605961,nature,waterfall,Nature,0,0,3,,,,0
n3898777628,Bebi Betta,Mysore,12.510235,76.57619,nature,peak,Nature,0,0,4,,,,0
w361381691,Bogadi lake,Mysore,12.309561,76.60274,nature,lake,Nature,0,0,4,,,,0
w151380456,Brindavan Gardens,Mysore,12.420934,76.57443,nature,garden,Nature,1,0,5,,,,1
n1575083830,Chamundi Hill,Mysore,12.272402,76.670394,nature,peak,Nature,0,0,6,,,,0
w963989370,Chikatte Kere,Mysore,12.575503,76.553093,nature,lake,Nature,0,0,7,,,,0
w54626189,Devikere,Mysore,12.237667,76.333063,nature,lake,Nature,0,0,5,,,,0
w963989371,Doddakere,Mysore,12.577988,76.546014,nature,lake,Nature,0,0,7,,,,0
w1010810236,Hebbal Lake,Mysore,12.358006,76.611068,nature,lake,Nature,1,0,6,,,,1
n1712330763,Karighatta,Mysore,12.425094,76.7196,nature,peak,Nature,0,0,4,,,,0
n4144562019,Kunti Betta,Mysore,12.508243,76.698265,nature,peak,Nature,0,0,3,,,,0
w85568390,Lingambudhi Lake,Mysore,12.271081,76.611229,nature,lake,Nature,1,0,7,,,,1
w525506022,Lingambudi Lake,Mysore,12.347897,76.598893,nature,lake,Nature,0,0,4,,,,0
n2767745401,Malleshwarana Betta,Mysore,12.168624,76.455831,nature,peak,Nature,0,0,3,,,,0
w249886597,Seasonal,Mysore,12.40926,76.573345,nature,lake,Nature,0,0,3,,,,0
w1149976260,Tavarekere Lake,Mysore,12.289808,76.687146,nature,lake,Nature,0,0,4,,,,0
w160835371,Tonnuru Kere,Mysore,12.568757,76.637095,nature,lake,Nature,0,0,5,,,,0
n9196682417,Yedmuri Falls,Mysore,12.415588,76.594186,nature,waterfall,Nature,0,0,2,,,,0
n5725420321,Armoury House,Mysore,12.420348,76.688628,sight,monument,Heritage,0,0,2,,,,0
n5727601821,Armoury House,Mysore,12.424374,76.677117,sight,monument,Heritage,0,0,2,,,,0
n7076853485,Bird Sanctuary,Mysore,12.28473,76.656378,sight,attraction,Heritage,0,0,4,,,,0
n4585165992,Birds Watch Tower,Mysore,12.303731,76.676206,sight,attraction,Heritage,0,0,3,,,,0
n4585237547,Funway,Mysore,12.295285,76.683099,sight,attraction,Heritage,0,0,3,,,,0
n5235925922,House of R. K. Narayan,Mysore,12.327932,76.640705,sight,museum,Museum,0,0,6,,,,0
w426391244,Indira Gandhi Rashtriya Manav Sangrahalaya,Mysore,12.314496,76.65752,sight,museum,Museum,0,0,4,,,,0
n3390746047,KPC Glass House,Mysore,12.310159,76.648064,sight,attraction,Heritage,0,0,2,,,,0
n542404091,Kaveri Kala Kuteera,Mysore,12.291861,76.632179,sight,museum,Museum,0,0,3,,,,0
n3224357583,Krishnaraja Wodeyar,Mysore,12.308784,76.653066,sight,monument,Heritage,0,0,3,,,,0
w1076054313,Lokaranjan Mahal,Mysore,12.303893,76.664957,sight,attraction,Heritage,0,0,3,,,,0
n3668309489,Mahishasura,Mysore,12.275073,76.670959,sight,monument,Heritage,1,0,8,,,,1
n3276157977,Melody World Wax Museum,Mysore,12.302396,76.67772,sight,museum,Museum,0,0,7,,10:00-19:00,,0
w656323590,Mysore Palace,Mysore,12.305254,76.656074,sight,castle,Heritage,1,0,12,,,,1
w316013396,Mysuru Rail Museum,Mysore,12.316066,76.643965,sight,museum,Museum,0,0,6,,,,0
n1153369645,Narasimharaja Wodeyar,Mysore,12.308279,76.655826,sight,monument,Heritage,0,0,5,,,,0
n12756638545,North Gate Palace View,Mysore,12.307353,76.655722,sight,viewpoint,Viewpoint,0,0,2,,,,0
n6372190285,Old Town Mysore,Mysore,12.31661,76.652445,sight,attraction,Heritage,0,0,2,,,,0
n12000235169,Payana Car Museum,Mysore,12.389844,76.66801,sight,museum,Museum,0,0,9,,Mo-Su 09:00-19:30,,0
w143938503,Planet X,Mysore,12.288119,76.673621,sight,attraction,Heritage,0,0,2,,,,0
n666631038,Ranganatha Temple,Mysore,12.424876,76.67927,sight,monument,Heritage,0,0,3,,,,0
n411451909,Ranganathittu Bird Sanctuary,Mysore,12.423852,76.655308,sight,attraction,Heritage,1,0,5,,,,1
w1192131943,Regional Museum of Natural History Mysore,Mysore,12.305704,76.674424,sight,museum,Museum,1,0,6,,,,1
n3276157874,Sand museum,Mysore,12.295029,76.682019,sight,museum,Museum,0,0,6,,Mo-Su 08:30-18:30,yes,0
n7144159385,Sandalwood Oil Factory,Mysore,12.280617,76.638372,sight,museum,Museum,0,0,2,,,,0
n4101646591,Sharada Public School,Mysore,12.28558,76.596875,sight,attraction,Heritage,0,0,2,,,,0
r5422792,Sri Chamundeshwari Temple,Mysore,12.272474,76.670725,sight,place_of_worship,Temple,1,0,13,,,,1
w1076054320,Srikantadatta Narasimharaja Wodeyar Snow City,Mysore,12.305651,76.665816,sight,attraction,Heritage,0,0,4,,,,0
w28275837,St. Philomena's Church,Mysore,12.321036,76.658303,sight,place_of_worship,Temple,1,0,13,,,,1
n11704288319,The Largest Tyre of India,Mysore,12.313217,76.651859,sight,attraction,Heritage,0,0,2,,,,0
w312174968,University Folklore Museum,Mysore,12.313403,76.622449,sight,museum,Museum,1,0,7,,,,1
w1259067906,View Tower,Mysore,12.316193,76.643774,sight,viewpoint,Viewpoint,0,0,2,,,,0
w1458945042,Vishwam Museum,Mysore,12.284184,76.658188,sight,museum,Museum,0,0,2,,,,0
n3909162622,Aquarium,Nagpur,21.143677,79.075264,activity,aquarium,Activity,0,0,2,,,,0
w1143945701,Dwarka Water Park,Nagpur,21.390381,79.039371,activity,water_park,Activity,0,0,2,,,,0
w737055766,Fun Planet,Nagpur,21.336349,79.003018,activity,water_park,Activity,0,0,3,,,,0
n14050116801,Gorewada Zoo,Nagpur,21.191731,79.010161,activity,zoo,Activity,0,0,2,,,,0
w280422678,Maharaj Bagh,Nagpur,21.143685,79.076772,activity,zoo,Activity,1,0,4,,,,1
w396521633,Pre-Historic Animal Park,Nagpur,21.146013,79.093231,activity,theme_park,Activity,0,0,2,,,,0
n13290388602,Xplore Trampoline and Amusement Park,Nagpur,21.145571,79.004205,activity,theme_park,Activity,0,0,3,,,,0
w663508912,Adasa Lake,Nagpur,21.332955,78.938012,nature,lake,Nature,0,0,3,,,,0
r9151319,Futala Lake,Nagpur,21.154411,79.040803,nature,lake,Nature,0,0,4,,,,0
w27058684,Gandhi Sagar,Nagpur,21.146256,79.09874,nature,lake,Nature,0,0,8,,,,0
n6900509908,Hanuman Tekdi,Nagpur,21.309907,79.016373,nature,peak,Nature,0,0,3,,,,0
r1943942,Koradi Lake,Nagpur,21.259485,79.092729,nature,lake,Nature,0,0,4,,,,0
w226312550,Nagar Parishad Garden and Lake View,Nagpur,21.234532,78.915219,nature,lake,Nature,0,0,3,,,,0
w246262221,Sonegaon Lake,Nagpur,21.100353,79.052097,nature,lake,Nature,1,0,6,,,,1
n3906199861,22 Vows,Nagpur,21.128517,79.067683,sight,monument,Heritage,0,0,2,,,,0
n4268296529,Agresan Bhavan,Nagpur,21.14687,79.054114,sight,attraction,Heritage,0,0,6,,,,0
w855267701,Decommissioned Mig-21 fighter plane,Nagpur,21.122763,79.051302,sight,monument,Heritage,0,0,3,,,,0
n297521871,Deekshabhoomi,Nagpur,21.128201,79.06693,sight,monument,Heritage,1,0,7,,,,1
w472494494,IAF Hunter Aircraft,Nagpur,21.133907,79.045604,sight,monument,Heritage,0,0,2,,,,0
n10238293516,IAF historic aircraft,Nagpur,21.176216,79.061366,sight,museum,Museum,0,0,4,,"PH,Mo-Su 06:00-21:00",no,0
w737063303,Mahurzari Stone Circles,Nagpur,21.222082,79.003788,sight,archaeological_site,Heritage,0,0,4,,,,0
n6160454106,Meetha Neem Dargah,Nagpur,21.151608,79.078552,sight,place_of_worship,Temple,1,0,5,,,,1
w657754516,Nagpur Central Museum,Nagpur,21.150925,79.078062,sight,museum,Museum,1,0,6,,,,1
w629487561,Narrow Guage Rail Museum,Nagpur,21.165219,79.090426,sight,museum,Museum,0,0,2,,,,0
w262655781,Raman Science Centre,Nagpur,21.145866,79.09391,sight,museum,Museum,0,0,2,,,,0
w246262219,Sitabuldi Fort,Nagpur,21.148407,79.08405,sight,castle,Heritage,1,0,6,,,,1
w386910162,Stone Circles of Junapani,Nagpur,21.1961,78.999187,sight,archaeological_site,Heritage,1,0,4,,,,1
w664967757,Swami Vivekanand Smarak,Nagpur,21.124664,79.043811,sight,attraction,Heritage,0,0,2,,,,0
n2533218217,Zero Mile Stone,Nagpur,21.149788,79.080686,sight,monument,Heritage,1,0,6,,,,1
n7394113691,book monument,Nagpur,21.14444,79.074113,sight,monument,Heritage,0,0,2,,,,0
n7394129914,horticultre monument,Nagpur,21.140383,79.072584,sight,monument,Heritage,0,0,2,,,,0
n10940047838,Corbett Falls Ecopark,Nainital,29.277822,79.320977,activity,zoo,Activity,0,0,3,,,,0
n11169739694,Golden Fun Park & Resort,Nainital,29.320702,79.5214,activity,theme_park,Activity,0,0,5,,,yes,0
n11740058947,"Green Valley Camping and Adventure, Book A Camp 013",Nainital,29.418613,79.403373,activity,camp_site,Activity,0,0,23,,,,0
w1070502403,Hills Fun Park,Nainital,29.227262,79.46024,activity,theme_park,Activity,0,0,3,,,,0
w1010134318,Hunny Wonderland Water Park,Nainital,29.167163,79.506606,activity,water_park,Activity,0,0,2,,,,0
n747102735,Naina Peak,Nainital,29.406629,79.439759,activity,camp_site,Activity,0,0,2,,,,0
w169667475,Nainital Zoo,Nainital,29.380554,79.468904,activity,zoo,Activity,0,0,2,,,,0
n6396075597,Badantoll,Nainital,29.478113,79.379321,nature,peak,Nature,0,0,3,,,,0
r6147601,Bhimtal Lake,Nainital,29.343519,79.558885,nature,lake,Nature,1,0,8,,,,1
n6411618637,Chapar,Nainital,29.588097,79.525233,nature,peak,Nature,0,0,3,,,,0
n6330925752,Chhota Kailash,Nainital,29.27194,79.650424,nature,peak,Nature,0,0,3,,,,0
n6413689884,Debguru,Nainital,29.336305,79.793873,nature,peak,Nature,0,0,3,,,,0
n6393221705,Deothal,Nainital,29.361498,79.68468,nature,peak,Nature,0,0,3,,,,0
n6401912334,Dhari Patagoli,Nainital,29.49717,79.538242,nature,peak,Nature,0,0,3,,,,0
n6404461984,Dhokaney Falls,Nainital,29.528745,79.57066,nature,waterfall,Nature,0,0,3,,,,0
n6330607617,Gajar,Nainital,29.459764,79.73833,nature,peak,Nature,0,0,3,,,,0
w82889357,Garur Taal,Nainital,29.356788,79.530937,nature,lake,Nature,0,0,7,,,,0
w842497920,Halyari Tal,Nainital,29.204968,79.758819,nature,lake,Nature,0,0,3,,,,0
n4161773289,"Janardan Resort Pangot, Nainital",Nainital,29.424566,79.42734,nature,peak,Nature,0,0,21,"It’s situated 13kms from Nainital in a small village known as Pangot. The place is renowned for birdwatching & hiking activities. Rooms have 8 large airy rooms with French windows, 24x7 Hot & Cold water, attached toilets, room service on call, etc",24/7,,0
n6411875867,Kalimat,Nainital,29.642248,79.661256,nature,peak,Nature,0,0,3,,,,0
n6391751759,Karkot Dhar,Nainital,29.355191,79.571228,nature,peak,Nature,0,0,4,,,,0
w560129093,Kurpa Tal,Nainital,29.372507,79.428289,nature,lake,Nature,0,0,4,,,,0
w637238162,Loha Khani Tal,Nainital,29.202185,79.767496,nature,lake,Nature,0,0,3,,,,0
n8002401226,Mr. Amit Bisht House,Nainital,29.378732,79.431234,nature,peak,Nature,0,0,2,,,,0
w82889387,Naini Lake,Nainital,29.385561,79.459227,nature,lake,Nature,0,0,8,,,,0
w682537156,Nal Damyanti Tal,Nainital,29.362606,79.533961,nature,lake,Nature,0,0,6,,,,0
w82889356,Naukuchhiatal,Nainital,29.322649,79.585635,nature,lake,Nature,0,0,3,,,,0
w82889353,Pruna Tal,Nainital,29.353097,79.524522,nature,lake,Nature,0,0,7,,,,0
w82889352,Ram Tal,Nainital,29.349749,79.532843,nature,lake,Nature,0,0,8,,,,0
w842497922,Sariyatal,Nainital,29.379493,79.431085,nature,lake,Nature,0,0,4,,,,0
w82889355,Seeta Tal,Nainital,29.350865,79.529629,nature,lake,Nature,0,0,8,,,,0
n6393222553,Sekapanda,Nainital,29.402558,79.751451,nature,peak,Nature,0,0,3,,,,0
w842497921,Sukha Tal,Nainital,29.392406,79.444373,nature,lake,Nature,0,0,4,,,,0
w343146418,Aquarium,Nainital,29.342454,79.561889,sight,attraction,Heritage,0,0,7,,,,0
n9811868716,Bada Bazar,Nainital,29.392363,79.453284,sight,attraction,Heritage,0,0,2,,,,0
n1805677685,Botanic Garden,Nainital,29.3842,79.435977,sight,attraction,Heritage,0,0,4,,,,0
n1805677641,Dorthy Seat,Nainital,29.383302,79.450722,sight,viewpoint,Viewpoint,0,0,2,,,,0
n1804677793,Eco Cave Garden,Nainital,29.392146,79.445339,sight,attraction,Heritage,0,0,2,,,,0
n11549983125,Folk Museum And Art Gallery,Nainital,29.365282,79.547346,sight,museum,Museum,0,0,2,,,,0
w1242229758,Himalayan Museum,Nainital,29.383682,79.45835,sight,museum,Museum,0,0,3,,,,0
n1805677642,Land's End,Nainital,29.380742,79.438751,sight,viewpoint,Viewpoint,0,0,2,,,,0
n747102813,Naini Peak,Nainital,29.403837,79.441383,sight,viewpoint,Viewpoint,0,0,2,,,,0
n5167532563,Prof Govind Balapant,Nainital,29.336382,79.557959,sight,monument,Heritage,0,0,2,,,,0
n3908321628,Raj Bhavan,Nainital,29.374126,79.456935,sight,attraction,Heritage,0,0,5,,,,0
n1804607577,Snow View,Nainital,29.395226,79.461999,sight,viewpoint,Viewpoint,0,0,2,,,,0
n11174976508,Sunset Point,Nainital,29.327525,79.478378,sight,viewpoint,Viewpoint,0,0,2,,,,0
n10206693777,Tea Garden,Nainital,29.389114,79.541619,sight,attraction,Heritage,0,0,2,,,,0
n8509401685,Waterfall,Nainital,29.274125,79.464921,sight,attraction,Heritage,0,0,2,,,,0
w1527595310,Anjaneri,Nashik,19.92961,73.576794,activity,hiking_route,Activity,0,0,5,,,,0
r15551633,Dubera Fort,Nashik,19.789001,73.970966,activity,hiking_route,Activity,0,0,4,,,,0
w866159214,Durg bhandar,Nashik,19.918129,73.531188,activity,hiking_route,Activity,0,0,5,,,,0
r20950777,EST 01,Nashik,19.901003,73.587031,activity,hiking_route,Activity,0,0,10,,,,0
r15551601,Pandav Leni,Nashik,19.941714,73.748741,activity,hiking_route,Activity,0,0,4,,,,0
w574967035,Pavanraj Aquarium,Nashik,20.032647,73.807037,activity,aquarium,Activity,0,0,3,,,,0
r15551602,Rameshej Fort,Nashik,20.11006,73.76948,activity,hiking_route,Activity,0,0,4,,,,0
r11843538,Ranjangiri,Nashik,19.905739,73.624134,activity,hiking_route,Activity,0,0,4,,,,0
w866159212,Ranjangiri Fort,Nashik,19.905739,73.624134,activity,hiking_route,Activity,0,0,5,,,,0
n13448362983,Amba Dongar,Nashik,19.981174,73.463259,nature,peak,Nature,0,0,3,,,,0
n10705834293,Bandeo,Nashik,19.765977,73.627689,nature,peak,Nature,0,0,2,,,,0
n8073370101,Bhaskargad/Basgad,Nashik,19.904363,73.430943,nature,peak,Nature,0,0,2,,,,0
n7192682075,Bhorgad,Nashik,20.119658,73.737823,nature,peak,Nature,0,0,3,,,,0
n12278284892,Brahma Dongar,Nashik,19.913282,73.482272,nature,peak,Nature,0,0,3,,,,0
w230624701,Chamar Leni,Nashik,20.067605,73.792951,nature,peak,Nature,0,0,2,,,,0
n9198670538,Dangya Pinnacle,Nashik,19.88281,73.617777,nature,peak,Nature,0,0,2,,,,0
n700979771,Dehergad,Nashik,20.126885,73.744875,nature,peak,Nature,0,0,4,,,,0
n7818514419,Durg bhandar,Nashik,19.914441,73.521275,nature,peak,Nature,0,0,3,,,,0
w198890515,Gautam talav,Nashik,19.930963,73.530191,nature,lake,Nature,0,0,6,,,,0
n6020591125,Harihar Fort,Nashik,19.906068,73.472146,nature,peak,Nature,0,0,4,,,,0
w199009723,Indra Kund,Nashik,19.932438,73.528612,nature,lake,Nature,0,0,5,,,,0
r9082894,Lake Belae,Nashik,19.759245,73.703944,nature,lake,Nature,0,0,8,,,,0
n12278299485,Phani Dongar,Nashik,19.907964,73.453264,nature,peak,Nature,0,0,2,,,,0
n7192403513,Ramshej,Nashik,20.113395,73.76719,nature,peak,Nature,0,0,3,,,,0
n8088040025,Ranjangiri,Nashik,19.911126,73.629679,nature,peak,Nature,0,0,2,,,,0
n12284877711,Shahariya Dongar,Nashik,19.883759,73.431204,nature,peak,Nature,0,0,2,,,,0
n12278297088,Simvasan Dongar,Nashik,19.892403,73.473183,nature,peak,Nature,0,0,2,,,,0
n13717780053,Thamnagad,Nashik,19.925179,73.627118,nature,peak,Nature,0,0,2,,,,0
n8090081086,Tringalwadi,Nashik,19.736981,73.535764,nature,peak,Nature,0,0,2,,,,0
n13446779617,Trirashmi Hill,Nashik,19.939079,73.749252,nature,peak,Nature,0,0,2,,,,0
n8073370100,Utwad,Nashik,19.912634,73.422629,nature,peak,Nature,0,0,2,,,,0
w1466161772,Buddha Smarak,Nashik,19.943934,73.748147,sight,attraction,Heritage,0,0,4,,,,0
w361247890,Kalaram Mandir,Nashik,20.00695,73.795219,sight,attraction,Heritage,0,0,4,,,,0
n2629584786,Panchavati,Nashik,20.006685,73.793572,sight,attraction,Heritage,0,0,4,,,,0
w1466071634,Pandav Leni Caves,Nashik,19.940503,73.7487,sight,archaeological_site,Heritage,1,0,8,,,yes,1
w1466161773,Phalke Smarak,Nashik,19.943347,73.750043,sight,attraction,Heritage,0,0,3,,,,0
n13502376721,Ram Kund Boating,Nashik,20.007351,73.791879,sight,attraction,Heritage,0,0,2,,,,0
n4115262090,Ramkund,Nashik,20.007264,73.79249,sight,attraction,Heritage,0,0,7,Considered the spot at which Lord Rama bathed,24/7,,0
n9893202946,Ramshej Fort,Nashik,20.113679,73.767054,sight,fort,Heritage,0,0,3,,,,0
n4115267791,Sita Gufa,Nashik,20.007723,73.796161,sight,attraction,Heritage,0,0,5,,,,0
n12382458800,Someshwar waterfall,Nashik,20.029199,73.723403,sight,attraction,Heritage,0,0,2,,,,0
w1288334484,Sula Vineyards,Nashik,20.006603,73.687782,sight,attraction,Heritage,0,0,4,,,,0
n13264751284,Swatantryaveer Savarkar Janmasthan Wada Bhagur,Nashik,19.8753,73.833389,sight,museum,Museum,0,0,3,,,,0
w1466462310,Yashwantrao Chavan Planetarium,Nashik,19.995967,73.775048,sight,museum,Museum,0,0,2,,,,0
n13146465014,Just Chill Water And Fun Park,New Delhi,28.84965,77.126611,activity,water_park,Activity,0,0,5,,,,0
n9202287940,Museum of Illusions,New Delhi,28.633419,77.218087,activity,theme_park,Activity,0,0,7,,"Mo-Fr 11:00-20:00; Sa,Su,PH 11:00-20:30",,0
n11698612191,NCC Bhawan Rohini,New Delhi,28.731668,77.139459,activity,camp_site,Activity,0,0,2,,,,0
n4984201651,Spider,New Delhi,28.674742,77.198707,activity,climbing,Activity,0,0,3,,,,0
w625482881,Splash Water Park,New Delhi,28.802894,77.144569,activity,water_park,Activity,0,0,3,,,,0
w528700911,Yamuna Biodiversity Park,New Delhi,28.739474,77.214118,activity,nature_reserve,Activity,0,0,2,,,,0
n13622236726,265,New Delhi,28.624791,77.327746,nature,peak,Nature,0,0,2,,,,0
w80936826,Ajmal Khan Park,New Delhi,28.653457,77.197031,nature,park,Nature,1,0,5,,,,1
w290620874,Coronation Park,New Delhi,28.722474,77.197114,nature,park,Nature,1,0,4,,,,1
w792065729,DTU Lake,New Delhi,28.749618,77.113002,nature,lake,Nature,0,0,5,Permanent Lake residing in the campus of Delhi Technological University. Depth of the lake is deeper than 6 feet.,,,0
w1428306189,Khooni Jheel,New Delhi,28.680558,77.216841,nature,lake,Nature,0,0,3,,,,0
w1189315016,Naini Lake,New Delhi,28.707227,77.194399,nature,lake,Nature,0,0,3,,,,0
n4984163374,Peak Sub Park,New Delhi,28.674497,77.199486,nature,peak,Nature,0,0,4,,,,0
w80429893,Raj Ghat,New Delhi,28.644738,77.249768,nature,park,Nature,1,0,11,,,,1
w510046937,Roshanara Pond,New Delhi,28.67373,77.198056,nature,lake,Nature,0,0,3,,,,0
w76849338,Sanjay Lake,New Delhi,28.615535,77.29975,nature,lake,Nature,1,0,5,,,,1
w1479140394,Serpentine Lake,New Delhi,28.682565,77.217739,nature,lake,Nature,0,0,3,,,,0
w480075080,Shahdara Lake,New Delhi,28.675464,77.277927,nature,lake,Nature,0,0,5,,,,0
w78473710,Shalimar Bagh,New Delhi,28.718193,77.150268,nature,park,Nature,1,0,7,,sunrise-sunset,,1
n4475201989,188,New Delhi,28.688753,77.124054,sight,attraction,Heritage,0,0,3,,,,0
n4475127991,191,New Delhi,28.688866,77.124417,sight,attraction,Heritage,0,0,3,,,,0
n4474634990,192,New Delhi,28.688865,77.124289,sight,attraction,Heritage,0,0,3,,,,0
w500411689,Agrasen ki Baoli,New Delhi,28.626093,77.225012,sight,archaeological_site,Heritage,1,0,13,,,,1
n2940449157,Ajitgarh,New Delhi,28.671362,77.210762,sight,monument,Heritage,1,0,7,,,,1
w973086049,Ajmeri Gate,New Delhi,28.646253,77.224004,sight,attraction,Heritage,1,0,7,,,,1
w400921719,Akshardham,New Delhi,28.612515,77.277359,sight,place_of_worship,Temple,1,0,33,,Tu-Su 09:30-18:30,,1
n10278723609,Albero nel muro,New Delhi,28.643203,77.210844,sight,attraction,Heritage,0,0,2,,,,0
n12409628331,Angels Wing Steel Structure,New Delhi,28.619269,77.240604,sight,attraction,Heritage,0,0,2,,,,0
w265813745,Anglo Arabic Public School,New Delhi,28.646099,77.222207,sight,attraction,Heritage,0,0,3,,,,0
n10262578319,Archeological Survey of India,New Delhi,28.657092,77.240005,sight,museum,Museum,0,0,5,,,no,0
n2940449158,Ashoka Pillar,New Delhi,28.673843,77.211882,sight,monument,Heritage,1,0,7,,,,1
w499889060,Baba Baghel Sikh Museum,New Delhi,28.625982,77.209032,sight,museum,Museum,0,0,4,,,,0
n13146724915,Badli Ki Sarai,New Delhi,28.719026,77.167651,sight,monument,Heritage,0,0,2,,,,0
n3991743216,Bahi Mati Dass museum,New Delhi,28.656511,77.232407,sight,museum,Museum,0,0,3,,,,0
n4483906289,Bannu Enclave,New Delhi,28.691332,77.116931,sight,attraction,Heritage,0,0,3,,,,0
w97230899,Baoli,New Delhi,28.635991,77.24468,sight,ruins,Heritage,0,0,3,,,,0
n10867382906,Baoli (step well),New Delhi,28.659017,77.240867,sight,attraction,Heritage,0,0,2,,,,0
n10867382905,Bose museum,New Delhi,28.658207,77.242013,sight,museum,Museum,0,0,4,,,no,0
n6799103996,Cannon,New Delhi,28.657636,77.229484,sight,attraction,Heritage,0,0,5,,,,0
n3268564739,Chandni Chowk,New Delhi,28.655983,77.232194,sight,attraction,Heritage,1,0,8,,,,1
w265972476,City Wall South of Daryaganj,New Delhi,28.6454,77.243948,sight,archaeological_site,Heritage,0,0,3,,,,0
w973086054,Delhi Gate,New Delhi,28.641181,77.240564,sight,attraction,Heritage,1,0,10,,,,1
n11684986917,Delhi-Topra Pillar,New Delhi,28.63578,77.245354,sight,attraction,Heritage,1,0,5,,,,1
w78480655,Dilli Haat,New Delhi,28.695956,77.149868,sight,attraction,Heritage,1,0,7,,,,1
n938523891,Diwan-e-Aam,New Delhi,28.655782,77.242312,sight,attraction,Heritage,1,0,8,,,,1
w80429830,Diwan-e-Khaas,New Delhi,28.656471,77.243577,sight,monument,Heritage,1,0,10,,,,1
w80429794,Diwan-i-Aam,New Delhi,28.655722,77.24232,sight,monument,Heritage,1,0,10,,,,1
w1348458206,Doctor Ambedkar National Memorial,New Delhi,28.684036,77.221626,sight,museum,Museum,1,0,11,,Tu-Su 10:00-19:00,,1
w1039497824,EOD Adventure Park,New Delhi,28.613739,77.296597,sight,attraction,Heritage,0,0,3,,,,0
n2940614715,Embankment,New Delhi,28.712039,77.227964,sight,archaeological_site,Heritage,0,0,2,,,,0
w1121647750,Fariha Jame Mosque,New Delhi,28.641838,77.198148,sight,attraction,Heritage,0,0,7,,07:00-17:00,,0
n7514577467,Freedom-Struggle Museum,New Delhi,28.656231,77.24015,sight,museum,Museum,0,0,7,,,no,0
w289912655,Gandhi Darshan,New Delhi,28.637432,77.250106,sight,museum,Museum,0,0,6,,,,0
n4984199234,Gazebo by the Hillock,New Delhi,28.674817,77.199464,sight,castle,Heritage,0,0,2,,,,0
n2722906932,Ghata Masjid,New Delhi,28.646425,77.245005,sight,archaeological_site,Heritage,0,0,2,,,,0
n2981414567,Graves,New Delhi,28.664876,77.196681,sight,archaeological_site,Heritage,0,0,2,,,,0
n2981346624,Graveyard,New Delhi,28.645691,77.216411,sight,archaeological_site,Heritage,0,0,2,,,,0
w265824668,Gurdwara Sis Ganj Sahib,New Delhi,28.655956,77.232421,sight,place_of_worship,Temple,1,0,9,,,,1
w223903620,Hammam,New Delhi,28.656807,77.243512,sight,monument,Heritage,1,0,11,"It is a building that housed the baths and was used by the emperors. In the eastern apartment of Hammam, there is a dressing room. In the western department, hot water flows through the taps. The interiors of Hammam were decorated with white marble.",,,1
w265813744,Idgah,New Delhi,28.653772,77.205723,sight,attraction,Heritage,0,0,3,,,,0
n5841372887,Indian National Science Academy,New Delhi,28.628836,77.240684,sight,attraction,Heritage,1,0,10,,,,1
n7511711057,Indian War Memorial Museum,New Delhi,28.655833,77.240994,sight,museum,Museum,0,0,24,The Indian War Memorial Museum was set up as a tribute to the soldiers who had participated in the World Wars in India and abroad on behalf of the British.,Tu-Su 09:00-17:00,no,0
w1137558567,Jai Prakash Yantra,New Delhi,28.626772,77.216526,sight,monument,Heritage,0,0,6,,,,0
r3926057,Jama Masjid,New Delhi,28.650686,77.233467,sight,attraction,Heritage,1,0,23,,"Mo-Su 07:00-12:00, 13:30-18:30",,1
w223456559,"Jantar Mantar Astronomical Observatory, Delhi",New Delhi,28.627099,77.216596,sight,archaeological_site,Heritage,1,0,14,,sunrise-sunset,yes,1
n8151144339,Jhandewalan Temple,New Delhi,28.649147,77.204153,sight,place_of_worship,Temple,1,0,7,,,,1
n4474635289,Jhang Bhavan,New Delhi,28.687661,77.124817,sight,attraction,Heritage,0,0,3,,,,0
w265818322,Kashmiri Gate,New Delhi,28.666809,77.229009,sight,archaeological_site,Heritage,1,0,20,,,,1
n4483893390,Kasturba Apartments,New Delhi,28.691484,77.116702,sight,attraction,Heritage,0,0,3,,,,0
w80429887,Khas Mahal,New Delhi,28.656132,77.243596,sight,monument,Heritage,1,0,9,,,,1
w464253914,Khooni Darwaza,New Delhi,28.635994,77.241016,sight,attraction,Heritage,1,0,7,,,,1
w1448399387,Kisan Ghat,New Delhi,28.639593,77.252834,sight,monument,Heritage,1,0,6,,,,1
w97230898,Kotla Firoz Shah Palace,New Delhi,28.634641,77.244776,sight,ruins,Heritage,0,0,4,,,,0
w97230893,Kotla Firoz Shah Ruins,New Delhi,28.635271,77.244331,sight,fort,Heritage,1,0,12,,Sunrise - Sunset,yes,1
n2714555470,Kunwari Begum ka Burj,New Delhi,28.646428,77.215353,sight,archaeological_site,Heritage,0,0,2,,,,0
n2702748543,Lahori Gate,New Delhi,28.656841,77.218534,sight,archaeological_site,Heritage,1,0,7,,,,1
n2833952243,Lakshmi Narayan Temple,New Delhi,28.632751,77.198971,sight,place_of_worship,Temple,1,0,10,,,,1
n12409604217,Laser Cut Steel Structure,New Delhi,28.6167,77.240566,sight,attraction,Heritage,0,0,3,,,,0
n5658411221,Madame Tussaud’s Museum,New Delhi,28.630885,77.216947,sight,museum,Museum,1,0,9,,,,1
w1454838166,Mahilla Haat,New Delhi,28.640507,77.236576,sight,attraction,Heritage,0,0,8,,Su,,0
w352447818,Maqbara-e-Paik,New Delhi,28.734663,77.156862,sight,attraction,Heritage,0,0,2,,,,0
w1137558570,Misra Yantra,New Delhi,28.627592,77.216375,sight,monument,Heritage,0,0,7,,,,0
n2940614716,Mosque,New Delhi,28.711771,77.228079,sight,archaeological_site,Heritage,0,0,2,,,,0
w223903623,Moti Masjid,New Delhi,28.656848,77.243142,sight,place_of_worship,Temple,1,0,11,,,,1
w80429815,Mumtaz Mahal,New Delhi,28.654524,77.243423,sight,monument,Heritage,1,0,10,,,,1
n7043098989,Museum of Musical Instruments,New Delhi,28.624264,77.231236,sight,museum,Museum,0,0,2,,,,0
n10262566439,Museum on Netaji Subhas Chandra Bose and Indian National Army,New Delhi,28.658188,77.242074,sight,museum,Museum,0,0,5,,,no,0
n13744094901,My home,New Delhi,28.696163,77.297602,sight,castle,Heritage,0,0,5,,,,0
w485053609,National Charkha Museum,New Delhi,28.631302,77.217887,sight,museum,Museum,1,0,13,,10:00-21:00,yes,1
n2962182563,National Children Museum,New Delhi,28.632809,77.238137,sight,museum,Museum,0,0,3,,,,0
w351418767,National Gandhi Museum,New Delhi,28.638811,77.245852,sight,museum,Museum,0,0,12,,Mo-Su 09:30-17:30,,0
w895122216,National Handicrafts Museum,New Delhi,28.613856,77.24223,sight,museum,Museum,1,0,9,,,,1
w1248096979,National Science Center,New Delhi,28.613228,77.245559,sight,museum,Museum,1,0,11,,Mo-Su 09:30-18:00,yes,1
w80429900,Naubat Khana,New Delhi,28.655789,77.240992,sight,monument,Heritage,0,0,8,,,,0
n4474635190,Neelamber Apartments,New Delhi,28.68842,77.123728,sight,attraction,Heritage,0,0,3,,,,0
w1513777993,Old Magazine Gate,New Delhi,28.661452,77.235538,sight,fort,Heritage,0,0,6,One of the two surviving gates to the former British Magazine.,,,0
n12989819007,Partition Museum,New Delhi,28.663515,77.233073,sight,museum,Museum,1,0,16,,tu-su 10:00-17:00,,1
n2940614717,Pir Ghaib,New Delhi,28.676295,77.213211,sight,archaeological_site,Heritage,0,0,2,,,,0
n10867382606,Portrait gallery,New Delhi,28.659013,77.242057,sight,museum,Museum,0,0,4,,,no,0
n2714497374,Qadam Sharief s Tomb,New Delhi,28.646151,77.215385,sight,archaeological_site,Heritage,0,0,2,,,,0
w80431098,Qudsia Bagh,New Delhi,28.670818,77.22892,sight,castle,Heritage,1,0,9,,,,1
n5433165621,Radha Palace,New Delhi,28.660594,77.297676,sight,attraction,Heritage,0,0,2,,,,0
w164675825,Rajiv Chowk Central Park,New Delhi,28.63281,77.219708,sight,attraction,Heritage,0,0,6,,,,0
w500413797,Ram Yantra,New Delhi,28.626554,77.216551,sight,monument,Heritage,0,0,6,,,,0
w80429915,Rang Mahal,New Delhi,28.65568,77.243528,sight,monument,Heritage,1,0,10,,,,1
n2714497362,Raziya Begum's Tomb,New Delhi,28.645424,77.231555,sight,archaeological_site,Heritage,0,0,2,,,,0
n10213937883,Raziya Sultana's tomn,New Delhi,28.646603,77.2304,sight,tomb,Heritage,0,0,2,,,,0
w264863907,Red Fort,New Delhi,28.655724,77.240743,sight,castle,Heritage,1,0,29,,,,1
n10262580128,Red fort center,New Delhi,28.656162,77.24014,sight,attraction,Heritage,0,0,3,,,,0
n10178890717,Red lights district of Deli,New Delhi,28.648582,77.22205,sight,attraction,Heritage,0,0,3,,,,0
w87354076,Saint James' Anglican Church,New Delhi,28.665746,77.231078,sight,place_of_worship,Temple,1,0,17,,Mo-Fr 08:30-20:00,,1
n5649286023,Salaam Balaak Trust,New Delhi,28.642178,77.214981,sight,attraction,Heritage,0,0,4,,,,0
w80431096,Salimgarh Fort,New Delhi,28.660839,77.24253,sight,castle,Heritage,1,0,8,,,,1
w223456540,Samrat Yantra,New Delhi,28.62703,77.216604,sight,monument,Heritage,0,0,6,,,,0
n2936827350,Shah Alam Tomb,New Delhi,28.711783,77.228289,sight,archaeological_site,Heritage,0,0,3,,sunrise-sunset,,0
n2940758785,Shah Wajid Mosque,New Delhi,28.675703,77.197643,sight,monument,Heritage,0,0,4,,,,0
w289694487,Shaheedi Park,New Delhi,28.634381,77.242101,sight,museum,Museum,1,0,4,,,,1
w698892682,Shahi Burj,New Delhi,28.658496,77.243723,sight,monument,Heritage,1,0,7,,,,1
w265824671,Shahi Sunehri Masjid,New Delhi,28.656061,77.231903,sight,place_of_worship,Temple,1,0,8,,,,1
w1448399390,Shakti Sthal,New Delhi,28.644072,77.248957,sight,monument,Heritage,1,0,6,,,,1
n4881470724,Shankar's Doll Museum,New Delhi,28.630524,77.24155,sight,museum,Museum,0,0,5,,Tu-Su 10:00-18:00,yes,0
n2934400029,Shanker's International Doll Museum,New Delhi,28.630392,77.241699,sight,museum,Museum,1,0,7,,Tu-Su 10:00-18:00; Mo off,yes,1
w1448399391,Shantivan,New Delhi,28.648842,77.248036,sight,monument,Heritage,1,0,6,,,,1
w103419928,Sheesh Mahal,New Delhi,28.72014,77.154267,sight,castle,Heritage,0,0,5,,,,0
w103419930,Sheesh Mahal Pavilion,New Delhi,28.721209,77.154246,sight,attraction,Heritage,0,0,3,,,,0
n5389381021,Snooker tashi,New Delhi,28.647208,77.212244,sight,attraction,Heritage,0,0,2,,,,0
w839844482,Sri Bangla Sahib Gurudwara,New Delhi,28.62646,77.208828,sight,place_of_worship,Temple,1,0,15,,,,1
w320348680,St Stephens Church,New Delhi,28.659134,77.223255,sight,place_of_worship,Temple,1,0,12,,,,1
n1038357043,Sunehri Masjid,New Delhi,28.650459,77.239649,sight,place_of_worship,Temple,1,0,8,,,,1
n2714430425,Telegraph Memorial,New Delhi,28.662292,77.234247,sight,attraction,Heritage,0,0,4,,,,0
w510048484,Tomb Premesis,New Delhi,28.673666,77.200275,sight,monument,Heritage,0,0,2,,,,0
w973086053,Turkman Gate,New Delhi,28.642279,77.232682,sight,attraction,Heritage,1,0,8,,,,1
w1448399388,Veer Bhumi,New Delhi,28.64281,77.250338,sight,monument,Heritage,1,0,6,,,,1
n4474635189,Venus Apartments,New Delhi,28.688181,77.121982,sight,attraction,Heritage,0,0,3,,,,0
n4475151296,Venus apartments entry,New Delhi,28.68828,77.122729,sight,attraction,Heritage,0,0,3,,,,0
n10867382705,War of 1857 museum,New Delhi,28.656633,77.241903,sight,museum,Museum,0,0,5,,,no,0
n4690608489,Water Show,New Delhi,28.611851,77.278465,sight,attraction,Heritage,0,0,3,,,,0
n2940614718,Wazirabad Bridge (Tughlaq Era),New Delhi,28.712068,77.2282,sight,archaeological_site,Heritage,0,0,2,,,,0
w103850013,"William Fraser's Bungalow/Office of CAO, Northern Railway",New Delhi,28.666998,77.232403,sight,attraction,Heritage,0,0,4,,,,0
n10867382805,World War I museum,New Delhi,28.657387,77.241963,sight,museum,Museum,0,0,4,,,no,0
w320353008,Zafar Mahal,New Delhi,28.657782,77.242638,sight,monument,Heritage,1,0,9,"One of the small palaces in Red Fort built by Bahadur Shah Zafar, the last Mughal emperor. It's in a decaying condition but very clean and still beautiful.",,,1
n5839835585,goats market,New Delhi,28.650813,77.23605,sight,attraction,Heritage,0,0,4,,,,0
r15954360,Blue Bull Hillocaks trail,Noida,28.447399,77.247829,activity,hiking_route,Activity,0,0,3,,,,0
w780474305,City Forest,Noida,28.698951,77.391343,activity,nature_reserve,Activity,0,0,2,,,,0
r15954361,Dhau Stream Trail,Noida,28.445079,77.243205,activity,hiking_route,Activity,0,0,4,,,,0
r17638653,FTC,Noida,28.462999,77.256881,activity,hiking_route,Activity,0,0,5,,,,0
r16272396,Hyena trail,Noida,28.453075,77.238236,activity,hiking_route,Activity,0,0,7,,,,0
w80511323,Kalindi Kunj Park,Noida,28.546058,77.30865,activity,theme_park,Activity,1,0,4,,,,1
n13835878477,Kidzania,Noida,28.564453,77.324152,activity,theme_park,Activity,0,0,3,,,,0
w28208892,Okhla Bird Sanctuary,Noida,28.558491,77.307616,activity,nature_reserve,Activity,1,0,9,,,,1
w198159363,Surajpur Wetlands Reserve Forest,Noida,28.524541,77.484604,activity,nature_reserve,Activity,0,0,2,,,,0
w188106888,Worlds of Wonder,Noida,28.564876,77.326513,activity,theme_park,Activity,1,0,8,,,,1
w502439539,Worlds of Wonder Water Park,Noida,28.562938,77.325725,activity,water_park,Activity,0,0,2,,,,0
r6923042,vishal,Noida,28.638233,77.354719,activity,hiking_route,Activity,0,0,6,,,,0
w143936094,Badkhal Lake,Noida,28.416762,77.275368,nature,lake,Nature,1,0,5,,,,1
w533516432,Bhati Mines Lake,Noida,28.448311,77.2641,nature,lake,Nature,0,0,3,,,,0
w780474294,City  Forest Lake,Noida,28.696913,77.393476,nature,lake,Nature,0,0,4,,,,0
w373191602,Death Valley,Noida,28.449428,77.273899,nature,lake,Nature,0,0,3,,,,0
w1188795043,Yamuna River,Noida,28.507322,77.349688,nature,lake,Nature,0,0,3,,,,0
w1189070757,natural lake,Noida,28.44511,77.266481,nature,lake,Nature,0,0,3,,,,0
w204969698,Adilabad Fort,Noida,28.50611,77.268006,sight,attraction,Heritage,0,0,4,,,,0
n5841490185,Aditya Mall,Noida,28.638112,77.360601,sight,attraction,Heritage,0,0,5,,,,0
n7040389985,Nai Ka Kot,Noida,28.502258,77.279302,sight,attraction,Heritage,0,0,2,,,,0
w394590846,Rashtriya Dalit Prerna Sthal and Green Garden,Noida,28.568089,77.311707,sight,monument,Heritage,1,0,4,,,,1
n2084098984,St. Mary's Church,Noida,28.584861,77.360187,sight,place_of_worship,Temple,1,0,6,,,,1
w213101581,Surajkund,Noida,28.483756,77.283001,sight,archaeological_site,Heritage,1,0,7,,,,1
n10803109780,Tushar Chauhan Jasola,Noida,28.546402,77.293092,sight,attraction,Heritage,0,0,6,,,,0
w210642594,Annual elephant camp Mettupalayam,Ooty,11.288778,76.89267,activity,zoo,Activity,0,0,2,,,,0
n280167017,Black Thunder,Ooty,11.326354,76.913225,activity,water_park,Activity,1,0,3,,,,1
w153815319,Black Thunder Waterpark,Ooty,11.326173,76.912127,activity,theme_park,Activity,1,0,7,,,,1
w159049306,Mudumalai National Park,Ooty,11.619715,76.557817,activity,national_park,Activity,1,0,9,,,,1
r21130861,Mukurthi National Park,Ooty,11.288426,76.499284,activity,national_park,Activity,1,0,7,,,,1
w323689266,Scripture Union Campsite,Ooty,11.312398,76.586528,activity,camp_site,Activity,0,0,2,,,,0
n398994100,Tiger Reservat,Ooty,11.566742,76.611488,activity,zoo,Activity,0,0,2,,,,0
n1420157595,Anginda,Ooty,11.187472,76.45838,nature,peak,Nature,0,0,3,,,,0
n5359488229,Bakasura Malai,Ooty,11.316666,76.837006,nature,peak,Nature,0,0,3,,,,0
n14040130484,Billi Betta,Ooty,11.273493,76.534259,nature,peak,Nature,0,0,2,,,,0
n5879022826,Catherine Falls - Geddhehaada Halla,Ooty,11.384446,76.855184,nature,waterfall,Nature,1,0,8,,,,1
n13075347178,Club Hill,Ooty,11.421738,76.69776,nature,peak,Nature,1,0,6,,,,1
n3304668764,Devar Betta,Ooty,11.263752,76.581946,nature,peak,Nature,0,0,4,,,,0
n660459135,Doddabetta,Ooty,11.400693,76.735675,nature,peak,Nature,1,0,14,,,,1
n4005196373,Gopalaswami Betta,Ooty,11.716925,76.5703,nature,peak,Nature,0,0,4,,,,0
n582062709,Gulkal,Ooty,11.239431,76.453221,nature,peak,Nature,0,0,3,,,,0
n5294528427,Kalhatti Falls,Ooty,11.479494,76.679014,nature,waterfall,Nature,0,0,2,,,,0
n3304668891,Kolaribetta,Ooty,11.291241,76.557221,nature,peak,Nature,0,0,3,,,,0
n3922107496,Morapu Malai,Ooty,11.522614,76.408111,nature,peak,Nature,0,0,4,,,,0
n8923301625,Moyar Falls,Ooty,11.585074,76.596194,nature,waterfall,Nature,0,0,4,,,,0
n6856585385,Mukurthi Peak,Ooty,11.370785,76.51764,nature,peak,Nature,1,0,7,,,,1
n6856585285,Mukurthi Peak I,Ooty,11.353472,76.508058,nature,peak,Nature,0,0,3,,,,0
n13098055826,Needle Rock,Ooty,11.51949,76.40329,nature,peak,Nature,1,0,5,,,,1
n14221730480,Needle Rock,Ooty,11.499199,76.520975,nature,peak,Nature,0,0,3,,,,0
n6991516591,Nilgiri Peak,Ooty,11.38365,76.475058,nature,peak,Nature,0,0,3,,,,0
n5217878582,P. 2594,Ooty,11.301231,76.545109,nature,peak,Nature,0,0,3,,,,0
n6856585186,Pichal Bettu,Ooty,11.358214,76.547735,nature,peak,Nature,0,0,3,,,,0
n5521784028,Pykara Waterfalls,Ooty,11.472497,76.604738,nature,waterfall,Nature,0,0,3,,,,0
w823740788,Ralliya Dam,Ooty,11.401158,76.797448,nature,lake,Nature,0,0,3,,,,0
w34107335,Sandynulla Lake,Ooty,11.427128,76.65067,nature,lake,Nature,0,0,4,,,,0
w837311387,Sandynulla lake,Ooty,11.441957,76.667521,nature,lake,Nature,0,0,3,,,,0
n3304671978,Seven Cascades,Ooty,11.30957,76.576531,nature,waterfall,Nature,0,0,2,,,,0
n8923301621,Sigur Falls,Ooty,11.598699,76.717123,nature,waterfall,Nature,0,0,2,,,,0
n7801566233,Sispara,Ooty,11.203893,76.429954,nature,peak,Nature,0,0,3,,,,0
n12964433346,Snowdon Peak,Ooty,11.428723,76.719399,nature,peak,Nature,0,0,3,,,,0
w205344802,Tiger Hill Lake,Ooty,11.399832,76.728946,nature,lake,Nature,0,0,3,,,,0
w205344803,Tiger Hill Lake Resered Area,Ooty,11.396769,76.728394,nature,lake,Nature,0,0,4,,,,0
n14041072803,Wapshare Peak,Ooty,11.387842,76.462398,nature,peak,Nature,0,0,2,,,,0
n3725644175,Bee Museum,Ooty,11.413172,76.696896,sight,museum,Museum,0,0,9,,,,0
n321416009,Bison Point,Ooty,11.496786,76.689391,sight,viewpoint,Viewpoint,0,0,2,,,,0
n393869472,Deer Park,Ooty,11.40314,76.689821,sight,attraction,Heritage,0,0,3,,Defunct,,0
n472269723,Doddabetta Viewpoint,Ooty,11.400072,76.735162,sight,viewpoint,Viewpoint,0,0,2,,,,0
n2376662703,Government Museum,Ooty,11.413229,76.691435,sight,museum,Museum,0,0,2,,,,0
w508900300,Government Tea Park,Ooty,11.411461,76.735406,sight,attraction,Heritage,0,0,3,,,,0
n249965733,Honeymoon Boat House,Ooty,11.404183,76.680374,sight,attraction,Heritage,0,0,2,,,,0
w338242021,Kalhatty Falls,Ooty,11.479265,76.679451,sight,viewpoint,Viewpoint,0,0,2,,,,0
w25742025,Periyar Garden,Ooty,11.411436,76.70952,sight,monument,Heritage,0,0,3,,,,0
n4934871031,Pine forest,Ooty,11.439855,76.66001,sight,attraction,Heritage,0,0,2,,,,0
w338241868,Rose Garden,Ooty,11.405719,76.708411,sight,attraction,Heritage,0,0,3,,,,0
w338241977,Shooting Spot,Ooty,11.442814,76.622874,sight,attraction,Heritage,0,0,2,,,,0
w338241741,Sims Park,Ooty,11.356398,76.799665,sight,attraction,Heritage,0,0,3,,,,0
n12012857074,Street to Tribal museum,Ooty,11.367418,76.660918,sight,museum,Museum,0,0,2,,,,0
w302501064,Tea Museum,Ooty,11.411717,76.720782,sight,attraction,Heritage,0,0,4,,,,0
n1165014824,Telescope House,Ooty,11.400931,76.735466,sight,attraction,Heritage,0,0,2,,,,0
n1166262780,Thread Garden,Ooty,11.406788,76.687983,sight,attraction,Heritage,0,0,2,,,,0
n398990396,Tigers Rock,Ooty,11.51807,76.653024,sight,viewpoint,Viewpoint,0,0,2,,,,0
n12012801136,Tribal museum,Ooty,11.367322,76.663551,sight,museum,Museum,0,0,2,,,,0
n11488217582,Tribal research centre museum,Ooty,11.368558,76.662585,sight,museum,Museum,0,0,2,,,,0
n1664501449,Wax Museum,Ooty,11.404334,76.714935,sight,museum,Museum,0,0,2,,,,0
w1445431397,Carambolim Lake Notified Wetland,Panaji,15.491008,73.928142,activity,nature_reserve,Activity,0,0,5,,,,0
w1551119166,Chicalim Bay Windowpane Oyster Conservation Zone,Panaji,15.404286,73.853542,activity,nature_reserve,Activity,0,0,2,,,,0
w1446605928,Kolamwada Lake Protected Area,Panaji,15.56579,73.989797,activity,nature_reserve,Activity,0,0,6,,,,0
w1420881076,Kolamwada Lake Zone Of Influence,Panaji,15.570745,73.98436,activity,nature_reserve,Activity,0,0,6,,,,0
w1445403008,Pilerne Lake Notified Wetland,Panaji,15.534536,73.813693,activity,nature_reserve,Activity,0,0,6,,,,0
w1429182112,Purvatali Rai Sacred Grove,Panaji,15.508069,74.02584,activity,nature_reserve,Activity,0,0,9,https://gsbb.goa.gov.in/storage/2024/11/Report-on-Purvatali-rai-Sacred-Grove.pdf,,,0
r19107932,Salim Ali Bird Sanctuary,Panaji,15.516564,73.853871,activity,nature_reserve,Activity,1,0,10,,,,1
w941688588,Sharvraj Eco Farm,Panaji,15.574644,73.99846,activity,water_park,Activity,0,0,2,,,,0
w1445693940,Toyyar Lake Notified Wetland,Panaji,15.486925,73.88619,activity,nature_reserve,Activity,0,0,6,,,,0
w1326455410,Agassaim Beach,Panaji,15.429502,73.887535,nature,beach,Beach,0,0,3,,,,0
w1447426526,Aivao Beach,Panaji,15.460656,73.799396,nature,beach,Beach,0,0,2,,,,0
w256543724,Baina beach,Panaji,15.387705,73.805715,nature,beach,Beach,0,0,2,,,,0
w295971196,Bambolim Beach,Panaji,15.449856,73.851195,nature,beach,Beach,0,0,3,,,,0
w44130848,Bogmalo Beach,Panaji,15.369406,73.832672,nature,beach,Beach,0,0,3,,,,0
w1326440843,CKF Beach,Panaji,15.42111,73.894437,nature,beach,Beach,0,0,3,,,,0
w89923152,Cacra Beach,Panaji,15.450655,73.837425,nature,beach,Beach,0,0,2,,,,0
w324649822,Caranzalem Beach,Panaji,15.464023,73.802629,nature,beach,Beach,0,0,2,,,,0
n7550449986,Cave,Panaji,15.596111,73.936446,nature,cave_entrance,Nature,0,0,2,,,,0
w152822719,Coco Beach,Panaji,15.499779,73.790182,nature,beach,Beach,0,0,2,,,,0
w406007384,Dias Beach,Panaji,15.453385,73.801315,nature,beach,Beach,0,0,2,,,,0
n13318454149,Goura Dongar,Panaji,15.627294,74.07978,nature,peak,Nature,0,0,3,,,,0
w313669180,Hansa Beach,Panaji,15.376059,73.813325,nature,beach,Beach,0,0,2,,,,0
n4283836891,Harvalem Caves,Panaji,15.552561,74.023036,nature,cave_entrance,Nature,1,0,5,,,,1
n4146369113,Harvalem Waterfall,Panaji,15.551011,74.026724,nature,waterfall,Nature,0,0,3,,,,0
w89793709,Hawaii Beach,Panaji,15.454727,73.805504,nature,beach,Beach,0,0,2,,,,0
w1043498139,Hollant Beach,Panaji,15.369499,73.862184,nature,beach,Beach,0,0,2,,,,0
w200704302,Karmali Lake,Panaji,15.49111,73.928017,nature,lake,Nature,0,0,7,,,,0
n12531681901,Kasainath,Panaji,15.683348,73.99695,nature,peak,Nature,0,0,2,,,,0
w1155270352,Kegdole Beach,Panaji,15.49653,73.807911,nature,beach,Beach,0,0,2,,,,0
n11009611774,Kundai Cave,Panaji,15.454929,73.966039,nature,cave_entrance,Nature,0,0,2,,,,0
w89642845,Marivel Beach,Panaji,15.455828,73.797661,nature,beach,Beach,0,0,2,,,,0
w1465008054,Monkey Beach,Panaji,15.40023,73.79106,nature,beach,Beach,0,0,2,,,,0
w1507376268,Nauxim Beach,Panaji,15.451159,73.843321,nature,beach,Beach,0,0,2,,,,0
w89923159,Odxel,Panaji,15.453577,73.830014,nature,beach,Beach,0,0,2,,,,0
w89923148,Odxel Beach,Panaji,15.452345,73.832745,nature,beach,Beach,0,0,2,,,,0
n13318454147,Panji Dongar,Panaji,15.640105,74.092011,nature,peak,Nature,0,0,3,,,,0
w1155270348,Quegdevelim Beach,Panaji,15.497449,73.798339,nature,beach,Beach,0,0,2,,,,0
n13257096538,Shirent Waterfall,Panaji,15.485369,73.881551,nature,waterfall,Nature,0,0,2,,,,0
n11222195737,Shivling Waterfalls,Panaji,15.598662,74.12115,nature,waterfall,Nature,0,0,3,,,,0
w295971219,Siridao Beach,Panaji,15.438347,73.860465,nature,beach,Beach,0,0,3,,,,0
w274202647,Vaddem Lake,Panaji,15.399662,73.827747,nature,lake,Nature,0,0,3,,,,0
n13318454153,Vagheri,Panaji,15.593319,74.101238,nature,peak,Nature,0,0,2,,,,0
n11302719140,Vajra Sakkal Falls,Panaji,15.658185,74.107225,nature,waterfall,Nature,0,0,2,,,,0
w89872044,Vanguinim Beach,Panaji,15.455003,73.814312,nature,beach,Beach,0,0,2,,,,0
w1349252611,Agro-Ecotourism Center,Panaji,15.500046,73.916026,sight,attraction,Heritage,0,0,3,,,,0
r6411420,Aguada Fort,Panaji,15.492311,73.774034,sight,castle,Heritage,0,0,17,,Mo-Su 09:00-17:30,,0
r6411430,Aguada Port and Jail Complex,Panaji,15.491595,73.775817,sight,museum,Museum,0,0,7,,,,0
n12216661399,Aldona Teen Manos,Panaji,15.600765,73.868266,sight,viewpoint,Viewpoint,0,0,2,,,,0
n4759413132,Amoeba Bowling Alley,Panaji,15.525548,73.827376,sight,attraction,Heritage,0,0,3,,,,0
w1349279010,Arch of Viceroys,Panaji,15.505773,73.91362,sight,attraction,Heritage,1,0,9,,,,1
n4532503789,Archeological Museum,Panaji,15.503086,73.910898,sight,museum,Museum,0,0,6,,Sa-Th 09:00-17:00; Fr off,yes,0
w201244223,Archiepiscopal Palace,Panaji,15.503884,73.911648,sight,museum,Museum,0,0,11,,Mo-Su 09:00-17:00,yes,0
r3569663,Basilica of Bom Jesus,Panaji,15.500697,73.911308,sight,place_of_worship,Temple,1,0,18,,,,1
w1479724991,Birla Radha Krishna Mandir,Panaji,15.387895,73.875369,sight,attraction,Heritage,0,0,11,,,,0
n4759448728,Bossa Nova,Panaji,15.525553,73.827309,sight,attraction,Heritage,0,0,3,,,,0
n13322707415,Bridge of Dreams,Panaji,15.530597,73.841101,sight,attraction,Heritage,0,0,2,,,,0
n4297404191,Bridge to Mansher,Panaji,15.445798,73.932552,sight,viewpoint,Viewpoint,0,0,2,,,,0
n10242095781,Caranzalem Bay View Point,Panaji,15.459634,73.797579,sight,viewpoint,Viewpoint,0,0,4,"Beautiful view point perched on a hill top, facing Caranzalem bay, accessible by motor road, cobblestoned street and 4 benches available for seating",24/7,,0
n12805262160,Caves of Narve,Panaji,15.555376,73.934802,sight,archaeological_site,Heritage,0,0,3,,,,0
w201244224,Chapel of Saint Catherine of Alexandria,Panaji,15.503265,73.910411,sight,place_of_worship,Temple,1,0,12,,,,1
w1467001285,Chapel of St. Cajetan,Panaji,15.505623,73.915207,sight,place_of_worship,Temple,1,0,14,,,,1
w673907421,Chapel of St. Francis Xavier,Panaji,15.500765,73.919196,sight,place_of_worship,Temple,1,0,12,,,,1
w1428309377,Chapel of St. Sebastian,Panaji,15.496177,73.830673,sight,place_of_worship,Temple,1,0,6,,,,1
w634162711,Christ the King,Panaji,15.547721,73.884355,sight,monument,Heritage,0,0,3,,,,0
r18517885,Churches and Convents of Goa,Panaji,15.502913,73.911413,sight,archaeological_site,Heritage,1,1,11,,,,1
w1467001287,Convent of Saint Francis of Assisi,Panaji,15.503195,73.91138,sight,place_of_worship,Temple,1,0,14,,,,1
r15967276,Corjuem Fort,Panaji,15.596832,73.892805,sight,fort,Heritage,1,0,5,,,,1
n4321057590,Crocodile Station Kamat Kingfisher,Panaji,15.408196,73.9085,sight,attraction,Heritage,0,0,3,,,,0
n13342090062,Dolphin Boat Tours,Panaji,15.49734,73.781585,sight,attraction,Heritage,0,0,2,,,,0
w976607776,Dona Paula Pier,Panaji,15.451164,73.803518,sight,attraction,Heritage,0,0,3,,,,0
n10752379573,Fontainhas Viewpoint,Panaji,15.496612,73.83054,sight,viewpoint,Viewpoint,0,0,2,,,,0
r6411419,Fort Aguada,Panaji,15.492416,73.773932,sight,fort,Heritage,1,0,5,,,,1
w1020194344,Fort Sant Estavam,Panaji,15.535993,73.954218,sight,fort,Heritage,0,0,2,,,,0
n13801701911,Gandaulim Fort Ruins,Panaji,15.513838,73.943943,sight,ruins,Heritage,0,0,2,,,,0
w1349157733,Gate of St. Paul's College,Panaji,15.4993,73.918252,sight,ruins,Heritage,1,0,10,,,,1
w1349252643,Gate of the Palace of Adil Shah,Panaji,15.505569,73.91417,sight,ruins,Heritage,0,0,3,,,,0
w405523397,Goa Museum,Panaji,15.500671,73.830033,sight,museum,Museum,0,0,5,,,,0
w851274576,Grandmother's Hole Beach,Panaji,15.405988,73.786356,sight,attraction,Heritage,0,0,4,,,,0
n1328544701,Hanuman temple,Panaji,15.489733,73.828496,sight,monument,Heritage,0,0,4,,,,0
n7834475987,Henry the Navigator Marker,Panaji,15.493916,73.818442,sight,monument,Heritage,0,0,4,,,,0
w430464484,Houses of Goa,Panaji,15.530321,73.840621,sight,museum,Museum,0,0,4,,,,0
n5578251336,India Freedom Monument,Panaji,15.399074,73.832827,sight,monument,Heritage,0,0,2,,,,0
n4288422920,Indian Customs & Central Excise Museum,Panaji,15.501018,73.82824,sight,museum,Museum,0,0,3,,Tu-Su 09:30-17:30,,0
w1311177707,Koti-Tirth,Panaji,15.531255,73.926142,sight,ruins,Heritage,0,0,2,,,,0
w1382807065,Laterite wall ruins,Panaji,15.43084,73.877554,sight,ruins,Heritage,0,0,5,,,,0
n12481087740,Mandovi River Viewpoint,Panaji,15.501872,73.904508,sight,viewpoint,Viewpoint,0,0,2,,,,0
w1349269967,Mill Stones of Gun Powder Factory,Panaji,15.502908,73.910282,sight,ruins,Heritage,0,0,2,,,,0
n1328303577,Miramar Beach,Panaji,15.48289,73.806725,sight,viewpoint,Viewpoint,0,0,2,,,,0
w1166324948,Mormugão Fort,Panaji,15.412083,73.794423,sight,fort,Heritage,1,0,3,,,,1
n11623115969,Museum of Christian Art,Panaji,15.501247,73.906953,sight,museum,Museum,1,0,7,,,yes,1
w280416231,Naval Aviation Museum,Panaji,15.374619,73.838838,sight,museum,Museum,1,0,5,,,,1
n8409209722,Onyx Beach,Panaji,15.493047,73.777771,sight,viewpoint,Viewpoint,0,0,2,,,,0
w44016384,Our Lady of the Hill Chapel,Panaji,15.504478,73.923519,sight,place_of_worship,Temple,1,0,12,,,,1
w429448104,Our Lady of the Immaculate Conception,Panaji,15.498545,73.829736,sight,place_of_worship,Temple,1,0,17,,00:00-00:00,,1
w201243802,Our Lady of the Rosary,Panaji,15.501857,73.904893,sight,place_of_worship,Temple,1,0,13,,,,1
w1502870766,Panjim Fisheries Jetty,Panaji,15.5016,73.828368,sight,attraction,Heritage,0,0,3,,,,0
n198742827,Panjim city view point,Panaji,15.490086,73.828682,sight,viewpoint,Viewpoint,0,0,2,,,,0
n13767536542,Pelourinho Novo,Panaji,15.499236,73.913485,sight,monument,Heritage,1,0,4,,,,1
n2997326053,Ponso,Panaji,15.442279,73.91867,sight,attraction,Heritage,0,0,2,,,,0
w194550880,Reis Magos Fort,Panaji,15.496485,73.809125,sight,fort,Heritage,1,0,17,,,,1
w1565272901,Reis Magos Lighthouse,Panaji,15.500395,73.811913,sight,monument,Heritage,0,0,6,,,,0
w1349265057,Ruins of Church of St. Augustine,Panaji,15.499641,73.906567,sight,ruins,Heritage,1,0,11,,,,1
r18159872,Santa Monica Boat Jetty,Panaji,15.499912,73.836469,sight,attraction,Heritage,0,0,4,,,,0
w1445696271,Santana Church,Panaji,15.478163,73.891405,sight,place_of_worship,Temple,1,0,5,,,,1
w1379887485,Science Center,Panaji,15.477817,73.808938,sight,attraction,Heritage,1,0,4,,,,1
w201243945,Se Cathedral,Panaji,15.503761,73.912195,sight,place_of_worship,Temple,1,0,16,,,,1
n11805139762,Sluice Gate,Panaji,15.539301,73.903731,sight,ruins,Heritage,0,0,2,,,,0
w1349153514,Solar Souto Maior,Panaji,15.499716,73.894088,sight,museum,Museum,0,0,2,,,,0
w634162707,St Bartholomew's Church,Panaji,15.547565,73.879687,sight,place_of_worship,Temple,1,0,5,,,,1
n4759448733,Thrill zone,Panaji,15.535132,73.764442,sight,attraction,Heritage,0,0,3,,,,0
n13233941017,Visarjan Ghat,Panaji,15.532825,73.848942,sight,viewpoint,Viewpoint,0,0,2,,,,0
w430170196,Wax De goa,Panaji,15.500253,73.913826,sight,museum,Museum,0,0,4,,,,0
n11660447269,Bada Balu beach,Port Blair,11.511733,92.680243,sight,viewpoint,Viewpoint,0,0,2,,,,0
n9333281331,Buddha,Port Blair,11.598656,92.610443,sight,monument,Heritage,0,0,2,,,,0
w1101216326,Cellular Jail,Port Blair,11.674345,92.747773,sight,monument,Heritage,1,0,9,,Mo-Su 09:00-17:00; PH off,yes,1
n5253382321,Clock tower,Port Blair,11.669941,92.742776,sight,monument,Heritage,0,0,3,,,,0
n11159451194,Emrald viewpoint,Port Blair,11.721217,92.734173,sight,viewpoint,Viewpoint,0,0,2,,,,0
w602855814,Farzand Ali Shop,Port Blair,11.676414,92.760663,sight,monument,Heritage,0,0,4,,,,0
n293675265,Forest Museum,Port Blair,11.677396,92.724009,sight,museum,Museum,0,0,2,,,,0
n5253382322,Gandhi statue,Port Blair,11.669074,92.73949,sight,monument,Heritage,0,0,3,,,,0
n11671061770,Joggers park,Port Blair,11.656554,92.741258,sight,attraction,Heritage,0,0,2,,,,0
n9333293936,Kala Pani,Port Blair,11.614789,92.704093,sight,museum,Museum,0,0,2,,,,0
n293692113,Mathoma Church Complex,Port Blair,11.6651,92.73266,sight,attraction,Heritage,0,0,2,,,,0
w1540965395,Mount Manipur,Port Blair,11.72087,92.733729,sight,attraction,Heritage,0,0,2,,,,0
n11159441646,Nort bay viewpoint,Port Blair,11.720336,92.733601,sight,viewpoint,Viewpoint,0,0,2,,,,0
w410453967,Samudrika marine museum,Port Blair,11.671829,92.726123,sight,museum,Museum,1,0,5,,,yes,1
w407174963,Science Centre,Port Blair,11.6548,92.756288,sight,museum,Museum,0,0,8,,,,0
w1229848218,Smrutika,Port Blair,11.673878,92.76138,sight,museum,Museum,0,0,5,,,,0
n293673830,Stewartganj Creek,Port Blair,11.70001,92.7,sight,attraction,Heritage,0,0,2,,,,0
n11407521602,Sunset Point,Port Blair,11.502305,92.70092,sight,attraction,Heritage,0,0,3,,,,0
n11404945436,Veer Savarkar Prison Cell,Port Blair,11.673891,92.748322,sight,attraction,Heritage,0,0,6,,,,0
n4092073763,Zonal Anthropological Museum,Port Blair,11.66438,92.740233,sight,museum,Museum,0,0,4,,,yes,0
n12847152283,Fish World,Prayagraj,25.431018,81.826143,activity,aquarium,Activity,0,0,2,,,,0
w627778611,Fun Gaon,Prayagraj,25.424764,81.687177,activity,theme_park,Activity,0,0,2,,,,0
w1368144917,Shivalaya Park,Prayagraj,25.4209,81.866083,activity,theme_park,Activity,0,0,3,,,,0
w28791645,Chandrashekhar Azad Park,Prayagraj,25.453415,81.848149,nature,park,Nature,1,0,9,,,,1
n11697211347,DASHASWAMEDH GHAT,Prayagraj,25.444238,81.88529,nature,beach,Beach,0,0,2,,,,0
w28792182,Madan Mohan Malaviya Park,Prayagraj,25.432169,81.862068,nature,park,Nature,1,0,7,,,,1
w887778757,Pond,Prayagraj,25.562133,81.491557,nature,lake,Nature,0,0,3,,,,0
w903260229,Allahabad Fort,Prayagraj,25.431789,81.875077,sight,monument,Heritage,1,0,4,,,,1
r12425691,Allahabad Museum,Prayagraj,25.456816,81.849166,sight,museum,Museum,1,0,6,,,,1
w1169644585,Allahabad Pillar,Prayagraj,25.431292,81.875123,sight,monument,Heritage,1,0,4,,,,1
w193783819,Anand Bhavan,Prayagraj,25.459417,81.860046,sight,castle,Heritage,0,0,3,,,,0
w621477591,Barghad Ghat,Prayagraj,25.419451,81.827967,sight,archaeological_site,Heritage,0,0,5,,,,0
w627142462,Flag Post,Prayagraj,25.441245,81.867785,sight,attraction,Heritage,0,0,2,,,,0
n2062539592,Ghanta Ghar,Prayagraj,25.438893,81.83405,sight,monument,Heritage,0,0,4,,,,0
w511980875,Jawahar Planetarium,Prayagraj,25.458837,81.860347,sight,museum,Museum,0,0,5,,,,0
w28786994,Khusrau Bagh,Prayagraj,25.442419,81.820802,sight,monument,Heritage,1,0,7,,,,1
n11290173680,Panchsheel Chauraha,Prayagraj,25.457251,81.753121,sight,monument,Heritage,0,0,10,"It's a Historical Landmark / Roundabout Devoted to Lord Buddha, Situated at Lane 30 and Lane 29 of Panchsheel Marg, Vishnapuri Colony",,,0
w621496598,Swaraj Bhavan,Prayagraj,25.460138,81.860407,sight,attraction,Heritage,0,0,2,,,,0
n958479027,Triveni Sangam,Prayagraj,25.42223,81.892326,sight,attraction,Heritage,0,0,4,,,,0
w670291608,Ulta Qila,Prayagraj,25.426268,81.899926,sight,archaeological_site,Heritage,1,0,3,,,,1
n8911055617,panda's tents,Prayagraj,25.426561,81.88653,sight,attraction,Heritage,0,0,2,,,,0
n8911050817,sangam nose,Prayagraj,25.426601,81.887578,sight,attraction,Heritage,0,0,2,,,,0
n8911110105,yamuna palce,Prayagraj,25.4564,81.864627,sight,castle,Heritage,0,0,3,,,,0
w1305013285,Alapakkam Beach,Puducherry,11.598102,79.758049,nature,beach,Beach,0,0,2,,,,0
w1305013968,Alapakkam Private Beach,Puducherry,11.610158,79.759079,nature,beach,Beach,0,0,2,,,,0
w1305224521,Anumanthai Kuppam Beach,Puducherry,12.120575,79.921141,nature,beach,Beach,0,0,2,,,,0
w245450900,Auroville Beach,Puducherry,11.985506,79.849026,nature,beach,Beach,0,0,2,,,,0
w1305012740,Ayyampettai Beach,Puducherry,11.588054,79.756815,nature,beach,Beach,0,0,2,,,,0
w117698716,Bahour Lake,Puducherry,11.823866,79.737225,nature,lake,Nature,1,0,6,,,,1
w257065321,Capper Hills Lake,Puducherry,11.721046,79.744121,nature,lake,Nature,0,0,3,,,,0
w1305224351,Chettinagar Beach,Puducherry,12.112505,79.915863,nature,beach,Beach,0,0,2,,,,0
w1305224350,Chettinagar Rock Beach,Puducherry,12.103606,79.909916,nature,beach,Beach,0,0,2,,,,0
n14162631771,Chinna Kalapet Beach,Puducherry,12.018348,79.863081,nature,beach,Beach,0,0,5,,,,0
w1305015043,Chitrai Pettai Beach,Puducherry,11.63836,79.763491,nature,beach,Beach,0,0,2,,,,0
w572626242,Cuddalore Old Town Beach,Puducherry,11.712046,79.780953,nature,beach,Beach,0,0,2,,,,0
n11070039375,Dhaya Sea View Point,Puducherry,11.946058,79.838507,nature,beach,Beach,0,0,2,,,,0
n11233348841,Eden Beach - Blue flag Beach,Puducherry,11.881449,79.824384,nature,beach,Beach,0,0,7,,Mo-Su 06:00-18:30,,0
w1305225318,French Beach,Puducherry,12.1443,79.936033,nature,beach,Beach,0,0,2,,,,0
n9818721587,Hollywood Farm Beach,Puducherry,12.043967,79.874959,nature,beach,Beach,0,0,2,,,,0
n9818721588,Kalapet beach,Puducherry,12.028514,79.867443,nature,beach,Beach,0,0,2,,,,0
w358334766,Kanakan Lake,Puducherry,11.937103,79.796581,nature,lake,Nature,0,0,4,,,,0
w156782315,Kazhuveli Lake,Puducherry,12.124491,79.852208,nature,lake,Nature,1,0,9,,,,1
w49394500,Kottakarai,Puducherry,12.010448,79.798521,nature,lake,Nature,0,0,4,,,,0
w205361184,La plage de Pondichéry,Puducherry,11.92668,79.834818,nature,beach,Beach,0,0,4,,,,0
w1305226291,Marakkanam Beach,Puducherry,12.226492,79.990394,nature,beach,Beach,0,0,2,,,,0
w34108030,Marakkanam Lake,Puducherry,12.239272,79.968844,nature,lake,Nature,0,0,8,,,,0
w1180089677,Munnur,Puducherry,12.186789,79.813576,nature,lake,Nature,0,0,3,,,,0
w392619689,Nadukuppam Beach,Puducherry,11.968836,79.843878,nature,beach,Beach,0,0,2,,,,0
w1305219143,Nallavadu Beach,Puducherry,11.856643,79.813374,nature,beach,Beach,0,0,2,,,,0
w1305013970,Nanjai Beach,Puducherry,11.613734,79.759531,nature,beach,Beach,0,0,2,,,,0
w1305218716,Narambai Beach,Puducherry,11.811462,79.801104,nature,beach,Beach,0,0,2,,,,0
w370412189,Navammalkapper Lake,Puducherry,11.897262,79.708083,nature,lake,Nature,0,0,3,,,,0
w370446799,Pangur Lake,Puducherry,11.899094,79.703177,nature,lake,Nature,0,0,3,,,,0
w1305218885,Panitithu Beach,Puducherry,11.827397,79.805354,nature,beach,Beach,0,0,2,,,,0
w326909927,Paradise Beach,Puducherry,11.869839,79.819749,nature,beach,Beach,0,0,2,,,,0
w1305013580,Periyakuppam Beach,Puducherry,11.605479,79.758086,nature,beach,Beach,0,0,2,,,,0
w1517106744,Pillaiyar Koil Kulam,Puducherry,11.958005,79.822337,nature,lake,Nature,0,0,4,,,,0
w1192559789,Pondy Marina Beach,Puducherry,11.91107,79.829064,nature,beach,Beach,0,0,4,,,,0
n11070491144,Pondy Sunrise Beach,Puducherry,11.946103,79.838075,nature,beach,Beach,0,0,2,,,,0
n10657324566,Promenade,Puducherry,11.932167,79.836055,nature,beach,Beach,0,0,5,,,,0
n9818716684,Puthupattu Beach,Puducherry,12.051901,79.878734,nature,beach,Beach,0,0,2,,,,0
w1305016541,Raasapettai Beach,Puducherry,11.682025,79.772587,nature,beach,Beach,0,0,2,,,,0
w1305016593,Sangolikuppam Beach,Puducherry,11.68814,79.774118,nature,beach,Beach,0,0,2,,,,0
n9478501834,Serenity,Puducherry,11.97058,79.844624,nature,beach,Beach,0,0,2,,,,0
w229024709,Serenity Beach,Puducherry,11.970609,79.84462,nature,beach,Beach,0,0,5,,,,0
w255660349,"Silver Beach, Devanampattanam",Puducherry,11.735433,79.786152,nature,beach,Beach,0,0,3,,,,0
w572626243,Sunset View Beach,Puducherry,11.701469,79.779186,nature,beach,Beach,0,0,2,,,,0
w1305014295,T. M. Pettai Beach,Puducherry,11.620216,79.760389,nature,beach,Beach,0,0,2,,,,0
w572634044,Talanguda Beach,Puducherry,11.770764,79.794263,nature,beach,Beach,0,0,2,,,,0
w1305225474,Thirtavari Beach,Puducherry,12.194904,79.969865,nature,beach,Beach,0,0,2,,,,0
w156785634,Usteri Lake,Puducherry,11.95539,79.744503,nature,lake,Nature,0,0,5,,,,0
r5344091,Veerampattinam Beach,Puducherry,11.890393,79.826507,nature,beach,Beach,0,0,3,,,,0
w334469418,Velrampet Lake,Puducherry,11.910705,79.796982,nature,lake,Nature,0,0,5,,,,0
w259947110,azhiyoor lake,Puducherry,11.911626,79.662232,nature,lake,Nature,0,0,3,,,,0
w133028184,Aquarium,Puducherry,11.929853,79.823036,sight,attraction,Heritage,0,0,3,,,,0
w668058882,Arikamedu Early Historic Site,Puducherry,11.90263,79.819374,sight,archaeological_site,Heritage,1,0,6,,,,1
n10304747323,Ashoka Chakra,Puducherry,11.935841,79.836259,sight,monument,Heritage,0,0,4,,,,0
w45781289,Auroville Visitors Centre,Puducherry,12.003806,79.800829,sight,attraction,Heritage,0,0,3,,,,0
n3413828608,B. R. Ambedkar,Puducherry,11.933308,79.833463,sight,monument,Heritage,0,0,2,,,,0
n3933719276,Banyan Tree,Puducherry,12.004318,79.808122,sight,attraction,Heritage,0,0,4,,,,0
n7016742496,Basilica of the Sacred Heart of Jesus,Puducherry,11.926275,79.827012,sight,attraction,Heritage,0,0,3,,,,0
n12154796076,Benches in Sand,Puducherry,11.936589,79.836884,sight,attraction,Heritage,0,0,3,Concrete slab benches placed in the beach sand where group of people can sit and play around in sands or get the close view of the sea.,,,0
w141317287,Bharat Nivas,Puducherry,12.007037,79.801665,sight,museum,Museum,0,0,4,,,,0
n7016742586,Bharathi Park,Puducherry,11.933045,79.834197,sight,attraction,Heritage,0,0,3,,,,0
n5357405177,Bharathiyar memorial and research centre,Puducherry,11.939068,79.832569,sight,museum,Museum,0,0,4,,"Mo-Fr 09:30-13:00,02:00-17:30; Mo off, Tu-Su 09:00-05:30",no,0
n2153338933,Bhimrao Ramji Ambedkar Library,Puducherry,11.929153,79.834684,sight,museum,Museum,0,0,6,,"Mo-Su,PH 00:00-24:00",,0
n3413828609,Chidambaram Pillai (1872-1936),Puducherry,11.933118,79.833428,sight,monument,Heritage,0,0,2,,,,0
n6295659886,Chunnambar Boat boarding,Puducherry,11.885431,79.79983,sight,attraction,Heritage,0,0,2,,,,0
n7020233887,Eden Beach,Puducherry,11.884279,79.825398,sight,attraction,Heritage,0,0,2,,,,0
n5267714764,Hill with Park Sculpture,Puducherry,11.932524,79.834621,sight,monument,Heritage,0,0,2,,,,0
n8482194135,Madame,Puducherry,11.982931,79.777712,sight,tomb,Heritage,0,0,4,,,,0
n5628001037,Mahatma Gandhi,Puducherry,11.928211,79.818212,sight,monument,Heritage,0,0,2,,,,0
n7016742495,Manakula Vinayagar Temple,Puducherry,11.935838,79.833596,sight,place_of_worship,Temple,1,0,9,,,,1
w45781323,Matrimandir,Puducherry,12.007031,79.810634,sight,place_of_worship,Temple,1,0,8,,,,1
n11687545468,Matrimandir Viewpoint,Puducherry,12.004461,79.809911,sight,attraction,Heritage,0,0,2,,,,0
n5267713513,Nandi,Puducherry,11.934109,79.833922,sight,monument,Heritage,0,0,2,,,,0
n5694111735,Notre-Dame de Pondicherry,Puducherry,11.933055,79.83027,sight,attraction,Heritage,0,0,3,,,,0
n7350171785,"Old Lighthouse, Puducherry",Puducherry,11.932963,79.835597,sight,attraction,Heritage,0,0,3,,,,0
w326887543,Our Lady of Angels Church,Puducherry,11.930091,79.834345,sight,monument,Heritage,1,0,12,,,,1
w244016159,Our Lady of Immaculate Conception Cathedral,Puducherry,11.933096,79.83019,sight,place_of_worship,Temple,1,0,14,,,,1
n2153339079,Papiers faits à la main de Sri Aurobindo,Puducherry,11.940727,79.833541,sight,attraction,Heritage,0,0,8,,,,0
n12118857315,Pondicherry Arch,Puducherry,11.956779,79.796138,sight,monument,Heritage,0,0,2,,,,0
n3161143730,Pondicherry Harbour,Puducherry,11.922631,79.83572,sight,attraction,Heritage,0,0,3,,,,0
w140339749,Pondicherry Lighthouse,Puducherry,11.916602,79.830849,sight,attraction,Heritage,1,0,8,,,,1
n8869127868,Pondy Marina,Puducherry,11.913225,79.829291,sight,attraction,Heritage,0,0,9,,,,0
n4636840122,Ponidcherry Exit Arch,Puducherry,12.039485,79.867722,sight,monument,Heritage,0,0,2,,,,0
n5267714688,Sculpture,Puducherry,11.933126,79.833577,sight,monument,Heritage,0,0,2,,,,0
n5327855250,Singaravel Statue,Puducherry,11.955256,79.839242,sight,monument,Heritage,0,0,2,,,,0
n626906866,Solitude Farm,Puducherry,12.00641,79.797843,sight,viewpoint,Viewpoint,0,0,5,,,,0
n11687545428,Sri Aurobindo Ashram,Puducherry,11.936707,79.83424,sight,attraction,Heritage,0,0,2,,,,0
w333937093,Sri Manakula Vinayagar Temple,Puducherry,11.935813,79.83359,sight,place_of_worship,Temple,1,0,10,,,,1
w1317522732,St. Andrews Church,Puducherry,11.931354,79.793898,sight,place_of_worship,Temple,1,0,14,,,,1
n10304747322,State Emblem of India,Puducherry,11.935671,79.836225,sight,monument,Heritage,0,0,5,,,,0
n3419126281,Statue of Doctor Bhimrao Ramji Ambedkar,Puducherry,11.929118,79.834828,sight,monument,Heritage,0,0,3,,,,0
n626906874,Stonehenge,Puducherry,12.007053,79.80025,sight,viewpoint,Viewpoint,0,0,2,,,,0
n5267713510,Temple Column,Puducherry,11.934168,79.833922,sight,monument,Heritage,0,0,2,,,,0
w1549270944,Tribute Wall,Puducherry,11.932419,79.835636,sight,attraction,Heritage,0,0,3,,,,0
n7184114715,Uranya,Puducherry,11.982932,79.777692,sight,tomb,Heritage,0,0,3,,,,0
w236675857,Appughar,Pune,18.665782,73.76321,activity,theme_park,Activity,0,0,3,,,,0
r15554671,Bobdev Gath,Pune,18.419622,73.907508,activity,hiking_route,Activity,0,0,4,,,,0
r11856160,Bopdev to Katraj,Pune,18.404319,73.881862,activity,hiking_route,Activity,0,0,4,,,,0
w149955071,Choki Dani,Pune,18.554599,73.966113,activity,theme_park,Activity,0,0,2,,,,0
n1690324168,CoEP Boat Club,Pune,18.53077,73.856142,activity,canoe,Activity,0,0,5,,,,0
w981035041,"Diamond Parks - Water, Adventure & Camping",Pune,18.60628,73.958293,activity,theme_park,Activity,0,0,3,,,,0
r15554667,Dive Ghat to Bobdev Ghat,Pune,18.410005,73.955464,activity,hiking_route,Activity,0,0,4,,,,0
w236675858,Dolphin Water Park,Pune,18.665353,73.762167,activity,water_park,Activity,0,0,3,,,,0
r20998179,EST 31,Pune,18.320244,73.704539,activity,hiking_route,Activity,0,0,9,,,,0
w1271767135,Japalouppe,Pune,18.702596,73.695344,activity,zoo,Activity,0,0,7,,,,0
w859736712,Katraj Sinhagad Trek,Pune,18.38363,73.815573,activity,hiking_route,Activity,0,0,5,,,,0
r11856161,Katraj to Sinhagad,Pune,18.381131,73.808792,activity,hiking_route,Activity,0,0,4,,,,0
r15554672,Loop around Ponds,Pune,18.422106,73.935453,activity,hiking_route,Activity,0,0,4,,,,0
r15554668,Malhargad Fort,Pune,18.422763,74.02741,activity,hiking_route,Activity,0,0,4,,,,0
w217631172,Manali Resort and Banquet,Pune,18.493093,73.998642,activity,theme_park,Activity,0,0,9,,,,0
w246996059,Pimple Gurav Dinosaur Park,Pune,18.592192,73.817575,activity,theme_park,Activity,0,0,9,,Mo-Su 05:00-20:30,,0
n7195554501,Raje Shivaji Climbing Wall,Pune,18.525388,73.851134,activity,climbing,Activity,0,0,3,,,,0
w752309313,Sentosa Water Park,Pune,18.653535,73.730934,activity,water_park,Activity,0,0,2,,,,0
r11855988,Sinhagad,Pune,18.362285,73.760495,activity,hiking_route,Activity,0,0,4,,,,0
w856781949,Sinhagad Trail,Pune,18.375651,73.766646,activity,hiking_route,Activity,0,0,5,,,,0
r15554674,Sinhagad to Rajgad,Pune,18.310966,73.734037,activity,hiking_route,Activity,0,0,4,,,,0
n10316607574,Sujit Aquariums,Pune,18.50149,73.813757,activity,aquarium,Activity,0,0,8,,,,0
n4327203990,cloud 9,Pune,18.47727,73.910724,activity,camp_site,Activity,0,0,2,,,,0
n7207293479,Alu Dharwaja | Diversion to Torna,Pune,18.242223,73.674422,nature,cave_entrance,Nature,0,0,2,,,,0
n1063819028,Baner Hill,Pune,18.549327,73.786438,nature,peak,Nature,1,0,5,,,,1
n13336793725,Bhamchandra Hill,Pune,18.801684,73.760415,nature,peak,Nature,0,0,2,,,,0
n9134510231,Bhandara Dongar,Pune,18.751849,73.733377,nature,peak,Nature,0,0,2,,,,0
w136893522,Bird Valley Lake,Pune,18.657367,73.801788,nature,lake,Nature,0,0,4,,,,0
w532470092,Bund Garden,Pune,18.541623,73.884249,nature,park,Nature,1,0,6,,,,1
w136893577,CME Lake,Pune,18.607184,73.847759,nature,lake,Nature,0,0,6,,,,0
w1463068788,CME Middle Lake,Pune,18.603543,73.84321,nature,lake,Nature,0,0,3,,,,0
w1027364184,CP Chondhe Lake,Pune,18.492884,73.759311,nature,lake,Nature,0,0,3,,,,0
n10855977223,Chauraicha Dongar,Pune,18.71066,73.669948,nature,peak,Nature,0,0,2,,,,0
n9717368764,Duba,Pune,18.241563,73.686917,nature,peak,Nature,0,0,3,,,,0
n1067982461,Durga Tekdi,Pune,18.67003,73.757845,nature,peak,Nature,0,0,3,,,,0
w53154871,Empress Botanical Garden,Pune,18.513182,73.897466,nature,park,Nature,1,0,5,,,,1
n10855965882,Ghoradeshwar,Pune,18.692001,73.705815,nature,peak,Nature,0,0,4,,,,0
n10787210679,Green Sunrise Hill,Pune,18.584581,74.009483,nature,peak,Nature,0,0,8,This elevated government forest land,,,0
w116562170,Hadshi Talav,Pune,18.605544,73.521837,nature,lake,Nature,0,0,6,,,,0
w772155076,Harantale,Pune,18.605808,73.94084,nature,lake,Nature,0,0,3,,,,0
r1851329,Katraj Lake,Pune,18.444296,73.862607,nature,lake,Nature,0,0,7,,,,0
w54937943,Katraj Lake,Pune,18.4536,73.861624,nature,lake,Nature,0,0,6,,,,0
w1395150798,Koyali lake,Pune,18.708918,73.984239,nature,lake,Nature,0,0,3,,,,0
w53273788,Lakaki Talav,Pune,18.529337,73.841938,nature,lake,Nature,0,0,4,,,,0
n7211134800,Malhargad,Pune,18.412015,74.049346,nature,peak,Nature,0,0,3,,,,0
w91690071,Manas Lake,Pune,18.495341,73.735454,nature,lake,Nature,0,0,4,,,,0
n10982167877,Marunji tekdi,Pune,18.603558,73.700615,nature,peak,Nature,0,0,5,,,,0
n13336829507,Navlakhya Dongar,Pune,18.828181,73.673703,nature,peak,Nature,0,0,2,,,,0
w197954185,P L Deshpande Garden,Pune,18.492676,73.837004,nature,park,Nature,1,0,10,,"Mo-Su 06:00-10:30, 16:00-20:00",,1
n1065869104,Pashan Hill,Pune,18.548349,73.781544,nature,peak,Nature,0,0,3,,,,0
r2794610,Pashan Lake,Pune,18.53211,73.784247,nature,lake,Nature,1,0,9,,,,1
n1065065191,Pointy Hill,Pune,18.535637,73.756262,nature,peak,Nature,0,0,3,,,,0
n7400453211,Purandar,Pune,18.280077,73.974301,nature,peak,Nature,1,0,6,,,,1
n1065083092,Rajgad,Pune,18.245237,73.682889,nature,peak,Nature,0,0,5,,,,0
n1065082306,Sinhagad,Pune,18.365186,73.754987,nature,peak,Nature,0,0,6,,,,0
n1065055134,Sutarwadi Hill,Pune,18.538699,73.777226,nature,peak,Nature,0,0,3,,,,0
w136893605,Talegaon sanskruti Lake,Pune,18.71613,73.688199,nature,lake,Nature,0,0,10,,,,0
w1174147646,Tikona Fort Lake,Pune,18.631514,73.512726,nature,lake,Nature,0,0,3,,,,0
n974330624,Tikona peak,Pune,18.631978,73.512499,nature,peak,Nature,0,0,4,,,,0
n1065083094,Torna,Pune,18.275721,73.622636,nature,peak,Nature,1,0,6,,,,1
n12744072701,Torna Fort - Trek Start Point,Pune,18.268598,73.628072,nature,peak,Nature,0,0,2,,,,0
n7400492386,Vajragad,Pune,18.284384,73.989142,nature,peak,Nature,0,0,3,,,,0
n1065052584,Vetal Tekdi,Pune,18.525561,73.815341,nature,peak,Nature,1,0,5,,,,1
w136893535,Vishrantwadi Lake,Pune,18.577089,73.882346,nature,lake,Nature,0,0,5,,,,0
n10720795090,Zorali Shikhar,Pune,18.397981,73.847351,nature,peak,Nature,0,0,2,,,,0
w215998839,Aga Khan Palace,Pune,18.55236,73.901448,sight,castle,Heritage,1,0,8,,,,1
w282054945,Amruteshwar Mandir,Pune,18.520753,73.85345,sight,place_of_worship,Temple,1,0,7,,,,1
n4336624350,Ashoka Pillar,Pune,18.461066,73.759082,sight,monument,Heritage,0,0,2,,,,0
w282961089,Ashtabhuja Mandir,Pune,18.51723,73.846558,sight,place_of_worship,Temple,1,0,7,,,,1
w359687254,Aundh Vitthal Mandir,Pune,18.567142,73.811063,sight,place_of_worship,Temple,1,0,6,,,,1
n3836998960,Belbag Mandir,Pune,18.515669,73.855609,sight,place_of_worship,Temple,1,0,5,,,,1
w232879052,Bharat Itihas Sanshodhak Mandal,Pune,18.510666,73.84951,sight,museum,Museum,1,0,6,,,,1
n7169206205,Bhopdeo Ghat Viewpoint,Pune,18.415399,73.905586,sight,viewpoint,Viewpoint,0,0,2,,,,0
n3997118331,Buddha Statue,Pune,18.54424,73.77404,sight,monument,Heritage,0,0,2,,,,0
w331478719,Dr. Babasaheb Ambedkar Museum,Pune,18.524265,73.829996,sight,museum,Museum,0,0,17,,,,0
n3386030400,HAL Marut,Pune,18.517258,73.835367,sight,attraction,Heritage,0,0,3,,,,0
w269501567,Jangli Maharaj Mandir,Pune,18.526377,73.849997,sight,place_of_worship,Temple,1,0,7,,,,1
n2455119457,Joshi's Museum of Miniature Railways,Pune,18.501412,73.822364,sight,museum,Museum,1,0,14,,"Mo-We,Fr 09:00-13:00,13:30-17:00; Th 09:00-13:00; Sa 09:00-16:00,17:00-20:00; Su 17:00-20:00",,1
n2289294092,Kasba Ganpati,Pune,18.51903,73.857241,sight,place_of_worship,Temple,1,0,8,,,,1
w217271037,Lal Mahal,Pune,18.518725,73.856664,sight,attraction,Heritage,0,0,4,,,,0
n14070189246,Mahatma Gandhi Museum,Pune,18.552578,73.901488,sight,museum,Museum,0,0,2,,,,0
w218078554,Mahatma Phule Vastu Sangrahalaya,Pune,18.523634,73.845183,sight,museum,Museum,0,0,4,,,,0
w67168944,Ohel David Synagogue,Pune,18.519358,73.874604,sight,place_of_worship,Temple,1,0,9,,,,1
n2081486315,Parvati,Pune,18.497774,73.847114,sight,viewpoint,Viewpoint,0,0,2,,,,0
n2081486313,Parvati Museum,Pune,18.497267,73.846829,sight,museum,Museum,0,0,2,,,,0
w218078556,Pataleshwar,Pune,18.527045,73.850079,sight,archaeological_site,Heritage,1,0,7,,,,1
w158879223,Peacock bay,Pune,18.437373,73.750525,sight,attraction,Heritage,0,0,2,,,,0
n10578845675,Pune Border Pillar,Pune,18.503129,73.760731,sight,monument,Heritage,0,0,3,,,,0
n13805714808,RK Laxman museum,Pune,18.573321,73.770793,sight,museum,Museum,0,0,4,,,,0
w264281528,Raja Dinkar Kelkar Museum,Pune,18.510762,73.854509,sight,museum,Museum,1,0,7,,,,1
n11308954141,Reliance Mall,Pune,18.628469,73.780835,sight,monument,Heritage,0,0,4,,,,0
w53272975,Sarasbaug,Pune,18.500829,73.852809,sight,attraction,Heritage,1,0,12,,Mo-Sa 07:00-21:00,,1
w290390068,Sawai Gandharva Smarak,Pune,18.531728,73.845496,sight,museum,Museum,0,0,4,,,,0
r2861672,Shaniwar Wada,Pune,18.519386,73.855347,sight,castle,Heritage,0,0,11,,,,0
w1145089204,Shaniwarwada,Pune,18.519386,73.855347,sight,fort,Heritage,1,0,7,,,,1
w53350109,Shinde Chhatri,Pune,18.491629,73.897273,sight,attraction,Heritage,1,0,6,,,,1
w1364324779,Shivsrushti Historical Theme Park Pune,Pune,18.456714,73.836938,sight,museum,Museum,0,0,3,,,,0
n2966334799,St. Patrick's Cathedral,Pune,18.508841,73.898214,sight,place_of_worship,Temple,1,0,7,,,,1
n12039066569,Taljai Watch Tower,Pune,18.484278,73.847092,sight,attraction,Heritage,0,0,6,,,,0
w176331809,Wildernest Country Homes,Pune,18.41692,73.774775,sight,attraction,Heritage,0,0,2,,,,0
n5795521366,Yash Laxmi Numismatic Museum,Pune,18.491992,73.823652,sight,museum,Museum,0,0,6,,Tu-Su 17:00-20:00,,0
n13681289124,Blue Splash Water Park,Puri,19.848971,85.917556,activity,water_park,Activity,0,0,3,,,,0
n12636285123,Niladri Beach,Puri,19.79798,85.835535,nature,beach,Beach,0,0,3,,,,0
n6422357485,Model Beach,Puri,19.797618,85.834383,sight,attraction,Heritage,0,0,3,,,,0
w719282177,Sri Nahar,Puri,19.805343,85.821086,sight,castle,Heritage,0,0,3,,,,0
n1051793849,Swami Parvananda Museum,Puri,19.794864,85.818405,sight,museum,Museum,0,0,2,,,,0
n1030663750,Camel Market,Pushkar,26.488278,74.54348,sight,attraction,Heritage,0,0,4,,,,0
w1033184823,Maharaja Surajmal Desert Ground,Pushkar,26.481652,74.532153,sight,attraction,Heritage,0,0,10,,,,0
n4306140089,Old Pushkar,Pushkar,26.518804,74.586486,sight,attraction,Heritage,0,0,2,,,,0
n4306102590,Vipassana Dhamma Pushkar,Pushkar,26.559195,74.555948,sight,attraction,Heritage,0,0,2,,,,0
w670664051,Jungle Safari,Raipur,21.097853,81.777188,activity,nature_reserve,Activity,0,0,2,,,,0
n4445595169,Vivekkanand sarovar,Raipur,21.2328,81.634172,activity,water_park,Activity,0,0,5,,,,0
w663288129,Wonder Land Park,Raipur,21.231845,81.576853,activity,water_park,Activity,0,0,6,,,,0
w419905428,Atal Park,Raipur,21.157288,81.784002,nature,park,Nature,1,0,3,,,,1
w259872672,Budha Talab,Raipur,21.23261,81.634338,nature,lake,Nature,0,0,4,,,,0
r11339483,Jhanjh Lake,Raipur,21.147207,81.769937,nature,lake,Nature,0,0,4,,,,0
w670664050,Jungle Safari Lake,Raipur,21.101413,81.776457,nature,lake,Nature,0,0,3,,,,0
w455290557,Macchi Tariya Talaab,Raipur,21.264132,81.630724,nature,lake,Nature,0,0,3,,,,0
w373872433,Maharajband Talab,Raipur,21.226578,81.629042,nature,lake,Nature,0,0,3,,,,0
w383704382,Mowa Talab,Raipur,21.268545,81.67174,nature,lake,Nature,0,0,3,,,,0
w455290558,Naya Talab,Raipur,21.265597,81.629148,nature,lake,Nature,0,0,3,,,,0
w363847553,Nayakbandha Talab,Raipur,21.043625,81.755249,nature,lake,Nature,0,0,3,,,,0
w455301897,Pandri Talab,Raipur,21.255882,81.668246,nature,lake,Nature,0,0,3,,,,0
w243293482,Raja Talab,Raipur,21.247296,81.654275,nature,lake,Nature,0,0,3,,,,0
w836921563,Sendh Lake,Raipur,21.203468,81.812081,nature,lake,Nature,0,0,3,,,,0
w243293442,Telibandha Talab,Raipur,21.239111,81.659201,nature,lake,Nature,0,0,3,,,,0
w1138191446,Bottle House,Raipur,21.247002,81.661117,sight,attraction,Heritage,0,0,3,,,,0
n7736593777,Chhattisgarh Science Centre,Raipur,21.276976,81.682369,sight,museum,Museum,0,0,5,,"Mo-Su 09:00-12:00,13:30-18:30",,0
n4444382939,Maha koshal Art Gallery,Raipur,21.241201,81.642572,sight,attraction,Heritage,0,0,5,,,,0
w1360649394,Mahant Ghasidas Memorial Museum,Raipur,21.243726,81.644942,sight,museum,Museum,0,0,3,,,,0
n12595881488,Marine Drive,Raipur,21.240738,81.66039,sight,attraction,Heritage,0,0,2,,,,0
n4518453889,Osho bhawan,Raipur,21.262577,81.626513,sight,monument,Heritage,0,0,4,,,,0
n12595843940,Replica of Parliament of India,Raipur,21.24439,81.64423,sight,monument,Heritage,0,0,2,,,,0
n12595861945,Shaheed Veer Narayan Singh Smarak,Raipur,21.242992,81.644379,sight,monument,Heritage,0,0,2,,,,0
n4600301989,Adventuria Animal Path,Rishikesh,30.081591,78.383523,activity,camp_site,Activity,0,0,6,,,,0
n4025966731,Buffalo campsite,Rishikesh,30.072803,78.311934,activity,zoo,Activity,0,0,2,,,,0
n11193138253,"Camp Mountain Whisper, Most Unique Location in Rishikesh",Rishikesh,30.15358,78.344598,activity,camp_site,Activity,0,0,27,This is the most unique campsite of Rishikesh. One who stay here never believes that they are in Rishikesh. Our location is one of the best picturesque area with the Sunrise and Sunset point on the highest peak of Rishikesh.,,yes,0
r16720282,Dandachali leisure hike,Rishikesh,30.301817,78.428853,activity,hiking_route,Activity,0,0,5,,,,0
r16720252,Dandachali to Ghandiyal trek,Rishikesh,30.293466,78.416479,activity,hiking_route,Activity,0,0,5,,,,0
n4025966744,Elephant campsite,Rishikesh,30.088133,78.315545,activity,zoo,Activity,0,0,2,,,,0
n11738628156,"Garud Chatti River Resort, Book A Camp 003",Rishikesh,30.109093,78.380109,activity,camp_site,Activity,0,0,22,,,,0
r15718184,Garudachatti Patna Haldogi,Rishikesh,30.112538,78.358644,activity,hiking_route,Activity,0,0,4,,,,0
r16720253,Ghantakarn Temple,Rishikesh,30.236123,78.417053,activity,hiking_route,Activity,0,0,5,,,,0
n13454788338,Heval River Cottage and Rafting Camp,Rishikesh,30.108842,78.380222,activity,camp_site,Activity,0,0,23,Riverside camping and cottage accommodation in Rishikesh.,24/7,,0
n11775316624,"Himalayan Walker, Book A Camp 006",Rishikesh,30.137441,78.392143,activity,camp_site,Activity,0,0,20,,,,0
r15720302,Malli to Nir,Rishikesh,30.14582,78.336652,activity,hiking_route,Activity,0,0,4,,,,0
r15718159,Neelkant Mahadev,Rishikesh,30.094438,78.324618,activity,hiking_route,Activity,0,0,4,,,,0
r15718158,Neelkant Mahadev 2,Rishikesh,30.099327,78.332027,activity,hiking_route,Activity,0,0,4,,,,0
r15720303,Phool Chatti to Phulari,Rishikesh,30.118433,78.386769,activity,hiking_route,Activity,0,0,4,,,,0
r15720308,Rajaji Loop 1,Rishikesh,30.07637,78.304769,activity,hiking_route,Activity,0,0,4,,,,0
r15720309,Rajaji Loop 2,Rishikesh,30.053262,78.298591,activity,hiking_route,Activity,0,0,4,,,,0
r15718185,Rishikesh to Khairgal,Rishikesh,30.112306,78.339537,activity,hiking_route,Activity,0,0,4,,,,0
n11019700163,Soul Tree Camp and Resort,Rishikesh,30.096239,78.386225,activity,camp_site,Activity,0,0,17,,,yes,0
n11740072807,"Stay in Camp, Book A Camp 007",Rishikesh,30.140802,78.382101,activity,camp_site,Activity,0,0,23,,,no,0
r15720296,Tapovan to Barkot,Rishikesh,30.147143,78.317315,activity,hiking_route,Activity,0,0,4,,,,0
n1413103952,elephant zone end point,Rishikesh,30.10209,78.311615,activity,zoo,Activity,0,0,2,,,,0
n4984042431,Arundhati Guha Cave,Rishikesh,30.114325,78.430844,nature,cave_entrance,Nature,0,0,3,,Mo-Su 15:00-18:00,,0
n3817274901,Baba cave,Rishikesh,30.110477,78.31119,nature,cave_entrance,Nature,0,0,2,,,,0
n3152696123,Baba cave,Rishikesh,30.102064,78.321978,nature,cave_entrance,Nature,0,0,2,,,,0
w378691141,Bairaj lake,Rishikesh,30.08416,78.292269,nature,lake,Nature,0,0,3,,,,0
n6422668994,Budi Banj,Rishikesh,30.153811,78.65623,nature,peak,Nature,0,0,3,,,,0
n6422582364,Dhanota,Rishikesh,30.092675,78.559992,nature,peak,Nature,0,0,3,,,,0
n6422582200,Kanwana,Rishikesh,30.164062,78.516197,nature,peak,Nature,0,0,3,,,,0
n6422668997,Markinkhola,Rishikesh,30.193689,78.601266,nature,peak,Nature,0,0,3,,,,0
w378809230,Neem Beach,Rishikesh,30.133306,78.332018,nature,beach,Beach,0,0,2,,,,0
n5050016221,Neer Gahr Waterfall,Rishikesh,30.143076,78.340577,nature,waterfall,Nature,0,0,3,,,,0
n4700827723,Patna Waterfalls,Rishikesh,30.11431,78.365186,nature,waterfall,Nature,0,0,3,,,,0
n6433738831,Rataoli,Rishikesh,30.342834,78.541442,nature,peak,Nature,0,0,3,,,,0
n6388582588,Secret Waterfall,Rishikesh,30.149418,78.315622,nature,waterfall,Nature,0,0,2,,,,0
n5255145623,Aarti,Rishikesh,30.112407,78.308211,sight,attraction,Heritage,0,0,2,,,,0
n11167006080,Aarti,Rishikesh,30.122728,78.311527,sight,attraction,Heritage,0,0,2,,,,0
w102677527,Beatles Ashram,Rishikesh,30.112552,78.312231,sight,museum,Museum,0,0,5,,Mo-Su 08:00-18:00,,0
n3152711632,Beatles room,Rishikesh,30.111398,78.312543,sight,attraction,Heritage,0,0,2,,,,0
n1184535989,Blue Shiva,Rishikesh,30.121236,78.313166,sight,monument,Heritage,0,0,4,,,,0
n11459704969,Gallery of Sikh Martyrs,Rishikesh,30.112541,78.303176,sight,museum,Museum,0,0,2,,,,0
n6911423686,Jumpin Heights,Rishikesh,30.064087,78.402006,sight,attraction,Heritage,0,0,5,,,,0
n6448978788,Meditation Beach,Rishikesh,30.124855,78.322508,sight,attraction,Heritage,0,0,2,,,,0
n5022310823,Neem Beach,Rishikesh,30.136349,78.392011,sight,attraction,Heritage,0,0,3,,,,0
n6346916493,Saptpuri Complex (Beatles Accommodation),Rishikesh,30.108715,78.313042,sight,attraction,Heritage,0,0,2,,,,0
n6388540190,Shiva Cave,Rishikesh,30.160723,78.318357,sight,monument,Heritage,0,0,2,,,,0
n11846505069,Viewpoint over Rishikesh,Rishikesh,30.152856,78.295747,sight,viewpoint,Viewpoint,0,0,2,,,,0
n5423911321,Vindhya Wasini Temple,Rishikesh,29.996228,78.318162,sight,monument,Heritage,0,0,3,,,,0
n2657561835,Waterfall,Rishikesh,30.122901,78.35269,sight,viewpoint,Viewpoint,0,0,2,,,,0
n6009154286,yash’s farm,Rishikesh,30.135952,78.368098,sight,viewpoint,Viewpoint,0,0,2,,,,0
w1229915760,Kurumbapatti Zoo-Park,Salem,11.745749,78.170774,activity,zoo,Activity,0,0,7,,,,0
w842803265,Paravasa Ulagam,Salem,11.526863,78.150064,activity,theme_park,Activity,0,0,4,,,,0
n11405584589,ZOO PARK,Salem,11.745499,78.170799,activity,zoo,Activity,0,0,2,,,,0
w1109082009,Allikuttai Lake,Salem,11.671878,78.199975,nature,lake,Nature,0,0,4,,,,0
n11468684025,Jarugumalai,Salem,11.620894,78.218209,nature,peak,Nature,0,0,4,,,,0
n360213084,Kanja Malai,Salem,11.616796,78.058113,nature,peak,Nature,0,0,2,,,,0
w767538233,Kollapatti Lake,Salem,11.498521,78.03471,nature,lake,Nature,0,0,6,,,,0
w28562028,Kottanathan Lake,Salem,11.612663,78.119072,nature,lake,Nature,0,0,4,,,,0
n13800825292,Kumaragiri,Salem,11.643484,78.185,nature,peak,Nature,0,0,4,,,,0
n13466558382,Massabielle Mountain,Salem,11.952861,78.298412,nature,peak,Nature,0,0,2,,,,0
n11468684023,Nagaramalai,Salem,11.711267,78.143463,nature,peak,Nature,0,0,2,,,,0
w1153412053,Pallapatti Lake,Salem,11.660377,78.13112,nature,lake,Nature,0,0,3,,,,0
w32001038,Panamarathupati Lake,Salem,11.57664,78.188911,nature,lake,Nature,0,0,3,,,,0
w1226529884,Pattanam Lake,Salem,11.478575,78.206038,nature,lake,Nature,0,0,3,,,,0
w1109082010,Valasaiyur Lake,Salem,11.719739,78.252006,nature,lake,Nature,0,0,3,,,,0
w1109082008,Veeranam Lake,Salem,11.681486,78.209839,nature,lake,Nature,0,0,3,,,,0
w544956745,Venkadasamuthiram Lake,Salem,11.927477,78.352526,nature,lake,Nature,0,0,3,,,,0
n11468684024,Yercaud Hills,Salem,11.788371,78.23954,nature,peak,Nature,0,0,2,,,,0
r3458277,Yercaud Lake,Salem,11.783309,78.209264,nature,lake,Nature,0,0,4,,,,0
n4299433690,AVR Roundabout,Salem,11.675752,78.127949,sight,monument,Heritage,0,0,2,,,,0
n4299406997,Ammapet Lake,Salem,11.653649,78.184535,sight,attraction,Heritage,0,0,2,,,,0
w1227711044,Exhibiton Ground,Salem,11.668526,78.14095,sight,museum,Museum,0,0,2,,,,0
n4305297490,Kottai Mariamman Temple,Salem,11.654313,78.15942,sight,place_of_worship,Temple,1,0,5,,,,1
w278149398,Lady's Seat,Salem,11.770487,78.198083,sight,viewpoint,Viewpoint,0,0,2,,,,0
n4305372689,Military Road Roundabout,Salem,11.660255,78.189469,sight,monument,Heritage,0,0,2,,,,0
n4132351990,My Office,Salem,11.658052,78.13713,sight,attraction,Heritage,0,0,6,,,,0
n354952675,Salem view,Salem,11.763731,78.206334,sight,viewpoint,Viewpoint,0,0,2,,,,0
n4302953996,ThiruvaGoundanur Roundabout,Salem,11.667467,78.124431,sight,monument,Heritage,0,0,2,,,,0
r8909975,David Scott's trail,Shillong,25.428385,91.75322,activity,hiking_route,Activity,0,0,4,,,,0
n7016154789,High winds campsite,Shillong,25.494878,92.171673,activity,camp_site,Activity,0,0,2,,,,0
r15269011,Jatah to Sohmynting,Shillong,25.424135,92.092691,activity,hiking_route,Activity,0,0,7,,,,0
r15268986,Laitlum to Mawlyngngot,Shillong,25.423246,91.913046,activity,hiking_route,Activity,0,0,7,,,,0
r15268994,Lyngshing to Jatah,Shillong,25.41057,92.02107,activity,hiking_route,Activity,0,0,7,,,,0
r15336504,Mawrymgkhang Bamboo trek,Shillong,25.354624,91.845778,activity,hiking_route,Activity,0,0,5,,,,0
r15269026,Sohmynting to Khliehtryshi,Shillong,25.458604,92.158871,activity,hiking_route,Activity,0,0,7,,,,0
r15331822,Syntung to Pynursla,Shillong,25.328843,91.98049,activity,hiking_route,Activity,0,0,8,,,,0
r15268990,Umkhoi to Khwad,Shillong,25.397485,91.958637,activity,hiking_route,Activity,0,0,7,,,,0
n11909233376,Whitewater Village Sheela & Ian,Shillong,25.717679,91.858014,activity,camp_site,Activity,0,0,4,,,,0
n3178190093,Arwah Cave,Shillong,25.303353,91.727005,nature,cave_entrance,Nature,0,0,3,,,,0
n7025346585,Bishop waterfall,Shillong,25.581955,91.842481,nature,waterfall,Nature,0,0,2,,,,0
n5533409077,Dainthlen falls,Shillong,25.294086,91.682793,nature,waterfall,Nature,0,0,2,,,,0
n5352802384,Daiñthlen Falls,Shillong,25.29333,91.683671,nature,waterfall,Nature,0,0,3,,,,0
n4571342649,Elephant Falls,Shillong,25.537868,91.822056,nature,waterfall,Nature,0,0,4,,,,0
n5353042073,Janailar,Shillong,25.313901,91.701591,nature,waterfall,Nature,0,0,3,,,,0
n11752777408,Ka Krem Ba Dang Thymmai,Shillong,25.31239,91.760571,nature,cave_entrance,Nature,0,0,2,,,,0
n5381302678,Krang Shuri,Shillong,25.287358,92.125699,nature,waterfall,Nature,0,0,3,,,,0
n11768736052,Kshaid Arsdad,Shillong,25.311125,91.760894,nature,waterfall,Nature,0,0,2,,,,0
n5353042053,Kshaid Diengdoh,Shillong,25.321866,91.709927,nature,waterfall,Nature,0,0,3,,,,0
n11752679460,Kshaid Sum Syiem,Shillong,25.312973,91.760598,nature,cave_entrance,Nature,0,0,2,,,,0
n11768755690,Kshaid Um Lwai,Shillong,25.311434,91.759577,nature,waterfall,Nature,0,0,2,,,,0
n5355167148,Kshaid-U-Rai,Shillong,25.331554,91.728651,nature,waterfall,Nature,0,0,3,,,,0
n5353042061,Lyngksiar,Shillong,25.317739,91.706998,nature,waterfall,Nature,0,0,3,,,,0
n5353042028,Lyngnga,Shillong,25.328527,91.719295,nature,waterfall,Nature,0,0,3,,,,0
n6255621401,Mawryngkneng,Shillong,25.542471,92.06632,nature,peak,Nature,0,0,3,,,,0
n5353042095,Mawsawa,Shillong,25.305987,91.694229,nature,waterfall,Nature,0,0,3,,,,0
w1223701949,Mawtneng Lake,Shillong,25.722882,92.038728,nature,lake,Nature,0,0,6,,,,0
n3933644720,Nohkalikai Falls,Shillong,25.275655,91.686585,nature,waterfall,Nature,1,0,5,,,,1
n11752759012,Palong Syiem,Shillong,25.31264,91.760473,nature,cave_entrance,Nature,0,0,2,,,,0
n5381302076,Pdem Falls,Shillong,25.34647,92.112194,nature,waterfall,Nature,0,0,3,,,,0
n6507587885,Phe Phe Falls,Shillong,25.350389,92.161451,nature,waterfall,Nature,0,0,2,,,,0
n6382932087,Phe Phe Waterfall,Shillong,25.349944,92.16016,nature,waterfall,Nature,0,0,2,,,,0
n5380914138,Rableng Hill,Shillong,25.472835,91.922751,nature,peak,Nature,0,0,4,,,,0
n5381238925,Rengthiam,Shillong,25.508866,91.938019,nature,waterfall,Nature,0,0,3,,,,0
n11768755745,Root Waterfall,Shillong,25.311917,91.759801,nature,waterfall,Nature,0,0,3,,,,0
n5380914137,Shillong,Shillong,25.530765,91.849528,nature,peak,Nature,0,0,3,,,,0
n5351785121,Sohpetbneng,Shillong,25.708638,91.923204,nature,peak,Nature,0,0,2,,,,0
n11752771581,Stieh Maw,Shillong,25.31234,91.760536,nature,waterfall,Nature,0,0,2,,,,0
n9186674625,Symper Peak,Shillong,25.370452,91.587662,nature,peak,Nature,0,0,2,,,,0
r7323730,Umiam Lake,Shillong,25.65193,91.878724,nature,lake,Nature,1,0,5,,,,1
n4905125028,Umtynghiang Falls,Shillong,25.298901,91.699261,nature,waterfall,Nature,0,0,4,,,,0
n5381302824,Wahrashi Falls,Shillong,25.354541,92.061307,nature,waterfall,Nature,0,0,3,,,,0
n5352802396,Wei Sawdong,Shillong,25.291632,91.678213,nature,waterfall,Nature,0,0,3,,,,0
n7025305787,Beadon Bishop Viewpoint,Shillong,25.601524,91.857321,sight,viewpoint,Viewpoint,0,0,2,,,,0
n10593583435,Brookside Bunglow Rabindranath Tagore Museum,Shillong,25.568907,91.872796,sight,museum,Museum,0,0,5,,,,0
n7025353385,Butterfly museum,Shillong,25.581622,91.880189,sight,museum,Museum,0,0,2,,,,0
n7025361585,Cathedral of Mary Help of Christians,Shillong,25.568401,91.89138,sight,attraction,Heritage,0,0,2,,,,0
w366108712,Don Bosco Museum,Shillong,25.593091,91.882442,sight,museum,Museum,0,0,3,,,,0
n1365148626,Don Bosco Square,Shillong,25.569882,91.893531,sight,monument,Heritage,0,0,2,,,,0
w558050852,Ever Living Museum,Shillong,25.559949,91.934464,sight,museum,Museum,0,0,3,,,,0
n4411556890,Indira Gandhi National Open University,Shillong,25.605304,91.880324,sight,attraction,Heritage,0,0,3,,,,0
n13076605633,Khyndai Lad,Shillong,25.576,91.882819,sight,monument,Heritage,0,0,2,,,,0
n5380914438,Laitlum Grand Canyon,Shillong,25.448819,91.911437,sight,viewpoint,Viewpoint,0,0,5,,,,0
n5380914650,Lumheh Laitkyrhong View Point,Shillong,25.444651,91.895926,sight,viewpoint,Viewpoint,0,0,2,,,,0
w344537988,Rhino Museum,Shillong,25.571384,91.871442,sight,attraction,Heritage,0,0,2,,,,0
n245735780,Shillong,Shillong,25.575993,91.882787,sight,attraction,Heritage,1,0,31,,,,1
n3448029577,Shillong Peak View Point,Shillong,25.547412,91.874989,sight,viewpoint,Viewpoint,0,0,2,,,,0
n5219524722,State Museum,Shillong,25.569539,91.883943,sight,museum,Museum,0,0,2,,,,0
n5381238657,Sweet Falls,Shillong,25.560687,91.958546,sight,attraction,Heritage,0,0,3,,,,0
n5381238666,Sweet Falls View Point,Shillong,25.564951,91.95623,sight,viewpoint,Viewpoint,0,0,2,,,,0
n5380913853,Thangsning,Shillong,25.481478,91.931109,sight,attraction,Heritage,0,0,3,,,,0
n11736313935,"Book A Camp 015, Hail Himalayas",Shimla,31.020779,77.155933,activity,camp_site,Activity,0,0,20,,,,0
w667868257,Chail Wildlife Sanctuary,Shimla,30.968621,77.203068,activity,nature_reserve,Activity,1,0,6,,,,1
n8557254117,Hail Himalayas Eco Tourism Camping,Shimla,31.020582,77.155781,activity,camp_site,Activity,0,0,8,,24/7,,0
n1919728789,Himalayan Bird Park,Shimla,31.102903,77.147516,activity,zoo,Activity,0,0,2,,,,0
w667877344,Himalayan Nature Park Kufri,Shimla,31.102273,77.241735,activity,nature_reserve,Activity,1,0,7,,,,1
r19152920,Karol Tibba,Shimla,30.934321,77.10456,activity,hiking_route,Activity,0,0,4,,,,0
w263666715,Kufri Fun World,Shimla,31.094186,77.278119,activity,theme_park,Activity,0,0,2,,,,0
w667870724,Majathal WLS,Shimla,31.306295,76.964775,activity,nature_reserve,Activity,1,0,6,,,,1
w1546696395,Shiv Dhank Barog Trail,Shimla,30.908461,77.062225,activity,hiking_route,Activity,0,0,12,,,,0
n9557254078,The Glide Inn,Shimla,31.027318,77.194638,activity,camp_site,Activity,0,0,6,,,,0
n13432094646,Badeog Dhar,Shimla,31.271319,77.135225,nature,peak,Nature,0,0,3,,,,0
n9441614171,Barog Peak,Shimla,30.894155,77.065376,nature,peak,Nature,0,0,3,,,,0
n6436493936,Bhaili,Shimla,31.164442,77.119786,nature,peak,Nature,0,0,3,,,,0
n6438805342,Biru,Shimla,31.205612,77.250516,nature,peak,Nature,0,0,3,,,,0
n8999208356,Cameltoe Tibba,Shimla,30.77266,77.251961,nature,peak,Nature,0,0,4,,,,0
n6594938585,Chadwick Falls,Shimla,31.118951,77.13864,nature,waterfall,Nature,0,0,2,,,,0
n10183007877,Chanjwara,Shimla,31.453635,77.23049,nature,peak,Nature,0,0,2,,,,0
n6439152512,Chhichar Tibba,Shimla,31.266969,77.404496,nature,peak,Nature,0,0,3,,,,0
n9817012181,Chul,Shimla,31.167334,77.475672,nature,peak,Nature,0,0,2,,,,0
n4772286345,Churdhar,Shimla,30.870547,77.480397,nature,peak,Nature,0,0,3,,,,0
n9441372226,Dhaaron ki Dhar Peak,Shimla,30.886753,77.160282,nature,peak,Nature,0,0,5,This peak has Gurkha Fort built by Jung Bahadur,,,0
n8286400025,Dhamander,Shimla,31.009315,77.39508,nature,peak,Nature,0,0,2,,,,0
n9780981201,Jakhoo,Shimla,31.100496,77.183569,nature,peak,Nature,0,0,4,,,,0
n9908022973,Jankhat ka Tibba,Shimla,30.970489,77.527792,nature,peak,Nature,0,0,2,,,,0
n9768481847,Kali Tibba,Shimla,30.933989,77.204763,nature,peak,Nature,0,0,4,,,,0
n9441367747,Karol Tibba,Shimla,30.944285,77.101002,nature,peak,Nature,0,0,4,Highest Peak in Solan District.,,,0
n9908022972,Kungu Tibba,Shimla,30.976266,77.534938,nature,peak,Nature,0,0,2,,,,0
n6435595339,Mahasu,Shimla,31.086711,77.262619,nature,peak,Nature,1,0,4,,,,1
n6437139349,Manjli Reri,Shimla,31.272673,76.95307,nature,peak,Nature,0,0,3,,,,0
n6439151849,Morela Choti,Shimla,31.244673,77.516184,nature,peak,Nature,0,0,3,,,,0
n6439151742,Nag Tibba,Shimla,31.304955,77.387202,nature,peak,Nature,0,0,3,,,,0
n9817012268,Nagtikkar,Shimla,31.2235,77.333,nature,peak,Nature,0,0,2,,,,0
n14067888852,Panch Mundiya,Shimla,30.907369,77.062835,nature,peak,Nature,0,0,2,,,,0
n12525307837,Pandava Cave,Shimla,30.941341,77.109798,nature,cave_entrance,Nature,0,0,3,,,no,0
n9441387075,Phantom Hill Peak,Shimla,30.898304,77.12114,nature,peak,Nature,0,0,3,,,,0
n6438805340,Shali,Shimla,31.191433,77.274729,nature,peak,Nature,0,0,3,,,,0
w484871264,Tani Jubbar,Shimla,31.286183,77.499299,nature,lake,Nature,0,0,3,,,,0
n13935289518,byadi,Shimla,31.3763,77.157738,nature,peak,Nature,0,0,2,,,,0
n5613364524,Bantony Castle,Shimla,31.106152,77.16956,sight,monument,Heritage,0,0,4,,,,0
n11135813788,Cave of Nightmares,Shimla,30.994339,77.212601,sight,attraction,Heritage,0,0,3,,,,0
n13754458101,Chadwick Falls Pedestrian Gate,Shimla,31.122494,77.143185,sight,archaeological_site,Heritage,0,0,2,,,,0
w1200670348,Chail Palace,Shimla,30.973638,77.199055,sight,attraction,Heritage,0,0,4,,,,0
n6646451600,Hamberg 40rp,Shimla,31.105425,77.168378,sight,attraction,Heritage,0,0,2,,,,0
n1010789433,Hanuman statue,Shimla,31.100747,77.183441,sight,monument,Heritage,0,0,3,,,,0
n1012073422,Himachal Pradesh State Museum,Shimla,31.103145,77.150828,sight,museum,Museum,0,0,3,,,,0
n1329314535,Jakhoo Temple,Shimla,31.101121,77.18398,sight,place_of_worship,Temple,1,0,5,,,,1
w87077906,Kalka Shimla Railway,Shimla,31.102591,77.155414,sight,archaeological_site,Heritage,0,0,7,,,,0
w263666716,Kufri,Shimla,31.09446,77.276164,sight,attraction,Heritage,0,0,2,,,,0
n5613364525,Railway Board Building,Shimla,31.105317,77.164859,sight,attraction,Heritage,0,0,2,,,,0
n1012109529,Rajiv Gandhi 1944-91,Shimla,31.088481,77.179825,sight,monument,Heritage,0,0,2,,,,0
w1201016661,Stone Kumbh,Shimla,30.994196,77.212586,sight,attraction,Heritage,1,0,9,,24/7,,1
n1010797599,The Army Heritage Museum,Shimla,31.109506,77.159138,sight,museum,Museum,0,0,4,,,,0
n5853841788,village NEEN,Shimla,31.00566,77.277192,sight,viewpoint,Viewpoint,0,0,4,,,,0
w1300296574,Dreamland Amusement Park,Siliguri,26.64915,88.393035,activity,theme_park,Activity,0,0,10,,Mo-Su 10:00-19:00,,0
w678834890,Mahananda WLS,Siliguri,26.853891,88.422432,activity,nature_reserve,Activity,1,0,10,,,,1
w1469227287,Savin Kingdom,Siliguri,26.7394,88.402995,activity,theme_park,Activity,0,0,5,,,,0
n12752937501,Giddapahar Jharna,Siliguri,26.860785,88.290905,nature,waterfall,Nature,0,0,3,,,,0
w528398766,Maharajar Dighi,Siliguri,26.451774,88.615572,nature,lake,Nature,0,0,4,"পঞ্চগড় জেলা সদর থেকে মাত্র ১৫ কিলোমিটার দূরে অমরখানা ইউনিয়নে অবস্থিত এক ঐতিহাসিক পুকুরের নাম মহারাজার দীঘি (Maharajar Dighi)। ধারণা করা হয়, ভিতরগড় নামের ১৫০০ বছরের প্রাচীন ঐতিহাসিক এক রাজ্যে মহারাজা পৃথু রাজত্ব করাকালীন এই দীঘিটি খনন করেন।",,,0
n6950312886,33 Corps,Siliguri,26.789549,88.316897,sight,castle,Heritage,0,0,2,,,,0
w539401160,Banglabandha Zero Point,Siliguri,26.633162,88.414597,sight,monument,Heritage,0,0,2,,,,0
n5139521127,Mahananda awareness park,Siliguri,26.794183,88.365645,sight,attraction,Heritage,0,0,2,,,,0
w559250415,Somnath Beach,Somnath,20.885172,70.404773,nature,beach,Beach,0,0,3,,,,0
r12361416,Veraval Beach,Somnath,20.909569,70.355421,nature,beach,Beach,0,0,3,,,,0
n5338287522,Aadri Beach,Somnath,20.959564,70.279119,sight,attraction,Heritage,0,0,2,,,,0
n4296908038,Buddhist Cave,Somnath,20.891739,70.41225,sight,archaeological_site,Heritage,0,0,2,,,,0
n4296609541,Prabhas Patan Museum,Somnath,20.890524,70.401953,sight,museum,Museum,0,0,3,,10-00 to 13-30 & 14-30 to 18-00,,0
n4297641583,Sun Temple,Somnath,20.901558,70.426961,sight,archaeological_site,Heritage,0,0,2,,,,0
n4296666765,Vallabhghat,Somnath,20.88668,70.403543,sight,viewpoint,Viewpoint,0,0,2,,,,0
n4296644593,Veer Hamirji Gohil Statue,Somnath,20.887036,70.405601,sight,monument,Heritage,0,0,3,,,,0
n10181963146,Badi marg,Srinagar,34.229723,74.867434,activity,camp_site,Activity,0,0,2,,,,0
r15802608,Badimarg,Srinagar,34.217927,74.879725,activity,hiking_route,Activity,0,0,6,,,,0
n10255820756,Chinar Park,Srinagar,33.961998,75.08313,activity,theme_park,Activity,0,0,4,,,,0
n10181963147,Choti Marg,Srinagar,34.219185,74.889656,activity,camp_site,Activity,0,0,2,,,,0
w126704884,Dachigam National Park,Srinagar,34.133017,75.023863,activity,nature_reserve,Activity,1,0,10,,,,1
r15799009,Dara Faqir Gujhiri to Akhal Kangan,Srinagar,34.224786,74.913534,activity,hiking_route,Activity,0,0,5,,,,0
r15798895,Dara to Sochel Pathri,Srinagar,34.191826,74.939226,activity,hiking_route,Activity,0,0,4,,,,0
r15798934,Faqir Gujiri to Sochel Pathri,Srinagar,34.197981,74.936346,activity,hiking_route,Activity,0,0,5,,,,0
r15798933,Faqir Gujri to Santari Top,Srinagar,34.196231,74.92655,activity,hiking_route,Activity,0,0,7,,,,0
n10568049050,Hanzmalan,Srinagar,34.184389,74.976027,activity,camp_site,Activity,0,0,2,,,,0
r14224988,Hoksar lake @zeeshan,Srinagar,34.162211,75.098815,activity,hiking_route,Activity,0,0,7,,,,0
n14168686201,Hover pather,Srinagar,34.081923,75.103184,activity,camp_site,Activity,0,0,2,,,,0
n10181963186,Khudmarg,Srinagar,34.240427,74.842777,activity,camp_site,Activity,0,0,2,,,,0
r14258583,Koh e Jabbar / Burzawas peak,Srinagar,34.168809,74.959961,activity,hiking_route,Activity,0,0,4,,,,0
r14054236,Koh e Jabbar /Burzawas peak),Srinagar,34.184448,74.926538,activity,hiking_route,Activity,0,0,6,,,,0
n10902413752,Lichhpathri,Srinagar,33.847389,74.652354,activity,camp_site,Activity,0,0,2,,,,0
n10039959012,Lidwas,Srinagar,34.169815,74.984353,activity,camp_site,Activity,0,0,2,,,,0
n10023465435,Mamneth,Srinagar,34.178307,74.933853,activity,camp_site,Activity,0,0,2,,,,0
r15965671,Mamneth Circuit Trail,Srinagar,34.17754,74.931255,activity,hiking_route,Activity,0,0,6,,,,0
n10181951408,Marg,Srinagar,34.188788,74.971298,activity,camp_site,Activity,0,0,2,,,,0
n8943677917,Mohandmarg,Srinagar,34.325032,74.771556,activity,camp_site,Activity,0,0,2,,,,0
w1052978480,Mount Mahadev Trail,Srinagar,34.184574,74.926961,activity,hiking_route,Activity,0,0,4,,,,0
w1052978479,Mount Mahadev/Koh e Jabbar Peak Trail,Srinagar,34.184414,74.926432,activity,hiking_route,Activity,0,0,4,,,,0
w1039273497,Mt wasturwan,Srinagar,33.980051,75.039444,activity,hiking_route,Activity,0,0,5,,,,0
n5931593287,SAGG Eco Village Kashmir,Srinagar,34.272253,74.760432,activity,camp_site,Activity,0,0,23,,24/7,yes,0
n9855557599,Sanamus campsite,Srinagar,34.179345,75.100422,activity,camp_site,Activity,0,0,2,,,,0
n10568049049,Santari top,Srinagar,34.195253,74.930077,activity,camp_site,Activity,0,0,2,,,,0
n9658004909,Sochel Pathri,Srinagar,34.197992,74.948859,activity,camp_site,Activity,0,0,2,,,,0
n10902413751,Surakhnari,Srinagar,33.854819,74.634786,activity,camp_site,Activity,0,0,2,,,,0
w1052972887,Takht e Sulaiman track,Srinagar,34.077408,74.837416,activity,hiking_route,Activity,0,0,5,,,,0
w1553244714,Water Park,Srinagar,34.149568,74.606324,activity,water_park,Activity,0,0,3,,,,0
w1074872288,Yamhar Sanamus passes trail,Srinagar,34.153821,75.111193,activity,hiking_route,Activity,0,0,4,,,,0
w1053617662,Yamhar sanamus,Srinagar,34.162543,75.105426,activity,hiking_route,Activity,0,0,4,,,,0
n12116685221,Yarigund-Kawoosa Weir,Srinagar,34.10435,74.659526,activity,water_park,Activity,0,0,4,,,,0
r15863028,Yousmarg to Mujpather,Srinagar,33.856687,74.640275,activity,hiking_route,Activity,0,0,6,,,,0
w1047822777,basam gali,Srinagar,33.955275,74.541847,activity,hiking_route,Activity,0,0,6,,,,0
w1047798008,basam gali (zeeshan),Srinagar,33.946952,74.527262,activity,hiking_route,Activity,0,0,5,,,,0
r13914017,khonmoh to brien,Srinagar,34.094081,74.92201,activity,hiking_route,Activity,0,0,4,,,,0
r13918700,mahalish top,Srinagar,34.332141,74.924149,activity,hiking_route,Activity,0,0,5,,,,0
r14054205,mamneth,Srinagar,34.178221,74.928763,activity,hiking_route,Activity,0,0,5,,,,0
r14062097,mohandmarg,Srinagar,34.304528,74.765759,activity,hiking_route,Activity,0,0,4,,,,0
w1067224495,yamhar sanamus pass trail,Srinagar,34.207321,75.066326,activity,hiking_route,Activity,0,0,6,,,,0
r18564612,Achaar Lake,Srinagar,34.161157,74.791724,nature,lake,Nature,1,0,14,,,,1
n13013352600,Aleshteng,Srinagar,34.22602,74.865755,nature,peak,Nature,0,0,3,,,,0
n12286406649,Baderkote,Srinagar,34.041972,74.458968,nature,peak,Nature,0,0,5,,,,0
n9655843857,Baiyat Bayun,Srinagar,33.86608,75.12063,nature,peak,Nature,0,0,2,,,,0
n9680999653,Barinbal,Srinagar,33.83541,74.672614,nature,peak,Nature,0,0,2,,,,0
w842491841,Braham Sar,Srinagar,34.375595,74.92602,nature,lake,Nature,0,0,3,,,,0
r10413718,Brari Nambal,Srinagar,34.086341,74.815108,nature,lake,Nature,1,0,10,its the beautiful lake، but polluted as well، there is beautiful road with beautiful gateway and huts build around the lake۔,,,1
n9651671498,Burzakut,Srinagar,34.208912,74.902506,nature,peak,Nature,0,0,2,,,,0
n9655843863,Burzawas,Srinagar,34.084293,75.036561,nature,peak,Nature,0,0,2,,,,0
n9651671497,Chatchul,Srinagar,34.178157,74.994828,nature,peak,Nature,0,0,2,,,,0
w272651514,Chhumanai Sar,Srinagar,34.092597,75.160419,nature,lake,Nature,0,0,4,,,,0
w272651573,Chhumanai Sar,Srinagar,34.104218,75.148313,nature,lake,Nature,0,0,3,,,,0
r2310480,Dal Lake,Srinagar,34.113566,74.854715,nature,lake,Nature,1,0,18,,,,1
w610925478,Dal Lake,Srinagar,34.093488,74.841078,nature,lake,Nature,0,0,3,,,,0
n9656173906,Danar,Srinagar,34.389216,74.738434,nature,peak,Nature,0,0,2,,,,0
n9655915922,Dandwar,Srinagar,34.315889,74.840582,nature,peak,Nature,0,0,2,,,,0
n7671007868,Deo Masjid,Srinagar,34.168032,75.127709,nature,peak,Nature,0,0,2,,,,0
w964178059,Doth Sar,Srinagar,34.282131,75.033665,nature,lake,Nature,0,0,3,,,,0
n9653277511,Dumkut,Srinagar,33.976742,74.478677,nature,peak,Nature,0,0,2,,,,0
n6724341435,Eastern summit,Srinagar,34.400819,74.908304,nature,peak,Nature,0,0,2,,,,0
w842489590,Gandpathar,Srinagar,34.044112,75.226897,nature,lake,Nature,0,0,3,,,,0
w56240888,Gil Sar,Srinagar,34.122854,74.803311,nature,lake,Nature,1,0,5,,,,1
n9656173905,Gralawal,Srinagar,34.313696,74.745608,nature,peak,Nature,0,0,2,,,,0
w513435721,Gumbar Sar,Srinagar,34.208719,75.196443,nature,lake,Nature,0,0,3,,,,0
w513189142,Gumbur Sar,Srinagar,34.324937,75.051974,nature,lake,Nature,0,0,3,,,,0
n9676381074,Hampathar,Srinagar,34.2224,75.094341,nature,peak,Nature,0,0,2,,,,0
w513072011,Handil Sar,Srinagar,34.201547,75.205438,nature,lake,Nature,0,0,3,,,,0
n9651671435,Harawar,Srinagar,34.234591,74.853463,nature,peak,Nature,0,0,2,,,,0
n7058555640,Hari Parbat,Srinagar,34.105964,74.81639,nature,peak,Nature,1,0,5,,,,1
n4080378689,Harmukh,Srinagar,34.40392,74.902006,nature,peak,Nature,0,0,3,,,,0
w842489587,Hoka Sar,Srinagar,34.158853,75.097319,nature,lake,Nature,0,0,3,,,,0
w831857038,Hoka Sar,Srinagar,34.299557,75.018559,nature,lake,Nature,0,0,3,,,,0
n9650682463,Hokasar,Srinagar,34.181897,75.046921,nature,peak,Nature,0,0,2,,,,0
w842489589,Hosarkar,Srinagar,34.082104,75.198635,nature,lake,Nature,0,0,3,,,,0
w168100630,Indira Gandhi Memorial Tulip Garden,Srinagar,34.096688,74.880879,nature,garden,Nature,1,0,11,,,,1
n9655843859,Kalaitrag,Srinagar,33.902435,75.167087,nature,peak,Nature,0,0,2,,,,0
w513189141,Kan Sar,Srinagar,34.310609,75.050858,nature,lake,Nature,0,0,3,,,,0
n9655915921,Kanzdor,Srinagar,34.346071,74.77794,nature,peak,Nature,0,0,2,,,,0
n9499873556,Karkut,Srinagar,34.284602,74.962817,nature,peak,Nature,0,0,2,,,,0
w715462588,Kaul Sar,Srinagar,34.385503,74.944026,nature,lake,Nature,0,0,3,,,,0
w513072001,Khem Sar,Srinagar,34.207184,75.146613,nature,lake,Nature,0,0,3,,,,0
w1195445622,Khushal Sar,Srinagar,34.113298,74.799871,nature,lake,Nature,1,0,5,,,,1
n9653329951,Krala Sangri,Srinagar,33.95026,74.475239,nature,peak,Nature,0,0,2,,,,0
n9655843858,Kralatup,Srinagar,33.875169,75.13261,nature,peak,Nature,0,0,2,,,,0
w513189140,Krim Sar,Srinagar,34.312895,75.049635,nature,lake,Nature,0,0,3,,,,0
n9490738512,Kutbal/ Kotwal peak,Srinagar,34.270512,75.026951,nature,peak,Nature,0,0,3,,,,0
n9388306355,"Loharkut peak (4,558)",Srinagar,34.289354,75.027705,nature,peak,Nature,0,0,3,,,,0
w55682770,Manasbal Lake,Srinagar,34.250777,74.670522,nature,lake,Nature,1,0,6,,,,1
w126704888,Marsar Lake,Srinagar,34.144236,75.110906,nature,lake,Nature,1,0,5,,,,1
w485258442,Masthokar Sar,Srinagar,34.298541,75.060541,nature,lake,Nature,0,0,3,,,,0
n513152681,Monkey Hills,Srinagar,34.044551,74.391377,nature,peak,Nature,0,0,2,,,,0
n9822570875,Mount Mahadev,Srinagar,34.152142,74.987411,nature,peak,Nature,1,0,10,,,,1
w832506074,Naseem Bagh,Srinagar,34.138013,74.838295,nature,garden,Nature,1,0,4,,,,1
r19522850,Nigeen Lake,Srinagar,34.121352,74.830631,nature,lake,Nature,1,0,7,,,,1
w168097515,Nishat Bagh,Srinagar,34.125196,74.881565,nature,garden,Nature,1,0,8,,,,1
n9574299289,Northern Summit,Srinagar,34.411303,74.902404,nature,peak,Nature,0,0,2,,,,0
w300881710,Nundkol,Srinagar,34.417743,74.935809,nature,lake,Nature,0,0,3,,,,0
w842489588,Pambach Khod,Srinagar,34.072649,75.167331,nature,lake,Nature,0,0,3,,,,0
n7847687863,Pastun Bal,Srinagar,33.986797,75.049323,nature,peak,Nature,0,0,3,,,,0
n9656173904,Safapura,Srinagar,34.281875,74.713297,nature,peak,Nature,0,0,2,,,,0
w964177712,Salma Sar,Srinagar,34.334094,75.050201,nature,lake,Nature,0,0,3,,,,0
w1437105106,Sarbal Lake,Srinagar,34.013392,74.937094,nature,lake,Nature,0,0,3,,,,0
n9785364286,Seribal (4042),Srinagar,34.178092,75.00914,nature,peak,Nature,0,0,2,,,,0
w168097578,Shalimar Bagh,Srinagar,34.14958,74.872953,nature,garden,Nature,1,0,6,Mughal Garden founded 1619 A.D.,,,1
n7059169267,Shankaracharya Hill,Srinagar,34.079043,74.843718,nature,peak,Nature,1,0,5,,,,1
n6724620713,Shin Mahinu,Srinagar,33.905043,74.432931,nature,peak,Nature,0,0,2,,,,0
n6724620712,Shup Nag,Srinagar,33.895105,74.444776,nature,peak,Nature,0,0,2,,,,0
w959659933,Soma Sar,Srinagar,34.168667,75.086027,nature,lake,Nature,0,0,3,,,,0
w842491842,Sona Sar,Srinagar,34.166026,75.083512,nature,lake,Nature,0,0,3,,,,0
n6724373042,Station Peak,Srinagar,34.414263,74.889724,nature,peak,Nature,0,0,2,,,,0
n5020678912,Sukh Nag Waterfall,Srinagar,33.884409,74.573823,nature,waterfall,Nature,0,0,3,,,,0
w272652121,Sundersar,Srinagar,34.156074,75.112853,nature,lake,Nature,0,0,4,,,,0
n9831357269,Takht e Sulaiman,Srinagar,34.079254,74.840841,nature,peak,Nature,0,0,2,,,,0
w98625516,Tar Sar,Srinagar,34.139579,75.148863,nature,lake,Nature,1,0,6,,,,1
n9574301485,Tilwānkaīn,Srinagar,34.377564,74.895172,nature,peak,Nature,0,0,2,,,,0
w514628854,Tson sar,Srinagar,34.0629,75.21502,nature,lake,Nature,0,0,3,,,,0
n9574299288,Western Summit,Srinagar,34.40375,74.896646,nature,peak,Nature,0,0,2,,,,0
w62108733,Wular Lake,Srinagar,34.349753,74.5907,nature,lake,Nature,1,0,8,,,,1
n9570379519,Wustarwan,Srinagar,33.962664,75.033957,nature,peak,Nature,0,0,2,,,,0
w513072006,Yemsar lake,Srinagar,34.212031,75.16158,nature,lake,Nature,0,0,3,,,,0
w842491840,Zad Sar,Srinagar,34.366983,74.848931,nature,lake,Nature,0,0,3,,,,0
w1039768431,chammar sar,Srinagar,34.3797,74.87555,nature,lake,Nature,0,0,3,,,,0
w514973409,kunda paani,Srinagar,34.428806,74.871308,nature,lake,Nature,0,0,3,,,,0
w514973410,kunda paani lake,Srinagar,34.424269,74.872325,nature,lake,Nature,0,0,3,,,,0
w514973411,sarbal sar,Srinagar,34.392447,74.873347,nature,lake,Nature,0,0,3,,,,0
w514973412,shira sar,Srinagar,34.393624,74.88553,nature,lake,Nature,0,0,3,,,,0
n6946049286,15 Corps,Srinagar,34.075984,74.829303,sight,castle,Heritage,0,0,2,,,,0
w676609274,Aali Masjid,Srinagar,34.1049,74.794139,sight,place_of_worship,Temple,1,0,15,,,,1
r20021028,Akhund Mullah Shah Mosque,Srinagar,34.103502,74.817174,sight,place_of_worship,Temple,1,0,7,,,,1
n5360974822,Boat Tour,Srinagar,34.086088,74.839052,sight,attraction,Heritage,0,0,2,,,,0
n6358935175,Budshah Chowk,Srinagar,34.071921,74.809195,sight,attraction,Heritage,0,0,4,,,,0
n14041517201,Budshah tomb,Srinagar,34.094922,74.806105,sight,tomb,Heritage,0,0,2,,,,0
w1195603906,Burzahom Archaelogical Site,Srinagar,34.170279,74.867053,sight,archaeological_site,Heritage,1,0,6,,,,1
n7403434485,Burzahom Archaeological Site,Srinagar,34.16915,74.866985,sight,attraction,Heritage,0,0,2,,,,0
n7826182327,Chashma shahi,Srinagar,34.06987,74.862406,sight,attraction,Heritage,0,0,2,,,,0
n773642980,Chesmeshahi,Srinagar,34.085677,74.886887,sight,viewpoint,Viewpoint,0,0,2,,,,0
n10538768350,City Museum,Srinagar,34.073328,74.806123,sight,museum,Museum,0,0,5,,,,0
w517005631,Dargah Hazratbal,Srinagar,34.128962,74.842528,sight,place_of_worship,Temple,1,0,7,,,,1
n9144991039,Fountain Chowk Rainawari,Srinagar,34.097988,74.8229,sight,monument,Heritage,0,0,2,,,,0
w1197875261,Hari Parbhat Fort,Srinagar,34.105976,74.816211,sight,fort,Heritage,0,0,3,,,,0
n7400059686,Harwan Buddhist Ruins,Srinagar,34.153775,74.898378,sight,attraction,Heritage,0,0,2,,,,0
n10538794864,Heritage Arts Museum,Srinagar,34.082499,74.819972,sight,museum,Museum,0,0,5,,,,0
w1531394264,Jalali Heritage House,Srinagar,34.114828,74.803337,sight,attraction,Heritage,0,0,7,,,,0
r556899,Jamia Masjid,Srinagar,34.098453,74.809666,sight,place_of_worship,Temple,1,0,9,The Mosque has been subject to much destruction till date due to the damage caused by fires. The Mosque was partially or completely destroyed by devastating fires thrice but was restored after every disaster.[13] The existing construction was erected by M,,,1
w671593989,Kashmir Haat,Srinagar,34.071418,74.801515,sight,attraction,Heritage,0,0,6,,,,0
n7826166537,Khushaal sar,Srinagar,34.113642,74.7992,sight,attraction,Heritage,0,0,2,,,,0
n1794589157,Lal Chowk,Srinagar,34.071256,74.810493,sight,attraction,Heritage,1,0,7,,,,1
w229332964,Nehru Park,Srinagar,34.087901,74.847705,sight,attraction,Heritage,0,0,4,,,,0
w1563657385,New Amira Kadal foot bridge,Srinagar,34.06953,74.807037,sight,attraction,Heritage,0,0,8,,,,0
n9529934039,Oont Kadal,Srinagar,34.122651,74.871572,sight,ruins,Heritage,1,0,4,,,,1
w1528349798,Pandrethan Shiva temple,Srinagar,34.056462,74.860551,sight,place_of_worship,Temple,1,0,9,,,,1
n773642288,Parimahal,Srinagar,34.080948,74.876819,sight,viewpoint,Viewpoint,0,0,2,,,,0
w460796437,Pathar masjid,Srinagar,34.091925,74.805779,sight,place_of_worship,Temple,1,0,9,,,,1
w1528353163,Raghunath Mandir,Srinagar,34.085619,74.805492,sight,place_of_worship,Temple,1,0,7,,,,1
w646315940,SPS Museum,Srinagar,34.066808,74.813159,sight,museum,Museum,1,0,8,,,yes,1
n1794589160,Shankaracharya Reserved Forest,Srinagar,34.079531,74.843738,sight,viewpoint,Viewpoint,0,0,2,,,,0
w168163596,Shankaracharya Temple,Srinagar,34.078904,74.843595,sight,place_of_worship,Temple,1,0,7,,,,1
w648246592,Sheikh Abdullah's grave,Srinagar,34.137979,74.840428,sight,tomb,Heritage,0,0,4,,,,0
w715909684,Sher Garhi Palace,Srinagar,34.073081,74.805858,sight,castle,Heritage,1,0,4,,,,1
r21042227,Tomb of Zain-ul-Abudin's mother,Srinagar,34.095034,74.806221,sight,tomb,Heritage,1,0,9,,,,1
n6373783688,Traditional Market,Srinagar,34.079367,74.829652,sight,attraction,Heritage,0,0,3,,,,0
w561884237,Zero Bridge,Srinagar,34.069903,74.830053,sight,attraction,Heritage,1,0,6,,,,1
n13938516787,Ziyarat Qutub-ul-Alam,Srinagar,34.087026,74.803073,sight,tomb,Heritage,0,0,3,,,,0
n5571414223,Amazia,Surat,21.194556,72.864991,activity,water_park,Activity,0,0,2,,,,0
w1108587365,Modi Resort and Waterpark,Surat,21.023417,72.731825,activity,water_park,Activity,0,0,3,,,,0
w553828782,Sarthana Nature Park & Zoo,Surat,21.232815,72.896554,activity,nature_reserve,Activity,0,0,3,,,,0
w1376164089,Bhesan Lake,Surat,21.216905,72.757349,nature,lake,Nature,0,0,3,,,,0
w150681564,Gopi Talav,Surat,21.18856,72.829399,nature,lake,Nature,0,0,4,,,,0
w838958809,Katargam Lake,Surat,21.225052,72.836709,nature,lake,Nature,0,0,5,,,,0
w257731254,Lake View lake,Surat,21.164347,72.780726,nature,lake,Nature,0,0,3,,,,0
w1376078604,Palanpur Lake,Surat,21.205585,72.769154,nature,lake,Nature,0,0,3,,,,0
w546737047,Piplod Lake,Surat,21.165199,72.775754,nature,lake,Nature,0,0,5,Lake pond with fishes,,,0
w545168342,Ponsra water tank,Surat,21.044284,72.888843,nature,lake,Nature,0,0,4,,,,0
w1108582520,Ubhrat Beach,Surat,21.016539,72.729174,nature,beach,Beach,0,0,2,,,,0
n11743542278,custom,Surat,21.201771,72.838858,nature,beach,Beach,0,0,2,,,,0
n4686237999,ARISTRON INSTRUMENTION,Surat,21.209833,72.844561,sight,viewpoint,Viewpoint,0,0,3,,,,0
n4905626871,Dutch & Armenian Tombs & Cemeteries,Surat,21.209395,72.827151,sight,monument,Heritage,0,0,3,Monument of national imporance. N-GJ-180.,,,0
n9734855518,HARIKRISHNA PALACE,Surat,21.21352,72.857227,sight,castle,Heritage,0,0,5,,,,0
w404107399,Jahangirpura SMC Garden,Surat,21.23449,72.788198,sight,attraction,Heritage,0,0,5,,"08:30-12:30,15:30-20:00",,0
n11047652206,Kabutar Circle,Surat,21.189048,72.860742,sight,attraction,Heritage,0,0,3,,,,0
n11047653405,La Citadel,Surat,21.191069,72.86878,sight,attraction,Heritage,0,0,2,,,,0
n4327917892,Magic heart dj,Surat,21.219692,72.87508,sight,viewpoint,Viewpoint,0,0,2,,,,0
n4794219621,Mangalam Heights,Surat,21.123192,72.777872,sight,monument,Heritage,0,0,3,,,,0
n4235375449,PALANPUR JAKAT NAKA,Surat,21.209742,72.782381,sight,monument,Heritage,0,0,3,,,,0
n4526382789,SHREENIKETAN,Surat,21.212703,72.855656,sight,attraction,Heritage,0,0,7,,,,0
n11047633006,SMC Garden,Surat,21.191077,72.877735,sight,attraction,Heritage,0,0,3,,,,0
w553850674,Surat Castle,Surat,21.196269,72.817746,sight,castle,Heritage,1,0,15,,,,1
n4723511615,Surat City's First Firetruck from the 19th century,Surat,21.185391,72.806712,sight,attraction,Heritage,0,0,2,,,,0
n4353123491,"Swami Vivekanand Circle, Makkaipul, Nanpura, Surat.",Surat,21.192115,72.816876,sight,monument,Heritage,0,0,2,,,,0
w616219953,Tomb 1,Surat,21.212295,72.828794,sight,tomb,Heritage,0,0,5,,,,0
w616219952,Tomb 10,Surat,21.212788,72.828425,sight,tomb,Heritage,0,0,5,,,,0
w616219951,Tomb 11,Surat,21.212719,72.828432,sight,tomb,Heritage,0,0,4,,,,0
w616219950,Tomb 12,Surat,21.212647,72.828459,sight,tomb,Heritage,0,0,5,,,,0
w616219949,Tomb 13,Surat,21.212548,72.828453,sight,tomb,Heritage,0,0,4,,,,0
w616219948,Tomb 14,Surat,21.212463,72.828514,sight,tomb,Heritage,0,0,5,,,,0
w616219947,Tomb 15,Surat,21.21237,72.82856,sight,tomb,Heritage,0,0,5,,,,0
w616219946,Tomb 16 and 16A,Surat,21.212431,72.828413,sight,tomb,Heritage,0,0,5,,,,0
w616219954,Tomb 2,Surat,21.212344,72.828783,sight,tomb,Heritage,0,0,5,,,,0
w616219955,Tomb 3,Surat,21.212385,72.828823,sight,tomb,Heritage,0,0,4,,,,0
w616219956,Tomb 4,Surat,21.21243,72.828769,sight,tomb,Heritage,0,0,5,,,,0
w616219957,Tomb 5,Surat,21.212471,72.828737,sight,tomb,Heritage,0,0,5,,,,0
w616219958,Tomb 6,Surat,21.212521,72.82882,sight,tomb,Heritage,0,0,4,,,,0
w616219961,Tomb 7,Surat,21.212669,72.828883,sight,tomb,Heritage,0,0,4,,,,0
w616219960,Tomb 8,Surat,21.212687,72.828787,sight,tomb,Heritage,0,0,5,,,,0
w616219959,Tomb 9,Surat,21.212674,72.828681,sight,tomb,Heritage,0,0,4,,,,0
n4187473971,VICHAR KRANTI CIRCLE,Surat,21.211348,72.790209,sight,monument,Heritage,0,0,3,,,,0
n4527525190,Vasanjipark,Surat,21.226748,72.829957,sight,attraction,Heritage,0,0,7,,,,0
w402744794,botonical garden,Surat,21.225689,72.788428,sight,viewpoint,Viewpoint,0,0,2,,,,0
n9978475844,Karpho,Tawang,27.729621,92.087244,activity,camp_site,Activity,0,0,2,,,,0
n9978475853,Mandra,Tawang,27.743403,92.009425,activity,camp_site,Activity,0,0,2,,,,0
w461908047,Miksa Teng campsite,Tawang,27.366721,91.927453,activity,camp_site,Activity,0,0,2,,,,0
n9978475862,Naramzang,Tawang,27.567932,92.09757,activity,camp_site,Activity,0,0,2,,,,0
n9978475845,Nyega,Tawang,27.727364,92.077785,activity,camp_site,Activity,0,0,2,,,,0
n9978475861,Tsaina,Tawang,27.537033,92.11957,activity,camp_site,Activity,0,0,2,,,,0
w507428056,Gaden Namgyal Lhatse Museum,Tawang,27.586184,91.85707,sight,museum,Museum,0,0,4,,,,0
n6966350185,Nuranang Waterfall,Tawang,27.58875,91.98239,sight,attraction,Heritage,0,0,6,,,,0
w300991793,Peng Teng Tso Lake,Tawang,27.63961,91.855932,sight,attraction,Heritage,0,0,4,,,,0
w507428055,Tawang Monastery,Tawang,27.586613,91.85739,sight,place_of_worship,Temple,1,0,13,,,,1
w1114952201,Urgelling Gompa,Tawang,27.579956,91.873019,sight,place_of_worship,Temple,1,0,7,,,,1
w671123410,Karaivetti Bird WLS,Thanjavur,10.981728,79.045006,activity,nature_reserve,Activity,1,0,7,,,,1
n5232371384,Sivagangai Park Zoo,Thanjavur,10.784666,79.130956,activity,zoo,Activity,0,0,3,"the mini zoo encompasses a colorful birds like pigeons, ducks and animals such as jackal, rabbits deer etc.",,,0
w46343764,Swimming Pool,Thanjavur,10.775631,79.128701,activity,water_park,Activity,0,0,4,,,,0
w1077630578,Ayyampettai Tank,Thanjavur,10.746701,79.359015,nature,lake,Nature,0,0,4,,,,0
w484659572,Garnet Lake,Thanjavur,10.765404,78.809002,nature,lake,Nature,0,0,3,,,,0
n5432131359,Kallakotta,Thanjavur,10.514396,79.122387,nature,peak,Nature,0,0,13,,,,0
w1077629784,Mudavan Tank,Thanjavur,10.75235,79.378269,nature,lake,Nature,0,0,4,,,,0
w1089984845,Palayappadi Lake,Thanjavur,10.931763,79.060017,nature,lake,Nature,0,0,3,,,,0
w351684088,Pillayarpatti Lake,Thanjavur,10.740242,79.083509,nature,lake,Nature,0,0,3,,,,0
w43165950,Sivaganga Park,Thanjavur,10.783872,79.131438,nature,park,Nature,1,0,8,"sizable park with a pool, train & lake",,,1
w524617911,Arulmigu Brahmakandeeswarar Temple,Thanjavur,10.861755,79.109275,sight,place_of_worship,Temple,1,0,8,,,,1
w202322572,Arulmigu Hara Saabha Vimocchana Perumal Kovil,Thanjavur,10.86014,79.10859,sight,place_of_worship,Temple,1,0,7,,,,1
w202322569,Arulmigu Pushpavaneswarar Temple,Thanjavur,10.863018,79.079359,sight,place_of_worship,Temple,1,0,8,,,,1
w120390896,Brihadishwara Temple,Thanjavur,10.782579,79.131396,sight,archaeological_site,Heritage,1,0,57,,,,1
w1564782452,Brihadisvara Temple,Thanjavur,10.7827,79.131672,sight,place_of_worship,Temple,1,0,17,,,,1
w133133004,Rajarajan Mani Mandapam,Thanjavur,10.770773,79.131231,sight,attraction,Heritage,0,0,2,,,,0
n665784967,Ranees Tower,Thanjavur,10.786112,79.138364,sight,attraction,Heritage,0,0,6,,,,0
r8341173,Thanjavur Maratha Palace,Thanjavur,10.791406,79.136119,sight,attraction,Heritage,0,0,7,,,,0
w104683767,The Panchanatheesvarar (Aiyarappar) temple,Thanjavur,10.880939,79.105409,sight,place_of_worship,Temple,1,0,8,,,,1
w401389954,Akkulam Tourist Village,Thiruvananthapuram,8.522067,76.906335,activity,theme_park,Activity,0,0,4,,,,0
w835821468,Angel's Aquarium,Thiruvananthapuram,8.530529,76.928387,activity,aquarium,Activity,0,0,3,,,,0
w978329919,Aqueus Aquarium,Thiruvananthapuram,8.588609,76.855932,activity,aquarium,Activity,0,0,7,,,,0
n7130182586,Ariya Aquarium,Thiruvananthapuram,8.403362,77.085943,activity,aquarium,Activity,0,0,3,,,,0
n7130346443,Avishkar Aqua Space,Thiruvananthapuram,8.490989,76.939399,activity,aquarium,Activity,0,0,2,,,,0
w808832969,BB Aquarium,Thiruvananthapuram,8.587045,76.902068,activity,aquarium,Activity,0,0,6,,,,0
n13026922003,BeachPark,Thiruvananthapuram,8.479334,76.912734,activity,theme_park,Activity,0,0,2,,,,0
n8897799770,Betta Bubbles Farm Vettukadu,Thiruvananthapuram,8.492483,76.902593,activity,aquarium,Activity,0,0,2,,,,0
n7517791203,Bubbles Aquarium,Thiruvananthapuram,8.580688,76.864842,activity,aquarium,Activity,0,0,2,,,,0
n13913504194,Crocodile Rehabilitation and Research Centre,Thiruvananthapuram,8.534169,77.14957,activity,zoo,Activity,1,0,7,,,,1
n7492001198,D-Pets aquarium &pets,Thiruvananthapuram,8.510344,76.929083,activity,aquarium,Activity,0,0,3,,,,0
w1102632326,Deer Rehabilitation Centre Vlavetty,Thiruvananthapuram,8.549098,77.140809,activity,zoo,Activity,0,0,3,,,,0
n11515603034,Fish world accurium,Thiruvananthapuram,8.761545,76.938201,activity,aquarium,Activity,0,0,6,,,,0
n11056768905,FunTura,Thiruvananthapuram,8.514517,76.898613,activity,theme_park,Activity,0,0,4,,,,0
w870811937,GROUND,Thiruvananthapuram,8.42807,77.053428,activity,nature_reserve,Activity,0,0,2,,,,0
n13026946001,Game Zone,Thiruvananthapuram,8.479601,76.912648,activity,theme_park,Activity,0,0,2,,,,0
n8007203218,Golden Aquarium,Thiruvananthapuram,8.507734,77.085047,activity,aquarium,Activity,0,0,2,,,,0
w923045744,Golden Aquarium And Orchids,Thiruvananthapuram,8.386406,77.114555,activity,aquarium,Activity,0,0,8,,Mo-Sa 08:00-20:00,,0
w870827390,Ground,Thiruvananthapuram,8.350128,77.123394,activity,nature_reserve,Activity,0,0,2,,,,0
n11062785908,Happy Land,Thiruvananthapuram,8.654981,76.931996,activity,water_park,Activity,0,0,2,,,,0
w801679161,Land,Thiruvananthapuram,8.431242,77.058065,activity,nature_reserve,Activity,0,0,2,,,,0
n11515603045,Live aquarium,Thiruvananthapuram,8.767801,76.958276,activity,aquarium,Activity,0,0,6,,,,0
n7833586035,"Magic Planet, Thiruvananthapuram",Thiruvananthapuram,8.584427,76.879498,activity,theme_park,Activity,0,0,9,,Tu-Su 10:00-17:00,,0
n5191155731,Marine Aquarium Vizhinjam,Thiruvananthapuram,8.383607,76.983543,activity,aquarium,Activity,0,0,2,,,,0
r19376020,Neyyar Dam Lion Safari,Thiruvananthapuram,8.540152,77.145445,activity,nature_reserve,Activity,0,0,3,,,,0
r17746631,Peppara WLS,Thiruvananthapuram,8.635563,77.173732,activity,nature_reserve,Activity,1,0,7,,,,1
w797794818,Plancheril Home Aquarium,Thiruvananthapuram,8.450235,76.952433,activity,aquarium,Activity,0,0,5,,,,0
n11408676081,Richus acquariyum,Thiruvananthapuram,8.667767,76.895503,activity,aquarium,Activity,0,0,6,,,,0
w763024373,Royal Aqua Farm,Thiruvananthapuram,8.514457,76.937767,activity,aquarium,Activity,0,0,3,,,,0
w817305051,Rubber Trees,Thiruvananthapuram,8.616984,77.02616,activity,nature_reserve,Activity,0,0,2,,,,0
w834261561,SG Aquarium,Thiruvananthapuram,8.49262,77.117848,activity,aquarium,Activity,0,0,3,,,,0
w1262856304,Snake Park,Thiruvananthapuram,8.49155,76.975037,activity,zoo,Activity,0,0,3,,,,0
w798267381,SunTec Campus,Thiruvananthapuram,8.61468,76.862052,activity,camp_site,Activity,0,0,2,,,,0
w315280240,Thiruvananthapuram Zoo,Thiruvananthapuram,8.511277,76.955091,activity,zoo,Activity,1,0,13,,Tu-Su 09:30-17:00,yes,1
w817305039,Trees,Thiruvananthapuram,8.618391,77.02249,activity,nature_reserve,Activity,0,0,2,,,,0
w1066629110,Valliyanaparambil Aquarium,Thiruvananthapuram,8.506784,77.190331,activity,aquarium,Activity,0,0,3,,,,0
r15101323,Veli Tourist village,Thiruvananthapuram,8.509348,76.889271,activity,theme_park,Activity,0,0,5,,,,0
n7128019155,field,Thiruvananthapuram,8.342263,77.07965,activity,camp_site,Activity,0,0,2,,,,0
n8533326707,fish and birds Aquarium,Thiruvananthapuram,8.388755,77.1017,activity,aquarium,Activity,0,0,2,,,,0
w801660109,ground,Thiruvananthapuram,8.442564,76.991607,activity,nature_reserve,Activity,0,0,2,,,,0
w799424862,ground,Thiruvananthapuram,8.390277,77.09098,activity,nature_reserve,Activity,0,0,2,,,,0
w799424816,ground,Thiruvananthapuram,8.383718,77.09854,activity,nature_reserve,Activity,0,0,2,,,,0
w799399275,ground,Thiruvananthapuram,8.385433,77.114628,activity,nature_reserve,Activity,0,0,2,,,,0
n7130280599,happy aquarium,Thiruvananthapuram,8.490833,77.03373,activity,aquarium,Activity,0,0,4,,,,0
n7632555756,swiming pool,Thiruvananthapuram,8.561641,77.0576,activity,water_park,Activity,0,0,2,,,,0
n7632555743,temple pond,Thiruvananthapuram,8.563161,77.053676,activity,water_park,Activity,0,0,2,,,,0
w27800890,Aakkulam Lake,Thiruvananthapuram,8.516391,76.896718,nature,lake,Nature,0,0,4,,,,0
n7801544838,Agasthyamala,Thiruvananthapuram,8.615996,77.245816,nature,peak,Nature,1,0,8,,,,1
n11345335206,Anakulam Waterfalls,Thiruvananthapuram,8.505949,77.201359,nature,waterfall,Nature,0,0,5,,,,0
r5641404,Anchuthengu Lake,Thiruvananthapuram,8.705187,76.760741,nature,lake,Nature,0,0,5,,,,0
n7462718374,Arattuvazhi Beach,Thiruvananthapuram,8.554441,76.849836,nature,beach,Beach,0,0,3,,,,0
w338684464,Ashok Beach,Thiruvananthapuram,8.39689,76.972806,nature,beach,Beach,0,0,2,,,,0
w471702349,Azhimala Beach,Thiruvananthapuram,8.351362,77.019883,nature,beach,Beach,0,0,3,,,,0
r5641400,Black Sand Beach,Thiruvananthapuram,8.74507,76.697308,nature,beach,Beach,0,0,5,,,,0
w87384817,Charachira kulam,Thiruvananthapuram,8.516444,76.949692,nature,lake,Nature,0,0,3,,,,0
w18592213,Edava Nadayara Lake,Thiruvananthapuram,8.787009,76.695498,nature,lake,Nature,0,0,3,,,,0
w136628590,Hawa Beach,Thiruvananthapuram,8.388753,76.975129,nature,beach,Beach,0,0,3,,,,0
n3526233527,Jatayu Nature Park,Thiruvananthapuram,8.865226,76.867211,nature,peak,Nature,1,0,8,,,,1
n14103467360,Kaalimala,Thiruvananthapuram,8.468028,77.224805,nature,peak,Nature,0,0,2,,,,0
w383753872,Kadinamkulam Lake,Thiruvananthapuram,8.612637,76.817567,nature,lake,Nature,0,0,6,,,,0
n5368257850,Kalladathanni Vattathil Waterfall,Thiruvananthapuram,8.853418,76.82454,nature,waterfall,Nature,0,0,4,,,,0
n6341945286,Kallar Meenmutty,Thiruvananthapuram,8.711804,77.137371,nature,waterfall,Nature,0,0,2,,,,0
r15101322,Kochuveli Beach,Thiruvananthapuram,8.502609,76.891107,nature,beach,Beach,0,0,3,,,,0
n5312448106,Kondaketti hills,Thiruvananthapuram,8.47198,77.215379,nature,peak,Nature,0,0,4,,,,0
n13715907301,Koonichi hill,Thiruvananthapuram,8.470069,77.209669,nature,peak,Nature,0,0,4,,,,0
n10861674944,Kovalam Beach,Thiruvananthapuram,8.3951,76.972993,nature,beach,Beach,0,0,3,,,,0
w217049531,Lighthouse Beach,Thiruvananthapuram,8.385326,76.978087,nature,beach,Beach,0,0,2,,,,0
n7467875478,Mankayam Waterfalls,Thiruvananthapuram,8.767481,77.081557,nature,waterfall,Nature,0,0,2,,,,0
n7130195315,Mookunni Mala,Thiruvananthapuram,8.467892,77.019197,nature,peak,Nature,0,0,4,,,,0
n7473204710,"Muthalappozhi (Crocodile) Beach, Perumathura",Thiruvananthapuram,8.630911,76.785988,nature,beach,Beach,0,0,2,,,,0
n13031112215,Observatory Hill,Thiruvananthapuram,8.508424,76.958123,nature,peak,Nature,0,0,2,,,,0
w1362144947,Odayam Beach,Thiruvananthapuram,8.750487,76.693483,nature,beach,Beach,0,0,2,,,,0
n7472999465,Pallithura Beach,Thiruvananthapuram,8.546367,76.856375,nature,beach,Beach,0,0,2,,,,0
w136628591,Palm Shore Beach,Thiruvananthapuram,8.381787,76.98238,nature,beach,Beach,0,0,3,,,,0
w102624023,Papanasam Beach,Thiruvananthapuram,8.736084,76.702566,nature,beach,Beach,1,0,3,,,,1
w797376375,Perumakkarakulam,Thiruvananthapuram,8.4037,77.071458,nature,lake,Nature,0,0,3,,,,0
w549821744,Pozhiyoor Beach,Thiruvananthapuram,8.300113,77.087221,nature,beach,Beach,0,0,3,,,,0
w594578701,Saint Andrews Beach,Thiruvananthapuram,8.558436,76.846332,nature,beach,Beach,0,0,3,,,,0
n312999730,Samudra Beach,Thiruvananthapuram,8.39623,76.973207,nature,beach,Beach,0,0,3,,,,0
w396851511,Shankhumugham Beach,Thiruvananthapuram,8.482591,76.908473,nature,beach,Beach,1,0,6,,,,1
n13386783122,St.Andrews Beach,Thiruvananthapuram,8.561559,76.843869,nature,beach,Beach,0,0,5,,,,0
n8313703145,Thampuran para,Thiruvananthapuram,8.655634,76.953834,nature,peak,Nature,0,0,2,,,,0
n4832179568,Thirparappu Waterfalls,Thiruvananthapuram,8.391332,77.259398,nature,waterfall,Nature,0,0,3,,,,0
n5296963918,Tropical Botanical Garden and Research Institute,Thiruvananthapuram,8.754665,77.024322,nature,garden,Nature,1,0,6,,,,1
r5641401,Varkala Beach,Thiruvananthapuram,8.73319,76.705332,nature,beach,Beach,1,0,6,,,,1
r5641402,Varkala South Beach,Thiruvananthapuram,8.726237,76.711062,nature,beach,Beach,0,0,3,,,,0
r15096760,Veli Beach,Thiruvananthapuram,8.516125,76.880365,nature,beach,Beach,0,0,3,,,,0
n10315423402,Veli Hill,Thiruvananthapuram,8.517746,76.888804,nature,peak,Nature,0,0,2,,,,0
r1911177,Vellayani Lake,Thiruvananthapuram,8.425358,76.991501,nature,lake,Nature,1,0,9,,,,1
r6960114,Vettakada Beach,Thiruvananthapuram,8.76862,76.682197,nature,beach,Beach,0,0,5,,,,0
n11061609806,Access to Madavoorpara Rock viewpoints,Thiruvananthapuram,8.594298,76.905139,sight,attraction,Heritage,0,0,2,,,,0
n6595602467,Adventure zone,Thiruvananthapuram,8.509063,76.888221,sight,attraction,Heritage,0,0,2,,,,0
n10539642756,Air Force Museum,Thiruvananthapuram,8.521649,76.905699,sight,museum,Museum,0,0,2,,,,0
n11069030305,Amusement park,Thiruvananthapuram,8.507829,76.887307,sight,attraction,Heritage,0,0,2,,,,0
w798605967,Ananthavilasam Palace,Thiruvananthapuram,8.48097,76.944729,sight,castle,Heritage,0,0,5,,,,0
w749396638,Attukal Devi Temple,Thiruvananthapuram,8.469763,76.955506,sight,place_of_worship,Temple,1,0,9,,,,1
n8895154385,Beach Bungalow,Thiruvananthapuram,8.480563,76.911395,sight,castle,Heritage,0,0,3,,,,0
n11049401506,Boating ticket counter,Thiruvananthapuram,8.510707,76.88983,sight,attraction,Heritage,0,0,3,,,,0
w835889687,Coin Museum,Thiruvananthapuram,8.467982,76.947404,sight,museum,Museum,0,0,3,,,,0
n11063079205,Dry rides,Thiruvananthapuram,8.65526,76.933677,sight,attraction,Heritage,0,0,3,,,,0
w1418125299,East Fort,Thiruvananthapuram,8.482784,76.947287,sight,attraction,Heritage,0,0,6,,,,0
w799017022,European Bangalow Trivandrum,Thiruvananthapuram,8.583533,76.828875,sight,attraction,Heritage,0,0,4,,,,0
n11074532706,Fishing spot,Thiruvananthapuram,8.425551,76.993319,sight,attraction,Heritage,0,0,2,,,,0
n6568149402,GSLV Mk II rocket model,Thiruvananthapuram,8.536496,76.866653,sight,attraction,Heritage,0,0,2,,,,0
n6568149401,GSLV Mk III rocket model,Thiruvananthapuram,8.536534,76.866703,sight,attraction,Heritage,0,0,2,,,,0
n11049255107,Game Park,Thiruvananthapuram,8.508645,76.887597,sight,attraction,Heritage,0,0,2,,,,0
n13033796401,Game Zone,Thiruvananthapuram,8.522344,76.906199,sight,attraction,Heritage,0,0,2,,,,0
w798605966,H.H Uthradam Thirunal Marthanda Varma Chithralayam,Thiruvananthapuram,8.481136,76.945839,sight,museum,Museum,0,0,7,,,yes,0
n11056253905,Horse riding,Thiruvananthapuram,8.508077,76.886759,sight,attraction,Heritage,0,0,2,,,,0
w1451266263,Judgekunnu,Thiruvananthapuram,8.449945,76.961775,sight,viewpoint,Viewpoint,0,0,4,,,,0
n4678590591,K.C.S Paniker Gallery,Thiruvananthapuram,8.509738,76.956654,sight,museum,Museum,0,0,4,,,,0
n7802095787,Kamaleswaram Mahadeva Temple,Thiruvananthapuram,8.46701,76.947349,sight,place_of_worship,Temple,1,0,4,,,,1
w136626524,Kanakakkunnu Palace,Thiruvananthapuram,8.510676,76.958101,sight,castle,Heritage,1,0,9,,,,1
w797010210,Kerala Biodiversity Museum,Thiruvananthapuram,8.478659,76.929951,sight,museum,Museum,1,0,9,,,,1
n7526812622,Kerala Soil Museum,Thiruvananthapuram,8.537606,76.93808,sight,museum,Museum,1,0,6,,,,1
n11063061105,Kids village,Thiruvananthapuram,8.655305,76.932685,sight,attraction,Heritage,0,0,3,,,,0
n11063079105,Kids world,Thiruvananthapuram,8.655815,76.932735,sight,attraction,Heritage,0,0,3,,,,0
w797814258,Kovalam Tourist Village,Thiruvananthapuram,8.410465,76.975955,sight,attraction,Heritage,0,0,6,,,,0
w338671763,Kowdiar Palace,Thiruvananthapuram,8.524002,76.963306,sight,castle,Heritage,1,0,8,,,,1
w390008788,Koyikkal Palace,Thiruvananthapuram,8.609194,77.002928,sight,museum,Museum,1,0,6,,,,1
w798605964,Kuthira Maliga Palace,Thiruvananthapuram,8.481838,76.945223,sight,castle,Heritage,0,0,5,,,,0
w1416377949,Madavoorpara Rock Cut Cave Temple,Thiruvananthapuram,8.594528,76.905984,sight,archaeological_site,Heritage,1,0,6,,,,1
n11062013406,Madavoorpara Rock Viewpoints,Thiruvananthapuram,8.594806,76.906181,sight,viewpoint,Viewpoint,0,0,3,,,,0
w806129342,Madre De Deus Church,Thiruvananthapuram,8.494219,76.900184,sight,place_of_worship,Temple,1,0,15,,sunrise-sunset,,1
r19399690,Maharaja Swathi Thirunal's Palace,Thiruvananthapuram,8.482368,76.945377,sight,castle,Heritage,1,0,11,,,,1
w797639736,Manimalakunnu Palace,Thiruvananthapuram,8.624638,76.90623,sight,castle,Heritage,0,0,5,,,,0
n11049400605,Miniature railway station,Thiruvananthapuram,8.5105,76.890259,sight,attraction,Heritage,0,0,2,,,,0
n3965376178,Museum of History and Heritage,Thiruvananthapuram,8.508176,76.953793,sight,museum,Museum,0,0,6,,Tu-Su 10:00-17:30,yes,0
w28188229,Napier Museum,Thiruvananthapuram,8.508932,76.955147,sight,museum,Museum,1,0,12,,"Tu, Th-Su 10:00-17:00; We 13:00-17:00",yes,1
w391325244,Natural History Museum,Thiruvananthapuram,8.510156,76.956674,sight,museum,Museum,0,0,6,,"Tu, Th-Su 10:00-16:45; We 13:00-16:45",,0
w699447807,PSLV Rocket Model,Thiruvananthapuram,8.536039,76.866827,sight,attraction,Heritage,0,0,4,A life size PSLV rocket model displayed in horizontal orientation.,,,0
w120292035,Palayam Juma Masjid,Thiruvananthapuram,8.503573,76.950557,sight,place_of_worship,Temple,1,0,10,,Mo-Su 04:30-22:30,,1
n13727034349,Palm-leaf Manuscript Museum,Thiruvananthapuram,8.486263,76.94027,sight,museum,Museum,1,0,8,,,,1
w338662766,Parasurama Temple,Thiruvananthapuram,8.44158,76.955136,sight,place_of_worship,Temple,1,0,6,,,,1
w892617715,Pattom Palace,Thiruvananthapuram,8.516199,76.941012,sight,castle,Heritage,0,0,6,,,,0
w315271963,Pazhavangadi Ganapathy Koil,Thiruvananthapuram,8.484543,76.947285,sight,place_of_worship,Temple,1,0,7,,,,1
n3860701570,Ramarayar Vilakku,Thiruvananthapuram,8.508574,76.9522,sight,monument,Heritage,0,0,3,,,,0
w764335690,Saint Joseph's Metropolitan Cathedral,Thiruvananthapuram,8.504249,76.951623,sight,place_of_worship,Temple,1,0,8,,,,1
w796895097,Saraswathi Vilasam Palace,Thiruvananthapuram,8.484154,76.940758,sight,castle,Heritage,0,0,5,,,,0
w238416072,Sasthamangalam Shiva Temple,Thiruvananthapuram,8.518531,76.973582,sight,place_of_worship,Temple,1,0,6,,,,1
w382859789,Science & Technology Museum,Thiruvananthapuram,8.510045,76.94607,sight,museum,Museum,0,0,6,,Tu-Su 10:00-17:00,yes,0
n8568907876,Soil Museum,Thiruvananthapuram,8.431333,76.987375,sight,museum,Museum,0,0,5,,Mo-Sa 09:00-15:00,no,0
n4678591093,Sree Chithra Art Gallery,Thiruvananthapuram,8.511054,76.955126,sight,museum,Museum,1,0,9,,Mo-Su 10:00-16:45,yes,1
w120386375,Sree Padmam Palace,Thiruvananthapuram,8.483769,76.943368,sight,castle,Heritage,0,0,5,,,,0
r1650471,Sri Padmanabhaswamy Temple,Thiruvananthapuram,8.482755,76.943883,sight,place_of_worship,Temple,1,0,17,,,,1
r19399689,Sri Swathi Thirunal Museum,Thiruvananthapuram,8.481142,76.94529,sight,museum,Museum,0,0,8,,,yes,0
w120292039,St. Mary Queen of Peace Basilica,Thiruvananthapuram,8.502954,76.949775,sight,place_of_worship,Temple,1,0,11,,,,1
w895401574,St. Mary's Malankara Syrian Catholic Cathedral,Thiruvananthapuram,8.526058,76.938063,sight,place_of_worship,Temple,1,0,6,,,,1
w716328460,State Soil Museum &Soil Information Centre,Thiruvananthapuram,8.537574,76.937494,sight,museum,Museum,0,0,10,,Mo-Sa 10:00-17:00,,0
w796750110,Sundaravilasam Palace,Thiruvananthapuram,8.484942,76.941495,sight,castle,Heritage,0,0,5,,,,0
n7130179780,Sunil's Wax Museum,Thiruvananthapuram,8.480614,76.945056,sight,museum,Museum,0,0,9,,09:00-20:00,yes,0
n4323826389,Thirichittoor Para,Thiruvananthapuram,8.626238,76.982598,sight,attraction,Heritage,0,0,3,,,,0
n11044695605,Thiruvallam Backwaters,Thiruvananthapuram,8.445563,76.9539,sight,attraction,Heritage,0,0,3,,,,0
n5694111528,Trivandrum,Thiruvananthapuram,8.487154,76.947699,sight,attraction,Heritage,0,0,5,,,,0
w699447805,VSSC Space Museum,Thiruvananthapuram,8.536714,76.867237,sight,museum,Museum,0,0,7,,,,0
w1177272858,Vellayani Devi Temple,Thiruvananthapuram,8.445438,76.991699,sight,place_of_worship,Temple,1,0,5,,,,1
n11063079106,Waves pool,Thiruvananthapuram,8.654929,76.933257,sight,attraction,Heritage,0,0,3,,,,0
n309600811,West Fort,Thiruvananthapuram,8.483573,76.939192,sight,attraction,Heritage,0,0,4,,,,0
n11063079107,Wet rides,Thiruvananthapuram,8.654458,76.933217,sight,attraction,Heritage,0,0,3,,,,0
n7494894367,agastya,Thiruvananthapuram,8.503564,76.938146,sight,monument,Heritage,0,0,2,,,,0
n7528506091,anjantha bunglow,Thiruvananthapuram,8.513216,76.961527,sight,castle,Heritage,0,0,3,,,,0
n7494894363,kanjirathinkal,Thiruvananthapuram,8.504146,76.938793,sight,monument,Heritage,0,0,2,,,,0
n7140605512,loyola college,Thiruvananthapuram,8.543572,76.912874,sight,archaeological_site,Heritage,0,0,2,,,,0
n11049379005,miniature railway loop station,Thiruvananthapuram,8.508548,76.887809,sight,attraction,Heritage,0,0,2,,,,0
w763017723,ramesh palace,Thiruvananthapuram,8.56305,76.933839,sight,castle,Heritage,0,0,4,,,,0
w190898068,Arangali sand bank,Thrissur,10.285762,76.323472,activity,nature_reserve,Activity,0,0,3,,,,0
w801660001,Fish Keepers,Thrissur,10.358244,76.31624,activity,aquarium,Activity,0,0,3,,,,0
w963013159,Fish Land,Thrissur,10.732134,76.080978,activity,aquarium,Activity,0,0,3,,,,0
n7077425984,GS AQUA FISH FARM,Thrissur,10.603867,76.178422,activity,aquarium,Activity,0,0,2,,,,0
n8326980914,Head quarters bsf camp,Thrissur,10.507894,76.28998,activity,camp_site,Activity,0,0,2,,,,0
n7121551356,Lucky Fish Aquarium,Thrissur,10.735009,76.051497,activity,aquarium,Activity,0,0,2,,,,0
n11530613418,Marine World,Thrissur,10.62099,75.986807,activity,aquarium,Activity,0,0,2,,,,0
w758472906,"Panchayath land,Vellangallur",Thrissur,10.295708,76.222064,activity,camp_site,Activity,0,0,3,nice,,,0
r21129222,Peechi-Vazhani Wildlife Sanctuary,Thrissur,10.564694,76.391716,activity,nature_reserve,Activity,1,0,7,,,,1
n5907644989,Pisces,Thrissur,10.352844,76.199401,activity,aquarium,Activity,0,0,2,,,,0
n1734227401,Punnathur Aanakotta,Thrissur,10.614275,76.030062,activity,zoo,Activity,0,0,3,,,,0
n10712065072,Royal Aquarium,Thrissur,10.301632,76.338723,activity,aquarium,Activity,0,0,2,,,,0
w801880276,Sasthamkunnu Temple Ground,Thrissur,10.314321,76.312881,activity,camp_site,Activity,0,0,7,,,,0
n7500433804,Shasthamkunnu Temple Ground,Thrissur,10.314004,76.312765,activity,camp_site,Activity,0,0,6,,,,0
w923038786,Sunshine Aquarium,Thrissur,10.362862,76.125647,activity,aquarium,Activity,0,0,3,,,,0
n7076798565,The Fizzy,Thrissur,10.670148,76.110867,activity,aquarium,Activity,0,0,2,,,,0
n10806859752,Thomson Enterprises Pet Store,Thrissur,10.518187,76.192723,activity,aquarium,Activity,0,0,3,,,,0
n10728831444,Thrissur Aquarium,Thrissur,10.311154,76.335403,activity,aquarium,Activity,0,0,4,,,,0
w374054091,Thrissur Zoo,Thrissur,10.529995,76.223779,activity,zoo,Activity,1,0,6,,,,1
w758476483,Toms Aquarium,Thrissur,10.314751,76.219505,activity,aquarium,Activity,0,0,7,,Mo-Su 09:00-21:00,,0
n7076856356,Yahoo Pets Land Thalikulam,Thrissur,10.434812,76.093816,activity,aquarium,Activity,0,0,2,,,,0
n9878375823,blue fins aquarium,Thrissur,10.524486,76.206219,activity,aquarium,Activity,0,0,2,,,,0
n9878375819,bubbles aquarium,Thrissur,10.526719,76.205646,activity,aquarium,Activity,0,0,2,,,,0
w1237787556,kalasamala bio diversity heritage site,Thrissur,10.674331,76.090318,activity,nature_reserve,Activity,0,0,2,,,,0
n7121914345,kriz aqua,Thrissur,10.52664,76.202384,activity,aquarium,Activity,0,0,2,,,,0
n7111807552,kriz aquarium,Thrissur,10.526563,76.202371,activity,aquarium,Activity,0,0,2,,,,0
n7123794754,new aquarium centre,Thrissur,10.564394,76.063365,activity,aquarium,Activity,0,0,2,,,,0
n4252176922,pringarapaadam cheep,Thrissur,10.599561,76.060874,activity,water_park,Activity,0,0,2,,,,0
n7121837177,thomsa,Thrissur,10.586506,76.214484,activity,aquarium,Activity,0,0,2,,,,0
n7123815762,Adat hill top,Thrissur,10.54688,76.146276,nature,peak,Nature,0,0,2,,,,0
w662937092,Anakkottil Kulam 1,Thrissur,10.538574,76.287996,nature,lake,Nature,0,0,3,,,,0
r5499769,Asurankundu Reservoir,Thrissur,10.686011,76.294646,nature,lake,Nature,0,0,4,,,,0
w657431513,Athikkuzhi Kulam,Thrissur,10.65999,76.412792,nature,lake,Nature,0,0,3,,,,0
r6689285,Beeyyam Lake,Thrissur,10.75633,75.955823,nature,lake,Nature,0,0,4,,,,0
w199767475,Chavakkad Beach,Thrissur,10.569565,76.009008,nature,beach,Beach,1,0,5,,,,1
w657431571,Chennam Kulam,Thrissur,10.666781,76.414365,nature,lake,Nature,0,0,3,,,,0
w657431684,Chittukku Vadakkele Kulam,Thrissur,10.663059,76.413534,nature,lake,Nature,0,0,3,,,,0
n9519337831,Kallazhi Hill,Thrissur,10.672114,76.090632,nature,peak,Nature,0,0,2,,,,0
n4675264937,Kanaka Mala,Thrissur,10.360442,76.348461,nature,peak,Nature,0,0,2,,,,0
w516323438,Koottala Companypady Quarry Kulam,Thrissur,10.745695,76.425905,nature,lake,Nature,0,0,3,,,,0
n12958872073,Kothakulam Beach,Thrissur,10.385605,76.096035,nature,beach,Beach,0,0,4,,,,0
w795531230,Kulamukku Kayal,Thrissur,10.823311,76.111214,nature,lake,Nature,0,0,3,,,,0
n8230367515,Mannalamkunnu Beach,Thrissur,10.65777,75.969298,nature,beach,Beach,1,0,7,,,,1
n8856715855,Mappattukara narimada hills,Thrissur,10.881391,76.250371,nature,peak,Nature,0,0,2,,,,0
w800380014,Nattika Beach,Thrissur,10.411792,76.085418,nature,beach,Beach,0,0,4,,,,0
r14313183,Nehru Park,Thrissur,10.526641,76.2159,nature,park,Nature,1,0,6,,,,1
n14122701323,Orappenkettu WaterFall,Thrissur,10.535246,76.350637,nature,waterfall,Nature,0,0,2,,,,0
w479712955,Palapetty Beach,Thrissur,10.361745,76.105036,nature,beach,Beach,0,0,2,,,,0
w957936851,Pallikulam,Thrissur,10.640059,76.16497,nature,lake,Nature,0,0,3,,,,0
w367042865,Panniyoor Chira,Thrissur,10.828009,76.054669,nature,lake,Nature,0,0,3,,,,0
w649482732,Pootham Kulam,Thrissur,10.594417,76.196797,nature,lake,Nature,0,0,3,,,,0
n8661770920,Rayiranellur,Thrissur,10.871223,76.160933,nature,peak,Nature,0,0,2,,,,0
n7076856508,"Sacred Heart, Grotto",Thrissur,10.514549,76.080598,nature,cave_entrance,Nature,0,0,2,,,,0
w479764727,Snehatheram,Thrissur,10.432297,76.077015,nature,beach,Beach,0,0,4,,,,0
w372554480,Sobha City Lake,Thrissur,10.54999,76.182058,nature,lake,Nature,0,0,4,,,,0
n6276471675,Thadampara,Thrissur,10.837269,76.372517,nature,peak,Nature,0,0,2,,,,0
w649488055,"Thiruvenkidam ,Valiparambu Temple Vaka Kulam",Thrissur,10.595251,76.189022,nature,lake,Nature,0,0,3,,,,0
n10984306694,Vattayi waterfalls,Thrissur,10.601449,76.264825,nature,waterfall,Nature,0,0,2,,,,0
w516323439,Vayalala Kulam,Thrissur,10.745719,76.42711,nature,lake,Nature,0,0,3,,,,0
n4249961499,Vidya Academy Of- Science And Technology,Thrissur,10.626632,76.144525,nature,garden,Nature,1,0,4,,,,1
w594201363,Vilangan Hills,Thrissur,10.557189,76.168756,nature,park,Nature,1,0,8,,,,1
n4252093462,chettuwa azhimugam,Thrissur,10.508903,76.039872,nature,beach,Beach,0,0,2,,,,0
w796758540,kondhipulam padam,Thrissur,10.373419,76.242582,nature,lake,Nature,0,0,4,,,,0
n8860106507,koonan mala,Thrissur,10.841445,76.349954,nature,peak,Nature,0,0,3,mountain,,,0
w171483865,kottapuram beach,Thrissur,10.591417,75.998084,nature,beach,Beach,0,0,2,,,,0
r18077357,manoor kayal,Thrissur,10.800677,76.000846,nature,lake,Nature,0,0,5,,,,0
w801855436,oxbow lake,Thrissur,10.26033,76.295688,nature,lake,Nature,0,0,5,asia's existing biggest oxbow lake,,,0
w410707335,palappetty beach,Thrissur,10.70527,75.948467,nature,beach,Beach,0,0,3,,,,0
w367660105,poomala dam,Thrissur,10.602028,76.242036,nature,lake,Nature,0,0,3,,,,0
w800607299,vadanapilly beach,Thrissur,10.459546,76.06512,nature,beach,Beach,0,0,3,,,,0
w800597930,valapad beach,Thrissur,10.400586,76.089946,nature,beach,Beach,0,0,5,,,,0
n13591856101,Archaeological Museum,Thrissur,10.53,76.22,sight,attraction,Heritage,0,0,8,Archaeological Museum in Thrissur is a popular museum attraction.,9:00 AM - 5:00 PM,yes,0
n8863734050,Arnos Academy,Thrissur,10.641114,76.166761,sight,museum,Museum,0,0,4,,Mo-Fr 08:00-17:00,,0
n4128353266,Bible Tower,Thrissur,10.52095,76.218641,sight,attraction,Heritage,0,0,4,,,,0
w298290329,Chembukkavu Sree Karthiyayini Temple,Thrissur,10.531703,76.224041,sight,place_of_worship,Temple,1,0,5,,,,1
n10313212768,Cheppara,Thrissur,10.620496,76.251889,sight,viewpoint,Viewpoint,0,0,2,,,,0
n1962527796,Choorakkattukara Bhagavathi Temple,Thrissur,10.559551,76.177382,sight,place_of_worship,Temple,1,0,5,,,,1
n9537700501,GECT Arch,Thrissur,10.554654,76.22466,sight,monument,Heritage,0,0,2,,,,0
w1460186238,KILA EMS Museum,Thrissur,10.601284,76.215626,sight,museum,Museum,0,0,3,,,,0
w942505755,Kainoor Shiva Temple,Thrissur,10.500282,76.278128,sight,place_of_worship,Temple,1,0,6,,,,1
n8838977630,Kanimangalam Drive,Thrissur,10.478658,76.215267,sight,attraction,Heritage,0,0,3,,,,0
r19300242,Kulassery Lakshmi Narasimha Temple,Thrissur,10.518441,76.211058,sight,place_of_worship,Temple,1,0,6,,,,1
n9433123024,Mannuthy Chira,Thrissur,10.542569,76.265579,sight,attraction,Heritage,0,0,2,,,,0
w1132149004,Mar Aprem Chaldean Syrian Church,Thrissur,10.516179,76.235061,sight,place_of_worship,Temple,1,0,9,,,,1
w1310828999,Marth Mariam Chaldean Church,Thrissur,10.518364,76.217358,sight,place_of_worship,Temple,1,0,5,,,,1
w743542414,Mary Matha Church,Thrissur,10.474887,76.238971,sight,place_of_worship,Temple,1,0,9,,,,1
w389512319,Our Lady of Dolours Basilica,Thrissur,10.520978,76.218154,sight,place_of_worship,Temple,1,0,10,,,,1
w777468165,Our Lady of Lourdes Cathedral,Thrissur,10.522867,76.227901,sight,place_of_worship,Temple,1,0,8,,,,1
n3856138163,Paramekkavu Temple,Thrissur,10.52464,76.217828,sight,place_of_worship,Temple,1,0,4,,,,1
n3619280272,Peruvanam Archaeological,Thrissur,10.43702,76.211862,sight,archaeological_site,Heritage,0,0,2,,,,0
n3619272176,Peruvanam Mahadeva Temple,Thrissur,10.437371,76.211999,sight,place_of_worship,Temple,1,0,7,,,,1
w427831557,Sakthan Tampuran Palace,Thrissur,10.531131,76.216267,sight,museum,Museum,0,0,4,,,,0
w448603034,Sopanam,Thrissur,10.432076,76.20048,sight,archaeological_site,Heritage,0,0,2,,,,0
n9841160136,Sree Vadakkumnathan Temple,Thrissur,10.524357,76.214483,sight,place_of_worship,Temple,1,0,11,,,,1
w425745554,St Antonys Forane church,Thrissur,10.484107,76.235213,sight,place_of_worship,Temple,1,0,9,,,,1
w661879264,St Marys Church Vendore,Thrissur,10.433325,76.280525,sight,place_of_worship,Temple,1,0,20,,,,1
w425897188,"St. Antony's Church, Pudukad",Thrissur,10.421672,76.268819,sight,place_of_worship,Temple,1,0,8,,,,1
n7121914331,St.Thomas Forane church,Thrissur,10.490214,76.28141,sight,place_of_worship,Temple,1,0,4,,,,1
w115685753,Thanikkudam Bhagavathi Temple,Thrissur,10.573568,76.259857,sight,place_of_worship,Temple,1,0,9,,,,1
w830260379,The State Museum Thrissur,Thrissur,10.530021,76.222187,sight,museum,Museum,0,0,6,,,,0
w942288255,Thiruvullakkavu Sree Dharmasastha Temple,Thrissur,10.445196,76.215866,sight,place_of_worship,Temple,1,0,9,,,,1
w374054090,Thrissur Museum,Thrissur,10.529766,76.223109,sight,museum,Museum,1,0,8,,,,1
w866736396,Vignan Sagar Science and Technology Park,Thrissur,10.558169,76.225602,sight,museum,Museum,0,0,4,,,,0
n8490876789,Vilangan Hills Viewpoint,Thrissur,10.556972,76.169432,sight,viewpoint,Viewpoint,0,0,4,,,,0
n7123798566,"cse maria provinsiol house,kooranchery",Thrissur,10.502159,76.212429,sight,castle,Heritage,0,0,3,,,,0
w928868851,"ems samskarikanilayam, chittilappilly",Thrissur,10.562159,76.156484,sight,attraction,Heritage,0,0,6,,mo-sa 09:00-17:00,,0
n7111661122,kayaloram boating,Thrissur,10.503702,76.096296,sight,attraction,Heritage,0,0,2,,,,0
n7076852446,kollamkode palace,Thrissur,10.530504,76.224606,sight,castle,Heritage,0,0,3,,,,0
n7076797522,kuttankulangara temple,Thrissur,10.535321,76.201786,sight,place_of_worship,Temple,1,0,5,,,,1
n8327338541,museum,Thrissur,10.479222,76.240053,sight,museum,Museum,0,0,2,,,,0
n7076852437,puravasthu museum,Thrissur,10.531064,76.216905,sight,museum,Museum,0,0,2,,,,0
n7076799662,sakthan thampuran palace,Thrissur,10.531289,76.216145,sight,castle,Heritage,1,0,5,,,,1
n6844010982,statue,Thrissur,10.580658,76.174851,sight,monument,Heritage,0,0,2,,,,0
n7295314385,Good place for camping,Tirupati,13.652592,79.509607,activity,camp_site,Activity,0,0,2,,,,0
r21123057,Sri Venkateswara National Park,Tirupati,13.796062,79.323231,activity,national_park,Activity,1,0,10,,,,1
w1541201271,Sri Venkateswara Zoological Park,Tirupati,13.629516,79.362198,activity,zoo,Activity,1,0,5,,,,1
n3713591906,Kapila Theertham,Tirupati,13.656576,79.421034,nature,waterfall,Nature,0,0,3,,,,0
w1069796656,Moravapalli Lake,Tirupati,13.533775,79.235448,nature,lake,Nature,0,0,3,,,,0
n370771061,Nagari Hills,Tirupati,13.51591,79.626692,nature,peak,Nature,0,0,3,,,,0
n8418640210,Sadasiva Kona waterfalls,Tirupati,13.537306,79.602655,nature,waterfall,Nature,0,0,3,,,,0
n370654974,Side Falls,Tirupati,13.783271,79.320814,nature,waterfall,Nature,0,0,3,,,,0
n370599351,Talakona Waterfalls,Tirupati,13.811665,79.215782,nature,waterfall,Nature,1,0,4,,,,1
n6918361706,Tellaralla Peta,Tirupati,13.724054,79.30591,nature,peak,Nature,0,0,3,,,,0
n1065884712,Tirumala,Tirupati,13.673984,79.344093,nature,peak,Nature,0,0,5,,,,0
n1065884708,Tirumala - Srivaari Padalu,Tirupati,13.654969,79.306671,nature,peak,Nature,0,0,3,,,,0
n5093105556,Trivāla Konda,Tirupati,13.469608,79.097818,nature,peak,Nature,0,0,4,,,,0
n335868000,Venkatagiri,Tirupati,13.975846,79.466423,nature,peak,Nature,0,0,2,,,,0
n11690965438,Andhra Pradesh Forest Department tourist place,Tirupati,13.75218,79.466902,sight,attraction,Heritage,0,0,2,,,,0
n243711625,Chandragiri Fort,Tirupati,13.583032,79.305285,sight,fort,Heritage,1,0,6,,,,1
n3671685629,Dhwaja Sthambam,Tirupati,13.683275,79.347664,sight,monument,Heritage,0,0,4,,,,0
n4447537489,KAYAM PETA,Tirupati,13.570623,79.484834,sight,attraction,Heritage,0,0,4,,,,0
n4447508298,KAYAM S.T.COLONY,Tirupati,13.561543,79.497587,sight,attraction,Heritage,0,0,4,,,,0
n4447438990,PADI PETA,Tirupati,13.596901,79.46722,sight,attraction,Heritage,0,0,4,,,,0
n4447482395,PUDI B.C.COLONY,Tirupati,13.553203,79.506877,sight,attraction,Heritage,0,0,4,,,,0
n335876382,Papanasivam Dam,Tirupati,13.719427,79.344622,sight,attraction,Heritage,0,0,3,,,,0
w1066683872,Raja Mahal,Tirupati,13.582468,79.304757,sight,castle,Heritage,0,0,4,,,,0
n5018112921,Sai Baba Temple,Tirupati,13.617255,79.429408,sight,attraction,Heritage,0,0,3,,,,0
n405392634,Sila Thoranam,Tirupati,13.6864,79.341234,sight,attraction,Heritage,0,0,2,,,,0
n13552282562,Silathoranam Natural Stone Arch,Tirupati,13.687284,79.3403,sight,attraction,Heritage,0,0,2,,,,0
n6683533087,Sree Vaari Mettu (Foot Path) Tirumala,Tirupati,13.661957,79.337187,sight,attraction,Heritage,0,0,3,,Mo-Su 06:00-18:00,,0
w362778164,Sri Varahaswamy Temple,Tirupati,13.684871,79.347644,sight,place_of_worship,Temple,1,0,8,,,,1
r21203626,"Sri Venkateshwara Swamy Temple, Tirumala",Tirupati,13.682661,79.345938,sight,place_of_worship,Temple,1,0,22,,,,1
w363079646,Sri Venkateswara Museum,Tirupati,13.683924,79.342989,sight,museum,Museum,0,0,3,,,,0
n405392174,Srivari Ratham,Tirupati,13.684144,79.348356,sight,attraction,Heritage,0,0,4,,,,0
n5018108223,Vivekananda Circle,Tirupati,13.616519,79.428781,sight,attraction,Heritage,0,0,4,,,,0
n335873353,waterfalls,Tirupati,13.722063,79.420113,sight,attraction,Heritage,0,0,2,,,,0
n335873354,waterfalls,Tirupati,13.736426,79.437096,sight,attraction,Heritage,0,0,2,,,,0
n12270307201,Brahmpole Public parking,Udaipur,24.582824,73.677425,activity,theme_park,Activity,0,0,3,Public Parking space. Congested,,,0
n12424703312,Gulab Bagh Bird Park,Udaipur,24.571009,73.69108,activity,zoo,Activity,0,0,2,,,,0
w706692585,Marvel Water Park,Udaipur,24.535629,73.679679,activity,water_park,Activity,0,0,2,,,,0
w544021562,SajjanGarh Biological Park,Udaipur,24.593921,73.647551,activity,zoo,Activity,1,0,9,,Mo-Su 09:00-17:00,,1
w667026975,Sajjangarh Wildlife Sanctuary,Udaipur,24.612831,73.634087,activity,nature_reserve,Activity,1,0,7,,,,1
w1539472129,Badi Lake,Udaipur,24.620248,73.643387,nature,lake,Nature,0,0,3,,,,0
r1543697,Fateh Sagar,Udaipur,24.602049,73.671798,nature,lake,Nature,1,0,6,,,,1
r1543661,Lake Pichola,Udaipur,24.569608,73.672291,nature,lake,Nature,1,0,6,,,,1
w152640591,Purohito Ka Talab,Udaipur,24.668913,73.749312,nature,lake,Nature,0,0,3,,,,0
n11535054673,Akhada Ghat,Udaipur,24.576045,73.682654,sight,attraction,Heritage,0,0,2,,,,0
n6687057486,Ambrai Ghat,Udaipur,24.577726,73.679932,sight,attraction,Heritage,1,0,4,,,,1
n7332544542,Bagore-ki-Haveli,Udaipur,24.579736,73.682397,sight,castle,Heritage,0,0,2,,,,0
n10765763725,Bahubali Viewpoint,Udaipur,24.624235,73.617463,sight,viewpoint,Viewpoint,0,0,5,,,,0
n10899252562,Bansi Ghat,Udaipur,24.57532,73.682852,sight,attraction,Heritage,0,0,2,,,,0
n12424701805,Bari Ghat,Udaipur,24.583698,73.682637,sight,attraction,Heritage,0,0,2,,,,0
n1248264731,Bharatiya Lok Kala Museum,Udaipur,24.594348,73.691709,sight,museum,Museum,0,0,2,,,,0
n1268700265,Chand Pol,Udaipur,24.582642,73.681953,sight,ruins,Heritage,0,0,2,,,,0
n936651777,City Palace,Udaipur,24.576466,73.683584,sight,museum,Museum,0,0,7,,Mo-Su 09:30-21:00,yes,0
n1268700268,Daiji Bridge Pol,Udaipur,24.581164,73.681669,sight,ruins,Heritage,0,0,2,,,,0
n3234257854,Gangaur Ghat,Udaipur,24.579994,73.681947,sight,attraction,Heritage,1,0,6,,,,1
n1248564074,Hathi Pol (Elephant Gate),Udaipur,24.586739,73.687534,sight,ruins,Heritage,0,0,2,,,,0
w111321620,Jagdish Mandir,Udaipur,24.579616,73.683703,sight,place_of_worship,Temple,1,0,9,,"week 08-36 05:00-14:30,16:00-22:30 unknown ""Listed as summer timings; not sure which months this covers.""; week 37-07 05:30-14:30,16:00-22:00 unknown ""Listed as winter timings; not sure which months this covers.""",,1
n1248317767,Kishan Pol,Udaipur,24.56747,73.6918,sight,ruins,Heritage,0,0,2,,,,0
n5228552134,Lal Ghat,Udaipur,24.578924,73.68226,sight,attraction,Heritage,0,0,2,,,,0
n3776199882,Moti Magri Memorial,Udaipur,24.6002,73.680513,sight,monument,Heritage,0,0,2,,,,0
n11561214192,Nav Ghat,Udaipur,24.578038,73.682406,sight,attraction,Heritage,0,0,2,,,,0
w108776755,Nerhu Island Park,Udaipur,24.596252,73.673395,sight,attraction,Heritage,0,0,4,,,,0
n11561153364,Pipli Ghat,Udaipur,24.577503,73.682386,sight,attraction,Heritage,0,0,2,,,,0
w1481315955,Pratap Gaurav Kendra Rashtriya Tirth,Udaipur,24.625281,73.671566,sight,museum,Museum,0,0,8,,Mo-Su 09:30-18:00,,0
n10264335409,RK circle,Udaipur,24.607055,73.699747,sight,monument,Heritage,0,0,3,,,,0
w519234909,Rajiv Gandhi Garden,Udaipur,24.59709,73.660979,sight,attraction,Heritage,1,0,13,,,yes,1
n11561153365,Roop Ghat,Udaipur,24.57723,73.682395,sight,attraction,Heritage,0,0,2,,,,0
w108781864,Saheliyon-Ki-Bari,Udaipur,24.60305,73.685486,sight,attraction,Heritage,1,0,6,,,,1
w111334933,Sajjan Garh - Monsoon Palace,Udaipur,24.593197,73.639458,sight,attraction,Heritage,1,0,7,,,,1
n1030664626,Sunset Point,Udaipur,24.566409,73.689148,sight,viewpoint,Viewpoint,0,0,2,,,,0
n7363359218,Sunset View,Udaipur,24.593158,73.639175,sight,viewpoint,Viewpoint,0,0,3,,,,0
n3269254388,Sunset viewpoint,Udaipur,24.577536,73.679558,sight,viewpoint,Viewpoint,0,0,3,,,,0
n3898009271,Vintage and Classic Car Collection,Udaipur,24.576052,73.694532,sight,museum,Museum,1,0,6,,Mo-Su 09:00-21:00,yes,1
n12422996905,ghat,Udaipur,24.58067,73.681828,sight,attraction,Heritage,0,0,2,,,,0
w1360414109,jagmandir palace,Udaipur,24.567584,73.678068,sight,castle,Heritage,0,0,4,,,,0
n12416831504,sunset viewpoint,Udaipur,24.63118,73.669937,sight,viewpoint,Viewpoint,0,0,2,,,,0
n11097501705,Ghats,Ujjain,23.185093,75.763182,sight,attraction,Heritage,0,0,2,,,,0
w1162957245,Mahakal Lok,Ujjain,23.179229,75.768768,sight,attraction,Heritage,0,0,4,,,,0
w999581641,Triveni Museum,Ujjain,23.176454,75.768912,sight,museum,Museum,0,0,2,,,,0
n11097501606,religious monuments,Ujjain,23.18277,75.765659,sight,attraction,Heritage,0,0,2,,,,0
w373720479,।।श्री महाकालेश्वर ज्योतिर्लिंग।।,Ujjain,23.183121,75.768189,sight,place_of_worship,Temple,1,0,8,,,,1
w1528060156,Karamsad Lake,Vadodara,22.546137,72.903945,nature,lake,Nature,0,0,5,,,,0
n5299359137,Khuneshwar Waterfall,Vadodara,22.470406,73.522017,nature,waterfall,Nature,0,0,2,,,,0
n12409529248,Pavagadh,Vadodara,22.463735,73.515347,nature,peak,Nature,1,0,8,,,,1
r9973276,Sayaji Baug,Vadodara,22.313211,73.190739,nature,park,Nature,1,0,6,,,,1
w76822487,Sursagar,Vadodara,22.300804,73.203749,nature,lake,Nature,1,0,9,,,,1
w310058630,Sursagar,Vadodara,22.312812,73.207966,nature,lake,Nature,1,0,6,,,,1
w1469335551,TenTalav Lake,Vadodara,22.045939,73.423055,nature,lake,Nature,0,0,3,,,,0
n4730432322,Alembic Colony,Vadodara,22.324196,73.16852,sight,attraction,Heritage,0,0,3,,,,0
n6714852105,Apollo Tyre circle,Vadodara,22.323336,73.254944,sight,monument,Heritage,0,0,2,,,,0
w322435727,Baroda Museum & Picture Gallery,Vadodara,22.31204,73.188646,sight,museum,Museum,0,0,3,,,,0
n5357363523,Dumad chokdi,Vadodara,22.367086,73.1894,sight,attraction,Heritage,0,0,2,,,,0
n10967929053,Harni Motnath Lake Zone,Vadodara,22.34446,73.219207,sight,attraction,Heritage,0,0,3,,,,0
w442156411,Hazira,Vadodara,22.27764,73.206546,sight,monument,Heritage,0,0,3,Qutbuddin Mahmad Khan's Tomb. Monument of national importance. N-GJ-192.,,,0
n6720642787,KAMALA TALAV,Vadodara,22.320889,73.248114,sight,attraction,Heritage,0,0,2,,,,0
n5428924622,Khanderao Market,Vadodara,22.296699,73.20125,sight,monument,Heritage,0,0,2,,,,0
w191695173,Laxmi Vilas Rao Palace,Vadodara,22.292324,73.18773,sight,attraction,Heritage,0,0,3,,,,0
w626648903,Laxminarayan Temple,Vadodara,22.28022,73.186498,sight,place_of_worship,Temple,1,0,9,,,,1
r9976225,Lukshmi Villas Palace,Vadodara,22.293803,73.191884,sight,castle,Heritage,1,0,9,,,,1
w843200791,PratapVilas Palace NAIR,Vadodara,22.280643,73.200216,sight,castle,Heritage,0,0,5,,,,0
w985352908,Railway heritage park,Vadodara,22.281189,73.210638,sight,museum,Museum,0,0,3,,,,0
n4730252790,Saurabh Park Society (Gopi),Vadodara,22.322373,73.142444,sight,attraction,Heritage,0,0,3,,,,0
n4437105789,Sayaji park,Vadodara,22.315251,73.188543,sight,attraction,Heritage,0,0,2,,,,0
n14005970006,Tambekar Wada,Vadodara,22.302805,73.199268,sight,archaeological_site,Heritage,0,0,2,,,,0
n4326493996,Venus Composite,Vadodara,22.279352,73.21929,sight,attraction,Heritage,0,0,3,,,,0
n4488348489,shrutisharma,Vadodara,22.296592,73.237057,sight,viewpoint,Viewpoint,0,0,2,,,,0
w103176480,Crocodiles,Varanasi,25.382485,83.026139,activity,zoo,Activity,0,0,2,,,,0
w103172567,Deer Park,Varanasi,25.382618,83.023657,activity,zoo,Activity,0,0,4,,,,0
n12593517061,Garden,Varanasi,25.274905,83.005887,activity,camp_site,Activity,0,0,2,,,,0
n12595903816,Lotus Pond,Varanasi,25.511828,82.780198,activity,water_park,Activity,0,0,2,,,,0
w1360657262,Water pond,Varanasi,25.505926,82.817566,activity,water_park,Activity,0,0,2,,,,0
w465131198,Sarang Talab,Varanasi,25.350439,83.006576,nature,lake,Nature,0,0,3,,,,0
n1550241743,Adi Keshava Ghat,Varanasi,25.329019,83.042891,sight,attraction,Heritage,0,0,2,,,,0
n1545893678,Aghoreshwar Bhagwam Ram Ghat,Varanasi,25.275731,83.013154,sight,attraction,Heritage,0,0,2,,,,0
n11787312459,Agrodha Ghat,Varanasi,25.312995,83.01612,sight,attraction,Heritage,0,0,3,,,,0
n988809560,Ahilyabai Ghat,Varanasi,25.305722,83.009978,sight,attraction,Heritage,0,0,4,,,,0
w1170508899,Airplane Statue,Varanasi,25.263027,82.988551,sight,monument,Heritage,0,0,2,,,,0
n1538127086,Anandamayee Ghat,Varanasi,25.292576,83.006927,sight,attraction,Heritage,0,0,4,,,,0
n988809623,Babua Pandey Ghat,Varanasi,25.303149,83.008183,sight,attraction,Heritage,0,0,3,,,,0
n988809597,Badhaini Ghat,Varanasi,25.291533,83.00669,sight,attraction,Heritage,0,0,4,,,,0
n1550241752,Badrinarayan Ghat,Varanasi,25.31873,83.022818,sight,attraction,Heritage,0,0,3,,,,0
n11787312457,Balaji Ghat,Varanasi,25.314814,83.017535,sight,attraction,Heritage,0,0,2,,,,0
w322459733,Bharat Kala Bhavan,Varanasi,25.271434,82.995909,sight,museum,Museum,0,0,4,,,no,0
w420064449,Bharatmata Mandir,Varanasi,25.317191,82.989297,sight,place_of_worship,Temple,1,0,8,,,,1
n1555732649,Bhonsale Ghat,Varanasi,25.312823,83.015988,sight,attraction,Heritage,0,0,3,,,,0
n11787312442,Bindu Madhav Ghat,Varanasi,25.315759,83.018956,sight,attraction,Heritage,0,0,2,,,,0
w103173904,Bodhi Tree,Varanasi,25.380814,83.026985,sight,attraction,Heritage,0,0,5,,,,0
n11787312460,Brahma Ghat,Varanasi,25.315987,83.019334,sight,attraction,Heritage,0,0,2,,,,0
n11787312450,Bundiparkota Ghat,Varanasi,25.316197,83.01969,sight,attraction,Heritage,0,0,2,,,,0
n1538127088,Chauki Ghat,Varanasi,25.300493,83.007418,sight,attraction,Heritage,0,0,4,,,,0
n11461545077,Chet Singh Ghat,Varanasi,25.295221,83.007124,sight,attraction,Heritage,0,0,2,,,,0
n988809648,Chousatti Ghat,Varanasi,25.304341,83.008835,sight,attraction,Heritage,0,0,2,,,,0
n1538127089,Darbhanga Ghat,Varanasi,25.305221,83.00954,sight,attraction,Heritage,0,0,3,,,,0
n7291055276,Dasaswamedh Ghat,Varanasi,25.306248,83.010153,sight,attraction,Heritage,0,0,4,,,,0
n11690112169,Dashashvamedh Ghat,Varanasi,25.30693,83.010654,sight,attraction,Heritage,0,0,2,,,,0
n1539343144,Digipatiya Ghat,Varanasi,25.303696,83.008328,sight,attraction,Heritage,0,0,3,,,,0
n988809661,Dr. Rajendra Prasad Ghat,Varanasi,25.307157,83.010686,sight,attraction,Heritage,0,0,3,,,,0
n1538127090,Gaay Ghat,Varanasi,25.318352,83.022136,sight,attraction,Heritage,0,0,3,,,,0
n988809657,Ganesh Ghat,Varanasi,25.30998,83.012071,sight,attraction,Heritage,0,0,2,,,,0
n7291034867,Ganga Aarti,Varanasi,25.306863,83.010585,sight,attraction,Heritage,0,0,3,,,,0
n988809606,Ganga Mahal Ghat,Varanasi,25.312617,83.01591,sight,attraction,Heritage,0,0,3,,,,0
n11461546407,Ganga Mahal Ghat,Varanasi,25.289686,83.006258,sight,attraction,Heritage,0,0,2,,,,0
n1550241754,Gola Ghat,Varanasi,25.31946,83.024024,sight,attraction,Heritage,0,0,3,,,,0
n11787312446,Gularia Ghat,Varanasi,25.296973,83.007324,sight,attraction,Heritage,0,0,3,,,,0
n1538127121,Gwaljor Ghat,Varanasi,25.314594,83.017026,sight,attraction,Heritage,0,0,3,,,,0
w295336827,Gyanvapi Mosque,Varanasi,25.31124,83.010423,sight,place_of_worship,Temple,1,0,7,,,,1
n11787312454,Half Sunk Temple,Varanasi,25.31148,83.014979,sight,attraction,Heritage,0,0,2,,,,0
w756285501,Handicraft museum,Varanasi,25.383611,82.975745,sight,museum,Museum,0,0,3,,,,0
n293222739,Hanuman Ghat,Varanasi,25.2972,83.007373,sight,attraction,Heritage,0,0,3,,,,0
n1550241757,Hanumangadhi Ghat,Varanasi,25.317677,83.021426,sight,attraction,Heritage,0,0,3,,,,0
n1538127091,Harishchandra Ghat,Varanasi,25.298315,83.00719,sight,attraction,Heritage,0,0,3,,,,0
n2882969384,Jain Ghat,Varanasi,25.293017,83.007025,sight,attraction,Heritage,0,0,4,,,,0
n1539343147,Jalasayi Ghat,Varanasi,25.310552,83.01368,sight,attraction,Heritage,0,0,3,,,,0
n1538127094,Jatar Ghat,Varanasi,25.314458,83.016869,sight,attraction,Heritage,0,0,3,,,,0
n988809632,Karnataka Ghat,Varanasi,25.297745,83.007274,sight,attraction,Heritage,0,0,4,,,,0
w1231838840,Kashi Vishwanath Temple,Varanasi,25.31082,83.010667,sight,place_of_worship,Temple,1,0,10,,,,1
n988809596,Kedar Ghat,Varanasi,25.29905,83.007282,sight,attraction,Heritage,0,0,4,,,,0
n4160459489,Kiran Center,Varanasi,25.216385,82.957069,sight,museum,Museum,0,0,5,,Mo-Sa 09:00-16:00,,0
n1529193639,Kriti Gallery,Varanasi,25.30463,82.980014,sight,museum,Museum,0,0,3,,,,0
n1539343151,Kschemeschwar Ghat,Varanasi,25.300985,83.00742,sight,attraction,Heritage,0,0,3,,,,0
n1538127095,Lal Ghat,Varanasi,25.317232,83.020595,sight,attraction,Heritage,0,0,3,,,,0
n988809614,Lali Ghat,Varanasi,25.2986,83.007151,sight,attraction,Heritage,0,0,4,,,,0
n1538127096,Lalita Ghat,Varanasi,25.309663,83.012873,sight,attraction,Heritage,0,0,4,,,,0
n9867137618,Lolark Kund,Varanasi,25.291014,83.005801,sight,attraction,Heritage,0,0,2,,,,0
n1538127097,Mahanirvani Ghat,Varanasi,25.296076,83.006909,sight,attraction,Heritage,0,0,3,,,,0
n1563505709,Man Singh Astronomical Observatory,Varanasi,25.308865,83.011044,sight,museum,Museum,0,0,3,,,,0
r10884667,Man Singh Palace,Varanasi,25.30775,83.010737,sight,museum,Museum,0,0,4,,,,0
n988809589,Manasarowa Ghat,Varanasi,25.30151,83.007495,sight,attraction,Heritage,0,0,3,,,,0
n6164092287,Mandakini Meditation Center,Varanasi,25.263778,83.018599,sight,attraction,Heritage,0,0,2,,,,0
n1538127100,Manikarnika Ghat(KOSTRI),Varanasi,25.310768,83.014021,sight,attraction,Heritage,0,0,7,,,,0
n5219273023,Manleshwar Mahadev,Varanasi,25.400015,82.883898,sight,attraction,Heritage,0,0,5,,,,0
n988809590,Manmandir Ghat,Varanasi,25.307657,83.010985,sight,attraction,Heritage,0,0,5,,,,0
n11787312461,Meer Ghat,Varanasi,25.308627,83.011882,sight,attraction,Heritage,0,0,2,,,,0
n1538127102,Mehfa Ghat,Varanasi,25.313684,83.016562,sight,attraction,Heritage,0,0,3,,,,0
n988809629,Munshi Ghat,Varanasi,25.305451,83.009758,sight,attraction,Heritage,0,0,3,,,,0
n11787312443,"Namo Ghat, var",Varanasi,25.325074,83.035203,sight,attraction,Heritage,0,0,2,,,,0
n1538127104,Nandeshwar Ghat,Varanasi,25.319893,83.024661,sight,attraction,Heritage,0,0,3,,,,0
n988809643,Narad Ghat,Varanasi,25.301772,83.007531,sight,attraction,Heritage,0,0,3,,,,0
n1538127106,Naya Ghat,Varanasi,25.322012,83.028498,sight,attraction,Heritage,0,0,3,,,,0
w1257500889,Nepalese Temple,Varanasi,25.309954,83.01306,sight,place_of_worship,Temple,1,0,9,,,,1
n13339830401,New Prayers Hand Namo Ghat,Varanasi,25.325132,83.035705,sight,attraction,Heritage,0,0,2,,,,0
n1538127105,Niranjani Ghat,Varanasi,25.295569,83.007061,sight,attraction,Heritage,0,0,3,,,,0
n11787312463,Nishadra Ghat,Varanasi,25.322583,83.029514,sight,attraction,Heritage,0,0,3,,,,0
n11787312462,Nishadraj Ghat,Varanasi,25.293624,83.007146,sight,attraction,Heritage,0,0,4,,,,0
n1538127113,Panchganga Ghat,Varanasi,25.315019,83.017985,sight,attraction,Heritage,0,0,4,,,,0
n1538127116,Panchkot Ghat,Varanasi,25.293873,83.007184,sight,attraction,Heritage,0,0,4,,,,0
n1539343160,Prabhu Ghat,Varanasi,25.294807,83.00731,sight,attraction,Heritage,0,0,4,,,,0
n1538127123,Prahlad Ghat,Varanasi,25.322403,83.029045,sight,attraction,Heritage,0,0,3,,,,0
n1538127118,Prayag Ghat,Varanasi,25.306568,83.01027,sight,attraction,Heritage,0,0,4,,,,0
n1538127119,Raj Ghat,Varanasi,25.323407,83.031041,sight,attraction,Heritage,0,0,4,,,,0
n988809573,Raja Ghat,Varanasi,25.30225,83.007694,sight,attraction,Heritage,0,0,3,,,,0
n1538127122,Ram Ghat,Varanasi,25.314121,83.016706,sight,attraction,Heritage,0,0,3,,,,0
w27139078,Ramnagar Fort,Varanasi,25.26971,83.024548,sight,castle,Heritage,1,0,10,,,,1
n988809580,Ranamahal Ghat,Varanasi,25.304809,83.009071,sight,attraction,Heritage,0,0,2,,,,0
n1550241774,Ravidas Ghat,Varanasi,25.283598,83.00902,sight,attraction,Heritage,0,0,2,,,,0
n1538127124,Reewa Ghat,Varanasi,25.289902,83.006296,sight,attraction,Heritage,0,0,3,,,,0
n1538127125,Sakka Ghat,Varanasi,25.320752,83.025917,sight,attraction,Heritage,0,0,3,,,,0
n988809674,Sankatha Ghat,Varanasi,25.31235,83.015668,sight,attraction,Heritage,0,0,3,,,,0
w103178213,Sarnath Archaeological Museum,Varanasi,25.379603,83.02342,sight,museum,Museum,0,0,7,,,,0
n1538127126,Scindia Ghat,Varanasi,25.312065,83.015433,sight,attraction,Heritage,0,0,3,,,,0
n1550241751,Shitala Ghat,Varanasi,25.31659,83.020252,sight,attraction,Heritage,0,0,3,,,,0
n2882969072,Shivala Ghat,Varanasi,25.296466,83.007151,sight,attraction,Heritage,0,0,4,,,,0
n11787312452,Shri Panch Agni Akhada Ghat,Varanasi,25.322742,83.029876,sight,attraction,Heritage,0,0,2,,,,0
n1550241777,Telianala Ghat,Varanasi,25.32114,83.026787,sight,attraction,Heritage,0,0,3,,,,0
n1538127127,Trilochan Ghat,Varanasi,25.318973,83.023437,sight,attraction,Heritage,0,0,3,,,,0
n988809665,Tulsi Ghat,Varanasi,25.29024,83.006343,sight,attraction,Heritage,0,0,4,,,,0
w443016268,Tulsi Manas Temple,Varanasi,25.287143,83.0004,sight,place_of_worship,Temple,1,0,6,,,,1
n11787312458,Vaccharaja Ghat,Varanasi,25.292764,83.006953,sight,attraction,Heritage,0,0,2,,,,0
n1538127128,Vijayana Ghat,Varanasi,25.298829,83.007224,sight,attraction,Heritage,0,0,4,,,,0
w320995844,Vishwanath Temple,Varanasi,25.265991,82.987967,sight,place_of_worship,Temple,1,0,7,,,,1
n1191477979,Zoo Ticket Office,Varanasi,25.381326,83.02667,sight,attraction,Heritage,0,0,2,,,,0
n2882968783,janki ghat,Varanasi,25.291953,83.006778,sight,attraction,Heritage,0,0,3,,,,0
w480403862,Haiiland,Vijayawada,16.40671,80.542029,activity,water_park,Activity,0,0,3,,,,0
n6776190987,Kris Home,Vijayawada,16.560309,80.733322,activity,camp_site,Activity,0,0,4,,,,0
n11697416900,Pavan Aquarium & Pets,Vijayawada,16.535394,80.635627,activity,aquarium,Activity,0,0,3,,,,0
w139893084,Uppalapadu Bird Sanctuary,Vijayawada,16.306907,80.51363,activity,nature_reserve,Activity,1,0,6,,,,1
n12005958794,church road,Vijayawada,16.303569,80.603173,activity,camp_site,Activity,0,0,4,,,,0
w1413186685,vmc disney land,Vijayawada,16.538194,80.657357,activity,water_park,Activity,0,0,2,,,,0
n11662854574,Akkanna Madanna Caves,Vijayawada,16.513598,80.606502,nature,cave_entrance,Nature,1,0,4,,,,1
n12589756437,BR stadium,Vijayawada,16.290574,80.454142,nature,peak,Nature,0,0,2,,,,0
w256676764,Brindhavan Gardens Lake,Vijayawada,16.313001,80.41667,nature,lake,Nature,0,0,4,,,,0
w1081729959,DRINKING WATER POND ARIPIRALA,Vijayawada,16.537692,80.982947,nature,lake,Nature,0,0,6,DRINKING WATER POND,,,0
n12597533842,Gandhi Hill,Vijayawada,16.520264,80.616986,nature,peak,Nature,0,0,3,,,,0
n11980752337,Hills,Vijayawada,16.488226,80.581503,nature,peak,Nature,0,0,2,,,,0
w1323785371,KONDAPALLI LAKE,Vijayawada,16.611749,80.537381,nature,lake,Nature,0,0,3,,,,0
n11985870703,MANGALAGIRI HILL,Vijayawada,16.439748,80.574919,nature,peak,Nature,0,0,2,,,,0
n11662854575,Mogalrajapuram Cave 2,Vijayawada,16.507366,80.64184,nature,cave_entrance,Nature,0,0,2,,,,0
n11571989096,Mogalrajapuram Caves,Vijayawada,16.506163,80.647073,nature,cave_entrance,Nature,1,0,6,,,,1
w1299225530,NTR Manasa Sarovar,Vijayawada,16.300831,80.481544,nature,lake,Nature,0,0,3,,,,0
n12270499381,Nalla Gattu,Vijayawada,16.821952,80.777805,nature,peak,Nature,0,0,3,,,,0
w1266779326,cheruvu centre,Vijayawada,16.576342,80.683013,nature,lake,Nature,0,0,3,,,,0
n5439115394,speed braker,Vijayawada,16.321565,80.34272,nature,peak,Nature,0,0,2,,,,0
n11696743909,AADHAR SEVA KENDRAM,Vijayawada,16.522689,80.688023,sight,museum,Museum,0,0,3,,,,0
n11696606751,AP State Seeds Development,Vijayawada,16.522469,80.689677,sight,museum,Museum,0,0,3,,,,0
n6249490985,Bapu Museum,Vijayawada,16.508001,80.627559,sight,museum,Museum,1,0,5,,,,1
n6264983687,Entrance Undavalli Caves,Vijayawada,16.497243,80.582241,sight,attraction,Heritage,0,0,3,,,,0
n5649099721,Grinding shop,Vijayawada,16.447455,80.609002,sight,viewpoint,Viewpoint,0,0,2,,,,0
n11578959730,Gunadala Matha Shrine,Vijayawada,16.518798,80.658889,sight,place_of_worship,Temple,1,0,6,,,,1
n11479388922,I Love amaravati,Vijayawada,16.485245,80.620535,sight,monument,Heritage,0,0,2,,,,0
n11696721005,Janasena Party office,Vijayawada,16.523367,80.687047,sight,museum,Museum,0,0,3,,,,0
n5555374521,Kallam's House,Vijayawada,16.397871,80.644911,sight,attraction,Heritage,0,0,2,,,,0
n5640989735,Mahatma Gandhi statue,Vijayawada,16.462809,80.617916,sight,monument,Heritage,0,0,2,,,,0
n11696725150,Prasadampadu Panchayath Office,Vijayawada,16.52271,80.687941,sight,museum,Museum,0,0,3,,,,0
n6776205586,SR VASI REDDY STATUE,Vijayawada,16.383378,80.660541,sight,attraction,Heritage,0,0,2,,,,0
w1248886876,St Pauls Church,Vijayawada,16.499411,80.656861,sight,place_of_worship,Temple,1,0,4,,,,1
w1343467575,Statue of Social Justice,Vijayawada,16.507282,80.631448,sight,attraction,Heritage,1,0,8,,,,1
w1304980636,Undavalli Cave Temple,Vijayawada,16.496671,80.581836,sight,archaeological_site,Heritage,0,0,2,,,,0
n8285678877,Undavalli Caves,Vijayawada,16.49667,80.581695,sight,museum,Museum,1,0,4,,,,1
n6629412216,Alcove service apartment,Visakhapatnam,17.709922,83.314959,activity,camp_site,Activity,0,0,2,,,,0
n11568850052,Amaravati Water Park,Visakhapatnam,17.832456,83.202114,activity,water_park,Activity,0,0,3,,,,0
w134033292,Indira Gandhi Zoological Park,Visakhapatnam,17.766126,83.34962,activity,zoo,Activity,1,0,7,,,,1
r9332867,Kambalakonda WLS,Visakhapatnam,17.824393,83.308457,activity,nature_reserve,Activity,1,0,7,,,,1
n11725933805,Kambalkonda Wildlife Sanctuary,Visakhapatnam,17.820093,83.307969,activity,zoo,Activity,0,0,10,,,yes,0
w263983586,Matsyadarshini,Visakhapatnam,17.712854,83.319892,activity,aquarium,Activity,0,0,7,,Mo-Su 09:00-21:00,,0
r13471731,Simhachalam Climb,Visakhapatnam,17.761064,83.25146,activity,hiking_route,Activity,0,0,4,,,,0
r13468381,Simhachalam Trails,Visakhapatnam,17.757648,83.2892,activity,hiking_route,Activity,0,0,4,,,,0
n11609574121,Sri Rama Fish Aquarium,Visakhapatnam,17.724682,83.304159,activity,aquarium,Activity,0,0,8,,,,0
w1231435165,Vizag Water World,Visakhapatnam,17.844553,83.196949,activity,water_park,Activity,0,0,4,,,,0
n12061130583,Anandapuram Hill,Visakhapatnam,17.898009,83.370017,nature,peak,Nature,0,0,2,,,,0
n11295558269,Beach View Point,Visakhapatnam,17.525323,83.066125,nature,beach,Beach,0,0,2,,,,0
n12138378750,Bhairavuni Konda,Visakhapatnam,17.857869,83.197053,nature,peak,Nature,0,0,3,,,,0
w456834637,Bojjannakonda,Visakhapatnam,17.709548,83.01485,nature,park,Nature,1,0,5,,,,1
w402890424,Doctor Y. S. Rajasekhara Reddy Central Park,Visakhapatnam,17.721798,83.305731,nature,park,Nature,1,0,8,,,,1
w1258453341,HPCL,Visakhapatnam,17.698652,83.239502,nature,lake,Nature,0,0,4,,,,0
w1258018984,HPCL lake,Visakhapatnam,17.691005,83.240657,nature,lake,Nature,0,0,6,,,,0
w687683423,Jodugulla Palem Beach,Visakhapatnam,17.751847,83.351413,nature,beach,Beach,0,0,2,,,,0
n1068785214,Kambalakonda,Visakhapatnam,17.779495,83.339994,nature,peak,Nature,1,0,7,,,,1
r1625556,Kondakarla Ava,Visakhapatnam,17.603448,83.000851,nature,lake,Nature,1,0,7,,,,1
n12809502389,Lova Konda,Visakhapatnam,17.765009,83.317929,nature,peak,Nature,0,0,2,,,,0
w134100155,Mudasarlova Park,Visakhapatnam,17.763089,83.299672,nature,park,Nature,1,0,5,,,,1
n12138378749,Pedda Konda,Visakhapatnam,17.924175,83.213059,nature,peak,Nature,0,0,2,,,,0
n12809502388,Polaya Metta,Visakhapatnam,17.764023,83.322862,nature,peak,Nature,0,0,2,,,,0
n13204634107,RK beach,Visakhapatnam,17.791777,83.39173,nature,beach,Beach,0,0,2,,,,0
w63133082,Ramakrishna Beach,Visakhapatnam,17.712103,83.322195,nature,beach,Beach,1,0,7,,,,1
n784285614,Rushikonda,Visakhapatnam,17.77857,83.382108,nature,peak,Nature,0,0,4,,,,0
w562030077,Rushikonda Beach,Visakhapatnam,17.781765,83.385665,nature,beach,Beach,0,0,2,,,,0
w966661757,Sambhuvanipalem Reservoir,Visakhapatnam,17.810498,83.326825,nature,lake,Nature,0,0,8,,,,0
n8170540136,Simhachalam Hill,Visakhapatnam,17.76677,83.260952,nature,peak,Nature,0,0,3,,,,0
w134056920,Sivaji Park,Visakhapatnam,17.737513,83.331778,nature,park,Nature,1,0,6,,,,1
w1058239064,Tenneti Park,Visakhapatnam,17.747626,83.34982,nature,park,Nature,1,0,7,,,,1
n11295510668,Thanthadi Beach,Visakhapatnam,17.525603,83.065144,nature,beach,Beach,0,0,2,,,,0
w156512874,VUDA Park,Visakhapatnam,17.723897,83.340561,nature,park,Nature,1,0,5,,,,1
n12809502387,Vuru Metta,Visakhapatnam,17.762637,83.328594,nature,peak,Nature,0,0,2,,,,0
n13204633863,beach,Visakhapatnam,17.871111,83.442832,nature,beach,Beach,0,0,2,,,,0
n13204609393,timapuram beach,Visakhapatnam,17.815101,83.412298,nature,beach,Beach,0,0,2,,,,0
w1528782011,yarada Beach,Visakhapatnam,17.653559,83.266598,nature,beach,Beach,0,0,2,,,,0
n784279368,Dolphin nose,Visakhapatnam,17.678456,83.29274,sight,attraction,Heritage,0,0,2,,,,0
n12460637723,Empress Victoria Pavillion,Visakhapatnam,17.695449,83.292672,sight,monument,Heritage,0,0,2,,,,0
w170618228,INS Kursura Museum,Visakhapatnam,17.717276,83.330126,sight,attraction,Heritage,1,0,14,,Mo-Sa 14:00-20:30,,1
w63130714,Kailasagiri park,Visakhapatnam,17.749261,83.34177,sight,attraction,Heritage,1,0,5,,,,1
n1474460662,Kailasgiri Viewpoint,Visakhapatnam,17.752603,83.334401,sight,viewpoint,Viewpoint,0,0,2,,,,0
w263980353,Kali Temple,Visakhapatnam,17.712393,83.318842,sight,place_of_worship,Temple,1,0,6,,,,1
n12238740298,Meghadri Gedda Reservoir View point,Visakhapatnam,17.759747,83.195221,sight,attraction,Heritage,0,0,2,,,,0
n11699172294,Parvathi Prameswar,Visakhapatnam,17.748642,83.343875,sight,monument,Heritage,0,0,3,,,,0
n11283717770,Ruins of British Bungalow,Visakhapatnam,17.75295,83.291815,sight,ruins,Heritage,0,0,3,,,,0
n12959377354,Scandal Point Monument,Visakhapatnam,17.710301,83.317717,sight,monument,Heritage,0,0,2,,,,0
n9370053123,Sri Krishna Devaraya Vijaya Sthup,Visakhapatnam,17.768918,83.247783,sight,monument,Heritage,0,0,3,,,,0
w397989468,Sri Varaha Lakshmi Narasimha temple,Visakhapatnam,17.76633,83.250516,sight,place_of_worship,Temple,1,0,8,,,,1
w635586146,TU 142 Aircraft Museum,Visakhapatnam,17.718165,83.329929,sight,museum,Museum,1,0,9,,Mo-Su 14:00-8:30,,1
n12959413610,Telegu Translation of the Bible Monument,Visakhapatnam,17.700673,83.295798,sight,monument,Heritage,0,0,2,,,,0
w1410452189,VMDRA Sea King Museum,Visakhapatnam,17.71746,83.32908,sight,museum,Museum,0,0,4,,,,0
w1261364053,VMRDA INS Kursura Submarine,Visakhapatnam,17.717259,83.330093,sight,attraction,Heritage,0,0,7,,,,0
w1410452188,VMRDA Sea Harrier Museum,Visakhapatnam,17.717237,83.328351,sight,museum,Museum,0,0,5,,,,0
w723235202,VUDA Telugu Cultural and Heritage Museum,Visakhapatnam,17.751766,83.335816,sight,museum,Museum,0,0,2,,,,0
w224491094,Victory at Sea 1971,Visakhapatnam,17.718643,83.332098,sight,attraction,Heritage,1,0,6,,,,1
w1452266075,Vishaka Museum,Visakhapatnam,17.720981,83.333774,sight,museum,Museum,1,0,6,,,,1
n11754683426,Colorful Gate,Vrindavan,27.579071,77.69373,sight,attraction,Heritage,0,0,2,,,,0
n12719337802,Govardhan Leela,Vrindavan,27.572128,77.672992,sight,attraction,Heritage,0,0,2,,,,0
w491803653,Prem Mandir,Vrindavan,27.572092,77.672037,sight,place_of_worship,Temple,1,0,6,,,,1
w335527344,Sri Radha Raman Mandir,Vrindavan,27.585379,77.698725,sight,place_of_worship,Temple,1,0,5,,,,1
n11754683437,Yellow Temple,Vrindavan,27.574854,77.695223,sight,attraction,Heritage,0,0,2,,,,0
n2360365190,Advocates Colony,Warangal,17.994045,79.556342,activity,zoo,Activity,0,0,2,,,,0
w280058224,Kakatiya Zoological Park,Warangal,17.99334,79.560417,activity,zoo,Activity,1,0,8,,Tu-Su 09:30-17:30,yes,1
w197898691,Bandham Cheruvu,Warangal,17.983495,79.541258,nature,lake,Nature,0,0,5,,,,0
r1841589,Beautiful Nagaram Lake,Warangal,18.084792,79.582536,nature,lake,Nature,0,0,7,,,,0
w119180784,Bhadrakali Lake,Warangal,17.989888,79.580753,nature,lake,Nature,1,0,7,,,,1
n4708831963,BoddaGuta,Warangal,17.975147,79.515096,nature,peak,Nature,0,0,2,,,,0
w1122022100,Kotha cheruvu,Warangal,17.859909,79.435621,nature,lake,Nature,0,0,3,,,,0
n9924599689,Kothakonda Peak,Warangal,18.042155,79.312373,nature,peak,Nature,0,0,2,,,,0
w280451557,Pochamma Kunta,Warangal,18.018293,79.557991,nature,lake,Nature,0,0,3,,,,0
w120112066,Public Garden,Warangal,18.008811,79.560088,nature,park,Nature,1,0,4,,,,1
w1122036934,Ramayyakunta,Warangal,17.850953,79.459509,nature,lake,Nature,0,0,3,,,,0
n13686267235,TV Tower,Warangal,17.972382,79.515396,nature,peak,Nature,0,0,2,,,,0
w51774939,Vaddepally Lake,Warangal,17.995505,79.521591,nature,lake,Nature,0,0,6,,,,0
w1122036979,Venkatadri kunta,Warangal,17.836872,79.4206,nature,lake,Nature,0,0,3,,,,0
n13336050740,Yerragattu Gutta,Warangal,18.055244,79.533283,nature,peak,Nature,0,0,2,,,,0
w680550229,chinna vaddepalli,Warangal,17.99346,79.612464,nature,lake,Nature,0,0,3,,,,0
w1076331463,palakurthy lake,Warangal,17.673138,79.434071,nature,lake,Nature,0,0,3,,,,0
w548160105,pedda cheruvu,Warangal,18.004177,79.960011,nature,lake,Nature,0,0,3,,,,0
w116686270,pedha cheruvu,Warangal,17.838217,79.431241,nature,lake,Nature,0,0,5,,,,0
w331992247,Bhadrakali Temple,Warangal,17.994886,79.583052,sight,place_of_worship,Temple,1,0,4,,,,1
n5154433216,Chinna waddepalli lake,Warangal,18.006538,79.599965,sight,attraction,Heritage,0,0,2,,,,0
w265769118,Kakatiyula Veyi Stambhala Devalayam,Warangal,18.003578,79.574673,sight,monument,Heritage,0,0,2,,,,0
n9363627865,NITW Logo,Warangal,17.987417,79.53071,sight,attraction,Heritage,0,0,2,,,,0
n2712689475,Rani Rudramadevi Statue,Warangal,17.987707,79.601337,sight,monument,Heritage,0,0,2,,,,0
w280178528,Warangal Fort,Warangal,17.956341,79.615419,sight,castle,Heritage,0,0,2,,,,0
n13420535406,WoW Warangal,Warangal,17.986258,79.524485,sight,monument,Heritage,0,0,2,,,,0
n5356356021,Adyanpara waterfalls,Wayanad,11.35459,76.203213,nature,waterfall,Nature,1,0,3,,,,1
n3903465321,Ambukuthi Mala,Wayanad,11.626647,76.236346,nature,peak,Nature,1,0,4,,,,1
n6342847856,Arippara Waterfall,Wayanad,11.438084,76.046399,nature,waterfall,Nature,0,0,2,,,,0
n7801507874,Banasura Peak,Wayanad,11.69381,75.907886,nature,peak,Nature,0,0,3,,,,0
n7436711305,Banasuramala Meenmutty Waterfalls,Wayanad,11.67757,75.938095,nature,waterfall,Nature,1,0,6,,,,1
n10730971743,Brahmagiri,Wayanad,11.932133,75.994349,nature,peak,Nature,0,0,3,,,,0
w1149213707,Chembra Peak Heart Lake,Wayanad,11.5473,76.082782,nature,lake,Nature,0,0,4,,,,0
n5215512955,Chembra peak,Wayanad,11.512272,76.08964,nature,peak,Nature,0,0,3,,,,0
n11353743707,Devala Waterfalls,Wayanad,11.471192,76.3738,nature,waterfall,Nature,0,0,2,,,,0
w795552921,Govindamoola Chira,Wayanad,11.624492,76.241146,nature,lake,Nature,0,0,8,,,,0
n838536660,Irupu Falls,Wayanad,11.966795,75.983948,nature,waterfall,Nature,0,0,6,,,,0
n8383242055,Kakan Mala,Wayanad,11.574175,75.96058,nature,peak,Nature,0,0,2,,,,0
w258782163,Karalad Chira,Wayanad,11.65105,75.98192,nature,lake,Nature,0,0,3,,,,0
n5217707521,Karimala,Wayanad,11.934176,75.936597,nature,peak,Nature,0,0,4,,,,0
n6345735203,Kodikkal kunnu,Wayanad,11.409714,76.10477,nature,peak,Nature,0,0,4,,,,0
n3903464482,Kolagappara,Wayanad,11.653306,76.194514,nature,peak,Nature,0,0,3,,,,0
n12357491769,Kurichyar Mala,Wayanad,11.590612,75.962047,nature,peak,Nature,0,0,2,,,,0
n8479176296,Kuryacharmala,Wayanad,11.605601,75.993331,nature,peak,Nature,0,0,2,,,,0
n6198849285,Makkiyad Meenmutty,Wayanad,11.72813,75.886141,nature,waterfall,Nature,1,0,4,,,,1
n6756920457,Meenmutty Falls,Wayanad,11.528406,76.236676,nature,waterfall,Nature,1,0,4,,,,1
n3818491858,Palukachi Mala,Wayanad,11.901586,75.850901,nature,peak,Nature,0,0,2,,,,0
n3414510411,Pazhasi Cave,Wayanad,11.364055,76.101384,nature,cave_entrance,Nature,0,0,4,,,no,0
w298999606,Pookode Lake,Wayanad,11.542328,76.027268,nature,lake,Nature,1,0,9,,,,1
n12357491838,Pookode Mala,Wayanad,11.541042,75.980727,nature,peak,Nature,0,0,2,,,,0
n2587526912,Sankaran Puzha Waterfall,Wayanad,11.544084,75.92832,nature,waterfall,Nature,0,0,2,,,,0
n7428736620,Soochipara Water Falls,Wayanad,11.511215,76.163429,nature,waterfall,Nature,1,0,6,,,,1
n2587469388,Urakkuzhi Waterfall,Wayanad,11.545351,75.924255,nature,waterfall,Nature,0,0,4,,,,0
w795586839,Valanchery Lake,Wayanad,11.729802,76.180981,nature,lake,Nature,0,0,3,,,,0
n6735169669,Vanaparvam Biodiversity Park,Wayanad,11.499087,75.971171,nature,peak,Nature,0,0,2,,,,0
n8383274591,Vannattippara Kunnu,Wayanad,11.580745,75.979435,nature,peak,Nature,0,0,2,,,,0
n5211742569,Vavul Mala,Wayanad,11.427267,76.131268,nature,peak,Nature,0,0,6,Highest peak in Kozhikode district. Highest peak of Vellarimala hills.,,,0
n582059330,Vellarimala,Wayanad,11.451361,76.143342,nature,peak,Nature,1,0,9,Highest peak of Wayanad district,,,1
n7468090502,Amida Castle,Wayanad,11.633426,76.251854,sight,castle,Heritage,0,0,3,,,,0
n604968570,Edakkal Caves,Wayanad,11.626679,76.23548,sight,archaeological_site,Heritage,1,0,11,,,,1
r11739451,Jain Temple,Wayanad,11.660198,76.25068,sight,archaeological_site,Heritage,1,0,9,,,,1
n6359513685,Kotyaram appartment,Wayanad,11.604065,76.08357,sight,attraction,Heritage,0,0,2,,,,0
r17404375,Kovalayil Subramanya Temple,Wayanad,11.716467,76.112158,sight,place_of_worship,Temple,1,0,7,,,,1
r19256475,Kurungaloor Mahashiva Temple,Wayanad,11.664641,76.03812,sight,place_of_worship,Temple,1,0,8,,,,1
w1184388847,Lourde Matha Church,Wayanad,11.685145,76.056069,sight,place_of_worship,Temple,1,0,7,,,,1
w799300017,Mariyamman Kovil,Wayanad,11.713258,76.104758,sight,place_of_worship,Temple,1,0,7,,,,1
w1395554430,Neeroor Shiva Temple,Wayanad,11.6644,76.007341,sight,place_of_worship,Temple,1,0,6,,,,1
n6615218728,Pathology Museum,Wayanad,11.562526,76.161475,sight,museum,Museum,0,0,11,,Mo-Sa 08:00-18:00,,0
n5871738165,Phantom Rock,Wayanad,11.63726,76.203132,sight,attraction,Heritage,0,0,4,,,,0
n7057382234,St. Mary's Soonoro Syriac Orthodox E.A.E Church,Wayanad,11.65933,76.167606,sight,place_of_worship,Temple,1,0,10,,,,1
w984426524,kottillam panamaram,Wayanad,11.743866,76.076688,sight,attraction,Heritage,0,0,3,,,,0
